bill,senate_mentions,house_mentions,total_mentions,distinct_records
H.R5376,14777,14575,29352,18691
H.R1,12160,11412,23572,16133
H.R3684,5949,5819,11768,7913
H.R2617,4438,4402,8840,5075
S1260,3890,3755,7645,5239
H.R2670,3291,3275,6566,4829
H.R4521,3044,2941,5985,4187
H.R1319,2818,2783,5601,3857
S2587,2781,2670,5451,4183
S2226,2727,2686,5413,3952
H.R8774,2588,2577,5165,3630
H.R7900,2597,2559,5156,3818
H.R2471,2474,2453,4927,3448
H.R4016,2433,2320,4753,3355
H.R8070,2330,2330,4660,3653
S2296,2290,2151,4441,3465
H.R4365,2161,2148,4309,3157
HR1,2181,2051,4232,2919
H.R3935,2054,1990,4044,3195
S4638,1957,1958,3915,3109
S1939,1980,1927,3907,3037
H.R7024,1961,1925,3886,3629
H.R5378,1880,1866,3746,2945
H.R3838,1904,1802,3706,2922
S2572,1871,1742,3613,2575
S4921,1783,1765,3548,2562
HR5376,1784,1744,3528,2180
H.R8236,1745,1721,3466,2409
H.R4366,1727,1687,3414,2533
H.R1968,1711,1649,3360,2363
H.R8294,1553,1540,3093,2003
S2624,1400,1398,2798,2134
H.R8152,1410,1377,2787,2295
H.R4394,1355,1352,2707,2051
H.R8295,1309,1305,2614,2032
S4543,1249,1239,2488,2020
H.R9029,1225,1219,2444,1910
S3799,1149,1145,2294,1820
S4942,1141,1132,2273,1629
S2437,1119,1119,2238,1751
H.R2882,1116,1107,2223,1483
S1838,1127,1091,2218,1967
S2605,1105,1104,2209,1843
H.R6833,1101,1094,2195,1670
H.R9026,1088,1082,2170,1681
S866,1096,1067,2163,1960
S2321,1073,1074,2147,1757
H.R4820,1074,1067,2141,1587
H.R4346,1071,1060,2131,1462
S4348,1059,1050,2109,1788
H.R8467,1054,1042,2096,1820
H.R9028,1005,1011,2016,1587
S2443,992,990,1982,1564
H.R8997,978,968,1946,1576
H.R7776,970,956,1926,1553
H.R5371,1018,891,1909,1460
H.R3746,958,942,1900,1436
H.R1165,951,945,1896,1680
S1409,953,940,1893,1661
H.R2474,940,934,1874,1321
S1339,941,925,1866,1559
H.R8255,937,921,1858,1456
H.R8998,913,910,1823,1459
H.R20,932,889,1821,1702
H.R4552,961,855,1816,1344
S4663,902,898,1800,1279
H.R5304,933,852,1785,1475
HR3684,890,876,1766,1239
H.R8752,882,879,1761,1184
S127,882,864,1746,1384
H.R4821,873,872,1745,1414
S2465,911,824,1735,1288
H.R8256,858,851,1709,1417
S4796,850,858,1708,1361
H.R4368,852,848,1700,1345
H.R471,878,821,1699,1440
S2131,850,848,1698,1374
H.R4213,891,787,1678,1149
H.R4367,840,833,1673,1176
H.R3561,836,828,1664,1310
S4802,831,822,1653,1369
S4795,825,824,1649,1299
S567,826,818,1644,1554
H.R10545,823,811,1634,1210
S2354,843,778,1621,1332
H.R5894,810,801,1611,1305
S4927,802,794,1596,1306
H.R2954,792,772,1564,1157
H.R748,777,771,1548,1191
H.R3938,771,767,1538,1478
H.R3881,772,754,1526,1323
H.R2673,769,754,1523,1374
H.R7667,760,760,1520,1356
H.R5342,764,702,1466,1224
H.R8262,729,721,1450,1221
H.R842,739,702,1441,1327
H.R4502,726,715,1441,1048
H.R8818,722,717,1439,1278
S576,715,713,1428,1244
S2992,732,679,1411,1141
HR2617,709,700,1409,916
S652,706,701,1407,1139
H.R1512,695,694,1389,957
H.R133,679,672,1351,889
H.R4121,694,647,1341,1063
S2625,663,655,1318,960
S2431,669,617,1286,1101
S4659,642,643,1285,989
S4670,643,642,1285,891
S150,630,626,1256,1031
H.R2891,632,614,1246,953
S2651,677,567,1244,1003
H.R6000,622,615,1237,1028
S4690,624,613,1237,1031
H.R3633,665,569,1234,879
H.R848,619,614,1233,932
S2840,618,611,1229,1008
H.R4350,620,605,1225,941
S2118,616,604,1220,650
S2256,628,589,1217,987
S1323,613,602,1215,1003
H.R5893,606,607,1213,1026
H.R3,607,604,1211,878
S420,611,594,1205,1137
S2016,599,597,1196,1044
H.R8239,598,594,1192,833
H.R830,595,591,1186,1032
H.R9027,596,582,1178,961
H.R4553,610,551,1161,979
H.R3173,573,574,1147,935
H.R4754,600,544,1144,947
H.R8257,577,564,1141,820
HR4521,565,559,1124,770
H.R5860,564,552,1116,780
S936,569,524,1093,975
S1418,547,546,1093,1003
S1302,554,533,1087,921
H.R2389,544,537,1081,897
H.R906,544,528,1072,963
H.R8773,536,531,1067,826
HR2670,535,527,1062,949
H.R4776,576,483,1059,895
S2860,529,527,1056,905
H.R2741,534,496,1030,590
S1298,513,513,1026,704
S2140,512,500,1012,901
S4753,513,499,1012,839
H.R4040,508,502,1010,696
H.R6363,510,499,1009,717
H.R1996,501,492,993,755
S1770,502,491,993,630
S1189,498,494,992,701
H.R82,490,488,978,755
S2333,490,486,976,807
S1512,490,484,974,693
S3018,481,484,965,845
S1194,484,480,964,673
H.R7666,482,477,959,794
S2973,478,476,954,752
S3430,472,473,945,695
H.R8812,474,470,944,766
H.R4763,475,468,943,581
S4664,470,466,936,790
S4660,468,467,935,701
H.R6655,466,459,925,848
S2372,461,458,919,699
S2220,465,453,918,871
H.R4664,458,458,916,672
S3580,467,448,915,764
HR4365,455,455,910,630
S1669,456,450,906,738
H.R3816,449,428,877,751
S910,441,430,871,655
H.R7623,436,431,867,699
H.R1262,452,412,864,616
S4367,434,428,862,700
S2710,455,405,860,659
S1261,444,415,859,747
H.R1770,431,428,859,618
S2309,429,428,857,713
H.R4312,494,359,853,522
S1863,432,419,851,591
S113,428,423,851,660
HR2471,424,414,838,616
S4686,420,417,837,669
H.R2630,420,413,833,671
S1706,422,409,831,746
S1375,409,408,817,661
H.R4432,421,391,812,546
H.R4128,434,374,808,627
S1462,425,383,808,708
HR3935,406,400,806,638
H.R2903,405,400,805,532
S1605,407,396,803,690
H.R9747,402,400,802,543
H.R7148,543,255,798,598
H.R1843,405,392,797,648
S2209,398,392,790,662
S1108,402,387,789,749
H.R6585,396,390,786,745
H.R8580,384,394,778,566
H.R2,389,388,777,685
H.R4996,382,385,767,649
H.R3413,385,379,764,598
H.R2392,395,368,763,614
H.R4531,380,381,761,617
H.R8771,380,380,760,519
S368,384,374,758,620
S618,383,367,750,372
S984,375,372,747,556
S1843,389,351,740,596
HR4016,377,357,734,524
S749,365,361,726,622
H.R3674,362,363,725,537
H.R4189,363,361,724,664
H.R3290,362,362,724,616
S79,362,359,721,568
S142,359,357,716,587
S1557,361,352,713,579
S1001,356,356,712,576
S1456,360,349,709,563
H.R3932,359,342,701,529
HR7900,353,340,693,599
HR8294,346,342,688,580
H.R1304,347,340,687,582
S834,343,343,686,512
H.R4,351,332,683,564
S2875,343,336,679,619
S1251,344,333,677,575
S1071,369,301,670,482
S914,336,333,669,603
H.R4421,334,334,668,558
H.R2238,333,332,665,485
S610,333,331,664,522
HR1319,334,329,663,529
S3663,339,319,658,534
S2407,328,327,655,597
H.R1477,330,323,653,529
H.R2811,325,326,651,579
H.R824,325,324,649,515
S722,328,321,649,517
S464,326,322,648,576
S394,333,312,645,510
H.R1577,321,319,640,521
S2127,322,318,640,519
S3743,318,318,636,440
H.R4665,318,317,635,517
HR10545,317,314,631,521
H.R1267,323,305,628,522
H.R2369,310,309,619,573
S524,320,297,617,554
S4928,309,308,617,491
H.R5502,323,292,615,555
H.R3238,312,303,615,511
H.R1332,311,302,613,476
S704,306,305,611,459
S2438,310,301,611,479
S1,307,302,609,485
H.R8702,303,305,608,473
S1430,304,304,608,466
S4678,305,300,605,426
H.R1059,304,301,605,456
H.R7891,304,299,603,503
H.R879,311,292,603,506
S1582,323,278,601,474
H.R4766,301,299,600,406
H.R10136,299,301,600,439
S1816,322,277,599,487
S1542,306,293,599,479
S4136,299,300,599,501
S931,302,295,597,451
H.R2256,298,298,596,412
H.R5539,302,291,593,389
S2019,300,292,592,492
S1869,297,295,592,498
HR4366,294,294,588,462
S3393,294,294,588,478
S140,301,285,586,530
S891,303,281,584,450
H.R3898,310,272,582,487
H.R2584,291,290,581,498
H.R8254,289,289,578,462
H.R6865,291,286,577,534
S1544,290,286,576,450
S2355,304,272,576,367
H.R4822,288,287,575,485
S752,297,273,570,427
S1111,285,284,569,499
S4532,283,285,568,447
S864,301,266,567,498
S597,285,282,567,446
S4353,288,279,567,398
H.R1202,283,284,567,371
H.R5,287,279,566,540
S844,294,272,566,532
S2477,285,279,564,435
S3792,282,281,563,489
H.R10445,282,281,563,441
S154,284,278,562,496
H.R8800,281,281,562,424
S4661,281,279,560,431
H.R5585,281,278,559,506
S1024,289,269,558,466
S3600,285,273,558,455
S4797,279,279,558,352
H.R2880,279,278,557,481
H.R946,288,266,554,443
S3293,295,258,553,478
S253,276,275,551,412
H.R2665,278,273,551,435
HR8236,276,275,551,435
S2938,276,274,550,412
H.R1335,274,273,547,531
HR7024,275,272,547,475
S452,273,270,543,455
H.R1674,273,270,543,447
S2792,271,271,542,432
H.R6938,318,222,540,410
S1449,270,269,539,487
S763,272,266,538,431
S315,284,252,536,401
H.R2666,267,264,531,426
S7,266,265,531,249
S1399,275,256,531,488
H.R1603,266,264,530,427
S3742,265,265,530,348
S852,281,249,530,501
H.R1492,280,249,529,475
H.R1691,265,264,529,473
S3023,280,246,526,345
S4808,267,259,526,343
S2071,264,260,524,482
H.R6,265,258,523,485
S141,261,262,523,433
S445,263,257,520,413
H.R2145,273,246,519,354
S1094,261,256,517,450
H.R3593,261,255,516,364
H.R3063,258,258,516,472
H.R6283,262,252,514,406
S161,260,254,514,504
S1625,258,255,513,320
H.R4721,260,251,511,456
H.R7053,254,254,508,446
S919,258,250,508,446
S424,265,241,506,421
S566,253,251,504,472
H.R1848,252,251,503,411
H.R2377,252,251,503,407
S393,251,251,502,466
H.R2163,253,249,502,427
H.R1177,259,242,501,393
H.R1435,254,247,501,382
H.R2467,251,249,500,414
S1212,251,249,500,343
HR1968,256,243,499,381
H.R4505,250,248,498,425
H.R1836,252,246,498,406
S2281,250,248,498,287
S2155,250,247,497,345
H.R5009,250,247,497,402
S4674,248,248,496,438
H.R3843,254,241,495,430
HR8774,247,247,494,424
S644,246,247,493,321
S365,246,247,493,477
H.R2225,249,243,492,350
H.R791,251,241,492,375
S2085,246,244,490,379
S4207,246,243,489,437
S1355,247,241,488,367
S3548,245,243,488,381
H.R3440,244,244,488,296
H.R8282,246,241,487,360
H.R4758,246,239,485,394
S2891,244,240,484,452
H.R7310,243,241,484,263
H.R2853,265,218,483,450
H.R1990,246,237,483,481
HR5378,242,240,482,380
S1967,241,240,481,383
S448,247,234,481,465
S148,240,241,481,373
H.R4549,243,237,480,409
H.R6213,243,237,480,338
H.R1613,242,238,480,381
HR4820,240,240,480,420
HR1512,240,239,479,289
S657,238,241,479,340
S1207,240,239,479,461
H.R3944,249,229,478,382
H.R14,243,233,476,384
HR4368,238,238,476,396
S665,240,235,475,421
HR9028,237,236,473,439
H.R3429,248,224,472,365
S2415,243,227,470,321
S836,258,211,469,407
S2882,244,225,469,313
S1631,240,228,468,351
S100,242,226,468,398
S373,234,233,467,393
H.R19,233,232,465,341
H.R4550,233,232,465,361
H.R4261,233,232,465,279
S1931,233,231,464,403
S1000,232,232,464,392
H.R1566,256,208,464,421
S659,232,231,463,395
H.R2406,230,232,462,454
S3198,236,225,461,334
H.R1013,242,219,461,380
S923,230,230,460,323
S873,231,229,460,416
H.R6951,230,229,459,441
S3062,234,224,458,335
HR8070,229,229,458,406
S479,230,227,457,369
S4356,233,223,456,293
H.R4372,227,228,455,377
S1404,253,196,449,391
S2076,232,215,447,323
H.R2799,226,221,447,364
S359,237,209,446,220
S1367,248,198,446,355
S932,240,205,445,420
S4677,217,228,445,331
H.R51,224,220,444,330
S1541,243,201,444,394
H.R2483,227,216,443,351
S1067,222,221,443,389
H.R7309,223,218,441,391
H.R1807,221,220,441,377
S1199,221,220,441,429
H.R3514,238,202,440,357
S1117,219,220,439,409
S1016,224,214,438,381
S2934,222,215,437,390
H.R3617,229,207,436,354
S673,219,217,436,383
H.R621,220,216,436,382
H.R1065,218,217,435,421
S1080,217,217,434,420
H.R6159,218,216,434,289
H.R6492,217,216,433,393
S266,227,206,433,374
S627,218,214,432,348
H.R979,227,205,432,303
H.R1346,230,201,431,361
H.R3076,217,213,430,364
S516,218,212,430,297
H.R793,213,217,430,402
H.R2872,222,208,430,352
S870,220,210,430,277
H.R485,216,214,430,368
S1521,217,213,430,396
S2082,221,208,429,306
S2768,217,211,428,404
S1077,217,210,427,364
H.J.RES27,219,208,427,365
H.R5891,217,209,426,276
S2263,211,213,424,238
H.R5305,211,211,422,348
S3700,211,211,422,382
S476,213,209,422,359
S51,215,205,420,304
S1149,211,209,420,301
S4,212,207,419,327
HR4394,209,210,419,369
S2377,211,205,416,354
S1748,230,186,416,375
S2107,208,207,415,288
H.R2550,214,201,415,218
H.R1868,207,207,414,342
H.R1837,207,207,414,280
S557,214,200,414,335
S1435,208,205,413,317
H.R1359,206,207,413,295
S2228,211,200,411,333
H.R1062,208,202,410,306
H.R895,207,202,409,386
H.R2407,206,202,408,325
S351,218,190,408,308
H.R2948,209,198,407,307
H.R3417,202,205,407,335
S2827,204,203,407,365
S1040,212,193,405,394
H.R2940,204,201,405,290
H.R8238,203,202,405,293
S293,202,202,404,260
H.R5166,211,193,404,357
H.R703,210,193,403,397
H.R2864,211,191,402,251
H.R7153,201,201,402,366
H.R1735,204,197,401,346
S213,207,194,401,395
S2669,200,200,400,216
H.R5408,211,189,400,381
S1606,203,197,400,356
S0000,201,197,398,212
S3830,203,194,397,368
H.R815,202,195,397,263
S799,199,197,396,276
S542,200,195,395,220
H.R5689,203,191,394,369
S3565,200,194,394,358
S1041,208,185,393,375
H.R3435,196,197,393,374
S4760,199,194,393,280
S1793,196,196,392,372
S2137,196,196,392,286
H.R4818,195,197,392,330
S3679,197,195,392,346
H.R6161,195,196,391,293
H.R7659,196,195,391,347
HR4821,195,196,391,329
H.R6494,197,193,390,298
HR8295,196,194,390,327
H.R8790,199,191,390,327
S46,204,185,389,330
H.R6119,196,192,388,177
H.R2731,197,191,388,315
HR7776,196,192,388,342
H.R3565,197,191,388,342
S1165,195,193,388,279
H.R3170,197,191,388,290
S832,205,182,387,347
H.R3372,198,189,387,344
H.R3281,193,193,386,352
HR3838,201,185,386,345
H.R6747,192,193,385,311
S971,192,192,384,261
S131,194,190,384,354
S2103,196,186,382,279
S3312,193,189,382,378
S2517,191,191,382,214
S1628,191,190,381,301
S3034,197,184,381,285
H.R1414,193,188,381,261
H.R929,200,181,381,340
S933,203,178,381,315
S2512,191,189,380,199
S775,191,189,380,348
H.R6570,192,188,380,288
H.R1199,191,185,376,293
S1821,200,175,375,306
H.R4417,191,183,374,293
S1688,193,181,374,331
H.R2794,205,168,373,301
H.R3305,188,184,372,344
H.R1301,195,177,372,359
H.R4779,197,174,371,291
S3131,191,180,371,257
S1176,186,184,370,287
H.R4370,189,180,369,360
H.R1509,193,176,369,322
S3266,184,183,367,265
H.R7463,182,182,364,244
H.R3826,183,180,363,317
S1703,183,180,363,266
S526,190,173,363,293
S98,185,177,362,323
H.R7023,183,177,360,263
S3011,180,179,359,331
H.R959,179,179,358,326
H.J.RES98,181,175,356,338
HR5894,177,179,356,259
H.R4356,177,177,354,318
H.R4288,180,174,354,297
H.R209,181,173,354,300
S346,177,176,353,315
H.R1631,180,173,353,314
H.R8874,178,175,353,303
S1232,178,175,353,332
HR9029,177,176,353,267
S587,185,167,352,339
H.R4420,176,176,352,292
H.R7213,178,173,351,307
S4685,175,176,351,275
HR1165,175,175,350,238
S470,176,173,349,296
S1379,192,157,349,319
S1658,174,174,348,304
S2714,176,172,348,320
H.R7890,175,172,347,307
S2210,177,169,346,291
HR133,174,172,346,190
S1337,188,158,346,320
H.R3940,171,175,346,273
HR8152,180,166,346,271
H.R715,173,173,346,242
H.R22,180,165,345,298
S944,177,168,345,313
S317,179,166,345,310
S756,178,167,345,287
H.R1109,184,161,345,316
H.R5440,173,171,344,330
HR8467,172,172,344,308
H.R6644,226,118,344,280
H.R542,171,172,343,262
H.R913,171,171,342,284
S975,172,170,342,322
S3211,173,168,341,315
S187,173,168,341,341
S748,170,171,341,295
H.R4924,172,169,341,203
S2428,170,170,340,306
S3625,170,170,340,324
H.R3849,170,169,339,299
S701,170,169,339,287
H.R2679,169,169,338,296
H.R1086,172,166,338,289
S3538,173,164,337,307
HR5371,174,163,337,266
H.R3151,184,153,337,288
S773,169,167,336,262
S1870,169,167,336,225
S537,169,167,336,296
S686,168,168,336,280
H.R1440,177,158,335,255
H.R6860,170,165,335,280
H.R2739,167,167,334,110
H.R1816,170,162,332,277
H.R277,168,164,332,313
S862,182,150,332,302
S2305,166,166,332,314
H.R8261,168,164,332,283
H.R4167,167,165,332,251
S954,166,165,331,295
H.R7,169,162,331,211
H.R2400,166,165,331,267
HR8262,166,165,331,295
H.R1672,173,157,330,255
H.R1633,166,164,330,290
HR4552,165,164,329,303
H.R1339,164,164,328,228
S3042,164,164,328,284
H.R6131,172,156,328,283
S2450,164,164,328,64
S1113,164,164,328,240
H.R2367,167,161,328,278
H.R3950,166,162,328,252
S1096,175,152,327,290
H.R6929,163,163,326,304
H.R2433,167,158,325,238
S1553,181,144,325,311
H.R4235,162,162,324,114
H.R2663,163,161,324,242
H.R7567,223,100,323,259
S762,161,161,322,236
H.R6205,163,159,322,300
S1424,167,155,322,194
H.R8059,161,161,322,242
HR830,161,161,322,286
S2061,161,160,321,278
H.R2820,162,159,321,285
S331,165,156,321,242
S1705,170,151,321,297
H.R1151,166,155,321,253
S1105,173,148,321,296
S1704,167,153,320,189
S225,160,160,320,302
H.R5541,163,157,320,194
H.R1747,160,160,320,130
S3127,162,158,320,216
HR2882,160,160,320,232
H.R3825,160,159,319,293
S558,162,157,319,261
S4293,160,159,319,265
H.R3937,160,159,319,311
H.R3557,160,158,318,252
H.R7655,162,156,318,237
S1303,161,156,317,241
S2767,158,159,317,283
H.R1667,157,159,316,267
S1842,160,156,316,270
H.R976,161,155,316,280
HR5933,165,151,316,95
S912,157,158,315,261
H.R4942,160,155,315,271
H.R6943,158,157,315,213
H.R4470,158,157,315,283
H.R3734,159,156,315,293
S2503,182,132,314,281
H.R963,157,156,313,291
S1586,168,145,313,270
S805,157,156,313,245
H.R3164,171,142,313,244
H.R1897,165,148,313,278
H.R2873,159,153,312,261
S2599,156,156,312,280
H.R574,159,153,312,312
H.R2743,156,156,312,196
S2805,156,156,312,272
S312,158,153,311,257
H.R7185,157,153,310,273
H.R1384,156,154,310,274
H.R1748,155,155,310,100
H.R4669,165,145,310,278
H.R2166,157,152,309,263
S1664,157,152,309,278
S2747,161,147,308,230
S326,163,145,308,243
HR8256,155,153,308,274
S146,160,148,308,296
S1017,154,153,307,253
S1314,156,151,307,251
S1856,154,153,307,287
S168,153,153,306,278
H.R2713,154,152,306,222
H.R3665,153,153,306,306
S617,157,148,305,298
S264,153,152,305,291
H.R955,154,151,305,245
H.R1160,153,152,305,291
S969,153,152,305,91
H.R3936,153,152,305,305
H.R3089,156,148,304,267
S494,154,150,304,248
S1831,158,146,304,206
S570,154,150,304,217
H.R1815,153,151,304,248
HR471,154,150,304,290
S184,157,146,303,263
S835,155,148,303,256
H.R1042,156,146,302,201
S5,152,150,302,278
HR4367,151,151,302,252
S1291,152,150,302,266
H.R5981,158,143,301,168
S480,155,146,301,294
H.R2255,151,150,301,247
S1136,151,150,301,193
S1038,151,150,301,239
H.R2547,157,143,300,266
H.R6654,151,149,300,201
H.J.RES39,150,150,300,296
S2706,150,149,299,247
H.R2441,158,141,299,278
S1274,149,149,298,272
H.R2534,149,149,298,276
H.R12,151,147,298,236
S3593,149,147,296,246
H.R3460,149,147,296,256
H.R2544,150,146,296,248
S2190,149,147,296,282
S1439,148,148,296,110
H.R5074,149,147,296,248
H.R1147,148,147,295,271
H.R5933,149,146,295,262
S1429,148,146,294,184
H.R447,148,145,293,253
H.R21,154,139,293,238
H.R4173,149,144,293,167
H.R7520,151,142,293,218
S3045,146,146,292,212
H.R7293,146,146,292,180
S4443,146,146,292,196
H.R496,144,147,291,287
S1514,145,145,290,204
S3109,145,144,289,194
S2498,146,143,289,220
S1873,144,144,288,216
H.R4468,147,141,288,238
H.R4275,153,135,288,247
S130,145,143,288,286
H.R3987,144,144,288,102
H.R4024,144,143,287,241
S495,143,144,287,271
S705,144,143,287,225
S477,151,135,286,225
H.R247,151,135,286,251
S234,144,142,286,192
H.R5079,159,127,286,236
S645,143,142,285,213
H.R3962,143,142,285,225
H.R190,142,143,285,247
S2327,143,142,285,235
S3627,150,135,285,249
S341,147,138,285,251
H.R4206,156,129,285,253
H.R5030,143,141,284,235
S285,142,142,284,208
S2427,143,141,284,270
H.R6053,143,141,284,183
S917,142,142,284,195
S10,141,143,284,230
H.R6782,143,140,283,156
H.R1695,142,141,283,187
S1573,146,137,283,241
HR5305,144,138,282,262
S2750,152,130,282,253
S1214,142,140,282,264
H.R11,142,140,282,207
HR9026,141,141,282,254
H.R1138,148,134,282,127
H.R1712,145,136,281,258
S3195,142,139,281,230
H.R547,144,137,281,213
H.R5077,141,140,281,263
HR8998,141,140,281,245
S986,140,140,280,172
H.R2357,140,140,280,138
H.R5801,141,139,280,248
S856,141,139,280,272
H.R7030,142,138,280,240
H.R2969,141,139,280,89
H.R4058,140,139,279,246
S1536,148,131,279,219
H.R4045,143,136,279,251
H.R1992,139,139,278,176
H.R6543,141,137,278,209
S545,139,139,278,256
S942,145,133,278,227
H.R7780,139,139,278,232
S785,139,139,278,260
S838,144,134,278,213
H.R4616,140,137,277,183
H.R1047,149,128,277,271
H.R2725,144,133,277,196
H.R4373,138,138,276,195
H.R3967,141,135,276,229
S222,144,132,276,234
S740,139,136,275,273
H.R1277,138,137,275,249
S596,139,136,275,220
S1097,146,129,275,244
S2433,137,138,275,233
H.R2539,138,137,275,167
H.R5089,142,132,274,225
H.R3630,139,135,274,231
S255,137,137,274,250
H.R3447,148,126,274,248
H.R1666,137,137,274,202
S559,139,135,274,246
H.J.RES116,140,134,274,254
HR9027,137,137,274,224
H.R2821,137,136,273,169
H.R3942,140,133,273,159
H.R5547,138,135,273,228
S753,136,137,273,245
H.R1799,139,133,272,219
S3712,138,134,272,144
H.R3284,136,136,272,208
H.R2925,139,133,272,174
S2033,138,134,272,263
H.R4431,137,134,271,217
S723,140,131,271,214
S275,153,118,271,236
H.R38,139,132,271,251
H.R3648,135,135,270,270
S1642,137,133,270,258
H.R2631,135,135,270,134
S1862,139,131,270,209
S1114,135,135,270,220
S1546,146,123,269,260
H.R1684,134,134,268,223
S680,134,134,268,200
H.R1745,134,134,268,224
H.R5525,135,133,268,256
S533,135,133,268,266
H.R1209,134,134,268,216
S2326,136,132,268,156
H.R7944,134,134,268,230
H.R1385,138,129,267,187
H.R8183,134,133,267,195
H.R801,139,127,266,251
HR1042,133,133,266,172
H.R5013,133,133,266,212
S2707,135,131,266,226
S176,133,132,265,223
S2511,134,131,265,249
H.R2826,133,132,265,255
H.R5488,133,132,265,229
S340,134,130,264,164
H.R6617,134,130,264,162
S128,138,126,264,211
S1954,142,122,264,248
S2770,133,131,264,238
H.R7085,134,130,264,169
S2621,137,126,263,250
S1272,137,126,263,180
S2475,132,131,263,221
H.R5526,135,128,263,232
S1459,132,131,263,177
H.R1707,135,128,263,263
S2780,132,131,263,235
H.R1347,133,129,262,262
H.R866,133,129,262,191
S447,139,123,262,168
H.R3074,137,125,262,221
H.R3882,131,131,262,254
HR8997,131,131,262,242
H.R5746,133,128,261,231
H.R1458,135,126,261,208
HR842,132,128,260,225
S2418,130,130,260,196
S400,131,129,260,236
H.R3139,130,130,260,100
H.R741,131,128,259,160
S2243,130,129,259,241
H.R1317,134,125,259,190
S120,131,128,259,237
S1829,134,125,259,231
S4231,130,129,259,195
H.R5707,130,129,259,243
S4417,128,131,259,239
HR8255,130,129,259,247
HR20,131,128,259,245
H.R3269,138,121,259,178
S405,130,128,258,246
S1443,130,128,258,164
S694,135,123,258,216
HR906,128,130,258,241
S462,130,128,258,212
H.R1381,133,124,257,250
H.R4690,133,124,257,239
HR3173,128,129,257,241
S4066,132,125,257,218
S2757,129,128,257,209
S456,129,127,256,222
HR2474,128,128,256,256
S2645,128,127,255,197
S220,128,127,255,203
H.R3013,128,127,255,219
S2342,130,125,255,205
H.R6371,128,127,255,201
S2556,133,122,255,234
H.R2788,128,127,255,251
S3909,128,127,255,245
HR926,138,117,255,38
H.R2530,127,127,254,174
H.R1255,129,125,254,231
H.R3432,126,128,254,221
S2238,134,120,254,247
S549,130,124,254,196
H.R2941,127,127,254,190
H.R307,126,128,254,141
H.R4006,127,126,253,225
S2164,128,125,253,199
S374,127,126,253,233
H.R1640,132,121,253,246
S339,136,117,253,195
H.R3800,127,126,253,179
H.R3512,136,116,252,228
S708,133,119,252,238
H.J.RES100,126,126,252,188
H.R4639,126,126,252,194
HR3561,126,126,252,208
S2039,126,125,251,251
S2291,127,124,251,213
S1515,128,123,251,157
S593,137,114,251,235
H.R1761,135,115,250,108
S655,125,125,250,152
HR3746,122,128,250,190
H.R731,126,124,250,198
HR4502,125,124,249,211
H.R5912,125,124,249,221
S2764,126,123,249,216
S3623,142,106,248,213
S1095,133,115,248,222
H.R1479,128,120,248,207
H.R1818,134,114,248,228
S350,135,112,247,217
S2370,124,123,247,175
S1043,124,123,247,231
H.R7624,124,123,247,243
H.R766,123,124,247,205
S2562,125,121,246,184
S2387,126,120,246,179
H.R3541,123,123,246,222
H.R2675,134,112,246,216
S4750,125,121,246,230
S26,123,123,246,206
H.R5530,123,123,246,198
H.R6683,123,123,246,226
H.R482,135,110,245,217
S1720,125,120,245,235
H.R4720,123,122,245,209
H.R3699,133,112,245,187
H.R973,126,119,245,133
S4449,123,122,245,199
S1380,131,113,244,135
HR848,122,122,244,154
HR4128,122,122,244,220
H.R516,131,113,244,117
H.R618,122,122,244,238
H.R977,122,122,244,238
H.R4507,122,122,244,234
H.R4035,123,121,244,196
S.J.RES49,125,119,244,238
S2036,122,121,243,193
S411,121,122,243,217
H.R3226,123,120,243,224
H.R1946,121,121,242,154
S544,124,118,242,204
H.R1785,121,121,242,178
S3440,122,120,242,149
H.R7007,121,120,241,189
S3715,122,119,241,147
S3502,122,119,241,195
HR1996,123,118,241,211
S902,123,118,241,225
H.R7035,142,99,241,221
S3558,121,120,241,171
H.R1719,124,117,241,207
S513,122,118,240,219
S505,120,120,240,194
S53,120,120,240,236
H.R3285,120,120,240,196
S1332,120,120,240,190
S4326,130,110,240,15
H.R4130,120,119,239,176
S.J.RES15,121,118,239,200
S3889,120,119,239,205
H.R1048,126,113,239,223
H.R6963,119,119,238,218
S916,119,119,238,228
HR8752,119,119,238,206
S2188,120,117,237,207
H.R1284,124,113,237,186
H.R7107,125,112,237,115
S2110,121,116,237,198
S1315,117,120,237,189
HR7667,124,113,237,194
S639,119,118,237,169
H.R6545,119,118,237,187
S2871,118,118,236,206
S1031,120,116,236,194
S1486,118,118,236,224
H.R1721,118,118,236,164
S3125,118,118,236,92
H.R3632,124,112,236,166
H.R7961,124,112,236,212
H.R2964,118,118,236,194
HR4754,119,117,236,206
S2774,116,119,235,213
S173,118,117,235,215
S719,118,117,235,209
H.R2411,119,116,235,221
S4503,121,114,235,171
S691,125,110,235,235
S3967,118,116,234,200
S1292,127,107,234,200
H.R1437,117,116,233,171
H.R1582,118,115,233,192
S401,123,110,233,209
H.R8594,118,115,233,209
H.R5391,118,115,233,198
H.R2370,124,108,232,196
H.R3185,116,116,232,220
S695,117,115,232,114
S786,116,116,232,188
S586,117,114,231,203
S853,117,114,231,219
H.R2786,117,114,231,185
H.J.RES30,116,115,231,203
H.R1249,120,111,231,188
H.R900,116,115,231,209
H.R7635,116,115,231,195
S615,118,113,231,213
S2251,116,115,231,215
S3193,117,113,230,146
S737,117,113,230,199
H.R682,115,115,230,208
H.R1298,116,114,230,87
H.R2851,115,115,230,224
S314,119,111,230,189
S1608,115,114,229,129
H.R2884,116,113,229,193
S826,114,115,229,227
S1141,115,114,229,157
H.R1195,115,114,229,179
H.R2989,115,114,229,189
S307,114,115,229,179
HR5893,114,115,229,187
H.R4968,115,114,229,203
H.R7384,116,113,229,188
S443,115,113,228,202
S987,114,114,228,128
H.R315,114,114,228,132
H.R2484,120,108,228,165
S427,116,112,228,145
S2994,114,114,228,198
S1378,112,116,228,182
H.R8188,115,113,228,188
S575,118,110,228,161
S3197,114,113,227,219
H.R708,114,113,227,207
S1201,114,113,227,227
S1014,114,112,226,188
S909,113,113,226,130
S1457,113,113,226,142
S281,118,108,226,174
S1281,114,112,226,176
H.R833,114,112,226,151
H.R3755,113,112,225,205
S3880,113,112,225,225
H.R7116,112,113,225,213
H.R7165,113,112,225,133
H.R651,116,109,225,185
H.R861,121,104,225,140
H.R840,112,112,224,176
S414,112,112,224,196
H.R1227,118,106,224,206
H.R3572,112,112,224,100
H.R3078,113,111,224,202
H.R3149,131,93,224,205
H.R3599,112,112,224,192
S25,116,108,224,182
S738,112,112,224,216
H.R1608,112,112,224,194
HR4189,112,112,224,178
S1073,114,110,224,213
S3702,112,112,224,138
S248,113,110,223,199
S1953,113,110,223,205
H.R5735,112,111,223,201
S908,115,108,223,126
S1639,114,109,223,223
HR4213,112,111,223,211
H.R5374,117,105,222,191
S745,112,110,222,208
S1958,111,111,222,158
S1695,111,111,222,130
H.R5535,111,111,222,222
HR4346,115,107,222,161
S797,111,110,221,213
S.J.RES63,111,110,221,197
H.R648,111,110,221,191
S1384,111,110,221,205
H.R5688,114,107,221,146
HR4553,112,109,221,199
H.R2773,112,108,220,177
HR1674,110,110,220,158
S1945,113,107,220,190
H.R1650,112,108,220,183
H.R720,110,110,220,156
S1877,116,104,220,205
S4260,111,109,220,218
H.R5159,110,110,220,172
S3321,111,109,220,200
H.R1462,110,109,219,181
H.R957,112,107,219,195
S1957,111,108,219,211
S106,111,108,219,181
HR2630,108,111,219,203
H.R1325,111,108,219,205
H.R3383,124,95,219,189
S129,113,105,218,177
S193,110,108,218,119
H.R3160,117,101,218,205
H.R8574,109,109,218,182
H.R4313,118,100,218,131
S4137,110,108,218,216
H.R5403,109,109,218,110
H.R5017,114,103,217,193
H.R1777,114,103,217,196
S3531,109,108,217,209
H.R5423,110,107,217,165
H.R2214,115,102,217,173
H.R1822,113,104,217,171
H.R6202,109,107,216,183
H.R2159,109,107,216,131
S298,108,108,216,182
S1648,108,108,216,216
S1011,108,108,216,116
S1421,112,104,216,209
H.R1392,109,107,216,195
H.R2450,111,105,216,175
S806,108,108,216,144
S2691,108,107,215,199
S1308,108,107,215,139
S1187,112,103,215,197
S1673,109,106,215,183
S4338,106,109,215,193
HR4121,108,107,215,189
S754,107,107,214,214
S278,114,100,214,183
H.R3776,107,107,214,78
H.R5687,107,107,214,124
S1173,115,99,214,186
S454,109,104,213,167
S985,110,103,213,173
H.R1812,109,104,213,211
HR824,107,106,213,157
H.R3203,106,106,212,160
S1044,107,105,212,212
H.R8610,106,106,212,164
H.R3799,107,105,212,204
H.R3507,110,102,212,183
S114,105,106,211,185
S377,106,105,211,211
H.R7146,107,104,211,128
H.R6566,111,100,211,189
S3815,106,105,211,181
H.R4120,105,105,210,128
S998,110,100,210,180
H.R1459,106,104,210,204
H.R2984,105,105,210,206
S1714,108,102,210,198
H.R366,106,103,209,164
S1568,106,103,209,182
S1234,110,99,209,196
S897,107,102,209,134
S1269,106,103,209,195
S1807,105,103,208,157
S623,107,101,208,198
HR40,111,97,208,64
H.R2700,104,104,208,204
S4875,104,104,208,196
H.R2434,105,103,208,174
S721,107,101,208,191
H.R3408,104,104,208,192
S2142,104,104,208,182
HR3816,105,102,207,167
H.R2917,104,103,207,129
S3549,107,100,207,203
H.R1628,104,103,207,139
S1400,103,104,207,197
H.R2923,104,103,207,193
S2609,106,100,206,174
S2166,103,103,206,176
S1357,103,103,206,116
H.R3359,103,103,206,70
S2837,109,97,206,125
H.R3029,104,102,206,157
S486,103,103,206,156
H.R5551,103,103,206,170
H.R8404,103,103,206,190
H.R1418,105,101,206,115
S601,103,102,205,203
S73,106,99,205,121
H.R8371,101,104,205,173
S2761,114,90,204,168
S882,109,95,204,157
H.R7236,102,102,204,166
S269,102,102,204,196
H.R2199,110,94,204,180
S381,107,97,204,176
H.R2761,102,102,204,152
H.R4895,103,101,204,154
H.R764,102,101,203,161
H.R1521,107,96,203,163
S3791,100,103,203,163
S720,102,101,203,195
H.R2627,102,101,203,197
S3305,102,101,203,131
H.R1717,102,101,203,109
H.R812,102,101,203,127
S2178,101,101,202,178
S246,101,101,202,198
H.R1155,101,101,202,82
S389,106,96,202,151
S272,103,99,202,153
HR5304,106,96,202,166
S2371,101,101,202,66
H.R2028,105,97,202,173
H.R6093,99,103,202,202
H.R1353,102,100,202,200
S1340,101,101,202,70
S2608,106,96,202,149
H.R2573,101,100,201,139
S3118,100,101,201,172
S622,100,101,201,185
H.R672,99,102,201,115
H.R4148,101,100,201,155
S230,101,100,201,173
S709,106,95,201,158
S459,103,98,201,162
H.R2036,106,95,201,177
H.R4349,100,100,200,174
HR4996,100,100,200,160
H.R346,102,98,200,166
HR4350,100,100,200,168
S2439,110,90,200,158
S292,101,99,200,147
S2024,102,98,200,112
H.R490,100,100,200,94
H.R1046,101,99,200,200
H.R1122,100,100,200,74
HR3881,106,94,200,185
S674,101,98,199,180
H.R2269,104,95,199,170
S2491,99,100,199,183
H.R2482,101,98,199,181
H.R3152,107,92,199,190
S1481,100,99,199,175
H.R1410,100,99,199,165
H.R760,99,100,199,155
H.R5301,112,86,198,184
H.R603,99,99,198,196
S403,99,99,198,123
S1906,103,95,198,176
H.R802,103,95,198,172
H.R7808,100,98,198,147
H.R1259,99,99,198,86
HR9747,99,99,198,180
H.R4345,99,98,197,169
H.R501,101,96,197,190
S383,99,98,197,197
S2153,109,88,197,166
H.R550,101,96,197,191
S1506,100,97,197,161
H.R2408,99,98,197,79
S925,104,93,197,182
H.R5823,98,98,196,194
S3262,98,98,196,190
S1909,98,98,196,154
S243,99,97,196,188
S1636,98,98,196,186
S1432,98,98,196,192
S289,98,98,196,166
H.R6271,98,98,196,166
H.R1493,98,98,196,172
S391,98,97,195,175
H.R972,98,97,195,167
S779,103,92,195,171
S857,105,90,195,188
H.R1310,103,92,195,137
H.R1130,97,98,195,191
S1401,100,95,195,195
S1241,105,90,195,175
H.R5269,111,84,195,157
S1975,97,97,194,182
H.R3897,98,96,194,152
H.R1068,97,97,194,194
H.R3481,100,94,194,182
H.R15,98,96,194,182
H.J.RES75,97,96,193,105
S1350,96,97,193,193
S1467,100,93,193,155
H.R2583,97,96,193,147
H.R448,97,96,193,175
HR2,97,96,193,165
H.R7171,96,97,193,191
H.R1499,96,97,193,177
H.R1614,100,93,193,168
H.R2952,100,93,193,135
H.R1522,97,95,192,153
S527,103,89,192,144
S1491,96,96,192,154
H.R6487,97,95,192,170
H.R4198,96,96,192,146
S404,96,96,192,172
S4662,97,95,192,151
HR5860,96,96,192,176
H.R4277,96,95,191,151
S2037,96,95,191,156
H.R1723,100,91,191,185
S.J.RES7,102,89,191,168
H.R1495,96,95,191,169
S1668,96,95,191,185
H.R1402,100,91,191,131
H.R7104,95,95,190,152
HR1520,95,95,190,180
H.R2148,96,94,190,108
S2452,100,90,190,165
H.R5506,94,96,190,92
H.R3482,96,94,190,161
S1359,95,95,190,190
H.R3623,96,94,190,136
S3457,97,93,190,188
H.R8512,95,95,190,142
S.J.RES8,96,94,190,174
H.R1163,99,91,190,176
H.R6687,103,87,190,170
S1427,95,94,189,181
H.R1629,95,94,189,177
S1805,98,91,189,155
S2760,97,92,189,173
HR8257,96,93,189,155
S344,94,94,188,188
H.R2337,94,94,188,154
S646,94,94,188,160
H.R4731,100,88,188,161
S3236,94,94,188,188
S2048,96,92,188,141
H.R7194,94,94,188,182
H.R1924,95,93,188,116
H.R3711,95,93,188,174
H.R2957,94,94,188,188
S714,97,91,188,155
H.R5315,94,94,188,124
S528,102,86,188,163
HR8239,94,94,188,186
H.J.RES25,95,93,188,144
S1008,97,91,188,128
H.R3875,94,94,188,168
S2781,101,87,188,155
H.R8,94,93,187,145
H.R987,99,88,187,159
H.R1740,94,93,187,171
H.R1263,93,94,187,187
H.R16,94,93,187,187
H.R1548,101,86,187,187
H.R5081,101,86,187,138
S2052,94,92,186,150
H.R4534,93,93,186,112
S3290,99,87,186,157
S661,93,93,186,96
H.R3990,93,93,186,110
S2004,93,93,186,146
H.R1835,94,92,186,152
H.R660,93,93,186,152
S1264,94,92,186,186
H.R4390,93,92,185,161
H.R1152,94,91,185,143
H.R3409,95,90,185,148
S1128,93,92,185,131
HR3938,92,93,185,180
H.R9494,93,92,185,155
H.R3807,92,92,184,166
S1874,97,87,184,174
H.R3538,92,92,184,104
S1438,92,92,184,116
H.R6461,93,91,184,170
H.R6291,106,78,184,165
H.R1918,94,90,184,109
HR2400,92,92,184,104
S4064,96,88,184,163
H.R4250,93,91,184,154
H.R4583,96,88,184,184
S5139,94,90,184,143
H.R3884,98,85,183,164
H.R3095,92,91,183,133
S1362,94,89,183,163
H.R263,92,91,183,171
H.R6201,92,91,183,165
S574,93,90,183,183
H.R1271,92,91,183,165
S316,92,91,183,163
H.R4323,92,91,183,171
H.R3887,92,91,183,171
H.R834,92,91,183,169
H.R6703,103,80,183,146
HR7666,92,91,183,119
H.R7980,92,91,183,63
H.R2798,92,91,183,163
H.R2696,97,86,183,162
H.R5343,103,80,183,163
H.R5988,99,84,183,157
H.R4479,93,89,182,148
HR2773,88,94,182,123
H.R1585,95,87,182,157
HR5,92,90,182,160
S321,92,90,182,113
H.R698,91,91,182,156
H.R6270,92,90,182,134
H.R7222,91,91,182,88
H.R1285,94,88,182,155
H.R2385,96,86,182,172
H.R3008,91,91,182,164
H.R4109,102,80,182,148
H.R4841,91,91,182,68
H.R5385,91,91,182,154
H.R3337,91,91,182,142
HR2811,87,95,182,108
S4630,91,91,182,152
H.R3524,91,90,181,145
H.R4122,92,89,181,141
S2207,96,85,181,111
S3091,91,90,181,147
H.R7073,92,89,181,138
H.R3209,101,80,181,159
H.R872,91,90,181,157
H.R615,90,91,181,163
S3439,96,85,181,107
S2709,100,81,181,142
H.R1915,90,90,180,136
H.R1620,91,89,180,164
S3014,93,87,180,160
S3441,90,90,180,92
S884,91,89,180,160
S5271,90,90,180,118
S.J.RES4,91,89,180,170
S3410,90,89,179,143
S2100,90,89,179,117
H.R1280,90,89,179,173
S920,90,89,179,167
H.R768,91,88,179,175
H.R1783,90,89,179,175
S3658,90,89,179,139
H.R2568,90,89,179,155
H.R1871,97,82,179,172
S1447,91,88,179,148
S2890,90,89,179,165
H.R3243,91,88,179,136
S1561,94,85,179,154
S1538,94,85,179,138
H.R893,90,89,179,175
S1092,94,85,179,174
H.R2548,95,84,179,153
S1686,95,84,179,154
H.R3724,90,89,179,151
S915,110,68,178,126
H.R1366,91,87,178,144
S839,89,89,178,170
S874,89,89,178,160
H.R762,89,89,178,170
H.R3110,89,89,178,166
H.R7353,97,81,178,106
H.R1730,93,85,178,159
H.R751,90,88,178,157
H.R5779,89,89,178,162
S2122,89,89,178,164
S1453,89,89,178,158
S647,90,88,178,148
H.R1338,89,89,178,174
H.J.RES44,89,89,178,152
S1707,94,84,178,117
HR3557,89,89,178,178
S1761,89,89,178,148
H.J.RES88,91,87,178,170
H.R4131,89,88,177,139
S642,88,89,177,151
S2108,90,87,177,143
S348,93,84,177,153
S2508,89,88,177,155
H.R3975,89,88,177,137
H.R2816,89,88,177,141
S800,106,71,177,138
H.R4333,93,84,177,103
H.R1797,89,88,177,129
S3875,89,88,177,169
H.R1534,93,84,177,147
H.R2423,90,87,177,151
H.R3721,92,85,177,158
S228,88,88,176,172
S1574,87,89,176,143
S796,89,87,176,170
S1306,88,88,176,138
S3503,89,87,176,150
S361,89,87,176,111
H.R3062,95,81,176,163
S124,92,84,176,122
H.R6084,94,82,176,157
S2269,87,89,176,149
S1294,91,85,176,165
H.R2849,90,86,176,117
H.R5049,92,84,176,125
H.R5803,88,88,176,176
S3805,89,87,176,150
S1428,91,84,175,123
H.R1987,91,84,175,169
S2074,89,86,175,141
S483,88,87,175,173
H.R5475,91,84,175,160
H.R1615,88,87,175,175
H.R1007,89,86,175,151
S4687,88,87,175,113
S4591,87,88,175,133
H.R33,92,83,175,155
S1349,87,88,175,175
H.R5300,89,86,175,127
S1198,88,86,174,137
H.R3635,88,86,174,141
H.R2379,87,87,174,86
H.R1108,88,86,174,160
S4556,87,87,174,154
H.R1342,86,88,174,102
H.R4004,87,87,174,138
H.R4393,96,78,174,166
S2038,90,83,173,145
S1133,87,86,173,153
H.R4307,87,86,173,165
HR5342,90,83,173,144
H.R4317,98,75,173,137
S1781,88,84,172,135
H.R4794,86,86,172,144
S3059,90,82,172,104
H.R6544,88,84,172,166
S1895,86,86,172,146
S3058,86,86,172,126
H.R909,86,86,172,134
H.R5389,86,86,172,128
H.R851,86,86,172,156
S395,87,85,172,156
H.R2747,86,86,172,106
H.R1957,86,86,172,160
S163,88,84,172,170
S3375,86,85,171,145
S245,87,84,171,143
H.R5260,86,85,171,147
H.R2854,90,81,171,160
HR2673,87,84,171,146
H.R633,90,81,171,165
H.R804,87,83,170,164
H.R3259,85,85,170,152
H.R6020,85,85,170,128
H.R2037,86,84,170,150
H.R1321,86,84,170,146
H.R1187,86,84,170,160
H.R5027,86,84,170,143
H.R467,85,85,170,150
H.R889,86,84,170,146
H.R1705,89,81,170,159
S1671,85,85,170,98
S2213,85,85,170,156
HR3413,85,85,170,154
S1526,91,79,170,157
H.R7521,85,85,170,162
H.R8290,90,80,170,35
S1875,89,80,169,163
H.R3596,86,83,169,110
S994,85,84,169,169
S2499,85,84,169,145
S803,86,83,169,154
H.R3115,86,83,169,139
H.R4503,97,72,169,159
H.R1113,85,84,169,103
H.R1058,89,80,169,161
S2330,85,84,169,153
S6,86,83,169,157
H.R1840,89,80,169,98
H.R1503,85,84,169,169
S32,85,84,169,167
S711,88,80,168,144
H.R1485,84,84,168,134
H.R4944,82,86,168,148
S529,85,83,168,150
S4445,85,83,168,128
H.R3237,84,84,168,134
H.R3227,86,82,168,148
S2542,84,84,168,144
H.R8293,89,79,168,33
S728,84,84,168,168
H.R7050,84,84,168,114
S1693,84,83,167,103
S1768,84,83,167,83
S2267,85,82,167,83
S247,83,84,167,163
H.R925,85,82,167,136
S455,89,78,167,163
H.R3421,84,83,167,129
H.R1320,88,79,167,151
S1969,84,83,167,145
H.R3120,84,83,167,125
S840,88,78,166,158
H.R2634,83,83,166,108
S765,83,83,166,164
H.R1616,85,81,166,119
S2130,83,83,166,146
S636,85,81,166,136
S996,85,81,166,134
H.J.RES109,83,83,166,92
S4917,83,83,166,144
H.R6121,83,82,165,165
S747,87,78,165,147
S2378,89,76,165,135
H.R6497,83,82,165,125
H.R5175,83,82,165,147
H.R2126,88,77,165,152
S492,90,75,165,153
H.R901,83,82,165,163
H.R1589,84,81,165,163
H.R3559,83,82,165,127
H.R4073,85,80,165,126
H.R3791,85,80,165,104
S3604,88,77,165,30
S1034,85,79,164,148
H.R1814,82,82,164,132
H.R1282,82,82,164,164
H.R4523,82,82,164,100
H.R3108,87,77,164,134
H.R3369,83,81,164,132
H.R6572,84,80,164,58
S1985,84,80,164,114
S1784,86,78,164,139
H.R4587,82,82,164,120
H.R178,83,81,164,164
H.R5339,84,80,164,124
S539,83,81,164,125
H.R4509,83,81,164,116
S3362,82,82,164,152
H.R6664,82,82,164,130
H.R3616,90,74,164,160
S1171,82,81,163,153
S399,81,82,163,163
S1130,83,80,163,132
S927,88,75,163,112
S1166,85,78,163,160
H.R6800,84,79,163,157
S2730,85,78,163,141
H.R4184,83,80,163,131
H.R2139,82,81,163,65
H.R23,81,82,163,151
HR1770,82,81,163,143
H.R1105,85,78,163,134
S792,83,79,162,162
H.R5514,83,79,162,113
S1717,92,70,162,149
HR6833,81,81,162,144
H.R1018,81,81,162,154
S2495,86,76,162,149
S2090,84,78,162,144
S4932,81,81,162,148
S4583,80,82,162,140
S1979,81,81,162,84
S1150,81,81,162,148
H.R8292,86,76,162,25
H.R5977,80,81,161,125
S951,80,81,161,149
S613,82,79,161,161
H.R6584,81,80,161,151
H.R7389,90,71,161,144
H.R28,83,78,161,144
S2217,83,78,161,141
H.R5741,81,80,161,101
S977,81,80,161,115
H.R1586,80,81,161,147
H.R3380,83,78,161,153
H.R4626,92,69,161,128
S1810,80,80,160,136
S3029,80,80,160,152
H.R5538,80,80,160,74
H.R2829,80,80,160,138
H.R1306,81,79,160,158
S2115,80,80,160,150
S1600,84,76,160,148
S875,84,76,160,131
H.R5723,80,79,159,147
H.R2586,83,76,159,138
S1885,80,79,159,159
S299,80,79,159,141
H.R7266,81,78,159,138
S1021,83,76,159,125
H.R7614,80,79,159,103
H.R1139,80,79,159,159
S1045,90,69,159,132
S3878,81,78,159,105
S2952,80,78,158,148
H.R2565,80,78,158,150
H.R1588,82,76,158,118
S1988,82,76,158,114
S2983,86,72,158,145
S441,81,77,158,158
S4178,82,76,158,154
S649,79,79,158,126
H.R2757,80,78,158,130
H.R7174,79,79,158,134
S.J.RES37,81,77,158,102
S3609,80,77,157,121
HR3,79,78,157,135
S1666,80,77,157,135
S199,82,75,157,137
H.R721,77,80,157,151
S2363,81,76,157,155
S4605,79,78,157,143
H.R2732,79,78,157,155
H.R2191,83,74,157,103
S1210,78,78,156,132
H.R7003,79,77,156,92
S227,79,77,156,85
S1346,78,78,156,140
H.R1909,86,70,156,152
S898,80,76,156,146
H.R2558,81,75,156,153
H.R2874,78,78,156,146
H.R4891,79,77,156,134
H.R1382,78,78,156,130
S1296,83,73,156,136
H.R531,79,77,156,117
H.R1637,79,77,156,94
H.R1415,81,75,156,152
S4510,78,78,156,136
H.R1114,78,78,156,110
H.R1704,79,76,155,139
S1229,78,77,155,137
S259,78,77,155,135
H.R4963,77,78,155,117
HR2389,77,78,155,155
H.R6285,76,79,155,100
H.R6185,83,72,155,140
H.R1796,79,76,155,149
S4170,78,77,155,135
H.R8581,78,77,155,141
S824,78,77,155,98
H.R7531,80,75,155,149
H.R803,77,77,154,116
HR2584,77,77,154,140
H.R3890,83,71,154,127
H.R2021,77,77,154,122
H.R1343,81,73,154,144
S386,77,77,154,122
H.R5435,78,76,154,136
H.R7178,78,76,154,112
H.R5218,77,77,154,142
S1962,77,77,154,104
H.R1870,81,73,154,136
H.R1919,78,76,154,124
S3297,80,74,154,90
S648,77,77,154,100
S1477,77,77,154,154
S260,77,76,153,121
H.R3517,78,75,153,127
S1169,78,75,153,137
H.R4037,77,76,153,125
H.R2288,77,76,153,109
S1776,78,75,153,141
H.R3086,77,76,153,125
H.R704,77,76,153,121
S3084,77,76,153,139
HR2891,77,76,153,123
H.R7484,77,76,153,29
S.J.RES61,76,77,153,129
H.R743,77,76,153,135
H.R1355,85,68,153,114
H.R2598,77,76,153,137
HR8818,78,75,153,139
H.R2869,78,74,152,124
H.R1976,77,75,152,115
H.R8606,77,75,152,81
S1696,77,75,152,123
H.R0000,78,74,152,86
S1185,76,76,152,124
H.R1051,76,76,152,140
H.R1141,80,72,152,120
S1847,79,73,152,126
H.R9495,77,75,152,144
S602,77,75,152,150
H.R3077,76,75,151,135
S1072,77,74,151,129
H.R1364,76,75,151,139
H.R2125,76,75,151,111
H.R2540,78,73,151,145
H.R1661,75,76,151,127
H.R940,78,73,151,118
S1460,78,73,151,125
H.R4227,76,75,151,151
S1833,77,74,151,135
H.R805,78,73,151,102
H.R4249,77,74,151,111
H.R649,80,71,151,129
S2510,76,75,151,141
H.R1070,77,74,151,99
H.R5267,87,64,151,148
S2230,79,71,150,136
S1273,75,75,150,110
S37,75,75,150,104
H.R3554,75,75,150,94
H.R2168,78,72,150,129
H.R432,75,75,150,140
S2731,77,73,150,83
H.R4011,78,72,150,84
H.R7379,75,75,150,62
S2047,75,75,150,86
S3087,75,75,150,106
H.R379,75,75,150,150
S2600,75,75,150,100
H.R6727,75,75,150,100
H.R6307,75,75,150,72
S2644,75,75,150,80
H.R744,76,74,150,124
H.R2808,79,71,150,109
S4900,75,75,150,150
H.R3178,80,70,150,126
HR7027,80,70,150,15
H.R10515,75,75,150,98
H.R841,75,74,149,145
H.R1944,80,69,149,149
H.R2203,78,71,149,123
H.R507,75,74,149,109
H.R1700,76,73,149,149
H.R2685,75,74,149,141
S1183,79,70,149,120
S4935,75,74,149,119
H.R4104,76,73,149,121
S1110,75,74,149,141
H.R161,86,63,149,130
H.R2531,77,72,149,132
S52,76,72,148,89
H.R2067,75,73,148,132
S1974,74,74,148,132
HR1848,75,73,148,96
S2902,75,73,148,114
H.R1813,75,73,148,96
H.R4070,74,74,148,136
S1902,75,73,148,115
H.R7274,73,75,148,89
S198,74,74,148,140
H.R5995,74,74,148,146
S4295,74,74,148,140
S4132,74,74,148,106
HR4531,74,74,148,130
H.R2332,77,71,148,101
H.R2870,77,70,147,137
S926,78,69,147,147
H.R1480,74,73,147,111
H.R3015,79,68,147,141
HR1603,78,69,147,113
H.R7176,73,74,147,145
H.R1406,77,70,147,143
S2666,74,73,147,133
H.R2868,77,70,147,126
S1792,75,72,147,87
H.R1715,74,73,147,131
H.J.RES59,75,72,147,130
H.R425,78,69,147,147
H.R2883,74,72,146,120
H.R869,73,73,146,128
H.R3287,77,69,146,135
S949,74,72,146,146
S872,73,73,146,128
S419,73,73,146,108
H.R1378,74,72,146,114
S1316,73,73,146,146
H.R173,74,72,146,112
S1804,73,73,146,124
S1452,72,74,146,134
S2948,73,73,146,82
H.R8018,73,73,146,94
HR8812,73,73,146,144
H.R1505,74,72,146,130
H.R5420,73,73,146,80
S1935,75,70,145,120
H.R5239,73,72,145,129
S2420,81,64,145,126
S3583,73,72,145,117
H.R4262,74,71,145,129
S1266,73,72,145,145
H.R409,73,72,145,129
H.R6192,74,71,145,103
H.R5393,72,73,145,117
H.R556,74,71,145,139
H.R1579,73,72,145,137
S1341,72,73,145,143
H.R8315,73,72,145,137
H.R2412,72,73,145,135
S1690,73,72,145,113
H.R4851,72,73,145,125
S2867,77,68,145,110
H.R1574,78,67,145,143
H.R1624,73,71,144,120
H.R2569,73,71,144,124
S731,72,72,144,96
HR4432,72,72,144,112
S1334,72,72,144,140
S1064,77,67,144,119
S1484,73,71,144,144
H.R1397,75,69,144,136
H.R3294,73,71,144,140
S.J.RES32,74,70,144,113
H.R1044,72,72,144,114
H.R392,74,70,144,132
S3591,74,70,144,81
H.R3262,73,71,144,126
S323,74,70,144,137
HR2665,72,72,144,116
S274,72,72,144,144
S2276,80,64,144,135
S930,72,72,144,138
H.R6407,74,70,144,86
S3651,71,73,144,114
S1947,77,66,143,91
S1840,73,70,143,136
H.R736,73,70,143,141
H.R5914,73,70,143,73
S65,73,70,143,109
H.R2234,73,70,143,127
H.R3520,73,70,143,80
S4241,74,69,143,126
HR4763,72,71,143,111
S2584,72,71,143,67
H.R6769,71,71,142,132
S3039,78,64,142,92
HR82,71,71,142,114
H.R1219,74,68,142,113
H.R1393,73,69,142,112
H.R2576,73,69,142,142
S828,71,71,142,136
S638,71,71,142,142
S2561,76,66,142,131
S282,71,71,142,120
H.R481,71,71,142,94
H.R3848,71,71,142,96
H.R6571,71,71,142,132
S3840,73,69,142,98
H.R2538,73,69,142,121
S1971,71,71,142,126
H.R3592,71,71,142,52
H.R7606,71,71,142,88
H.R8168,75,67,142,127
S4759,71,71,142,128
S4573,71,71,142,132
H.R700,71,71,142,118
H.R561,71,71,142,106
S430,73,69,142,86
S2162,71,71,142,106
H.R2444,76,66,142,142
H.J.RES163,71,71,142,138
HR879,72,70,142,113
S3458,73,68,141,121
H.R2683,77,64,141,139
H.R6311,71,70,141,117
H.R4090,72,69,141,105
H.R2307,70,71,141,125
S879,71,70,141,141
S801,71,70,141,121
H.R7006,77,64,141,113
H.R137,76,65,141,60
S2426,81,60,141,129
H.R2189,74,67,141,117
HR4758,71,70,141,110
H.R5061,74,67,141,113
S43,78,63,141,123
S2834,73,67,140,123
H.R1439,70,70,140,104
H.R4627,70,70,140,132
S794,71,69,140,128
S2235,71,69,140,100
S1383,77,63,140,122
H.R6746,70,70,140,82
S948,71,69,140,123
H.R2760,72,68,140,124
S2270,71,69,140,89
S.J.RES38,70,70,140,100
H.R8649,70,70,140,136
HR977,70,70,140,92
H.R1419,70,70,140,80
HR3074,70,70,140,70
H.R6322,71,69,140,63
S1494,70,69,139,123
H.R2819,70,69,139,111
H.R3474,72,67,139,127
H.R6398,72,67,139,85
S1158,71,68,139,129
S4049,70,69,139,137
S717,73,66,139,110
H.R5119,70,69,139,139
S2815,70,69,139,139
S4072,69,70,139,93
H.J.RES42,70,69,139,112
S2121,70,69,139,139
HR3633,74,65,139,116
H.R3433,69,70,139,137
H.R2089,78,61,139,124
S1101,72,67,139,96
H.R4710,80,59,139,114
H.R4153,70,68,138,114
S2662,69,69,138,122
S3494,72,66,138,138
H.R2503,71,67,138,122
S2373,68,70,138,92
H.R1307,70,68,138,138
H.R4673,76,62,138,117
S697,72,66,138,116
S257,71,67,138,138
H.R2455,70,68,138,125
S3933,69,69,138,104
H.R5184,74,64,138,123
H.R3671,69,69,138,136
H.R1350,69,69,138,136
S2462,70,68,138,126
H.R1041,71,67,138,128
S.J.RES18,71,67,138,117
H.R5118,69,69,138,86
S683,71,67,138,129
S1640,73,65,138,106
S2129,69,69,138,100
H.R3810,69,69,138,108
S3392,69,69,138,132
S1787,70,67,137,126
S271,70,67,137,114
S387,68,69,137,103
S1769,69,68,137,133
S453,70,67,137,109
H.R8958,69,68,137,107
H.R1311,73,64,137,130
H.R1322,69,68,137,97
S2286,68,69,137,137
H.R5167,70,67,137,101
H.R7440,69,68,137,71
H.R2174,69,68,137,105
S2652,68,68,136,116
H.R304,68,68,136,100
S2031,70,66,136,110
S2237,78,58,136,108
S1451,68,68,136,106
S4472,68,68,136,110
S4027,71,65,136,132
H.J.RES87,69,67,136,122
H.R3146,68,68,136,136
H.R6611,68,68,136,90
H.R7685,71,65,136,80
S2073,68,68,136,122
H.R2668,68,67,135,101
S2836,68,67,135,125
S2773,68,67,135,135
H.R850,69,66,135,111
S1157,70,65,135,121
HR1332,68,67,135,103
HR6865,75,60,135,110
S96,71,64,135,125
H.R6087,67,68,135,129
H.R1602,68,67,135,93
H.J.RES26,67,68,135,105
S4117,68,67,135,133
S1976,67,68,135,109
H.R3535,72,63,135,124
H.R1732,70,65,135,114
H.R3503,69,66,135,129
H.R1438,68,66,134,98
H.R151,67,67,134,134
HR4356,69,65,134,105
S3346,70,64,134,89
H.R5439,69,65,134,106
S1981,68,66,134,126
S847,68,66,134,118
H.R4258,68,66,134,88
H.R7575,69,65,134,71
H.R1683,70,64,134,59
H.R8772,68,66,134,92
H.R8449,67,67,134,92
H.R9462,67,67,134,96
H.R419,67,67,134,134
H.R1526,68,66,134,128
H.R1766,68,66,134,104
H.R114,66,68,134,48
S4569,67,67,134,128
H.R8996,67,67,134,108
S1854,70,63,133,116
H.R5067,67,66,133,101
S2429,67,66,133,111
S1663,71,62,133,126
S3345,75,58,133,111
H.R4374,67,66,133,121
H.R2294,68,65,133,109
S2565,67,66,133,107
S265,67,66,133,91
S746,67,66,133,125
S1301,70,63,133,129
H.R1510,70,63,133,119
S658,68,65,133,106
H.R5608,73,60,133,61
S2613,75,58,133,128
S4424,66,67,133,79
S.J.RES24,67,66,133,117
S3254,67,66,133,65
H.J.RES136,66,67,133,99
S1670,67,65,132,120
HR51,66,66,132,102
S1701,67,65,132,126
S2175,72,60,132,103
S2689,67,65,132,91
S1403,66,66,132,110
S2646,70,62,132,124
S280,67,65,132,132
H.R4606,67,65,132,126
H.R1201,67,65,132,124
H.R8367,66,66,132,100
H.R640,68,64,132,118
H.R3397,66,66,132,132
S1938,67,65,132,92
HR5009,66,66,132,86
HR4822,66,66,132,104
S3766,65,67,132,73
S3918,66,66,132,126
S3801,66,66,132,54
H.R7496,69,63,132,104
HR8773,66,66,132,112
H.R2620,66,65,131,129
H.R4231,68,63,131,125
HR1262,70,61,131,120
H.R3577,65,66,131,107
S1406,67,64,131,96
H.R1184,66,65,131,117
H.R2218,69,62,131,56
S4258,66,65,131,121
H.R7995,65,66,131,95
S5149,69,62,131,81
S706,66,65,131,113
H.R3394,68,63,131,123
H.R2528,70,61,131,122
S1335,73,58,131,129
H.R7725,66,65,131,95
S.J.RES59,67,64,131,63
H.R643,70,61,131,115
S581,68,62,130,116
H.R5874,65,65,130,106
S428,65,65,130,118
S2067,66,64,130,115
H.R2828,65,65,130,114
S2388,66,64,130,126
S2649,67,63,130,83
S1654,66,64,130,122
S1125,65,65,130,120
H.R3407,65,65,130,110
H.R2366,65,65,130,70
H.R3249,65,65,130,94
S244,72,58,130,113
S3367,66,64,130,130
H.R786,67,63,130,104
H.R1221,65,65,130,82
H.R2509,70,60,130,114
H.R5163,65,65,130,62
H.R2491,69,61,130,102
H.R5235,65,65,130,114
S512,65,65,130,126
H.R7513,65,65,130,96
S4734,68,62,130,108
H.R472,66,64,130,112
H.R159,65,65,130,128
H.R2691,65,65,130,112
S2632,65,65,130,100
S2597,65,64,129,113
H.R4571,64,65,129,117
H.R7108,65,64,129,119
H.R935,66,63,129,129
H.R341,67,62,129,102
H.R4602,66,63,129,98
H.R4074,64,65,129,113
S2968,64,65,129,113
H.R1595,64,65,129,127
H.R3982,65,64,129,111
H.R4896,72,57,129,124
HR946,67,62,129,102
S712,65,64,129,105
H.R4278,64,65,129,101
S4815,65,64,129,111
H.R4299,74,55,129,124
S3369,65,64,129,121
H.R7408,65,64,129,94
H.R9551,64,65,129,121
S894,65,63,128,112
HR1255,64,64,128,128
H.R5834,64,64,128,84
S2271,65,63,128,57
H.R6129,65,63,128,126
H.R3655,65,63,128,118
S3399,65,63,128,92
H.R4865,64,64,128,108
H.R1692,64,64,128,124
H.R740,66,62,128,120
S1530,64,64,128,104
S1116,65,63,128,126
H.R1115,64,64,128,128
H.R3000,65,63,128,126
H.R1790,64,64,128,110
H.R4903,65,63,128,62
S203,64,64,128,96
H.R7573,66,62,128,104
HR8254,64,64,128,108
S4357,64,64,128,124
S474,64,64,128,128
HR1827,64,64,128,128
H.R2448,65,63,128,92
HR2799,64,64,128,82
S1325,66,62,128,98
S3205,65,63,128,128
H.J.RES142,68,60,128,96
H.R1693,64,63,127,97
H.R2403,64,63,127,97
S1162,65,62,127,127
H.R267,65,62,127,102
S3546,65,62,127,105
H.R5509,70,57,127,113
H.R2094,64,63,127,125
H.R5631,64,63,127,105
S195,65,62,127,123
S1884,64,63,127,127
H.R539,65,62,127,85
H.R2410,62,65,127,119
S1222,65,62,127,75
S1032,65,62,127,117
H.R1153,65,62,127,127
H.R2718,65,62,127,96
H.R2785,64,63,127,125
HR4505,63,63,126,112
S2716,63,63,126,100
H.R1978,63,63,126,96
H.R1833,63,63,126,100
S1195,63,63,126,86
H.R2418,63,63,126,116
S1715,63,63,126,118
HR425,64,62,126,94
H.R27,63,63,126,126
H.R1103,64,62,126,92
H.R2667,63,63,126,126
H.R5463,66,60,126,108
HR4288,63,63,126,116
H.R1671,63,63,126,102
S8,63,63,126,110
S1115,63,63,126,110
S1844,63,63,126,112
H.R734,63,63,126,114
H.R2463,63,63,126,126
H.R6960,63,63,126,108
H.R6012,63,63,126,110
S3179,63,62,125,121
H.R160,63,62,125,91
S3435,64,61,125,125
H.R4043,63,62,125,107
S588,63,62,125,125
S924,65,60,125,85
S978,63,62,125,125
S2456,62,63,125,103
S449,62,63,125,109
S2224,62,63,125,95
S1732,63,62,125,99
H.R1716,62,63,125,97
H.R26,63,62,125,95
S4120,62,63,125,97
S4182,63,62,125,97
S5194,63,62,125,99
S502,63,62,125,111
H.R139,64,61,125,115
H.R148,63,61,124,68
S1532,70,54,124,85
S218,62,62,124,52
S1684,62,62,124,82
S2125,63,61,124,82
H.R6314,62,62,124,124
H.R911,63,61,124,120
H.R468,62,62,124,116
H.R4510,63,61,124,108
S107,62,62,124,124
S104,62,62,124,124
H.R5905,67,57,124,51
S224,62,62,124,102
H.R5883,62,62,124,116
H.R2543,63,61,124,100
HR6938,69,55,124,93
H.R3312,61,63,124,120
H.R1795,62,62,124,58
H.R623,65,59,124,110
S4368,62,62,124,86
H.R582,64,60,124,116
H.R5064,63,61,124,82
S3102,63,61,124,124
S3770,62,62,124,120
S2391,62,61,123,107
S3094,64,59,123,93
HR1384,62,61,123,83
S1548,63,60,123,121
H.R6787,62,61,123,87
S466,61,62,123,113
H.R1367,62,61,123,111
H.R1881,63,60,123,94
H.R4217,64,59,123,93
H.R591,63,60,123,123
H.R753,66,57,123,106
H.R8036,62,61,123,91
H.R1269,63,60,123,104
S1326,68,55,123,109
S2932,68,55,123,123
HR6655,62,61,123,99
H.R5103,63,60,123,120
H.R4582,64,59,123,75
H.R8032,62,61,123,123
H.R919,63,60,123,80
H.R4466,70,53,123,108
HR7148,74,49,123,92
S780,63,59,122,83
H.R2373,61,61,122,112
S2459,62,60,122,122
S134,61,61,122,116
H.R7032,61,61,122,94
H.R1738,61,61,122,94
S546,61,61,122,108
H.R962,62,60,122,112
H.R2988,66,56,122,106
S4840,67,55,122,115
H.R4027,61,61,122,108
H.R1015,61,61,122,82
S2302,62,60,122,96
H.R835,61,61,122,114
S1005,61,61,122,122
S9,64,58,122,109
H.R4469,61,61,122,110
S1616,62,60,122,122
H.R6009,62,60,122,71
S1351,61,61,122,110
H.R3011,63,59,122,121
H.R536,65,57,122,76
S3950,64,58,122,111
S4147,62,60,122,70
S822,62,60,122,116
H.R4581,64,58,122,114
H.R5840,61,61,122,114
S3385,64,58,122,99
H.R5600,69,53,122,118
S1973,62,59,121,121
H.R773,61,60,121,73
H.R2608,61,60,121,95
H.R1597,61,60,121,121
S3787,62,59,121,61
S2416,62,59,121,88
S3481,62,59,121,109
S238,61,60,121,97
S91,62,59,121,121
S2081,62,59,121,121
S3268,63,58,121,117
HR3089,61,60,121,83
H.R2429,61,60,121,73
H.R1181,63,58,121,121
H.R3521,64,57,121,74
H.R7585,61,60,121,105
H.R220,61,60,121,121
S802,61,60,121,121
H.R1517,61,60,121,103
S4317,61,60,121,107
S144,64,57,121,95
S475,64,57,121,103
H.R2855,61,59,120,57
H.R2030,60,60,120,116
H.R4387,60,60,120,94
H.R5388,61,59,120,120
H.R1697,60,60,120,106
S1283,64,56,120,113
S2434,60,60,120,118
H.R1210,61,59,120,88
H.R5736,60,60,120,78
S504,61,59,120,75
S1995,60,60,120,120
H.R5611,60,60,120,94
S4381,61,59,120,88
H.R8446,62,58,120,63
H.R1092,60,60,120,106
HR1086,60,60,120,102
H.R3065,62,58,120,53
H.R3801,60,60,120,86
H.R3216,60,60,120,118
H.R3876,61,59,120,109
H.R6090,61,59,120,106
H.R7683,60,60,120,114
H.R1197,66,54,120,111
S306,61,58,119,111
HR4690,60,59,119,93
H.R2120,62,57,119,97
H.R5536,60,59,119,115
H.R4756,60,59,119,95
H.R3650,62,57,119,84
H.R4103,60,59,119,119
S899,62,57,119,110
H.R5434,62,57,119,98
HR972,61,58,119,91
H.R2072,63,56,119,84
S2150,61,58,119,97
S3382,60,59,119,101
S412,60,59,119,117
S1118,61,58,119,103
S3765,60,59,119,101
H.R8957,60,59,119,89
H.R2424,63,56,119,103
S2855,60,59,119,99
S3680,61,58,119,110
H.R8684,60,59,119,105
S3075,59,59,118,76
S1752,59,59,118,114
S1376,59,59,118,94
S2497,60,58,118,118
S3314,60,58,118,94
S771,59,59,118,70
S2266,60,58,118,94
S3418,60,58,118,70
S935,59,59,118,100
H.R7008,59,59,118,106
H.R1788,59,59,118,102
H.R3441,59,59,118,96
H.R4733,63,55,118,104
S2474,59,59,118,98
HR4549,59,59,118,104
S2916,59,59,118,118
H.R6580,59,59,118,98
H.R4032,65,53,118,118
H.R5283,62,56,118,109
H.R3749,59,59,118,78
S2665,61,57,118,56
H.R1670,59,59,118,118
S4469,60,58,118,101
H.R491,60,58,118,93
S4628,58,60,118,108
H.R1839,59,59,118,102
H.R1323,59,59,118,54
HR621,59,59,118,118
H.R498,62,56,118,118
H.R3069,60,58,118,94
H.R3530,60,58,118,96
S2395,59,59,118,84
H.R5819,57,61,118,96
H.R7046,59,59,118,98
S3637,59,59,118,92
HR3440,58,59,117,89
S1667,59,58,117,89
H.R2594,61,56,117,109
S2295,58,59,117,99
S2339,60,57,117,77
S1908,62,55,117,104
HR1462,58,59,117,93
S4003,59,58,117,101
S66,58,59,117,115
H.R4681,63,54,117,98
H.R3347,59,58,117,109
S438,59,58,117,117
S1227,63,54,117,101
S632,62,55,117,111
H.R1826,59,58,117,91
H.R6445,60,57,117,81
H.R1389,59,58,117,105
H.R7744,74,43,117,94
HR1843,59,58,117,87
H.R1245,59,58,117,85
H.R2384,59,58,117,75
HR4664,60,57,117,98
H.R5142,61,56,117,68
H.R7986,58,59,117,99
S1607,58,58,116,116
S531,58,58,116,84
H.R3682,64,52,116,102
HR5525,58,58,116,66
HR748,59,57,116,110
H.R1676,58,58,116,92
H.R4610,58,58,116,68
HR2163,58,58,116,116
H.R7232,57,59,116,110
H.R1118,58,58,116,112
S2021,58,58,116,108
H.R2068,58,58,116,116
S2023,58,58,116,88
H.R3548,61,55,116,110
H.R2193,58,58,116,102
S3361,58,58,116,110
S2337,58,58,116,110
S1719,58,58,116,92
H.R1945,58,58,116,46
S656,58,58,116,84
S357,59,57,116,115
H.R2936,58,58,116,116
H.R8035,58,58,116,84
H.R8450,57,59,116,102
S4350,58,58,116,102
H.R17,59,57,116,116
HR3372,58,58,116,116
HR6363,58,58,116,88
H.J.RES20,58,58,116,112
S.J.RES25,58,57,115,101
S2022,59,56,115,77
H.R2846,58,57,115,92
S3612,58,57,115,103
H.R404,59,56,115,105
S2003,59,56,115,95
H.R5224,58,57,115,67
H.R4773,59,56,115,94
S2721,57,58,115,107
S1545,58,57,115,115
S3431,58,57,115,105
S2158,57,58,115,87
S3521,58,57,115,81
S3001,59,56,115,90
H.R1781,57,58,115,81
S4246,59,56,115,89
H.R7688,59,56,115,107
H.R8237,58,57,115,75
H.R7198,57,58,115,109
H.R1002,57,58,115,115
S1030,57,58,115,103
H.R3638,63,52,115,111
S1535,62,53,115,57
H.R6033,58,57,115,113
H.R4355,57,57,114,108
H.R2486,59,55,114,108
S1675,57,57,114,82
S2740,58,56,114,114
S1813,60,54,114,92
H.R3021,57,57,114,114
S3897,59,55,114,110
H.R1948,57,57,114,68
S3283,57,57,114,104
H.R4410,57,57,114,74
H.R6546,58,56,114,52
S3603,57,57,114,46
S3832,58,56,114,97
H.R4341,57,57,114,50
H.R2079,59,55,114,108
H.R3925,58,56,114,91
H.R2552,59,55,114,112
S3819,59,55,114,113
H.R3620,57,57,114,56
S1643,60,54,114,92
H.R488,57,57,114,88
H.R1061,61,53,114,110
S2678,57,57,114,102
S4244,58,56,114,114
S4804,57,57,114,60
S993,57,57,114,98
H.R338,58,56,114,114
H.R3419,58,56,114,93
S1411,57,57,114,86
H.R3839,57,57,114,114
S2488,58,56,114,94
H.R9676,58,56,114,69
H.R5508,57,56,113,113
H.R1446,57,56,113,111
S989,57,56,113,113
S2555,57,56,113,87
HR1267,58,55,113,113
H.R6996,57,56,113,103
H.R3713,57,56,113,109
H.R3263,57,56,113,75
H.R1698,58,55,113,113
S2965,57,56,113,113
S1820,59,54,113,93
S940,58,55,113,96
H.R4708,57,56,113,109
H.R4237,57,56,113,92
H.R4146,59,54,113,113
S4081,58,55,113,89
S4110,57,56,113,85
S901,57,56,113,75
S1426,58,55,113,75
H.R2232,60,53,113,89
H.R3927,58,54,112,106
H.R1803,57,55,112,66
H.R1623,59,53,112,83
H.R6881,56,56,112,80
S3629,56,56,112,56
H.R3467,60,52,112,98
S3755,61,51,112,100
H.R5008,60,52,112,104
H.R337,56,56,112,104
S1472,57,55,112,106
H.R884,56,56,112,104
H.R4576,59,53,112,92
S1174,56,56,112,90
S3894,56,56,112,72
S1839,63,49,112,103
S525,56,56,112,110
H.R3666,56,56,112,64
S3371,56,56,112,110
S522,57,55,112,69
S4297,57,55,112,86
S2554,56,56,112,104
S4518,56,56,112,100
S4495,56,56,112,102
S1058,59,53,112,80
H.R4508,56,56,112,96
H.R654,58,54,112,95
HR4417,55,57,112,91
H.R4319,57,55,112,110
H.R6986,56,56,112,88
H.J.RES117,57,55,112,98
H.R6243,56,56,112,32
S2614,56,55,111,105
S1929,56,55,111,81
S1624,56,55,111,93
S893,57,54,111,103
H.R5781,56,55,111,99
S1932,57,54,111,97
H.R3522,57,54,111,80
H.R306,63,48,111,101
S1753,56,55,111,97
H.R6814,55,56,111,93
S3954,56,55,111,79
S1053,56,55,111,99
S929,56,55,111,111
HJRES59,56,55,111,101
H.R3437,59,52,111,111
S1417,56,55,111,109
S1164,58,53,111,111
H.R4948,61,50,111,84
H.R7913,55,56,111,89
S1698,55,55,110,108
S727,55,55,110,106
S1121,57,53,110,100
HR2441,57,53,110,94
S736,56,54,110,102
S3049,60,50,110,54
S1388,55,55,110,90
H.R7078,55,55,110,72
S2677,58,52,110,93
H.R2153,55,55,110,110
S1488,55,55,110,102
S1233,58,52,110,93
H.R6394,55,55,110,104
H.R5877,55,55,110,64
H.R6854,55,55,110,104
H.R1025,55,55,110,86
H.R4369,55,55,110,94
S2717,56,54,110,92
S869,55,55,110,102
H.R5414,55,55,110,80
H.R130,55,55,110,104
S1890,55,55,110,102
S770,57,53,110,100
S1596,55,55,110,110
S1993,55,55,110,102
H.R814,56,54,110,61
S2787,55,55,110,110
H.R1360,56,54,110,110
H.R4254,55,55,110,30
S4363,55,55,110,62
H.R9089,55,55,110,8
H.R716,55,55,110,110
S117,55,55,110,68
H.R2416,55,55,110,76
S.J.RES92,55,55,110,106
S2903,60,50,110,100
S1614,55,54,109,103
H.R4810,56,53,109,74
S2801,54,55,109,69
S3746,54,55,109,75
H.R5699,55,54,109,109
H.R4943,55,54,109,93
H.R2992,55,54,109,97
S3572,57,52,109,91
S911,55,54,109,109
H.R1472,55,54,109,109
H.R1805,56,53,109,99
H.R1107,55,54,109,93
H.R7453,55,54,109,95
H.R4993,55,54,109,97
H.R5830,55,54,109,63
S1002,55,54,109,103
S4009,56,53,109,100
S2991,55,54,109,103
H.R607,55,54,109,95
S759,55,54,109,73
H.R4223,55,54,109,109
H.R2902,57,52,109,71
H.R4736,55,54,109,95
S3351,55,54,109,79
HR1884,75,33,108,64
H.R3114,54,54,108,92
S2627,54,54,108,94
H.R2930,55,53,108,108
H.R1270,54,54,108,100
H.R6151,54,54,108,98
H.R2726,54,54,108,94
S1039,55,53,108,108
H.R3085,54,54,108,102
S2114,55,53,108,98
H.R3248,54,54,108,82
HR2573,54,54,108,62
H.R3832,54,54,108,68
H.R3039,54,54,108,108
S2911,54,54,108,108
H.R3291,55,53,108,108
H.R3293,55,53,108,102
S532,54,54,108,78
S2501,54,54,108,74
H.R167,54,54,108,108
H.R1005,54,54,108,98
S139,58,50,108,101
H.R880,55,53,108,108
S2658,62,46,108,91
H.R5820,55,53,108,87
H.R1791,55,53,108,67
S180,54,54,108,96
S2015,58,50,108,101
S3064,60,48,108,27
H.R4559,55,53,108,84
H.R742,54,54,108,94
H.R5566,61,47,108,94
H.R544,54,54,108,96
S2576,54,54,108,98
H.R5078,58,50,108,85
H.R3880,54,54,108,108
S5282,54,54,108,72
H.R538,56,52,108,90
S1694,54,54,108,108
HR3290,54,54,108,94
H.R2797,54,54,108,96
S2880,55,53,108,87
HR1566,57,51,108,86
S2820,54,53,107,99
H.R1084,54,53,107,99
S2806,55,52,107,105
H.R2623,57,50,107,88
S303,55,52,107,74
H.R3318,55,52,107,81
H.R2784,57,50,107,107
S1026,54,53,107,97
S478,55,52,107,97
H.R427,54,53,107,53
H.R2025,55,52,107,107
H.R530,53,54,107,107
H.J.RES24,54,53,107,89
H.R589,54,53,107,83
S.J.RES11,54,53,107,97
S1446,54,53,107,107
S1390,57,50,107,88
H.R3307,56,51,107,67
S5148,55,52,107,72
H.R3657,59,48,107,100
H.R3321,54,52,106,98
H.R2813,54,52,106,106
H.R695,53,53,106,98
HR6,53,53,106,106
S2262,53,53,106,46
S1507,54,52,106,98
HR1868,53,53,106,82
H.R4311,53,53,106,92
H.R6279,54,52,106,90
H.R4637,54,52,106,71
S1248,54,52,106,83
S1999,53,53,106,98
HR2954,55,51,106,93
HR485,53,53,106,78
S3921,53,53,106,70
H.R4094,53,53,106,94
H.R1542,53,53,106,46
H.R784,53,53,106,86
S1559,54,52,106,104
H.R5429,52,54,106,94
S337,60,46,106,84
H.R3282,53,53,106,84
S3231,53,53,106,106
H.R6160,56,50,106,95
H.R3123,53,53,106,72
H.R302,53,53,106,106
H.R3119,53,53,106,96
H.R1525,53,53,106,78
H.R4260,53,53,106,106
S2149,56,50,106,94
H.R1827,54,52,106,94
H.R7962,53,53,106,98
H.R7855,53,53,106,84
H.R7740,53,53,106,68
H.R7367,53,53,106,98
S4330,53,53,106,88
S5021,53,53,106,92
S3714,53,53,106,90
H.R2134,53,53,106,106
HR1202,53,53,106,106
H.R1422,53,53,106,78
HR3238,53,53,106,78
S1627,53,53,106,86
H.R4892,53,53,106,64
S3498,52,54,106,86
S3349,54,52,106,104
H.R1448,53,52,105,105
S2458,53,52,105,103
HR1304,53,52,105,101
H.R492,53,52,105,105
S561,53,52,105,89
S2741,54,51,105,87
H.R521,53,52,105,77
H.R883,52,53,105,105
S670,53,52,105,101
S3844,53,52,105,101
S988,54,51,105,89
H.R856,53,52,105,105
H.J.RES35,54,51,105,101
H.R593,54,51,105,95
S3979,52,53,105,75
H.R2515,53,52,105,103
S1782,55,50,105,104
S2012,53,52,105,105
H.R3183,55,50,105,89
S90,55,50,105,85
H.R2560,54,51,105,87
H.R4933,53,52,105,101
S3224,53,52,105,55
S1893,52,52,104,78
S2089,53,51,104,91
H.R1842,55,49,104,95
H.R2454,52,52,104,88
S1841,50,54,104,102
HR2067,53,51,104,53
H.R1554,52,52,104,84
HR2903,52,52,104,102
S791,52,52,104,48
S3983,53,51,104,96
S997,54,50,104,85
S1736,52,52,104,86
S.J.RES47,54,50,104,90
HR5017,52,52,104,64
S4061,53,51,104,98
H.R4695,52,52,104,104
H.R5494,58,46,104,99
H.R7613,70,34,104,96
H.R750,52,52,104,90
H.R1117,53,51,104,86
S4430,52,52,104,76
S4787,52,52,104,102
H.R8398,53,51,104,88
S59,52,52,104,104
H.R3564,53,51,104,86
HR2666,52,52,104,82
S913,52,52,104,92
H.R5555,54,50,104,98
H.R5005,54,50,104,92
S2975,61,43,104,95
H.R5473,52,52,104,84
H.J.RES133,52,52,104,72
S2950,54,49,103,99
S2386,52,51,103,103
S3017,54,49,103,90
S1972,52,51,103,103
S2070,52,51,103,103
H.R2698,52,51,103,87
S214,52,51,103,101
H.R1344,52,51,103,103
S1271,52,51,103,103
S499,52,51,103,95
HR6000,52,51,103,97
S1944,52,51,103,91
H.R783,52,51,103,83
H.R3075,51,52,103,99
S688,52,51,103,103
H.R4407,53,50,103,94
H.R7084,52,51,103,103
H.R2289,56,47,103,89
S788,52,51,103,99
S216,52,51,103,103
S355,54,49,103,86
S955,52,51,103,79
S123,52,51,103,99
S1277,53,50,103,101
H.R1656,53,50,103,87
H.R2437,53,50,103,61
S1956,53,50,103,95
S24,52,51,103,89
H.R8163,58,45,103,85
H.R3319,58,45,103,69
H.R162,53,50,103,65
H.R1309,52,51,103,103
H.J.RES46,52,51,103,91
S1540,53,50,103,90
H.R4364,52,51,103,79
S1414,55,48,103,103
S.J.RES36,53,50,103,86
H.R4563,52,51,103,97
H.R7428,52,51,103,97
H.R9774,52,51,103,85
H.R5602,53,49,102,91
H.R5828,52,50,102,102
S122,51,51,102,90
H.R3879,51,51,102,78
S2671,52,50,102,102
S612,51,51,102,102
S1907,51,51,102,102
S3904,52,50,102,88
S2598,51,51,102,88
H.R3808,52,50,102,102
S3365,52,50,102,100
S1037,51,51,102,102
H.R5540,51,51,102,40
H.R3425,51,51,102,92
S1170,51,51,102,102
H.R3904,51,51,102,92
H.R1250,51,51,102,98
S592,51,51,102,102
H.R1193,51,51,102,98
S734,51,51,102,84
H.R1502,50,52,102,72
S4204,51,51,102,90
S188,51,51,102,102
H.R8296,51,51,102,84
S2254,52,50,102,90
H.R7327,51,51,102,70
HR815,51,51,102,80
H.R7147,69,33,102,71
H.R5715,53,49,102,102
S3364,50,52,102,100
H.R7002,51,51,102,102
H.R10073,51,51,102,76
H.R2840,52,49,101,95
H.R1916,50,51,101,89
H.R5041,51,50,101,85
S1727,51,50,101,79
H.R3946,50,51,101,85
H.R2143,51,50,101,97
H.R1523,51,50,101,101
H.R2572,53,48,101,101
H.R1733,51,50,101,77
S700,51,50,101,101
H.R3090,51,50,101,79
H.R7248,52,49,101,64
H.R2885,51,50,101,99
H.R4118,51,50,101,77
H.R7301,50,51,101,101
H.R4077,56,45,101,98
S3357,52,49,101,89
H.R1341,51,50,101,101
S2987,50,51,101,79
S2436,51,50,101,73
S2242,51,50,101,85
H.R5504,51,50,101,101
H.R3842,52,49,101,86
H.R140,51,50,101,99
S1433,51,50,101,99
H.R2933,51,50,101,101
H.R3316,51,50,101,87
H.R4771,52,49,101,91
H.R5145,58,43,101,75
S2954,53,48,101,77
HR2392,52,49,101,66
H.R1530,50,50,100,88
S653,50,50,100,100
H.R3355,50,50,100,86
S1106,51,49,100,80
S999,50,50,100,92
S2280,50,50,100,100
S962,51,49,100,92
S2313,51,49,100,76
H.R2841,50,50,100,100
H.R1352,50,50,100,92
H.R169,52,48,100,99
H.R4392,52,48,100,91
H.R3463,51,49,100,81
H.R7297,50,50,100,76
HR955,50,50,100,60
S1876,50,50,100,92
H.R3563,50,50,100,50
S3071,50,50,100,90
H.R3783,50,50,100,90
H.R4663,50,50,100,86
H.R5537,50,50,100,38
S3978,51,49,100,76
H.R7155,50,50,100,40
H.R1478,51,49,100,98
H.R2082,54,46,100,71
H.R1655,52,48,100,90
H.R5318,54,46,100,61
H.R724,50,50,100,78
S831,50,50,100,92
S2566,51,49,100,76
S4431,55,45,100,87
H.R994,48,52,100,58
HR2550,51,49,100,82
H.R8416,50,50,100,70
S4858,51,49,100,54
HJRES27,50,50,100,68
HR1707,51,49,100,100
H.R45,52,48,100,100
S628,50,50,100,82
H.R1638,50,50,100,96
H.R573,58,42,100,92
S2133,50,50,100,100
S1845,50,50,100,100
S1527,51,49,100,98
HR5687,50,50,100,88
H.R2346,50,49,99,91
S744,50,49,99,99
H.R2767,51,48,99,85
S1217,51,48,99,84
HR4550,51,48,99,99
S1889,50,49,99,81
H.R2975,52,47,99,89
H.R3082,49,50,99,73
H.R3533,55,44,99,60
H.R7616,50,49,99,49
S1036,49,50,99,81
H.R1456,50,49,99,71
S2759,52,47,99,92
H.R4072,51,48,99,99
H.R1507,54,45,99,69
S4193,50,49,99,99
H.R7979,50,49,99,81
S881,56,43,99,81
H.R5266,54,45,99,80
S3027,51,48,99,80
H.R9765,51,48,99,68
H.R9764,51,48,99,68
S3391,49,49,98,66
H.R5496,50,48,98,54
H.R1808,50,48,98,90
S2447,50,48,98,98
H.R1696,49,49,98,94
S2732,50,48,98,96
S3105,48,50,98,92
H.R6359,57,41,98,75
S904,49,49,98,82
H.R3354,49,49,98,50
H.R5441,49,49,98,88
S2069,49,49,98,94
S2892,52,46,98,93
S2258,49,49,98,90
H.R3099,49,49,98,90
H.R1131,51,47,98,77
H.R1200,50,48,98,98
S2160,49,49,98,86
S2771,50,48,98,95
S4030,49,49,98,94
S2776,51,47,98,86
H.R281,49,49,98,98
H.R4790,50,48,98,94
H.R1487,52,46,98,78
H.R2073,51,47,98,69
H.R8260,49,49,98,80
S1004,49,49,98,98
H.R1264,49,49,98,62
H.R730,49,49,98,92
S2042,51,47,98,98
S1552,55,43,98,92
S1925,50,48,98,98
S4667,49,49,98,88
H.R384,48,49,97,89
H.R6411,49,48,97,91
S3814,52,45,97,89
H.R6352,49,48,97,83
H.R3036,49,48,97,87
H.R5768,53,44,97,63
S2887,49,48,97,97
H.R7321,50,47,97,71
S1500,51,46,97,97
S1818,49,48,97,87
H.R1218,48,49,97,93
H.R5256,54,43,97,83
S3525,56,41,97,91
H.R3169,51,46,97,92
S2104,52,45,97,97
H.R2830,48,49,97,69
S.J.RES3,49,48,97,71
S62,49,48,97,41
S710,49,48,97,69
H.R3495,50,47,97,80
H.R3922,49,48,97,89
S1474,50,47,97,70
H.R4867,49,48,97,71
H.R5012,49,48,97,97
H.R6065,49,48,97,95
S3244,50,46,96,85
S2417,48,48,96,84
S1650,48,48,96,78
H.R4759,48,48,96,92
S3229,48,48,96,96
H.R405,48,48,96,86
H.R1081,48,48,96,96
H.R564,48,48,96,70
S2502,49,47,96,60
H.R890,49,47,96,96
H.R3899,48,48,96,93
S1370,50,46,96,93
H.R5804,47,49,96,88
H.R2571,51,45,96,90
H.R5033,48,48,96,30
H.R5871,48,48,96,96
S2623,48,48,96,96
H.R1198,52,44,96,89
H.R5793,48,48,96,96
H.R2611,48,48,96,88
S922,48,48,96,72
H.R4065,48,48,96,80
HR156,48,48,96,58
H.R3136,48,48,96,88
H.R5400,48,48,96,60
H.R939,48,48,96,30
S4352,48,48,96,80
H.R915,48,48,96,64
H.R1617,50,46,96,60
S322,48,48,96,88
H.R1313,48,48,96,88
S1137,48,48,96,90
S2323,49,47,96,85
HR6016,48,48,96,24
S5018,48,48,96,80
H.R548,50,46,96,47
S976,49,46,95,89
S2754,48,47,95,95
S250,47,48,95,83
S196,49,46,95,89
S624,48,47,95,85
H.R1229,48,47,95,95
H.R6538,50,45,95,49
S854,50,45,95,95
H.R2243,48,47,95,95
H.R1625,50,45,95,80
S1795,49,46,95,94
S1927,49,46,95,65
H.R1246,49,46,95,78
H.R6109,48,47,95,67
H.R6028,50,45,95,73
S1015,48,47,95,95
H.R5428,48,47,95,77
H.R2353,51,44,95,77
S1330,49,46,95,95
H.R996,50,45,95,82
S3289,48,47,95,51
S2324,48,47,95,55
S388,49,46,95,95
H.R1445,47,48,95,95
HR1526,48,47,95,89
H.R29,48,47,95,79
S679,48,47,95,95
H.R3479,48,47,95,81
H.R3019,48,47,95,95
HR3799,48,47,95,95
S2824,49,46,95,84
H.R6748,47,48,95,77
H.R8281,50,45,95,84
H.R3157,53,42,95,95
H.R4127,47,47,94,48
H.R3424,47,47,94,82
S2941,48,46,94,78
S3128,48,46,94,84
H.R3855,47,47,94,94
H.R1300,50,44,94,74
H.R3930,48,46,94,94
S200,47,47,94,94
H.R4042,47,47,94,70
S1730,47,47,94,62
S3108,49,45,94,92
S205,47,47,94,94
S607,47,47,94,88
S510,47,47,94,94
H.R4830,47,47,94,60
S3571,47,47,94,82
H.R6074,47,47,94,82
H.R266,47,47,94,68
H.R1283,47,47,94,62
H.R1551,47,47,94,86
H.R5721,47,47,94,86
H.R3340,47,47,94,84
S360,47,47,94,94
H.R2814,48,46,94,90
H.R3622,47,47,94,52
S14,47,47,94,92
H.R345,48,46,94,94
S1562,50,44,94,89
S3423,47,47,94,86
H.R3388,47,47,94,94
S1852,48,46,94,85
S1524,48,46,94,63
H.R7072,48,46,94,88
H.R816,47,47,94,90
S1743,47,47,94,80
H.R7691,48,46,94,72
HR4040,47,47,94,86
HR8580,47,47,94,88
S669,45,49,94,72
H.R1699,47,47,94,92
H.R1340,53,41,94,89
S1633,48,46,94,94
H.R3793,47,47,94,76
H.R3073,46,48,94,94
H.R4002,49,45,94,80
S2641,48,46,94,94
S5335,47,47,94,84
H.R6484,58,36,94,87
H.R6875,57,36,93,90
H.R6805,47,46,93,85
HR6283,47,46,93,91
S2928,48,45,93,93
HR2547,49,44,93,89
H.R7242,47,46,93,85
S354,49,44,93,62
S2446,47,46,93,73
S1888,47,46,93,75
H.R6662,47,46,93,45
H.R5370,47,46,93,59
S2013,47,46,93,75
H.R4439,47,46,93,93
S2874,47,46,93,87
H.R5227,48,45,93,84
S3092,47,46,93,75
H.R3416,48,45,93,57
S885,47,46,93,91
H.R7070,47,46,93,69
H.R5394,47,46,93,79
S1394,49,44,93,93
H.R1873,47,46,93,93
S1652,47,46,93,93
S1107,47,46,93,87
HR1492,49,44,93,71
S1547,50,43,93,91
S1049,46,47,93,77
H.R838,47,46,93,93
H.R1010,48,45,93,65
S237,48,45,93,90
HR7635,50,43,93,73
H.R975,48,45,93,58
S2091,46,46,92,84
S2604,46,46,92,70
S2072,46,46,92,92
S4008,46,46,92,84
H.R2909,47,45,92,80
S2102,48,44,92,72
S1475,46,46,92,88
H.R4164,46,46,92,68
S1806,47,45,92,75
H.R34,46,46,92,92
H.R6738,47,45,92,57
H.R6395,46,46,92,92
H.R3342,47,45,92,86
S660,46,46,92,90
H.R2662,49,43,92,92
H.R4659,48,44,92,87
S2025,47,45,92,66
S3080,46,46,92,88
S2043,46,46,92,76
S135,47,45,92,92
S1295,46,46,92,92
S571,46,46,92,84
HR4372,46,46,92,84
S1387,48,44,92,68
H.R7383,46,46,92,72
H.R597,49,43,92,60
H.R6149,48,44,92,82
H.R2545,47,45,92,92
H.R5450,50,42,92,50
S742,48,44,92,65
S598,46,46,92,80
HR2534,46,46,92,76
H.R7101,46,46,92,66
S1259,48,44,92,85
S2014,48,44,92,92
S1047,46,46,92,92
S4419,47,45,92,83
S579,47,45,92,92
S4959,46,46,92,90
S1211,46,46,92,90
H.R2671,49,43,92,91
H.R1121,49,43,92,86
H.R2390,47,45,92,90
S666,46,46,92,76
H.R215,46,46,92,92
HR1238,46,46,92,90
H.R1568,47,45,92,76
HR1013,47,45,92,92
HR1613,46,46,92,68
H.R1399,48,44,92,71
HR1818,47,45,92,45
S1595,47,45,92,69
H.R2701,46,46,92,92
H.R4212,46,46,92,52
S1677,47,45,92,84
HR5688,47,45,92,76
H.R5075,46,46,92,88
S3486,48,44,92,44
H.R7525,46,46,92,78
S4155,46,46,92,50
S.J.RES79,46,46,92,78
H.R138,53,39,92,50
H.R2815,46,45,91,83
HR2436,46,45,91,91
H.R2093,46,45,91,89
H.R4777,46,45,91,83
H.R903,46,45,91,73
H.R1156,46,45,91,91
H.R1865,46,45,91,35
H.R2931,45,46,91,81
S380,47,44,91,91
S536,50,41,91,63
H.R4055,46,45,91,91
H.R4268,46,45,91,79
S467,46,45,91,83
S3796,47,44,91,89
H.R108,47,44,91,82
H.R6256,50,41,91,73
H.R25,46,45,91,91
H.R6412,45,46,91,67
S1352,47,44,91,91
S371,46,45,91,69
H.R1801,47,44,91,74
S1525,51,40,91,87
S191,49,42,91,91
H.R4940,46,45,91,79
HR3435,45,46,91,77
S3848,47,44,91,81
H.R5784,52,39,91,72
S4219,46,45,91,59
S4457,46,45,91,91
S4046,50,41,91,36
S928,45,46,91,78
HR1788,45,46,91,81
HR791,46,45,91,91
H.R4304,50,41,91,84
H.R5340,46,45,91,76
S2647,46,45,91,91
H.R4767,46,45,91,81
S4748,49,41,90,34
H.R2144,45,45,90,74
S2134,45,45,90,82
H.R2154,45,45,90,66
S1485,45,45,90,78
S640,47,43,90,90
HR3849,45,45,90,90
H.R5213,45,45,90,60
S54,45,45,90,72
S153,45,45,90,82
H.R6785,46,44,90,88
S1312,46,44,90,50
H.R4099,45,45,90,58
S439,47,43,90,68
S507,45,45,90,88
S3934,49,41,90,75
S1569,45,45,90,88
H.R500,45,45,90,76
H.R5513,46,44,90,88
S3518,47,43,90,47
S2612,46,44,90,78
H.R7151,45,45,90,68
S3847,45,45,90,78
H.R5134,45,45,90,82
H.R2005,46,44,90,90
S4090,45,45,90,84
H.R7779,52,38,90,67
H.R5455,47,43,90,79
HR2448,45,45,90,54
H.R1540,45,45,90,88
H.R3690,45,45,90,90
S2988,49,41,90,71
S2929,46,44,90,90
S4115,45,45,90,66
HR7891,44,46,90,80
H.R2246,46,44,90,80
S5618,46,44,90,88
HR5475,46,44,90,44
S563,46,43,89,89
H.R4445,45,44,89,85
H.R3289,47,42,89,89
S1943,46,43,89,79
S2620,47,42,89,89
S830,45,44,89,89
S3292,45,44,89,89
S3355,49,40,89,78
S1069,45,44,89,77
S179,46,43,89,65
H.R4866,44,45,89,87
H.R2707,46,43,89,80
H.R2603,45,44,89,89
H.R5338,46,43,89,74
S2719,45,44,89,89
H.R3449,46,43,89,81
S137,46,43,89,87
S101,46,43,89,57
S1785,45,44,89,53
H.R4819,49,40,89,72
H.R7352,47,42,89,53
HR3456,45,44,89,29
H.R7434,44,45,89,49
H.R6757,45,44,89,65
H.R7783,45,44,89,89
H.R6413,44,45,89,67
H.R200,44,45,89,85
HR2880,45,44,89,75
H.R1762,44,45,89,37
H.R4849,51,38,89,77
HR7174,45,44,89,81
H.R2249,45,44,89,57
H.R6086,53,36,89,81
S888,45,43,88,74
S2405,44,44,88,68
H.R3670,44,44,88,80
S2493,44,44,88,66
H.R1436,44,44,88,70
H.R1887,44,44,88,80
S1265,44,44,88,66
S258,45,43,88,88
H.R5657,45,43,88,85
H.R1475,44,44,88,84
S2622,44,44,88,72
HR3514,47,41,88,54
S162,44,44,88,78
S605,44,44,88,80
S2018,44,44,88,88
H.R6026,44,44,88,54
HR4,45,43,88,80
H.R525,44,44,88,74
S2257,46,42,88,75
S1331,44,44,88,88
S2779,44,44,88,79
H.R705,44,44,88,80
S347,44,44,88,80
H.R3761,44,44,88,72
H.R6972,44,44,88,74
H.R5099,46,42,88,63
H.R4170,48,40,88,81
H.R1379,44,44,88,62
H.R1447,44,44,88,74
H.R1260,44,44,88,64
HR8238,44,44,88,82
S4192,45,43,88,64
S4535,48,40,88,67
H.R9002,44,44,88,52
S4769,44,44,88,76
H.R8981,44,44,88,44
S981,45,43,88,88
H.J.RES122,45,43,88,82
H.R1293,44,44,88,88
H.R543,44,44,88,64
H.R2574,44,44,88,72
H.R1709,44,44,88,54
H.R3331,44,44,88,88
HR4363,44,44,88,74
S907,45,43,88,79
H.R4473,47,41,88,80
S2663,46,42,88,84
H.R5399,45,43,88,80
S3444,44,44,88,88
HR2214,44,43,87,73
S.J.RES10,44,43,87,83
HR3825,44,43,87,87
S3099,44,43,87,83
H.R3549,42,45,87,83
H.R5706,45,42,87,85
S3556,44,43,87,77
S1028,43,44,87,87
S190,44,43,87,79
H.R1491,46,41,87,60
S2690,43,44,87,55
S1676,44,43,87,67
H.R5991,44,43,87,65
S4153,45,42,87,53
S1834,44,43,87,73
S229,44,43,87,83
S3257,47,40,87,75
S45,44,43,87,71
S422,45,42,87,83
S1286,46,41,87,86
H.R3478,43,44,87,55
H.R2871,43,44,87,87
H.R3006,45,42,87,77
H.R3624,46,41,87,43
H.R5582,50,37,87,81
HR5539,44,43,87,71
H.R6503,44,43,87,83
S308,43,43,86,78
S3741,44,42,86,73
HR3826,43,43,86,86
H.R5073,43,43,86,86
H.R945,46,40,86,61
H.R602,43,43,86,86
S1135,43,43,86,86
S2633,44,42,86,62
H.R1838,43,43,86,86
S2853,43,43,86,80
S4298,43,43,86,86
HR6119,43,43,86,62
S1496,43,43,86,56
H.R1746,43,43,86,86
S1986,43,43,86,78
H.R2062,43,43,86,76
H.R2604,43,43,86,70
H.R604,43,43,86,84
S497,43,43,86,70
S2192,42,44,86,81
S1590,43,43,86,86
H.R3161,44,42,86,68
S2430,44,42,86,84
H.R2744,43,43,86,62
S2828,47,39,86,76
S1996,44,42,86,76
S2379,45,41,86,70
S3422,44,42,86,82
H.R7132,44,42,86,86
S569,43,43,86,86
H.R6504,47,39,86,78
S3788,49,37,86,61
H.R1806,43,43,86,78
H.R8682,43,43,86,80
HR1633,43,43,86,86
HR1691,47,39,86,77
H.R354,44,42,86,82
H.R625,43,43,86,82
H.R1158,43,43,86,64
HR2785,43,43,86,66
S1867,43,43,86,86
H.R4283,43,43,86,54
S1454,43,43,86,66
H.R3858,44,42,86,82
H.R32,43,43,86,84
H.R5143,44,42,86,45
HR6585,43,43,86,78
HR7463,43,43,86,64
H.R2449,44,42,86,72
H.R2208,45,40,85,70
HR5407,45,40,85,33
S3534,43,42,85,85
H.R3824,43,42,85,79
S1267,42,43,85,85
H.R2457,44,41,85,62
H.R2371,42,43,85,69
H.R6968,43,42,85,73
S3360,43,42,85,83
S1762,43,42,85,69
H.R1611,43,42,85,85
H.R3109,44,41,85,71
H.R4143,43,42,85,85
S506,45,40,85,83
S620,47,38,85,62
S3387,43,42,85,53
H.R5031,50,35,85,70
S2282,45,40,85,63
HR277,43,42,85,53
S1699,44,41,85,82
H.R2183,43,42,85,61
H.R1784,43,42,85,85
H.R6935,44,41,85,59
H.R2624,43,42,85,69
S1920,43,42,85,75
S4213,43,42,85,79
H.R3261,43,42,85,75
H.R41,42,43,85,75
H.R3812,42,43,85,85
H.R5577,45,40,85,55
H.R8028,43,42,85,77
S1275,42,42,84,78
S3628,45,39,84,40
H.R6006,42,42,84,50
HR1836,43,41,84,84
S156,43,41,84,84
H.R763,42,42,84,70
H.R1016,42,42,84,84
H.R2639,46,38,84,75
S2852,42,42,84,84
S318,43,41,84,77
H.R1235,45,39,84,64
H.R3184,42,42,84,68
H.R4497,43,41,84,84
H.R7665,42,42,84,68
S2352,42,42,84,56
S167,42,42,84,84
S2347,42,42,84,48
H.R4635,42,42,84,74
S4065,42,42,84,62
S3846,43,41,84,62
HR3617,42,42,84,72
S2334,42,42,84,60
S3389,44,40,84,64
H.R396,42,42,84,74
H.R6567,42,42,84,70
H.R1587,42,42,84,68
HR2410,43,41,84,74
S2703,46,38,84,37
H.R153,43,41,84,72
HR5030,42,42,84,68
S2543,42,42,84,76
S81,42,42,84,44
H.R967,42,42,84,62
H.R2801,42,42,84,64
H.R3442,42,42,84,70
H.R3621,42,42,84,42
H.R7502,48,36,84,70
S463,44,40,84,73
H.R5413,42,42,84,70
H.R6366,42,42,84,64
H.R1411,42,42,84,76
H.R6780,42,42,84,76
H.R8135,42,42,84,40
H.R7939,42,42,84,80
H.R1308,42,42,84,84
H.R8147,42,42,84,80
S3373,42,42,84,64
H.R1627,47,37,84,77
HR1815,56,28,84,52
S946,42,42,84,82
H.R3061,43,41,84,68
S808,42,42,84,70
H.R3668,46,38,84,70
H.R5060,42,42,84,72
H.R5337,44,40,84,69
H.R5252,44,40,84,47
S2340,42,41,83,83
H.R5237,42,41,83,75
H.R4315,41,42,83,83
S132,42,41,83,83
S2093,41,42,83,75
HR23,42,41,83,83
H.R2753,42,41,83,69
H.R1019,40,43,83,72
H.R5974,42,41,83,77
S3677,43,40,83,81
H.R2185,41,42,83,83
H.R3350,45,38,83,76
H.R6843,42,41,83,81
H.R5486,42,41,83,83
HR5735,42,41,83,83
S1955,42,41,83,81
H.R512,44,39,83,79
H.R2350,42,41,83,75
HR895,46,37,83,76
S1960,42,41,83,75
S1819,42,41,83,73
S1009,42,41,83,67
H.R7487,44,39,83,47
S1068,42,41,83,83
H.R6965,42,41,83,77
S3060,43,40,83,50
H.R7845,42,41,83,69
H.R8134,46,37,83,62
S609,42,41,83,83
H.R8575,42,41,83,83
H.R198,42,41,83,83
H.R3539,42,41,83,83
HR3475,41,42,83,73
HR3305,41,42,83,83
H.R3343,43,40,83,83
S1725,42,41,83,77
H.R3805,43,40,83,69
HR4370,42,41,83,83
H.R3921,43,40,83,73
S2464,44,39,83,83
H.R5492,41,42,83,43
S2777,41,42,83,59
S3386,45,38,83,63
H.R7563,43,40,83,82
S2946,43,40,83,35
H.R8656,41,42,83,71
HR3944,42,41,83,63
HR1361,41,41,82,62
S668,43,39,82,58
S1444,41,41,82,46
S1896,41,41,82,70
S630,41,41,82,72
S2872,41,41,82,62
H.R2419,41,41,82,82
S1307,42,40,82,75
H.R3379,42,40,82,46
HR741,41,41,82,40
H.R3298,42,40,82,82
S1851,43,39,82,82
S3956,42,40,82,80
S3823,41,41,82,52
H.R4986,41,41,82,82
HR869,41,41,82,68
H.R3893,41,41,82,72
S1499,41,41,82,58
H.R204,42,40,82,74
H.R647,42,40,82,82
S95,41,41,82,28
S1651,47,35,82,82
H.R1123,42,40,82,82
S725,43,39,82,81
H.R2071,44,38,82,64
H.R5360,44,38,82,78
H.R2086,42,40,82,55
H.R1050,41,41,82,66
S979,41,41,82,66
H.R6708,41,41,82,76
H.R4408,41,41,82,58
HR2853,49,33,82,55
H.R1391,43,39,82,73
H.R1856,41,41,82,82
H.R4875,41,41,82,80
H.R3398,42,40,82,81
S599,41,41,82,80
S1523,45,37,82,53
S1318,41,41,82,80
H.R1178,42,40,82,62
H.R7860,41,41,82,36
S3141,41,41,82,76
S433,41,41,82,66
H.R7990,41,41,82,42
S3810,41,41,82,66
S194,41,41,82,40
H.R1756,41,41,82,82
H.R1685,41,41,82,82
S1205,43,39,82,51
S1655,41,41,82,76
HR4421,41,41,82,76
HR2748,41,41,82,68
H.R788,40,42,82,65
H.R3980,41,41,82,70
S2679,41,41,82,70
HR890,41,41,82,14
H.R4211,47,35,82,61
H.R6722,46,36,82,53
H.R1652,43,39,82,73
H.R6832,46,36,82,74
H.J.RES89,42,40,82,78
S345,42,39,81,77
S1737,41,40,81,73
S3667,41,40,81,79
H.R1023,40,41,81,79
H.R761,41,40,81,39
HR959,41,40,81,65
H.R7000,41,40,81,73
HR3076,43,38,81,74
H.R3744,42,39,81,55
S1644,41,40,81,79
H.R2398,41,40,81,81
HR1321,41,40,81,77
H.R5430,40,41,81,77
H.R3317,41,40,81,73
S1297,41,40,81,73
H.R4028,41,40,81,77
H.R6333,50,31,81,79
H.R4856,41,40,81,75
H.R7267,41,40,81,67
S741,41,40,81,81
S1440,41,40,81,81
H.R6094,41,40,81,73
S4208,41,40,81,63
H.R7532,41,40,81,79
S2922,45,36,81,48
H.R152,41,40,81,81
H.R1527,41,40,81,81
H.R3195,40,41,81,79
S1709,42,39,81,49
H.R5044,42,39,81,69
S2523,41,40,81,69
S2635,41,40,81,53
S3145,42,39,81,24
H.R8639,40,41,81,81
H.R2122,42,39,81,53
HR6644,44,37,81,75
H.R2119,40,40,80,74
S2092,40,40,80,38
S957,40,40,80,70
S1881,42,38,80,53
S3079,40,40,80,64
H.R7239,40,40,80,80
HR151,40,40,80,48
S3472,40,40,80,56
H.R537,40,40,80,68
S2838,40,40,80,80
S3427,42,38,80,70
H.R1711,40,40,80,64
H.R1330,40,40,80,70
S273,40,40,80,54
H.R6641,40,40,80,78
S3590,43,37,80,55
HR1364,40,40,80,24
HR6279,40,40,80,28
H.R1157,41,39,80,60
H.R1349,40,40,80,54
S685,40,40,80,66
HR2238,41,39,80,67
H.R5872,40,40,80,26
S3856,40,40,80,60
H.R3299,40,40,80,80
H.R3883,40,40,80,64
H.R8454,40,40,80,70
H.R3207,40,40,80,60
H.R5106,40,40,80,76
H.R3841,42,38,80,76
S3829,41,39,80,74
H.R2510,41,39,80,50
H.R6718,44,36,80,78
S349,40,40,80,80
H.R3953,40,40,80,80
H.R6171,41,39,80,76
S178,46,34,80,63
H.R4511,40,40,80,72
S2993,40,40,80,68
S425,41,39,80,78
H.R7040,41,39,80,73
S3409,40,40,80,50
H.R3778,41,39,80,79
H.R2610,41,39,80,72
S2821,40,40,80,52
S4015,40,40,80,48
H.R1767,40,40,80,64
S3905,40,40,80,72
H.R3366,40,40,80,78
S4102,40,40,80,74
H.R7910,40,40,80,74
S4232,40,40,80,78
HR2872,40,40,80,60
S4913,40,40,80,60
H.R8655,40,40,80,77
S1253,40,40,80,80
H.R926,44,36,80,71
HR1527,40,40,80,48
H.R659,41,39,80,80
H.R3729,40,40,80,78
H.R3782,40,40,80,80
H.R3631,40,40,80,46
H.J.RES61,41,39,80,74
S1653,40,40,80,50
H.R5109,42,38,80,78
H.R6681,40,40,80,80
H.R6349,40,40,80,44
HR6687,43,37,80,78
HR6951,40,40,80,80
H.R7650,40,40,80,69
S3821,39,41,80,64
HR2028,42,38,80,62
S2720,40,39,79,53
S1425,40,39,79,75
H.R2187,39,40,79,77
HR2591,42,37,79,59
H.R7376,40,39,79,79
HR1530,40,39,79,61
S2315,40,39,79,63
S2408,40,39,79,73
S939,40,39,79,75
S2589,41,38,79,62
H.R1578,40,39,79,79
H.R5367,40,39,79,51
H.R5444,39,40,79,73
H.R363,40,39,79,79
HR5640,41,38,79,31
H.R2356,40,39,79,75
H.R6207,41,38,79,66
H.R845,40,39,79,79
S562,40,39,79,77
S4074,39,40,79,63
H.R3703,40,39,79,59
H.R7403,40,39,79,65
H.R1619,41,38,79,56
H.R7559,40,39,79,71
S4083,41,38,79,66
S1691,44,35,79,77
H.R142,41,38,79,67
H.R311,41,38,79,71
S473,40,39,79,53
HR38,42,37,79,62
S83,40,39,79,79
H.R797,42,37,79,48
H.R1305,40,39,79,53
S1408,40,39,79,79
S1410,40,39,79,63
H.R3754,41,38,79,61
S3725,39,40,79,68
S4054,40,39,79,79
H.R278,43,36,79,59
H.R2032,40,39,79,51
H.R2949,39,39,78,78
H.R6102,39,39,78,78
HR3429,39,39,78,70
S301,39,39,78,46
H.R5770,39,39,78,70
S2981,40,38,78,51
H.R3172,39,39,78,54
H.R5747,41,37,78,70
H.R6329,39,39,78,70
H.R3093,39,39,78,78
H.R8557,39,39,78,74
HR5734,39,39,78,78
S1756,40,38,78,64
S1585,39,39,78,78
S2086,37,41,78,66
H.R3829,39,39,78,78
H.R1636,39,39,78,64
HR1339,38,40,78,45
S3169,39,39,78,48
H.R385,39,39,78,78
S2032,39,39,78,68
S1835,40,38,78,70
H.R5291,41,37,78,46
S1055,39,39,78,68
H.R1236,39,39,78,70
H.R790,39,39,78,78
S2591,40,38,78,78
H.R5138,39,39,78,56
S1416,39,39,78,78
S827,39,39,78,78
S335,40,38,78,76
H.R4645,39,39,78,78
H.R2489,40,38,78,75
S.J.RES9,39,39,78,70
S4109,41,37,78,48
S4355,39,39,78,56
HR2992,39,39,78,78
S1098,39,39,78,78
S4908,39,39,78,66
H.R8781,39,39,78,58
H.R248,40,38,78,58
H.R3434,40,38,78,78
S302,39,39,78,60
H.R9183,39,39,78,66
H.R9474,40,38,78,78
S252,39,39,78,78
S758,39,39,78,62
H.R450,39,39,78,64
S947,39,39,78,74
H.R3686,39,39,78,74
H.R3046,39,39,78,72
H.R4974,38,40,78,78
S2862,39,39,78,78
H.R6709,39,39,78,78
S3450,39,39,78,54
H.R8704,39,39,78,72
S890,42,36,78,78
H.R718,41,37,78,70
S678,39,38,77,73
HR5502,39,38,77,77
S3111,39,38,77,77
S300,39,38,77,77
H.R1361,39,38,77,65
S2533,39,38,77,77
S2007,39,38,77,77
H.R6823,39,38,77,71
S1358,39,38,77,71
H.R985,39,38,77,77
S3530,40,37,77,41
H.R678,39,38,77,77
H.R8337,39,38,77,63
S1455,39,38,77,77
S1789,41,36,77,75
S164,39,38,77,77
H.R5056,39,38,77,77
H.R2347,38,39,77,47
S1120,40,37,77,76
S2455,43,34,77,66
H.R3502,39,38,77,69
S436,38,39,77,77
H.R5533,38,39,77,61
S204,40,37,77,65
H.R300,43,34,77,70
H.R1659,40,37,77,77
H.R3885,41,36,77,77
S.J.RES45,39,38,77,67
H.R6686,39,38,77,67
H.R6784,38,39,77,63
S.J.RES83,39,38,77,71
H.R4972,38,38,76,52
S444,38,38,76,64
S2283,38,38,76,76
H.R6072,38,38,76,68
H.R6973,38,38,76,76
S3487,39,37,76,76
S956,40,36,76,66
S2457,38,38,76,74
HR4006,38,38,76,76
S1154,38,38,76,74
S934,42,34,76,69
H.R2170,38,38,76,44
H.R2012,38,38,76,76
S509,38,38,76,70
H.R4634,38,38,76,62
H.R2612,39,37,76,62
HR984,38,38,76,70
H.R2049,39,37,76,60
H.R144,38,38,76,54
HR5801,38,38,76,68
S1178,38,38,76,68
S3779,38,38,76,70
S1723,38,38,76,76
S2675,38,38,76,70
H.R3510,38,38,76,64
H.R3661,39,37,76,76
H.R2837,38,38,76,50
S2907,38,38,76,74
H.R3519,38,38,76,76
H.R6613,38,38,76,72
H.R2223,39,37,76,66
H.R3781,38,38,76,74
S3673,41,35,76,57
H.R3448,38,38,76,70
H.R4829,38,38,76,42
HR4818,38,38,76,62
H.R3132,40,36,76,76
H.R7681,40,36,76,50
H.R8685,38,38,76,74
H.R8487,38,38,76,64
H.R1294,38,38,76,76
H.R1618,38,38,76,68
H.R1274,39,37,76,67
H.R168,39,37,76,76
H.R374,38,38,76,60
H.R3795,38,38,76,46
S1774,38,38,76,60
H.R4273,39,37,76,76
H.R4527,38,38,76,72
H.R4056,39,37,76,54
H.R2656,38,38,76,76
H.R3391,38,38,76,76
S1634,38,38,76,72
H.R5660,38,38,76,48
H.R5863,38,38,76,76
S2482,38,38,76,56
HR14,39,37,76,76
H.R8034,38,38,76,48
H.R4240,38,38,76,28
S219,38,37,75,65
S1779,38,37,75,75
H.R5651,42,33,75,19
S1531,40,35,75,74
H.R5447,38,37,75,75
H.R6248,41,34,75,63
S1791,38,37,75,55
S2818,38,37,75,53
S880,38,37,75,59
H.R2591,39,36,75,67
H.R5561,37,38,75,71
H.R1664,38,37,75,49
H.R1518,39,36,75,56
S3012,41,34,75,68
S2976,44,31,75,65
H.R990,38,37,75,57
H.R3301,38,37,75,75
HR2377,35,40,75,75
H.R7432,37,38,75,61
S4508,38,37,75,59
S382,40,35,75,64
H.R3845,37,38,75,59
H.R3092,38,37,75,75
H.R3916,38,37,75,75
H.R4049,38,37,75,59
H.R4775,38,37,75,61
H.R6199,40,35,75,60
H.R6008,37,38,75,61
H.R6408,37,38,75,65
S3959,39,36,75,61
H.R7138,37,38,75,75
HR7384,37,38,75,75
S3592,38,37,75,67
H.R2314,40,35,75,69
HR263,36,38,74,45
H.R3864,37,37,74,74
HR501,37,37,74,56
S3870,37,37,74,72
HR2225,37,37,74,64
H.R1861,37,37,74,74
H.R4609,38,36,74,68
H.R4678,37,37,74,52
H.R4440,37,37,74,74
S2808,41,33,74,70
H.R5887,39,35,74,68
H.R2916,37,37,74,66
H.R2682,37,37,74,58
S1855,37,37,74,74
HR2741,37,37,74,66
H.R1398,37,37,74,66
H.R2958,38,36,74,56
H.R1641,41,33,74,50
S209,37,37,74,74
S1180,39,35,74,74
S1396,40,34,74,53
H.R5461,38,36,74,60
H.R262,39,35,74,70
H.R2570,37,37,74,72
S3636,39,35,74,48
H.R7412,37,37,74,64
S2570,40,34,74,50
H.R7047,37,37,74,68
S2247,38,36,74,66
S3436,37,37,74,64
H.R2426,38,36,74,74
S2736,37,37,74,66
H.R3784,37,37,74,74
H.R6145,38,36,74,58
H.R1026,37,37,74,46
HR979,39,35,74,74
S2596,37,37,74,62
H.R3180,37,37,74,42
H.R1171,37,37,74,48
S3380,37,37,74,34
S4169,37,37,74,74
HR6943,45,29,74,45
S4173,36,38,74,74
S3216,37,37,74,62
HR6929,37,37,74,50
S1140,37,37,74,40
H.R53,37,37,74,74
H.R1071,37,37,74,46
H.R1488,37,37,74,72
HR524,37,37,74,50
HR2407,37,37,74,62
H.R2593,37,37,74,62
S1865,37,37,74,74
H.R3459,38,36,74,54
H.R3475,38,36,74,49
H.R3418,37,37,74,74
S2035,37,37,74,68
H.R1253,40,34,74,60
H.R5843,37,37,74,74
H.R5628,37,37,74,74
H.R5718,37,37,74,58
HR6492,37,37,74,74
S3261,37,37,74,74
S3068,41,33,74,57
S3180,40,34,74,67
S2586,38,36,74,68
HR9494,37,37,74,60
H.R9096,37,37,74,46
HR4776,42,32,74,68
S3428,38,35,73,65
H.R3055,37,36,73,73
S905,37,36,73,55
H.R4735,38,35,73,73
S3291,37,36,73,73
S541,37,36,73,63
H.R6637,37,36,73,71
S4860,38,35,73,44
H.R1678,36,37,73,73
H.R2123,38,35,73,67
S3611,39,34,73,71
H.R2355,38,35,73,61
H.R253,37,36,73,71
H.R1396,37,36,73,73
S2299,37,36,73,73
S2203,37,36,73,51
S3219,37,36,73,61
S3139,37,36,73,59
S4349,38,35,73,57
S2053,38,35,73,67
HR2888,37,36,73,73
S583,36,37,73,73
S2839,38,35,73,55
H.R2011,38,35,73,65
H.R4588,37,36,73,73
S16,37,36,73,55
H.R2391,38,35,73,73
S1284,37,36,73,73
H.R350,37,36,73,65
H.R3323,37,36,73,55
S966,37,36,73,39
S631,37,36,73,65
H.R4176,37,36,73,65
S1246,37,36,73,73
S702,37,36,73,73
S4255,37,36,73,49
H.R7894,37,36,73,63
S4111,38,35,73,67
S4069,37,36,73,73
S4343,36,37,73,71
H.R9083,39,34,73,53
H.R493,37,36,73,58
H.R952,38,35,73,64
S3038,37,36,73,49
S3085,37,36,73,71
H.R3410,37,36,73,43
S3543,37,35,72,57
S1965,37,35,72,68
S41,37,35,72,65
S1159,36,36,72,64
S2065,36,36,72,68
S3946,37,35,72,60
H.R4472,36,36,72,70
H.R5275,36,36,72,72
H.R3105,36,36,72,70
H.R3472,37,35,72,55
S774,36,36,72,68
S817,36,36,72,60
S3065,39,33,72,68
H.R6670,36,36,72,72
S833,36,36,72,72
S3879,36,36,72,72
H.R3091,36,36,72,70
H.R999,36,36,72,66
S343,36,36,72,62
H.R6762,36,36,72,48
S3356,36,36,72,62
S262,36,36,72,56
S1465,38,34,72,72
S3586,36,36,72,66
H.R4155,37,35,72,70
S2325,36,36,72,52
S3497,37,35,72,72
S2119,36,36,72,72
H.R4289,36,36,72,64
S1099,37,35,72,45
S972,36,36,72,58
S1257,36,36,72,64
HR636,36,36,72,40
H.R1289,36,36,72,72
H.R652,38,34,72,54
H.R3346,36,36,72,72
S4004,36,36,72,54
S2335,39,33,72,59
H.R781,36,36,72,72
H.R1266,37,35,72,66
H.R3833,33,39,72,35
S3860,36,36,72,58
H.R7454,38,34,72,68
H.R1752,36,36,72,70
H.R8061,36,36,72,70
S4394,36,36,72,62
H.R3988,36,36,72,72
S4744,36,36,72,46
S4704,36,36,72,72
H.R2401,36,36,72,72
H.R1694,36,36,72,56
H.R459,36,36,72,72
H.R886,36,36,72,72
S650,38,34,72,60
H.R3400,36,36,72,72
S2026,42,30,72,71
H.R3964,37,35,72,72
H.R3619,36,36,72,30
H.R3210,36,36,72,70
HR4317,40,32,72,59
S2106,37,35,72,65
H.R995,38,34,72,68
H.R5242,38,34,72,72
S2548,36,36,72,64
S2364,36,36,72,72
HR5433,36,36,72,46
H.R4541,39,33,72,36
H.R5601,37,35,72,54
H.R5386,36,36,72,66
H.R6729,39,33,72,66
H.R7056,40,32,72,56
H.R7279,37,35,72,64
H.R7418,37,35,72,40
HR8771,36,36,72,60
H.J.RES144,38,34,72,66
S3772,39,32,71,71
H.R1749,36,35,71,63
H.R2777,36,35,71,53
H.R3765,36,35,71,63
H.R7291,36,35,71,51
H.R1549,36,35,71,71
H.R3279,36,35,71,71
H.R3165,36,35,71,33
H.R1880,36,35,71,71
S3642,36,35,71,71
S3939,36,35,71,57
H.R1565,36,35,71,59
H.R4957,37,34,71,71
H.R2013,36,35,71,71
H.R1466,36,35,71,71
S356,36,35,71,63
H.R6225,36,35,71,51
S78,36,35,71,37
S1537,36,35,71,67
H.R1899,37,34,71,62
S795,36,35,71,63
S3074,36,35,71,59
S362,35,36,71,71
HR1631,37,34,71,59
H.R4556,35,36,71,71
H.R3969,35,36,71,32
H.R1736,36,35,71,43
S471,36,35,71,63
H.R435,36,35,71,53
H.R175,36,35,71,61
H.R1407,37,34,71,62
S.J.RES20,36,35,71,67
HR338,36,35,71,71
H.R2365,36,35,71,61
S1765,35,36,71,71
HR3937,36,35,71,71
H.R2557,36,35,71,59
H.R3145,37,34,71,71
H.R6653,36,35,71,51
S2011,38,33,71,60
H.R6944,37,34,71,68
S.J.RES65,36,35,71,57
S4226,34,37,71,53
H.J.RES147,36,35,71,71
HR801,36,35,71,51
H.R755,37,34,71,61
H.R5221,45,26,71,63
S2172,35,35,70,62
H.R2171,35,35,70,62
H.R3335,35,35,70,64
S3112,35,35,70,60
S3917,40,30,70,63
H.R5150,36,34,70,45
H.R3764,35,35,70,44
S1978,35,35,70,70
H.R328,35,35,70,58
HR2166,35,35,70,70
S1567,35,35,70,44
HR3962,35,35,70,50
S2810,35,35,70,70
S432,35,35,70,64
S3693,38,32,70,66
S1850,35,35,70,70
H.R5545,35,35,70,62
S3664,36,34,70,68
S1300,35,35,70,70
S3335,35,35,70,70
H.R6743,35,35,70,54
H.R4309,35,35,70,54
S1450,35,35,70,62
H.R2380,35,35,70,70
S3688,35,35,70,52
S2915,35,35,70,62
S484,35,35,70,60
S3867,36,34,70,36
S2564,35,35,70,54
S1237,36,34,70,66
S1441,35,35,70,58
H.R2167,35,35,70,64
H.R2096,35,35,70,62
S2559,35,35,70,64
S4038,35,35,70,42
S1742,35,35,70,70
H.R5761,36,34,70,57
S2823,36,34,70,58
H.R6204,36,34,70,62
H.R4495,35,35,70,70
H.R6054,35,35,70,62
H.R1500,35,35,70,70
H.R1316,35,35,70,70
H.R5711,36,34,70,60
HR1672,37,33,70,55
S1587,36,34,70,52
S4325,35,35,70,64
S3073,35,35,70,60
S4221,37,33,70,54
H.R8133,35,35,70,40
H.R8297,35,35,70,68
H.R7430,35,35,70,54
S4983,35,35,70,36
H.R2213,38,32,70,53
H.R6673,35,35,70,60
S5145,35,35,70,46
HR645,36,34,70,61
H.R1496,36,34,70,67
H.R758,35,35,70,56
S421,40,30,70,41
H.R371,36,34,70,47
S1799,35,35,70,60
H.R3743,35,35,70,70
S2245,36,34,70,65
S2844,35,35,70,58
H.R6067,36,34,70,70
HR6683,35,35,70,68
H.R8412,35,35,70,58
H.R9001,35,35,70,50
H.R2702,38,32,70,59
S2520,35,34,69,67
S364,36,33,69,69
HR7567,46,23,69,61
H.R3907,36,33,69,57
S3971,46,23,69,57
H.R3225,34,35,69,69
S2654,36,33,69,53
HR1177,39,30,69,61
S1299,35,34,69,67
H.R4595,34,35,69,53
H.R4801,36,33,69,65
H.R6390,35,34,69,21
S1649,35,34,69,63
S819,35,34,69,69
S2857,34,35,69,49
S1680,35,34,69,61
H.R3527,36,33,69,69
H.R451,35,34,69,61
H.R1923,37,32,69,69
S974,35,34,69,69
H.R3446,36,33,69,59
S.J.RES22,35,34,69,63
S201,34,35,69,69
H.R2590,36,33,69,69
S1591,36,33,69,66
H.R7079,35,34,69,65
S2879,37,32,69,67
H.R3223,35,34,69,69
H.R5544,35,34,69,61
HR2406,36,33,69,59
H.R6728,35,34,69,59
H.R2934,36,33,69,39
S126,35,34,69,54
HR1909,39,30,69,49
S777,34,35,69,69
H.R7015,39,30,69,66
H.R4640,34,35,69,69
H.R7462,35,34,69,65
H.R5568,35,34,69,69
H.R1643,37,32,69,43
S4262,36,33,69,69
H.R3283,35,34,69,69
S4747,34,35,69,61
H.R617,36,33,69,65
HR405,35,34,69,69
S820,34,35,69,59
H.R5234,35,34,69,51
S160,35,34,69,61
H.R3174,36,33,69,57
H.R2023,36,33,69,59
HR3628,38,31,69,69
H.R4242,38,31,69,69
H.R5299,35,34,69,41
S3176,37,31,68,63
H.R1647,35,33,68,49
S1679,34,34,68,58
S2297,34,34,68,58
HR1567,34,34,68,36
S878,34,34,68,42
H.R6532,34,34,68,56
HR3843,34,34,68,68
H.R7061,34,34,68,68
H.R1984,34,34,68,68
H.R1902,36,32,68,61
H.R4442,35,33,68,61
H.R5963,35,33,68,68
H.R821,34,34,68,60
H.R5152,34,34,68,58
H.R6519,34,34,68,38
S1076,34,34,68,52
H.R3211,34,34,68,54
S1802,34,34,68,60
H.R340,34,34,68,64
H.R369,34,34,68,66
S408,34,34,68,68
H.R2518,35,33,68,68
H.R5586,34,34,68,68
H.R4046,35,33,68,68
H.R1351,34,34,68,64
S4626,34,34,68,44
H.R4631,34,34,68,68
H.R3766,34,34,68,68
S1621,34,34,68,54
H.R4999,35,33,68,58
H.R2060,35,33,68,68
H.R1326,34,34,68,56
S125,34,34,68,68
H.R3159,34,34,68,68
H.R3960,36,32,68,54
H.J.RES29,37,31,68,53
HR1946,34,34,68,60
S3308,35,33,68,68
H.R6219,34,34,68,64
H.R1476,35,33,68,68
H.R3371,34,34,68,28
H.R5527,34,34,68,66
S392,34,34,68,68
S2681,34,34,68,40
H.R1374,34,34,68,64
S1495,34,34,68,28
H.R2111,36,32,68,68
H.R40,33,35,68,55
H.R2460,35,33,68,60
H.R6262,34,34,68,58
S1046,34,34,68,68
H.R1144,35,33,68,54
H.R2766,37,31,68,68
H.R6071,34,34,68,28
S352,35,33,68,52
H.R211,35,33,68,68
H.R4276,34,34,68,54
S1131,35,33,68,56
S4384,34,34,68,68
S1466,34,34,68,68
S4145,37,31,68,49
H.R3723,34,34,68,68
S4389,35,33,68,56
S4763,34,34,68,62
HR8996,34,34,68,52
S206,36,32,68,68
HR592,35,33,68,68
H.R165,34,34,68,68
H.R1377,35,33,68,68
H.R284,36,32,68,53
HR3565,35,33,68,53
H.J.RES50,35,33,68,39
H.R3949,34,34,68,68
H.R3966,35,33,68,61
H.R5127,34,34,68,56
HR4507,34,34,68,42
H.R5372,34,34,68,62
S3234,34,34,68,58
H.R6772,35,33,68,39
S3432,35,33,68,68
S3337,34,34,68,68
H.R9070,34,34,68,64
S1050,35,33,68,48
H.R4154,39,29,68,68
HR4669,37,31,68,63
H.R5727,38,29,67,59
H.R4750,34,33,67,59
S2264,35,32,67,37
S3850,34,33,67,57
H.R912,34,33,67,67
S543,34,33,67,67
S1934,34,33,67,59
H.R5214,34,33,67,65
H.R4922,35,32,67,61
H.R5255,34,33,67,53
H.R1907,34,33,67,49
S2858,34,33,67,67
S547,34,33,67,67
H.R7051,32,35,67,67
H.R7429,34,33,67,39
S2569,34,33,67,67
S4016,34,33,67,67
S3947,46,21,67,62
S2473,34,33,67,67
S2292,34,33,67,51
S3542,34,33,67,63
S1828,35,32,67,67
H.R2499,33,34,67,67
S3696,35,32,67,67
H.R1677,34,33,67,59
HR2786,34,33,67,61
H.R2709,36,31,67,58
S2444,34,33,67,63
H.R6817,34,33,67,49
H.R831,35,32,67,58
H.R2688,35,32,67,63
S138,35,32,67,60
H.R77,34,33,67,61
S2718,33,34,67,47
S2790,34,33,67,65
S663,34,33,67,67
H.R4590,33,34,67,61
H.R1226,33,34,67,67
S3560,34,33,67,57
H.R2717,35,32,67,67
S2984,36,31,67,67
H.R2622,34,33,67,63
H.R241,33,34,67,65
S1020,36,31,67,66
HR4721,35,32,67,67
S4105,34,33,67,67
S4373,34,33,67,67
H.J.RES91,34,33,67,57
H.R7618,35,32,67,54
S842,34,33,67,59
S320,34,33,67,66
S133,34,33,67,67
H.R2577,33,34,67,59
S1363,35,32,67,50
HR4146,36,31,67,52
H.R4059,33,34,67,67
HR929,35,32,67,41
S3015,34,33,67,59
H.J.RES139,35,32,67,63
H.R1991,35,32,67,67
H.R5454,37,30,67,65
HR5830,34,32,66,66
HR288,33,33,66,26
S1853,33,33,66,54
S4421,33,33,66,54
H.R2827,33,33,66,66
H.R5992,33,33,66,66
S952,33,33,66,58
H.R3464,33,33,66,38
S530,34,32,66,66
S3699,34,32,66,66
H.R1043,33,33,66,66
H.R3490,33,33,66,66
H.R6462,33,33,66,66
HR3353,33,33,66,54
HR5689,33,33,66,66
H.R3271,34,32,66,66
S3705,33,33,66,66
H.R2453,33,33,66,58
H.R4832,34,32,66,54
S2145,36,30,66,56
H.R1877,34,32,66,66
H.R2298,35,31,66,56
S3740,33,33,66,66
H.R2160,34,32,66,51
S2097,33,33,66,42
H.R1324,33,33,66,66
S1919,35,31,66,64
S851,33,33,66,48
S3381,33,33,66,66
HR3437,34,32,66,54
S2889,33,33,66,62
H.R188,33,33,66,62
H.R3280,34,32,66,66
H.R478,34,32,66,44
H.R6296,33,33,66,54
H.R5416,33,33,66,66
S2819,34,32,66,50
H.R6609,37,29,66,53
H.R6967,33,33,66,56
H.R549,33,33,66,58
S2389,33,33,66,66
S1924,36,30,66,66
H.R1241,34,32,66,66
S1917,33,33,66,66
S2384,33,33,66,44
H.R3113,36,30,66,55
H.R5886,34,32,66,66
HR1503,33,33,66,66
H.R355,33,33,66,62
H.R3365,33,33,66,52
S3890,33,33,66,52
H.R8049,33,33,66,48
S4420,33,33,66,50
S3223,33,33,66,58
S177,35,31,66,42
H.R799,33,33,66,58
H.R7784,35,31,66,64
H.R8187,33,33,66,38
S4954,33,33,66,66
S5242,33,33,66,30
H.R826,33,33,66,56
H.R1173,33,33,66,66
HR1576,33,33,66,34
H.R480,33,33,66,34
HR1435,33,33,66,54
S594,33,33,66,66
H.R907,33,33,66,28
S1354,33,33,66,60
HR4293,33,33,66,66
H.J.RES66,33,33,66,60
H.R3428,33,33,66,66
H.R3212,33,33,66,66
H.R2824,33,33,66,44
H.R4363,33,33,66,66
H.J.RES74,34,32,66,62
S2402,33,33,66,64
S2708,33,33,66,66
HR4942,33,33,66,50
H.R6663,33,33,66,62
H.R1404,33,33,66,66
S3650,33,33,66,42
H.R7571,33,33,66,54
H.R7888,33,33,66,58
HR8574,33,33,66,60
H.R7994,33,33,66,44
H.R8915,33,33,66,64
H.R8816,34,32,66,59
H.J.RES140,39,27,66,50
HR3898,37,29,66,62
H.R2172,36,30,66,48
HR1897,35,31,66,55
S3132,33,32,65,43
H.R4375,33,32,65,57
S3541,33,32,65,59
S3238,33,32,65,63
S2518,33,32,65,65
S1597,33,32,65,65
S3631,33,32,65,61
S1910,33,32,65,65
H.R3919,33,32,65,65
S3330,33,32,65,57
H.R5767,33,32,65,65
H.R3080,33,32,65,61
HR6566,33,32,65,57
S2980,33,32,65,45
H.R7152,33,32,65,65
H.R6893,33,32,65,33
H.R7060,33,32,65,63
S3505,33,32,65,61
H.R5045,32,33,65,65
H.R2955,33,32,65,57
S431,32,33,65,65
H.R1884,33,32,65,65
H.R3959,33,32,65,65
S2908,33,32,65,61
H.R3339,35,30,65,53
H.R5273,35,30,65,55
H.R6107,33,32,65,65
H.R6409,36,29,65,63
H.R2299,36,29,65,65
S578,34,31,65,65
S1245,33,32,65,65
S3512,33,32,65,65
S2301,33,32,65,65
H.R4334,32,33,65,49
H.R4336,33,32,65,61
H.R7946,33,32,65,63
H.R5104,33,32,65,55
H.R610,33,32,65,59
H.R3423,33,32,65,61
H.R1027,34,31,65,60
H.R8046,33,32,65,65
S4365,32,33,65,59
S4217,33,32,65,59
S4037,33,32,65,57
H.R2480,32,33,65,35
H.R1394,36,29,65,55
H.R60,33,32,65,65
H.R1501,33,32,65,43
S.J.RES12,34,31,65,59
S1256,32,33,65,43
HR2868,33,32,65,65
H.R3726,34,31,65,59
H.R3738,32,33,65,49
H.R3360,36,29,65,48
S1992,33,32,65,65
H.R1532,34,31,65,65
H.R3255,33,32,65,53
HR3151,35,30,65,63
H.R4752,33,32,65,51
S2951,33,32,65,63
H.R4868,34,31,65,49
H.R5437,35,30,65,64
S3024,34,31,65,55
H.R5798,32,33,65,52
S3597,38,27,65,64
S1662,33,32,65,23
HR633,33,32,65,63
S186,35,30,65,21
H.R2102,34,31,65,65
H.R1000,34,31,65,61
S1941,35,30,65,40
HR1147,32,32,64,64
HR3294,32,32,64,64
H.R1516,32,32,64,60
S145,32,32,64,56
H.R2537,32,32,64,64
S1773,35,29,64,49
S3806,32,32,64,64
H.R2742,33,31,64,61
S3324,32,32,64,64
S3281,34,30,64,62
HR19,32,32,64,60
H.R3534,32,32,64,62
S2680,32,32,64,56
H.R818,32,32,64,64
H.R5477,32,32,64,60
S3166,32,32,64,62
H.R3135,32,32,64,64
H.R2295,32,32,64,58
H.R7370,33,31,64,64
S508,32,32,64,64
H.R6257,36,28,64,64
S2027,35,29,64,55
H.R7360,32,32,64,64
S1083,32,32,64,64
S2869,32,32,64,40
H.R554,32,32,64,32
H.R6791,32,32,64,60
S523,33,31,64,64
HR1693,35,29,64,24
HR7309,32,32,64,64
H.R4714,33,31,64,64
H.R4448,32,32,64,48
S2252,34,30,64,58
H.R2783,36,28,64,44
H.R3978,35,29,64,64
S713,33,31,64,48
H.R5380,32,32,64,64
S1473,34,30,64,49
H.R2920,34,30,64,38
HR3656,32,32,64,46
H.R4528,32,32,64,64
H.R6802,32,32,64,50
S2479,32,32,64,44
S4306,32,32,64,58
H.R6734,33,31,64,64
S3769,31,33,64,40
H.R4331,35,29,64,52
S1082,33,31,64,64
H.R7810,33,31,64,64
S4969,32,32,64,56
S4568,32,32,64,54
S4912,32,32,64,40
S859,33,31,64,64
S2278,33,31,64,57
H.R382,32,32,64,48
S767,32,32,64,56
H.R754,32,32,64,44
H.R1834,40,24,64,50
H.R515,32,32,64,64
H.R2402,32,32,64,52
S22,32,32,64,64
H.R339,34,30,64,46
H.R2723,34,30,64,39
S1832,32,32,64,56
H.R2818,32,32,64,64
H.R1774,32,32,64,64
H.R3742,32,32,64,42
H.R3018,32,32,64,58
S1994,34,30,64,50
H.R3525,32,32,64,62
H.R4192,32,32,64,64
S1254,32,32,64,64
H.R3821,32,32,64,64
HR4286,32,32,64,16
S1926,32,32,64,40
H.R3300,33,31,64,64
H.R4021,32,32,64,60
S2180,32,32,64,60
H.R5778,32,32,64,64
H.R5116,31,33,64,64
H.R4686,32,32,64,64
S2494,32,32,64,64
S3434,32,32,64,64
HR6371,32,32,64,58
H.R6142,33,31,64,52
S.J.RES70,32,32,64,58
H.J.RES152,32,32,64,60
H.R3363,36,28,64,50
H.R3042,33,30,63,48
H.R5313,32,31,63,63
S784,32,31,63,63
S3759,36,27,63,37
H.R1845,32,31,63,63
S1578,30,33,63,39
H.R3198,32,31,63,59
S1894,31,32,63,49
H.R3168,32,31,63,47
H.R2387,32,31,63,55
S151,31,32,63,63
H.R8087,33,30,63,38
S958,33,30,63,57
HR4310,32,31,63,40
S3213,34,29,63,59
H.R7048,33,30,63,61
S2999,36,27,63,62
H.R6336,37,26,63,63
S1374,32,31,63,55
S1338,32,31,63,61
H.R2405,32,31,63,55
S1139,32,31,63,63
H.R2918,32,31,63,63
S2120,35,28,63,48
S1027,33,30,63,55
S1476,32,31,63,63
S3340,34,29,63,41
H.R2653,34,29,63,63
S.J.RES14,32,31,63,55
H.R2513,32,31,63,63
H.R8373,32,31,63,61
HR4173,32,31,63,63
H.R1049,32,31,63,63
S40,39,24,63,21
S2385,31,32,63,63
S2287,35,28,63,56
H.R7506,32,31,63,33
H.R5125,32,31,63,43
H.R5110,31,32,63,63
H.R2533,33,30,63,56
HR618,32,31,63,57
H.R1207,33,30,63,63
S3464,32,31,63,41
H.R8127,33,30,63,57
H.R7409,32,31,63,45
H.R3037,34,29,63,63
S1239,33,30,63,63
HR8368,32,31,63,47
S.J.RES55,32,31,63,63
S1127,32,31,63,59
H.R216,32,31,63,51
H.R99,32,31,63,43
H.R795,33,30,63,49
H.R309,31,32,63,63
S.J.RES23,32,31,63,53
H.R3730,32,31,63,59
S1849,32,31,63,63
H.R3286,33,30,63,53
H.R3491,32,31,63,57
S772,33,30,63,46
H.R4958,32,31,63,51
H.R5895,33,30,63,37
S3170,32,31,63,63
H.R6127,32,31,63,39
S5008,32,31,63,45
H.R1720,34,29,63,54
H.R941,33,30,63,51
S336,34,29,63,63
H.R3320,31,31,62,60
H.R3277,32,30,62,53
S4071,32,30,62,61
H.R3662,31,31,62,52
H.R3345,31,31,62,62
H.R1829,31,31,62,46
H.R2532,31,31,62,50
HR1059,31,31,62,62
S843,31,31,62,42
H.R423,31,31,62,46
H.R5035,32,30,62,58
H.R5003,31,31,62,52
S2432,31,31,62,62
S2697,31,31,62,50
H.R3523,31,31,62,62
H.R7011,31,31,62,62
S1563,31,31,62,58
S2668,31,31,62,60
H.R2770,31,31,62,54
H.R3933,32,30,62,54
S1179,31,31,62,62
H.R6982,31,31,62,54
H.R1956,31,31,62,54
H.R646,31,31,62,62
H.R2937,31,31,62,54
S1731,31,31,62,46
H.R1977,31,31,62,52
S3199,34,28,62,51
S3991,31,31,62,48
H.R4992,32,30,62,60
S384,31,31,62,54
S1309,31,31,62,62
S2344,31,31,62,54
S2926,31,31,62,60
S2746,31,31,62,48
H.R4194,32,30,62,58
H.R1975,33,29,62,44
H.R2793,31,31,62,54
H.R1400,31,31,62,62
S1788,31,31,62,44
H.R2501,31,31,62,62
H.R6037,31,31,62,52
HR3063,31,31,62,62
S608,31,31,62,62
S2800,33,29,62,44
S3858,31,31,62,46
HR6007,32,30,62,43
H.R5080,31,31,62,62
S4278,31,31,62,50
H.R4589,31,31,62,62
S4767,31,31,62,54
S4930,31,31,62,60
H.R8466,31,31,62,62
S5019,31,31,62,32
H.R9351,31,31,62,54
H.R9515,32,30,62,35
S434,31,31,62,58
H.R1486,31,31,62,62
HR1007,31,31,62,60
H.R662,32,30,62,53
S325,35,27,62,51
H.R2706,31,31,62,56
HR1249,31,31,62,62
H.R3560,31,31,62,54
S2231,32,30,62,62
H.R3492,34,28,62,62
S3096,32,30,62,60
H.R6430,32,30,62,62
H.R6126,31,31,62,54
H.R6610,33,29,62,59
H.J.RES103,31,31,62,56
S3433,31,31,62,62
S3482,31,31,62,62
H.R5940,34,28,62,57
H.R7708,32,30,62,48
S4585,31,31,62,36
S.J.RES91,31,31,62,62
H.R9278,31,31,62,58
H.R9572,31,31,62,44
S5611,31,31,62,52
H.R2116,31,30,61,53
S565,31,30,61,61
HR2483,31,30,61,53
H.R1893,31,30,61,49
S2528,32,29,61,47
S1012,31,30,61,49
H.R2721,31,30,61,61
S3606,31,30,61,61
S3949,31,30,61,61
H.R2587,33,28,61,49
H.R4233,33,28,61,51
S1469,31,30,61,55
H.R2549,31,30,61,55
H.R1087,31,30,61,61
H.R1082,31,30,61,57
HR3664,31,30,61,61
S1420,32,29,61,58
S3471,31,30,61,51
H.R1622,31,30,61,53
S3366,31,30,61,61
S1270,31,30,61,61
S3757,31,30,61,61
H.R4093,33,28,61,61
S889,31,30,61,61
H.R1864,32,29,61,61
S2275,31,30,61,51
H.R3480,31,30,61,47
S1604,31,30,61,61
S3748,30,31,61,61
H.R219,31,30,61,53
H.R5010,32,29,61,58
H.R1644,30,31,61,37
H.R6105,31,30,61,31
H.R6581,30,31,61,57
H.R3790,30,31,61,55
H.R7296,39,22,61,50
H.R1610,31,30,61,59
H.R2165,31,30,61,53
H.R4256,32,29,61,56
H.R657,31,30,61,53
H.R7849,31,30,61,61
S4426,31,30,61,47
S3021,31,30,61,61
H.R8333,34,27,61,56
S4713,30,31,61,61
H.R517,33,28,61,32
S468,31,30,61,61
H.R568,31,30,61,53
H.R932,31,30,61,59
S103,31,30,61,61
H.R2983,31,30,61,51
H.R3381,31,30,61,61
H.R3613,32,29,61,53
S2811,31,30,61,45
H.R5646,31,30,61,59
H.R5983,30,31,61,59
S3554,31,30,61,61
HR7659,31,30,61,61
H.R2233,31,30,61,51
H.R2978,32,29,61,44
S3520,32,28,60,54
H.R3297,32,28,60,59
H.R5314,30,30,60,58
S781,30,30,60,50
S3473,30,30,60,36
HR856,32,28,60,33
H.R6007,30,30,60,52
H.R4769,30,30,60,40
S3194,30,30,60,48
S1892,30,30,60,50
S2029,31,29,60,60
H.R5934,30,30,60,60
H.R6416,32,28,60,58
H.R5377,30,30,60,42
S2236,30,30,60,60
S1609,30,30,60,60
HR3441,30,30,60,20
HR963,30,30,60,48
H.R4872,30,30,60,60
S3738,32,28,60,58
HR7213,30,30,60,56
H.R4395,30,30,60,60
H.R832,30,30,60,54
H.R4624,32,28,60,48
H.R1841,30,30,60,60
HR366,30,30,60,52
S1220,30,30,60,60
S3678,30,30,60,44
H.R2995,30,30,60,60
S782,30,30,60,40
S2201,31,29,60,60
H.R234,30,30,60,60
H.R6684,30,30,60,56
S233,30,30,60,28
H.R4897,30,30,60,54
S1463,31,29,60,51
H.R3295,31,29,60,60
H.R6016,30,30,60,20
S3735,30,30,60,58
HR2940,31,29,60,53
H.R1483,30,30,60,60
H.R3311,31,29,60,60
S3666,30,30,60,36
H.R1882,30,30,60,46
H.R1443,31,29,60,51
HR1696,30,30,60,60
S550,30,30,60,60
HR1352,30,30,60,46
S3535,30,30,60,60
S3719,30,30,60,48
H.R4951,30,30,60,52
H.R1508,30,30,60,56
H.R2427,30,30,60,38
S4013,31,29,60,54
HR8282,30,30,60,60
H.R8048,30,30,60,12
H.R2439,31,29,60,60
S4855,30,30,60,48
H.R8534,30,30,60,60
S4676,30,30,60,50
S3214,31,29,60,56
H.R8235,30,30,60,52
S3892,32,28,60,60
H.R3362,31,29,60,58
HR1640,31,29,60,60
HR889,30,30,60,60
H.R1570,30,30,60,52
HR1418,30,30,60,60
HR1499,30,30,60,48
S410,30,30,60,60
H.R679,32,28,60,31
H.R1810,30,30,60,60
H.R632,30,30,60,34
S1144,31,29,60,60
H.R3024,30,30,60,52
H.R3288,32,28,60,59
H.R3762,30,30,60,56
S1968,31,29,60,60
H.R4519,30,30,60,60
S2544,34,26,60,42
HR5103,30,30,60,60
HR5580,30,30,60,60
H.R4858,30,30,60,60
H.R5397,30,30,60,60
HR5526,33,27,60,53
H.R6622,31,29,60,58
H.R7127,31,29,60,42
H.R4661,33,27,60,57
S.J.RES80,30,30,60,52
HR8684,30,30,60,46
H.R2220,31,29,60,60
H.R5885,33,27,60,55
S89,30,29,59,59
HR2433,31,28,59,39
S2161,30,29,59,59
H.R429,30,29,59,59
H.R6889,30,29,59,57
S2921,30,29,59,59
HR3298,30,29,59,43
HR8702,30,29,59,55
HR4881,29,30,59,45
H.R383,30,29,59,37
H.R5427,31,28,59,59
H.R5192,29,30,59,57
S2186,30,29,59,59
S2910,29,30,59,59
H.R710,29,30,59,57
H.R5451,31,28,59,46
S2901,30,29,59,59
S2788,30,29,59,51
S595,30,29,59,59
S2471,29,30,59,43
S2062,32,27,59,52
H.R3228,30,29,59,59
H.R2928,30,29,59,48
S1528,30,29,59,59
S3056,30,29,59,51
S3808,34,25,59,53
S279,30,29,59,59
H.R4029,30,29,59,59
S1445,30,29,59,59
H.R5279,30,29,59,21
H.R3857,30,29,59,55
H.R6576,31,28,59,56
S1672,30,29,59,59
S1482,31,28,59,59
S4279,30,29,59,53
H.R7539,31,28,59,53
H.R7703,29,30,59,59
S4533,30,29,59,45
H.R897,31,28,59,41
H.R8862,29,30,59,59
H.R2442,30,29,59,57
H.R1713,30,29,59,43
S240,30,29,59,59
S485,30,29,59,59
S1509,32,27,59,45
H.R2728,30,29,59,57
H.R3033,30,29,59,59
H.R3774,29,30,59,56
H.R4936,30,29,59,55
HR4576,30,29,59,31
H.R7996,31,28,59,59
S4477,30,29,59,55
H.R378,30,29,59,59
H.R3004,31,28,59,59
S1280,29,29,58,50
S189,29,29,58,58
S1564,30,28,58,56
S2513,29,29,58,58
HR5061,30,28,58,48
H.R48,29,29,58,58
HR5585,29,29,58,56
H.R3611,29,29,58,46
S1887,29,29,58,58
S750,30,28,58,54
S3137,29,29,58,56
H.R4599,29,29,58,52
HR5035,43,15,58,32
H.R3387,29,29,58,42
H.R5460,29,29,58,38
HR4390,29,29,58,48
HR3630,29,29,58,58
H.R6375,29,29,58,38
H.R4629,29,29,58,52
HR762,29,29,58,58
H.R4848,31,27,58,44
H.R2638,29,29,58,24
H.R5989,29,29,58,52
HR3932,29,29,58,58
H.R1558,29,29,58,40
H.R1994,29,29,58,52
S1282,29,29,58,58
S2909,29,29,58,58
S1622,30,28,58,55
H.R6945,34,24,58,49
S1697,29,29,58,58
S2187,29,29,58,56
H.R619,29,29,58,54
S77,29,29,58,18
H.J.RES49,29,29,58,48
H.R6505,31,27,58,53
S469,31,27,58,51
S2687,29,29,58,42
H.R4411,29,29,58,58
H.R2414,29,29,58,58
S1247,30,28,58,45
H.R4105,33,25,58,54
H.R6304,30,28,58,58
H.R953,29,29,58,50
S959,30,28,58,50
S1749,29,29,58,58
H.R3266,30,28,58,58
S1898,29,29,58,56
H.R613,30,28,58,58
H.R4911,29,29,58,42
H.R518,29,29,58,38
HR1650,29,29,58,48
H.R596,29,29,58,58
H.R4619,31,27,58,48
HR3415,29,29,58,22
S311,29,29,58,58
H.R871,29,29,58,34
H.R7300,34,24,58,48
H.R5290,31,27,58,48
H.R8063,29,29,58,52
S1218,31,27,58,58
H.R6489,36,22,58,56
S4103,29,29,58,52
H.R4512,31,27,58,58
H.R7735,29,29,58,40
H.R7634,29,29,58,48
H.R6498,31,27,58,58
S4043,29,29,58,54
S4740,29,29,58,56
S4629,30,28,58,50
H.R8573,29,29,58,48
S4973,29,29,58,38
H.R9000,29,29,58,24
H.R8318,29,29,58,44
H.R9497,29,29,58,52
H.R9376,29,29,58,30
S2005,29,29,58,50
H.R694,30,28,58,58
H.R1302,29,29,58,56
S793,29,29,58,42
H.R9221,30,28,58,58
H.R3245,29,29,58,58
H.R2677,29,29,58,40
H.R2559,29,29,58,48
H.R4064,29,29,58,50
H.R4177,29,29,58,58
H.R2809,29,29,58,46
S1615,29,29,58,18
S1764,29,29,58,50
H.R3032,29,29,58,54
HR3432,29,29,58,32
H.R4535,29,29,58,46
H.R4878,29,29,58,58
H.R4638,29,29,58,46
H.R6465,30,28,58,50
HR6140,31,27,58,34
H.R6284,28,30,58,42
S3207,29,29,58,26
S.J.RES50,29,29,58,38
HR7944,29,29,58,56
S152,29,29,58,22
HR77,29,29,58,18
S2152,28,29,57,57
HR2289,30,27,57,53
S1786,29,28,57,57
HR5746,28,29,57,49
H.R6048,31,26,57,47
S3122,34,23,57,57
S3795,29,28,57,33
S1599,29,28,57,53
H.R1514,29,28,57,55
HR2820,33,24,57,49
S1798,29,28,57,47
H.R1053,29,28,57,57
S82,28,29,57,49
H.R2476,29,28,57,57
HR4385,29,28,57,53
H.R1769,29,28,57,55
H.R5286,29,28,57,57
H.R2635,29,28,57,57
H.R3740,29,28,57,57
H.R3602,30,27,57,55
H.R3020,29,28,57,41
S1529,30,27,57,54
H.R3385,32,25,57,56
H.R2039,29,28,57,57
S1422,29,28,57,41
H.R4214,32,25,57,51
H.R5206,30,27,57,46
S1990,30,27,57,55
S2225,29,28,57,43
HR6544,29,28,57,49
S85,29,28,57,57
H.R1750,29,28,57,57
S3728,28,29,57,45
S766,29,28,57,55
H.R628,30,27,57,57
S2715,31,26,57,55
H.R7289,29,28,57,57
H.R1940,30,27,57,54
H.R4023,29,28,57,51
H.R2382,30,27,57,57
S4822,28,29,57,51
H.R922,30,27,57,57
S4361,28,29,57,57
H.R94,29,28,57,37
S110,29,28,57,33
S635,29,28,57,57
H.R827,30,27,57,57
H.R176,29,28,57,57
S.J.RES26,29,28,57,55
S291,30,27,57,48
S2191,29,28,57,57
S2171,30,27,57,50
H.R5173,30,27,57,57
H.R9522,29,28,57,41
H.R2496,31,26,57,39
HR1585,30,27,57,39
HR1048,30,27,57,57
H.R1423,27,29,56,56
S1970,28,28,56,56
H.R5632,28,28,56,44
H.R5598,28,28,56,52
HR1684,29,27,56,44
S2966,28,28,56,56
H.R5189,28,28,56,44
S1539,28,28,56,56
H.R2637,28,28,56,56
S458,28,28,56,56
H.R1257,28,28,56,40
S2195,28,28,56,40
H.R3609,29,27,56,56
H.R5677,28,28,56,56
S2484,28,28,56,52
H.R7283,28,28,56,52
S2913,28,28,56,48
S1395,29,27,56,52
S2306,28,28,56,56
HR3461,28,28,56,52
H.R7490,28,28,56,32
H.R6591,29,27,56,39
H.R5564,28,28,56,56
H.R6088,32,24,56,46
S1289,28,28,56,52
H.R7467,28,28,56,44
H.R3150,28,28,56,44
S1702,29,27,56,55
H.R2687,28,28,56,56
H.R5058,28,28,56,56
S3692,28,28,56,56
H.R4694,28,28,56,26
H.R6338,28,28,56,56
H.R6214,32,24,56,49
S3684,28,28,56,56
S941,28,28,56,48
H.R295,30,26,56,56
HR1381,28,28,56,56
S1660,29,27,56,43
H.R3404,28,28,56,44
S1645,28,28,56,52
S699,28,28,56,48
H.R6301,28,28,56,56
S1324,28,28,56,42
H.R301,30,26,56,43
H.R3587,28,28,56,42
HR1704,28,28,56,56
S397,28,28,56,56
S729,27,29,56,40
HR3281,28,28,56,42
S1381,28,28,56,54
S2943,29,27,56,37
HR2999,28,28,56,46
S297,30,26,56,45
H.R6364,28,28,56,56
S263,28,28,56,56
H.R483,30,26,56,56
H.R611,28,28,56,24
S921,28,28,56,50
H.R3469,31,25,56,39
S4271,28,28,56,56
S4236,28,28,56,56
HR8874,28,28,56,56
S4724,28,28,56,48
H.R3112,29,27,56,46
S3138,28,28,56,46
H.R4971,28,28,56,44
HR6192,28,28,56,56
S3159,34,22,56,46
H.R3258,28,28,56,34
H.R368,28,28,56,38
H.R9641,28,28,56,36
H.R1541,30,26,56,46
H.R1142,28,28,56,36
H.R1110,28,28,56,56
S726,29,27,56,56
S1060,30,26,56,51
HR833,28,28,56,56
H.R100,28,28,56,56
H.R2502,28,28,56,56
HR1213,28,28,56,40
S1700,28,28,56,56
HR1840,28,28,56,46
H.R3308,28,28,56,56
HR2826,28,28,56,56
S1882,28,28,56,48
H.R4052,28,28,56,24
H.R3647,28,28,56,56
HR2757,28,28,56,54
HR3749,28,28,56,56
H.R3361,29,27,56,56
H.R3430,28,28,56,56
H.R2736,29,27,56,56
H.R4655,28,28,56,56
HR5707,28,28,56,56
H.R5241,28,28,56,56
H.R4475,29,27,56,49
S2045,32,24,56,49
H.R4783,28,28,56,56
H.R4873,28,28,56,34
H.R6914,28,28,56,40
HR7890,28,28,56,52
H.R8149,30,26,56,25
H.R9595,28,28,56,40
H.R9533,32,24,56,47
HR4312,31,25,56,52
S2356,29,26,55,47
H.R4239,28,27,55,55
S1290,32,23,55,44
H.R2601,28,27,55,55
S887,28,27,55,39
S3304,28,27,55,45
S3854,27,28,55,47
H.R1550,27,28,55,55
S2144,29,26,55,51
H.R6555,28,27,55,49
H.R7382,28,27,55,53
H.R7253,28,27,55,55
S2762,28,27,55,39
S877,28,27,55,55
S3269,29,26,55,46
S1733,28,27,55,39
H.R2140,28,27,55,43
H.R6688,34,21,55,55
HR903,27,28,55,44
H.R6575,31,24,55,41
H.R6110,28,27,55,37
H.R1089,27,28,55,55
HR1440,28,27,55,51
H.R1481,29,26,55,55
H.R4611,30,25,55,45
S3807,28,27,55,41
H.R6751,29,26,55,55
H.R2303,28,27,55,55
H.R3654,28,27,55,55
HR1346,31,24,55,48
H.R4909,28,27,55,55
H.R1003,27,28,55,55
H.R7189,28,27,55,55
S4269,28,27,55,43
H.R7774,31,24,55,36
H.R7729,32,23,55,55
H.R8045,28,27,55,55
S3724,29,26,55,41
H.R4141,28,27,55,43
S3630,28,27,55,55
H.J.RES106,28,27,55,53
H.J.RES33,28,27,55,45
S42,27,28,55,55
H.R1238,28,27,55,55
S739,28,27,55,55
S1803,28,27,55,55
H.R3148,28,27,55,37
S1757,30,25,55,55
S2138,28,27,55,41
S2846,28,27,55,55
H.R4984,28,27,55,55
H.R4692,28,27,55,53
H.R4362,29,26,55,54
HR3890,29,26,55,41
H.R7284,28,27,55,41
H.R8673,28,27,55,43
S3150,32,23,55,50
S1188,27,27,54,44
HR4794,27,27,54,40
S416,27,27,54,54
H.R7756,27,27,54,54
S3165,27,27,54,51
HR1282,27,27,54,54
S626,27,27,54,52
S3624,27,27,54,48
S2009,27,27,54,52
H.R2759,27,27,54,48
S2861,28,26,54,42
H.R1315,27,27,54,52
S2141,27,27,54,48
HR4587,27,27,54,54
H.R3272,28,26,54,43
H.R2796,27,27,54,54
H.R1955,27,27,54,54
H.R4202,27,27,54,52
HR2255,28,26,54,54
H.R7142,27,27,54,54
S5064,27,27,54,38
S460,27,27,54,54
HR2467,27,27,54,46
H.R4014,27,27,54,50
H.R2228,27,27,54,46
S1368,27,27,54,54
S3641,27,27,54,52
S3303,27,27,54,52
S2410,28,26,54,47
S2476,26,28,54,54
H.R4436,27,27,54,54
S2674,27,27,54,38
H.R1463,27,27,54,54
H.R3325,27,27,54,54
S1951,26,28,54,54
S3070,27,27,54,54
HR1667,27,27,54,54
S97,27,27,54,54
HR3021,27,27,54,54
S3097,29,25,54,54
H.R1006,27,27,54,54
S2650,28,26,54,38
HR5184,28,26,54,50
H.R644,27,27,54,54
H.R2492,28,26,54,54
HR1075,27,27,54,38
H.R3683,27,27,54,40
H.J.RES13,27,27,54,44
H.R5978,28,26,54,37
H.R3752,26,28,54,52
H.R3759,27,27,54,54
H.R2393,27,27,54,44
S1716,29,25,54,44
H.R1425,27,27,54,54
H.R2514,28,26,54,54
H.R1039,27,27,54,54
H.R1069,28,26,54,54
H.R1074,28,26,54,54
S390,28,26,54,54
HR3409,27,27,54,54
H.R1091,29,25,54,54
H.R2987,28,26,54,42
H.R2201,28,26,54,54
S4019,28,26,54,37
H.R8109,28,26,54,54
S3466,29,25,54,43
H.R1793,27,27,54,54
H.R3038,27,27,54,48
S1950,27,27,54,54
H.R1162,28,26,54,52
H.R7769,29,25,54,28
S4156,27,27,54,46
S4458,27,27,54,50
H.R8105,28,26,54,51
S3522,28,26,54,54
S1750,27,27,54,54
H.R6980,27,27,54,54
H.R6928,26,28,54,54
H.R8747,27,27,54,46
H.R8913,27,27,54,52
S5189,27,27,54,40
HR1199,23,31,54,47
H.R1511,27,27,54,54
H.J.RES7,27,27,54,48
HR516,27,27,54,52
HR1385,27,27,54,52
H.R950,28,26,54,50
S174,27,27,54,54
H.R285,27,27,54,54
HR253,27,27,54,54
HR797,27,27,54,54
H.R4293,27,27,54,54
H.R3422,27,27,54,54
H.R3044,27,27,54,54
H.R3309,27,27,54,54
HR4170,27,27,54,54
H.R965,28,26,54,54
HR4665,27,27,54,48
S1250,27,27,54,54
H.R3796,27,27,54,34
HR1717,27,27,54,54
HR442,27,27,54,14
HR1477,27,27,54,46
H.R5085,27,27,54,54
H.R5604,27,27,54,54
H.R5199,29,25,54,47
HR6664,27,27,54,44
H.R6731,27,27,54,32
H.R6369,27,27,54,54
H.R6936,28,26,54,53
H.R6508,27,27,54,42
HR357,27,27,54,14
H.R6069,28,26,54,50
H.R7450,30,24,54,54
S4191,27,27,54,52
S5535,27,27,54,52
H.R3889,30,24,54,47
H.R4630,29,25,54,48
H.R6231,33,21,54,52
H.R6058,28,25,53,53
S2496,27,26,53,39
H.R1731,29,24,53,43
H.R2974,28,25,53,51
HR7079,28,25,53,23
S3747,27,26,53,53
H.R1185,27,26,53,43
H.R8505,29,24,53,49
S2918,27,26,53,53
H.R6235,28,25,53,48
S.J.RES19,26,27,53,53
H.R2575,27,26,53,53
H.R2862,27,26,53,53
H.R227,27,26,53,45
H.R6046,29,24,53,53
H.R6365,27,26,53,53
S2020,28,25,53,33
H.R1584,27,26,53,43
HR3460,27,26,53,53
S3824,27,26,53,52
H.R1753,26,27,53,47
S1006,27,26,53,53
H.R1066,27,26,53,41
S.J.RES41,27,26,53,49
H.R4476,27,26,53,37
S254,27,26,53,53
H.R2776,29,24,53,29
H.R4444,27,26,53,53
H.R3697,26,27,53,15
H.R2804,28,25,53,48
H.R3576,27,26,53,49
S2449,26,27,53,53
HR603,26,27,53,53
S3204,29,24,53,31
H.R59,27,26,53,53
S4196,28,25,53,28
S4139,29,24,53,23
H.R7858,27,26,53,35
S4186,27,26,53,53
S4347,27,26,53,53
H.R7258,28,25,53,52
S4554,27,26,53,47
S4528,28,25,53,41
H.R3601,26,27,53,53
H.R2395,27,26,53,53
S488,31,22,53,38
H.R592,26,27,53,53
HR22,27,26,53,53
H.R2886,27,26,53,53
H.R4009,29,24,53,46
HR3971,27,26,53,43
H.R4327,27,26,53,39
H.R3716,27,26,53,25
HR3519,27,26,53,53
S2845,29,24,53,53
S2419,28,25,53,47
H.R3786,27,26,53,27
H.R4889,27,26,53,41
S3376,30,23,53,31
H.R3934,27,26,53,29
S3579,27,26,53,45
S5379,28,25,53,35
H.R5100,30,23,53,53
H.R6574,29,24,53,53
S2435,26,26,52,44
HR845,26,26,52,44
HR746,26,26,52,52
S3161,26,26,52,52
S1811,26,26,52,52
H.R3014,26,26,52,52
H.R3124,26,26,52,52
H.R5401,26,26,52,52
H.R2124,26,26,52,44
S1471,27,25,52,52
H.R4330,26,26,52,44
S1630,26,26,52,44
H.R4310,25,27,52,52
H.R5802,26,26,52,52
S865,26,26,52,52
S2615,27,25,52,52
S564,26,26,52,50
HR1803,26,26,52,50
H.R5973,27,25,52,44
HR5214,28,24,52,35
H.R18,27,25,52,52
H.R1474,27,25,52,52
H.R5724,26,26,52,52
H.R4675,26,26,52,52
S3282,26,26,52,52
S3270,26,26,52,52
H.R1192,26,26,52,36
S.J.RES29,26,26,52,52
HR3925,26,26,52,32
H.R2817,28,24,52,42
H.R666,26,26,52,42
H.R2605,26,26,52,52
S2873,27,25,52,52
S963,26,26,52,52
S3196,26,26,52,52
H.R6768,26,26,52,26
H.R2500,26,26,52,52
H.R3304,26,26,52,40
H.R431,26,26,52,42
H.R6130,30,22,52,30
S251,26,26,52,44
HR2553,26,26,52,36
S1543,26,26,52,52
H.R1545,26,26,52,52
H.R257,27,25,52,44
HR5394,27,25,52,46
H.R2971,26,26,52,48
HR6805,26,26,52,50
H.R210,26,26,52,44
H.R1004,26,26,52,52
S1219,26,26,52,52
H.R2493,26,26,52,52
H.R4161,26,26,52,52
S2986,26,26,52,52
H.R3059,26,26,52,52
H.R4601,29,23,52,37
S809,26,26,52,28
H.R508,26,26,52,52
H.R3155,26,26,52,52
S589,27,25,52,48
H.R66,26,26,52,44
H.R2889,26,26,52,50
H.R847,26,26,52,44
S2234,26,26,52,52
H.R1760,26,26,52,52
H.R97,26,26,52,32
H.R477,26,26,52,16
S102,26,26,52,52
S2634,26,26,52,52
HR2380,26,26,52,46
S2729,26,26,52,52
S3309,26,26,52,42
H.R2074,28,24,52,23
H.R5115,29,23,52,26
H.R4612,26,26,52,42
H.R796,26,26,52,40
H.R898,26,26,52,44
S743,27,25,52,33
S4056,27,25,52,52
H.R8200,27,25,52,49
H.R8033,26,26,52,40
S2693,26,26,52,52
HR8237,27,25,52,46
HR7624,26,26,52,52
S4280,26,26,52,48
H.R8548,27,25,52,45
S4873,26,26,52,24
H.R6038,26,26,52,52
S5027,26,26,52,40
S5212,26,26,52,38
H.R5796,26,26,52,50
H.R9303,26,26,52,46
HR472,40,12,52,26
HR354,26,26,52,36
S210,26,26,52,52
HR104,26,26,52,34
HR250,26,26,52,50
S74,26,26,52,24
H.R4201,26,26,52,48
H.R4378,26,26,52,52
H.R4175,26,26,52,42
S2109,26,26,52,52
H.R2845,27,25,52,52
H.R2792,26,26,52,34
HR1105,26,26,52,52
H.R4384,26,26,52,36
H.R5419,26,26,52,52
H.R5692,26,26,52,46
S1602,25,27,52,52
S2631,26,26,52,52
S3968,26,26,52,52
H.R8114,26,26,52,46
S4570,26,26,52,52
H.R2657,32,20,52,51
S3100,26,25,51,51
HR3172,25,26,51,41
HR2347,25,26,51,43
H.R1276,26,25,51,51
H.R2764,26,25,51,51
S2445,26,25,51,51
H.R7231,25,26,51,27
H.R575,26,25,51,51
HR1023,26,25,51,51
H.R4870,26,25,51,43
H.R3664,26,25,51,51
H.R7255,26,25,51,47
H.R3088,26,25,51,51
S1437,27,24,51,49
S1287,27,24,51,50
S3812,26,25,51,51
S2316,27,24,51,51
H.R5155,26,25,51,37
H.R6888,26,25,51,51
S2196,26,25,51,51
H.R5365,26,25,51,37
S2694,26,25,51,51
H.R1056,26,25,51,51
H.R2765,28,23,51,51
S2353,27,24,51,31
H.R699,26,25,51,39
S1464,26,25,51,51
H.R3100,26,25,51,51
H.R3068,26,25,51,51
S1860,26,25,51,51
S465,33,18,51,50
S2958,27,24,51,42
S30,25,26,51,43
S4091,27,24,51,45
S378,26,25,51,51
HR1065,25,26,51,41
H.R3694,28,23,51,51
S789,27,24,51,36
H.R187,26,25,51,51
S1119,26,25,51,50
S980,26,25,51,51
H.R1119,26,25,51,51
HR313,26,25,51,35
H.R398,26,25,51,37
H.R813,26,25,51,51
S811,26,25,51,51
HR3957,25,26,51,51
H.R1606,26,25,51,51
H.R3863,27,24,51,51
H.R4168,26,25,51,51
S1087,26,25,51,51
S2345,26,25,51,51
H.R5663,26,25,51,51
H.R6077,26,25,51,51
H.R6172,26,25,51,43
H.R6766,28,23,51,43
H.R8914,25,26,51,51
H.R9461,26,25,51,45
HR2203,27,24,51,37
H.R6633,35,16,51,24
H.R2184,26,24,50,50
HR492,25,25,50,50
S1151,25,25,50,42
H.R1334,25,25,50,48
HR3355,26,24,50,50
S1423,25,25,50,50
H.R6583,25,25,50,50
H.R4066,25,25,50,42
H.R2825,25,25,50,48
S1393,26,24,50,50
S3208,25,25,50,46
S1858,25,25,50,50
HR3624,26,24,50,36
S707,25,25,50,50
H.R3461,25,25,50,50
H.R1275,25,25,50,48
H.R5178,27,23,50,39
H.R2156,25,25,50,50
H.R5406,25,25,50,50
H.R4647,25,25,50,50
H.R4337,25,25,50,50
H.R5674,25,25,50,50
S3635,25,25,50,44
H.R960,25,25,50,22
H.R3590,25,25,50,50
HR1916,25,25,50,42
HR2263,25,25,50,50
S2758,26,24,50,48
H.R6698,25,25,50,50
H.R6636,25,25,50,38
HR2208,25,25,50,16
S1848,26,24,50,38
H.R2459,27,23,50,40
H.R4524,25,25,50,48
H.R3773,25,25,50,50
H.R553,25,25,50,50
H.R5015,25,25,50,42
H.R4405,25,25,50,46
H.R5984,25,25,50,50
S1982,25,25,50,50
HR1602,25,25,50,30
H.R984,25,25,50,50
HR4024,25,25,50,50
S1565,29,21,50,40
H.R4151,25,25,50,50
H.R4051,25,25,50,50
H.R5575,27,23,50,37
H.R6582,25,25,50,26
S2214,25,25,50,34
H.R4811,25,25,50,32
H.R1786,25,25,50,40
H.R3007,25,25,50,50
HR1577,27,23,50,47
H.R3874,25,25,50,36
S3575,25,25,50,50
H.R6376,25,25,50,50
S1243,25,25,50,36
H.R2831,25,25,50,50
H.R3028,26,24,50,44
H.R6682,25,25,50,32
S3944,27,23,50,50
S4012,26,24,50,50
S582,25,25,50,50
HR806,26,24,50,41
HR698,25,25,50,50
HR211,25,25,50,50
HR2398,25,25,50,50
S3129,25,25,50,50
S1830,25,25,50,44
H.R3348,27,23,50,50
S778,25,25,50,50
S1042,25,25,50,50
H.R6732,25,25,50,36
S662,25,25,50,34
S3569,27,23,50,50
S1837,26,24,50,50
S3465,25,25,50,50
H.R8074,25,25,50,26
S1801,27,23,50,50
S2538,26,24,50,50
H.R8065,25,25,50,24
H.R7589,24,26,50,50
H.R7701,25,25,50,50
S4772,25,25,50,50
H.R7937,27,23,50,49
S4126,25,25,50,50
S182,25,25,50,48
S4316,25,25,50,48
H.R4762,25,25,50,42
S4764,25,25,50,50
H.R8834,25,25,50,46
H.R2613,27,23,50,50
S5272,25,25,50,46
H.R9378,25,25,50,22
H.R1290,25,25,50,50
H.R233,26,24,50,50
HR915,25,25,50,50
HR1310,24,26,50,50
HR1163,26,24,50,46
S44,25,25,50,34
S472,25,25,50,50
H.R358,25,25,50,50
HR1201,27,23,50,47
H.R1594,25,25,50,42
H.R2599,25,25,50,34
S690,26,24,50,50
S116,25,25,50,42
HR1510,25,25,50,40
S1262,25,25,50,50
H.R3125,25,25,50,36
S1206,26,24,50,50
S1710,25,25,50,50
H.R3206,26,24,50,41
H.R3862,26,24,50,48
HR648,26,24,50,50
S1928,25,25,50,50
S2362,25,25,50,50
HR5391,25,25,50,50
HR5455,25,25,50,35
H.R5732,25,25,50,50
S2733,24,26,50,48
HR3227,27,23,50,50
S2963,27,23,50,49
S2581,27,23,50,39
S4222,27,23,50,29
H.R9402,25,25,50,46
H.R9281,25,25,50,24
H.R2344,27,23,50,50
H.R1653,26,24,50,50
H.R3714,26,24,50,50
H.R3951,26,24,50,44
H.R6292,30,20,50,43
S3265,31,19,50,48
HR3982,25,24,49,35
H.R261,27,22,49,49
HR1978,25,24,49,49
H.R5487,24,25,49,47
H.R3924,25,24,49,41
H.R1094,26,23,49,42
H.R7080,25,24,49,49
H.R6273,28,21,49,49
H.R2368,25,24,49,49
S3537,25,24,49,45
S584,25,24,49,41
S3288,24,25,49,49
H.R2526,25,24,49,13
H.R3193,26,23,49,49
H.R3644,24,25,49,33
S3793,26,23,49,33
H.J.RES111,24,25,49,45
S3970,24,25,49,27
H.R1328,25,24,49,49
H.R2678,24,25,49,49
S1320,25,24,49,49
HR5256,26,23,49,41
HR4431,25,24,49,45
HR3095,24,25,49,41
S3296,26,23,49,49
S3621,25,24,49,43
H.R627,26,23,49,23
H.R3757,25,24,49,49
H.R3456,25,24,49,49
H.R5248,25,24,49,49
H.R2282,25,24,49,39
H.R7257,30,19,49,48
H.R2999,25,24,49,43
S29,26,23,49,49
S398,25,24,49,49
S270,25,24,49,41
H.R1251,25,24,49,41
H.R2843,25,24,49,49
H.R221,23,26,49,49
H.R862,25,24,49,41
H.R6466,27,22,49,33
H.R2616,25,24,49,39
H.R7066,24,25,49,27
S1059,25,24,49,49
H.R2070,25,24,49,41
H.R2462,25,24,49,45
H.R6222,31,18,49,47
H.R4158,25,24,49,39
H.R4166,25,24,49,49
H.R4846,25,24,49,49
H.R7768,25,24,49,27
S4310,29,20,49,42
HR4895,25,24,49,49
HR8188,25,24,49,49
S3046,25,24,49,43
H.R6822,25,24,49,35
H.R3552,25,24,49,41
H.R671,24,25,49,37
HR1608,25,24,49,49
H.R319,25,24,49,49
H.R1028,25,24,49,49
H.R608,25,24,49,49
H.R46,25,24,49,49
HR805,24,25,49,49
S1436,24,25,49,49
H.R3111,25,24,49,49
S681,25,24,49,49
H.R5135,25,24,49,45
H.R5790,24,25,49,41
S2577,25,24,49,49
S3120,24,25,49,39
H.R6029,24,25,49,39
S3400,24,25,49,45
H.R7126,30,19,49,42
S.J.RES95,25,24,49,45
H.R9671,25,24,49,49
HR349,27,22,49,40
H.R1096,26,23,49,49
H.R759,26,23,49,34
H.R1702,25,24,49,47
H.R6518,30,19,49,30
HR5195,24,24,48,24
S3493,24,24,48,40
H.R1009,24,24,48,48
S3726,25,23,48,40
H.R3386,24,24,48,48
H.R2803,24,24,48,40
HR3075,24,24,48,32
S2329,26,22,48,40
HR21,25,23,48,48
H.R6308,24,24,48,40
S813,24,24,48,48
H.R927,24,24,48,48
HR3593,26,22,48,40
S3943,24,24,48,40
S2914,24,24,48,40
H.R6912,24,24,48,24
H.R1885,24,24,48,44
H.R4965,24,24,48,46
H.R3079,24,24,48,40
S1734,24,24,48,38
S1827,24,24,48,48
S1598,24,24,48,48
S.J.RES1,24,24,48,44
H.R2264,24,24,48,48
H.R4480,24,24,48,48
S2727,24,24,48,46
S2638,24,24,48,46
H.R502,24,24,48,48
H.R2748,25,23,48,48
H.R1599,24,24,48,26
S1078,25,23,48,38
H.R7112,24,24,48,48
S2979,24,24,48,48
S2454,24,24,48,34
H.R6913,24,24,48,44
S2204,24,24,48,48
H.R2924,24,24,48,48
S2534,24,24,48,48
H.R373,25,23,48,48
S769,24,24,48,34
H.R189,24,24,48,48
S1921,24,24,48,44
H.R30,24,24,48,40
S3173,24,24,48,44
H.R7223,24,24,48,40
H.R888,25,23,48,48
HR4184,24,24,48,48
H.R4437,26,22,48,39
H.R5244,24,24,48,48
S3258,26,22,48,42
H.R2981,24,24,48,48
H.R3869,24,24,48,48
H.R4988,24,24,48,40
H.R3768,25,23,48,47
H.R3770,25,23,48,48
S338,24,24,48,44
H.R2926,24,24,48,48
HR7053,24,24,48,44
H.R4614,24,24,48,48
H.R6230,25,23,48,43
H.R7455,28,20,48,37
H.R3353,24,24,48,38
H.R2648,25,23,48,43
H.R1896,27,21,48,46
H.R4204,25,23,48,48
HR6093,24,24,48,48
S995,25,23,48,33
H.R4451,24,24,48,18
S1056,25,23,48,44
H.R1140,25,23,48,48
H.R3974,24,24,48,32
S3168,27,21,48,45
S764,24,24,48,48
H.R971,25,23,48,44
H.R2858,24,24,48,16
H.R6180,24,24,48,40
S4312,23,25,48,44
H.R7671,24,24,48,36
H.R8092,24,24,48,40
H.R4718,28,20,48,31
H.R8111,24,24,48,48
H.R7075,24,24,48,32
S4522,24,24,48,36
H.R8950,24,24,48,34
H.R8977,24,24,48,38
H.R8876,25,23,48,44
S4979,24,24,48,30
H.R8883,24,24,48,46
H.R8906,24,24,48,38
S2897,24,24,48,48
H.R9394,24,24,48,30
H.R9131,24,24,48,20
S3,25,23,48,48
S3050,25,23,48,46
H.R1688,24,24,48,48
H.R817,24,24,48,44
HR17,24,24,48,48
H.R1083,26,22,48,46
HR500,24,24,48,48
HR1705,24,24,48,42
S654,24,24,48,48
H.R1345,25,23,48,48
HR1525,24,24,48,16
H.R1634,24,24,48,32
HR3226,24,24,48,36
H.R1665,27,21,48,38
H.R3660,24,24,48,48
S1236,24,24,48,32
S1377,24,24,48,48
S1912,24,24,48,48
HR2484,27,21,48,40
H.R2676,24,24,48,48
HR5677,24,24,48,48
S2480,25,23,48,48
HR2740,24,24,48,48
H.R5693,24,24,48,48
H.R3200,24,24,48,20
HR4527,24,24,48,36
H.R4335,25,23,48,40
H.R6377,24,24,48,16
H.R4371,25,23,48,48
H.R6789,24,24,48,44
HR6159,24,24,48,46
HR7655,24,24,48,48
HR7623,24,24,48,42
H.J.RES168,24,24,48,48
H.R8314,24,24,48,48
H.R9786,24,24,48,30
H.R1232,26,22,48,48
H.R164,26,22,48,48
S1594,25,23,48,48
H.R3445,25,23,48,48
H.R6985,25,22,47,47
H.R6589,24,23,47,45
H.J.RES38,24,23,47,47
H.R1772,23,24,47,47
H.R4880,24,23,47,47
HR2145,24,23,47,47
H.R1012,24,23,47,47
S2583,24,23,47,47
HR861,24,23,47,47
H.R2720,24,23,47,47
S1519,23,24,47,47
S1948,24,23,47,47
H.R5648,24,23,47,39
H.R4918,24,23,47,47
H.R4930,25,22,47,37
H.R6379,23,24,47,35
H.R4008,23,24,47,45
H.R1734,25,22,47,40
H.R3651,23,24,47,47
H.R3954,24,23,47,43
H.R881,25,22,47,47
H.R993,24,23,47,47
S4007,25,22,47,43
H.R303,23,24,47,47
H.R1520,26,21,47,47
H.R4067,24,23,47,47
H.R870,24,23,47,47
H.R3370,24,23,47,43
H.R3970,24,23,47,47
HR2869,24,23,47,47
H.R4745,26,21,47,40
H.R5169,24,23,47,39
H.R5897,24,23,47,47
H.R5084,24,23,47,47
S4174,24,23,47,43
H.R6437,26,21,47,47
H.R3998,24,23,47,47
H.R7390,37,10,47,34
S953,25,22,47,41
S4234,24,23,47,23
H.R2505,24,23,47,47
S.J.RES56,24,23,47,45
H.R7273,34,13,47,43
H.R4050,24,23,47,47
H.R217,24,23,47,47
H.R497,24,23,47,47
S2168,24,23,47,31
H.R2431,23,24,47,47
H.R1718,24,23,47,47
H.R639,24,23,47,43
HR3989,23,24,47,47
H.R3981,23,24,47,47
HR2813,24,23,47,47
HR3936,24,23,47,47
H.R1552,24,23,47,47
H.J.RES69,24,23,47,41
S1231,24,23,47,47
H.R4709,25,22,47,43
S1549,24,23,47,47
HR4636,24,23,47,47
S3031,30,17,47,42
H.J.RES104,24,23,47,47
HR2592,26,21,47,37
H.R7864,24,23,47,41
H.R8038,23,24,47,47
S3826,28,19,47,46
H.R7109,23,24,47,45
H.R2320,23,24,47,47
HR1109,24,23,47,47
H.R1539,25,22,47,47
H.R2596,25,22,47,44
H.R1949,26,21,47,41
H.R3199,25,22,47,47
H.R4570,28,19,47,46
H.R3035,23,23,46,42
S372,24,22,46,46
S1937,23,23,46,46
HR333,23,23,46,46
S3587,23,23,46,46
HR6270,23,23,46,38
S1018,24,22,46,46
HR2902,23,23,46,26
S1319,23,23,46,42
S3301,26,20,46,31
H.R4672,23,23,46,44
S3232,23,23,46,46
H.R2415,23,23,46,38
H.R2640,23,23,46,34
S309,23,23,46,46
S1148,23,23,46,46
S1213,24,22,46,38
H.R4605,24,22,46,46
H.R4770,23,23,46,28
H.R2468,23,23,46,38
S2974,23,23,46,42
HR1062,23,23,46,34
H.R5899,23,23,46,36
H.R7076,23,23,46,40
S1610,24,22,46,46
H.R3138,24,22,46,45
S236,23,23,46,42
S2182,23,23,46,46
H.R2768,23,23,46,46
H.R5957,23,23,46,38
HR2447,23,23,46,46
H.R1639,23,23,46,46
S3828,23,23,46,36
S3704,23,23,46,40
S3888,23,23,46,38
H.R2900,23,23,46,46
HR1378,23,23,46,44
H.R3141,23,23,46,28
S1288,23,23,46,36
HR6287,23,23,46,44
S.J.RES34,23,23,46,46
H.R1860,23,23,46,46
H.R7105,23,23,46,46
H.R2895,23,23,46,30
H.R1052,23,23,46,46
H.R867,23,23,46,46
S3901,23,23,46,46
H.R6864,23,23,46,46
S166,23,23,46,26
HR925,24,22,46,46
S1238,23,23,46,46
H.R3797,23,23,46,42
H.R1680,23,23,46,46
H.R4238,23,23,46,26
H.R4888,24,22,46,46
H.R4513,23,23,46,46
H.R5921,23,23,46,38
S1413,24,22,46,35
H.R3628,26,20,46,46
S3529,24,22,46,44
S3659,29,17,46,39
S39,23,23,46,36
S2568,23,23,46,38
S2472,23,23,46,46
S487,23,23,46,36
HR5608,23,23,46,40
H.R2772,23,23,46,28
H.R4091,23,23,46,46
H.R526,23,23,46,46
S1186,23,23,46,42
HR6963,23,23,46,46
H.R3468,23,23,46,46
H.R2979,23,23,46,38
H.R4917,25,21,46,39
S2594,24,22,46,31
S1942,24,22,46,46
H.R3376,23,23,46,46
H.R6216,23,23,46,38
S385,23,23,46,36
S2524,24,22,46,44
S696,23,23,46,34
H.R7470,23,23,46,16
H.R798,23,23,46,38
H.R4286,23,23,46,42
H.R4787,23,23,46,46
H.R7433,24,22,46,35
H.R3811,22,24,46,34
HR3110,23,23,46,38
H.R7203,23,23,46,42
HR3128,23,23,46,46
S556,24,22,46,46
S3566,23,23,46,46
S4185,23,23,46,32
S4181,24,22,46,46
H.R7981,23,23,46,36
S4041,22,24,46,37
H.R7792,23,23,46,46
H.R670,23,23,46,42
H.R8361,23,23,46,38
HR8800,23,23,46,40
H.R8637,23,23,46,36
S4524,23,23,46,38
H.R8330,23,23,46,46
H.R8464,23,23,46,38
H.R8204,23,23,46,36
HR1661,25,21,46,46
H.R7965,23,23,46,34
S2080,23,23,46,46
H.R9233,23,23,46,34
S4288,23,23,46,44
H.R9334,23,23,46,34
HR734,26,20,46,39
HR834,24,22,46,46
H.R1830,23,23,46,44
H.R1287,23,23,46,46
HR1083,23,23,46,26
HR764,23,23,46,30
HR1534,23,23,46,46
H.R1256,23,23,46,24
HR1335,23,23,46,46
H.R624,24,22,46,46
H.R1649,23,23,46,46
H.R2722,23,23,46,44
HR2788,23,23,46,46
HR3649,24,22,46,33
H.R4398,24,22,46,46
H.R2485,23,23,46,40
HR2450,23,23,46,40
H.R2173,23,23,46,28
HR2948,23,23,46,46
HR3548,23,23,46,46
S1336,23,23,46,30
S1711,26,20,46,41
S906,23,23,46,46
H.R4506,24,22,46,46
HR3423,23,23,46,46
S2567,23,23,46,30
S2688,22,24,46,46
H.R4881,23,23,46,36
H.R5268,26,20,46,46
H.R4561,23,23,46,30
S2728,23,23,46,30
H.R1773,24,22,46,46
HR5586,31,15,46,15
S3106,23,23,46,36
S3119,24,22,46,46
H.R6137,24,22,46,22
H.R7039,23,23,46,46
S3893,26,20,46,45
H.R8989,23,23,46,46
H.R9211,23,23,46,46
H.R1703,22,24,46,46
H.R956,23,23,46,46
HR2213,24,22,46,35
H.R1849,25,21,46,46
H.R1981,25,21,46,46
S1252,25,21,46,43
H.R1867,25,21,46,37
H.R1383,24,22,46,42
H.R2844,25,21,46,46
H.R3401,24,22,46,46
HR5079,25,21,46,38
S3003,23,22,45,45
H.R7064,23,22,45,45
H.R3137,25,20,45,35
H.R998,23,22,45,41
H.R2517,23,22,45,35
S2982,23,22,45,43
S4075,23,22,45,43
H.R3939,23,22,45,43
H.R69,22,23,45,45
H.R1421,22,23,45,45
S560,23,22,45,45
H.R4699,23,22,45,45
S2099,23,22,45,25
H.R4682,24,21,45,31
H.R5491,23,22,45,45
H.R626,23,22,45,43
H.R5818,28,17,45,34
H.R5456,23,22,45,45
H.R5813,23,22,45,45
S2221,23,22,45,45
H.R1583,23,22,45,37
H.R4707,22,23,45,31
S1230,23,22,45,45
H.R5011,24,21,45,45
H.R1681,26,19,45,35
H.R7348,23,22,45,45
H.R6424,24,21,45,39
S2060,24,21,45,33
H.R7019,23,22,45,29
S964,23,22,45,43
H.R7338,24,21,45,29
S3295,22,23,45,45
S.J.RES28,23,22,45,37
H.R1149,23,22,45,45
S2701,23,22,45,43
H.R6739,23,22,45,39
S2700,22,23,45,45
H.R2137,23,22,45,45
HR1624,23,22,45,43
H.R4671,23,22,45,23
S3563,23,22,45,25
S4062,23,22,45,45
H.R7863,23,22,45,45
HR2794,24,21,45,30
H.R8814,23,22,45,43
H.R2394,23,22,45,31
H.R1529,22,23,45,45
H.R330,23,22,45,45
S1007,23,22,45,45
H.R3926,23,22,45,45
H.R3906,23,22,45,37
H.R3993,23,22,45,45
HR3723,23,22,45,45
H.R35,22,23,45,45
S3162,23,22,45,45
H.R7380,24,21,45,38
H.R7263,23,22,45,37
H.R7130,26,19,45,37
H.R7829,23,22,45,29
H.R6829,23,22,45,41
H.R7027,24,21,45,23
H.R8744,23,22,45,31
H.R2399,23,22,45,43
S735,24,21,45,39
H.R2319,25,20,45,39
HR247,25,20,45,45
H.R2300,24,21,45,41
H.R3230,25,20,45,34
S1880,24,21,45,34
H.R3868,24,21,45,45
H.R6501,28,17,45,23
H.R6600,24,20,44,30
S437,22,22,44,44
S1936,23,21,44,37
H.R2192,22,22,44,38
H.R3163,22,22,44,44
H.R1442,22,22,44,44
S3315,26,18,44,33
H.R4308,22,22,44,44
H.R6562,22,22,44,28
HR5374,22,22,44,36
S3398,23,21,44,44
HR6494,22,22,44,44
S693,22,22,44,44
H.R2494,22,22,44,38
S2041,22,22,44,44
H.R6552,23,21,44,44
HR5089,23,21,44,44
H.R3836,22,22,44,44
HR2654,22,22,44,28
S3955,22,22,44,38
H.R5216,22,22,44,44
H.R249,22,22,44,44
S1613,22,22,44,44
H.R3656,22,22,44,38
S2403,22,22,44,40
H.J.RES65,22,22,44,42
HR1277,22,22,44,44
S2602,22,22,44,40
HR5977,22,22,44,44
H.J.RES17,22,22,44,40
H.R4737,22,22,44,38
H.R4402,22,22,44,44
H.R3753,22,22,44,44
S68,22,22,44,38
H.R2458,22,22,44,44
H.R1895,22,22,44,28
H.R4123,23,21,44,27
H.R2650,23,21,44,39
H.R397,22,22,44,44
H.R1794,22,22,44,40
H.R2697,26,18,44,34
S232,23,21,44,38
H.R2207,22,22,44,44
S591,22,22,44,42
H.R4620,22,22,44,44
S1333,22,22,44,44
H.R3550,22,22,44,44
H.R5641,22,22,44,40
H.R3415,23,21,44,32
S3252,22,22,44,44
S682,22,22,44,20
S3751,22,22,44,36
H.R3087,22,22,44,44
HR3109,22,22,44,44
H.R1581,22,22,44,24
H.R290,22,22,44,44
H.R711,23,21,44,33
S3020,22,22,44,40
HR6854,22,22,44,38
S415,23,21,44,44
H.R7292,22,22,44,44
H.R6025,23,21,44,44
S2425,22,22,44,44
H.R3070,22,22,44,44
H.R6085,22,22,44,44
H.R2222,22,22,44,44
H.R4433,22,22,44,44
HR2559,22,22,44,32
S3745,22,22,44,22
H.R6209,22,22,44,44
HR6569,22,22,44,34
H.R4320,23,21,44,44
S2529,23,21,44,32
S2199,22,22,44,38
S3768,22,22,44,36
S4820,22,22,44,36
HR2751,22,22,44,28
H.R6415,22,22,44,26
H.R2002,22,22,44,44
S611,22,22,44,44
HR733,22,22,44,44
HR901,22,22,44,44
H.R288,22,22,44,42
H.R3127,22,22,44,42
H.R7439,22,22,44,44
S4286,22,22,44,34
H.R8167,22,22,44,44
S157,22,22,44,30
H.R7647,23,21,44,37
S3685,22,22,44,36
HR8183,22,22,44,38
S2660,22,22,44,30
H.R8885,22,22,44,44
H.R8881,22,22,44,44
S4792,22,22,44,40
H.R5856,22,22,44,36
S4911,22,22,44,30
H.R8926,22,22,44,26
S5020,22,22,44,24
S5165,22,22,44,44
S4514,22,22,44,44
H.R9215,22,22,44,44
HR880,28,16,44,22
S185,22,22,44,28
H.R980,22,22,44,44
HR1391,36,8,44,18
HR1679,22,22,44,40
H.R52,22,22,44,42
H.R1189,23,21,44,44
H.R1129,22,22,44,28
H.R1213,22,22,44,44
H.R1336,22,22,44,44
H.R964,26,18,44,37
S366,26,18,44,37
HR1002,22,22,44,44
HR1423,36,8,44,18
HR541,22,22,44,44
H.R934,22,22,44,44
H.R1605,22,22,44,42
H.R3329,23,21,44,39
S1182,22,22,44,38
H.R3470,22,22,44,44
HR3777,22,22,44,44
HR2923,22,22,44,44
HR4315,22,22,44,30
H.R3292,23,21,44,44
H.R3306,23,21,44,44
H.R4069,23,21,44,44
H.R5037,22,22,44,44
H.R4596,22,22,44,40
H.R6433,22,22,44,36
H.R6614,22,22,44,36
H.R6473,25,19,44,21
HR3112,25,19,44,32
H.R6918,22,22,44,34
H.R7323,22,22,44,44
H.R6468,26,18,44,42
S.J.RES75,22,22,44,40
HR8958,22,22,44,40
H.R8912,22,22,44,16
S.J.RES99,22,22,44,44
HR9125,22,22,44,26
HR8790,24,20,44,37
HR2102,36,8,44,10
S367,23,21,44,44
H.R1063,23,21,44,27
HR1509,24,20,44,37
H.R2618,23,21,44,39
H.R2317,22,22,44,44
S429,22,22,44,14
H.R2790,23,21,44,44
S1966,24,20,44,42
HR5401,21,22,43,33
H.R4450,21,22,43,39
H.R2692,23,20,43,40
H.R930,22,21,43,43
H.R4218,25,18,43,35
H.R4443,22,21,43,39
H.R2945,22,21,43,43
H.R4400,23,20,43,38
H.R7272,26,17,43,37
H.R6396,24,19,43,42
HR935,22,21,43,43
S3957,22,21,43,43
H.R958,22,21,43,43
H.R2848,22,21,43,39
H.R684,22,21,43,43
H.R2516,22,21,43,43
H.R4598,23,20,43,43
S4214,22,21,43,33
H.R1166,22,21,43,43
S3103,22,21,43,43
S2157,22,21,43,43
S961,22,21,43,35
H.R5465,22,21,43,41
S2400,22,21,43,43
H.R7094,22,21,43,25
S2390,22,21,43,37
H.R4836,22,21,43,43
S1163,22,21,43,43
H.R5673,22,21,43,37
S1637,24,19,43,42
H.R5295,22,21,43,39
H.R8547,22,21,43,43
S2253,24,19,43,43
S3721,23,20,43,43
H.R4966,23,20,43,39
H.R1045,22,21,43,43
H.R5225,22,21,43,43
HR7006,23,20,43,36
H.R6852,26,17,43,43
S4464,22,21,43,43
H.R469,22,21,43,27
H.R5425,24,19,43,15
S1124,25,18,43,37
H.R1668,22,21,43,39
S4128,22,21,43,35
HR404,21,22,43,27
S1626,22,21,43,43
S3707,32,11,43,26
H.R7042,22,21,43,43
S4233,22,21,43,43
H.R5243,23,20,43,35
S.J.RES46,22,21,43,33
H.R7625,22,21,43,43
S4194,22,21,43,37
H.R8289,21,22,43,39
S4504,22,21,43,43
H.R7537,22,21,43,43
H.R8600,22,21,43,37
S4436,22,21,43,31
H.R7935,22,21,43,39
H.R1261,22,21,43,43
H.J.RES23,22,21,43,43
H.R1556,22,21,43,43
H.R1354,22,21,43,41
H.R1630,22,21,43,35
H.R520,21,22,43,23
S1728,22,21,43,23
S1678,22,21,43,43
S1751,22,21,43,35
S1492,22,21,43,41
S1191,22,21,43,43
S1197,23,20,43,43
H.R3634,22,21,43,35
H.R2672,22,21,43,43
H.R5672,22,21,43,43
H.R4882,22,21,43,39
S2793,24,19,43,43
H.R5395,22,21,43,43
H.R6373,24,19,43,36
H.R6909,22,21,43,15
S3354,26,17,43,28
H.R6763,22,21,43,43
HR6086,24,19,43,29
S3690,22,21,43,35
S3670,22,21,43,27
H.R2253,23,20,43,37
H.R1077,23,20,43,33
S554,22,21,43,43
H.R3505,23,20,43,43
H.R6423,26,17,43,37
S3251,24,19,43,29
H.R7757,37,6,43,34
HR5421,22,20,42,39
H.R1729,22,20,42,42
S202,21,21,42,38
HR3512,23,19,42,39
HR2256,21,21,42,42
H.R2286,21,21,42,42
HR72,37,5,42,13
S2088,22,20,42,42
H.R583,21,21,42,34
HR1414,22,20,42,35
S2939,21,21,42,30
S3172,21,21,42,40
HR4345,21,21,42,42
H.R465,21,21,42,24
H.R5596,21,21,42,34
H.R5844,21,21,42,38
S2809,21,21,42,42
HR5515,21,21,42,6
S1161,21,21,42,42
S1692,22,20,42,42
H.R4406,21,21,42,42
H.R8083,23,19,42,24
HR2125,21,21,42,34
S2884,21,21,42,40
H.R3051,21,21,42,42
HR5891,21,21,42,42
H.R733,22,20,42,29
S2173,21,21,42,42
S2461,22,20,42,31
S815,21,21,42,38
H.R6595,22,20,42,42
HR841,21,21,42,42
H.R6448,21,21,42,38
HR3975,21,21,42,18
H.R4825,21,21,42,42
S3013,21,21,42,38
S2888,21,21,42,42
S3662,21,21,42,40
H.R1258,21,21,42,42
H.R1879,21,21,42,42
H.R706,21,21,42,24
H.R1811,21,21,42,42
H.R1506,21,21,42,42
H.R2007,21,21,42,42
S1775,22,20,42,42
H.R3822,21,21,42,42
H.R5919,21,21,42,42
H.R4518,22,20,42,42
S2947,22,20,42,30
H.R6089,21,21,42,42
S3067,21,21,42,42
H.R4806,23,19,42,42
H.R3896,21,21,42,42
S1772,21,21,42,42
S2028,22,20,42,42
H.R5170,23,19,42,32
HR2989,21,21,42,42
H.R3045,22,20,42,42
H.R7134,23,19,42,39
H.R2654,21,21,42,42
H.R7016,25,17,42,23
HR3808,21,21,42,42
H.R7022,22,20,42,32
H.R1175,21,21,42,42
H.R7456,21,21,42,28
H.R4085,21,21,42,30
HR5370,21,21,42,42
H.R653,21,21,42,42
S1759,21,21,42,42
S1448,21,21,42,42
S1487,21,21,42,42
S868,21,21,42,42
HR2667,21,21,42,30
S689,22,20,42,36
HR530,21,21,42,42
H.R205,21,21,42,42
S3849,22,20,42,40
HR2768,21,21,42,32
H.R2922,21,21,42,42
S111,21,21,42,42
S2298,22,20,42,30
H.R4696,21,21,42,34
H.R569,21,21,42,38
S28,22,20,42,42
S1825,21,21,42,28
S4010,22,20,42,42
HR2678,21,21,42,38
H.R7850,21,21,42,30
H.R7865,21,21,42,42
S4154,21,21,42,24
S4150,21,21,42,42
H.R5482,23,19,42,41
HR8059,21,21,42,36
H.R7677,21,21,42,18
HR7030,21,21,42,42
H.R8151,21,21,42,36
H.R8391,21,21,42,42
H.J.RES95,21,21,42,42
H.R2985,21,21,42,36
S5045,21,21,42,38
HR8032,21,21,42,42
H.R5625,21,21,42,36
S5167,21,21,42,40
H.R347,21,21,42,22
HR1822,23,19,42,42
H.R1297,22,20,42,25
HR105,21,21,42,30
H.R1737,21,21,42,42
S256,22,20,42,42
H.R1001,21,21,42,42
HR1245,21,21,42,26
H.R800,21,21,42,42
S776,21,21,42,30
H.R2285,22,20,42,42
HR3086,21,21,42,28
H.R3130,21,21,42,42
H.R3780,25,17,42,32
HR4508,21,21,42,30
HR2713,21,21,42,42
H.R3646,21,21,42,42
S1866,23,19,42,42
H.R3547,21,21,42,42
H.R1708,23,19,42,36
S2514,22,20,42,42
H.R4482,22,20,42,40
H.R5859,21,21,42,18
H.R4641,21,21,42,42
HR5796,21,21,42,40
H.R4648,21,21,42,42
S2078,21,21,42,42
HR6860,21,21,42,42
H.R6454,21,21,42,34
S3516,21,21,42,24
HR2864,21,21,42,27
H.R7372,26,16,42,37
S4460,21,21,42,40
HR8816,21,21,42,40
H.R8266,21,21,42,20
S4675,21,21,42,38
H.R10467,21,21,42,20
S1310,23,19,42,41
H.R631,23,19,42,42
H.R2033,22,20,42,34
S1329,23,19,42,42
H.R4191,24,18,42,39
H.R2911,23,19,42,42
HR5450,21,21,42,6
S115,24,17,41,19
S1767,22,19,41,41
S2626,21,20,41,41
HR3107,21,20,41,41
H.R5961,22,19,41,41
S846,21,20,41,37
HR5001,21,20,41,35
S2349,22,19,41,41
H.R6720,21,20,41,39
H.R5621,21,20,41,25
S1949,21,20,41,41
H.R8158,21,20,41,37
H.R3328,21,20,41,41
S3350,23,18,41,34
S3777,21,20,41,41
S1066,22,19,41,41
S3242,22,19,41,31
H.R5795,21,20,41,41
S2603,21,20,41,41
H.R3352,21,20,41,41
S2343,21,20,41,41
H.R1876,21,20,41,41
H.R2749,21,20,41,39
H.R974,21,20,41,37
H.R1272,21,20,41,41
H.R5057,21,20,41,41
H.R6031,21,20,41,41
H.R6275,21,20,41,39
S3043,21,20,41,41
H.R5932,21,20,41,33
HR2515,21,20,41,41
HR1044,21,20,41,41
H.R3544,21,20,41,41
S698,21,20,41,41
S2937,21,20,41,40
H.R421,21,20,41,37
S413,21,20,41,33
H.R2588,22,19,41,33
S4447,21,20,41,29
S895,21,20,41,41
S4432,24,17,41,34
H.R8723,21,20,41,33
H.R1593,21,20,41,41
HR643,21,20,41,41
S450,22,19,41,32
H.R1403,21,20,41,25
HR793,21,20,41,41
H.R2567,21,20,41,37
HR2976,22,19,41,29
HR2548,21,20,41,29
H.R4646,21,20,41,41
H.R4593,26,15,41,34
H.R4305,21,20,41,39
S2863,21,20,41,41
H.R5140,21,20,41,41
S3221,21,20,41,41
S3402,24,17,41,33
S3212,21,20,41,39
H.R3204,21,20,41,37
S4017,21,20,41,41
H.R7931,21,20,41,37
H.R7698,21,20,41,41
HR7380,21,20,41,25
H.J.RES165,21,20,41,39
S2826,22,19,41,34
HR649,22,19,41,41
H.R1295,21,20,41,41
HR1522,22,18,40,25
H.R4792,21,19,40,34
S810,20,20,40,28
HR2530,20,20,40,40
S1093,20,20,40,40
S1147,20,20,40,40
H.R2061,20,20,40,40
H.R3973,24,16,40,33
S3146,20,20,40,40
H.R2230,21,19,40,40
HR1783,20,20,40,32
S3325,20,20,40,40
H.R595,20,20,40,24
HR1419,20,20,40,24
H.R3693,20,20,40,26
S94,20,20,40,40
S4239,20,20,40,36
H.R5609,20,20,40,40
HR4330,20,20,40,40
S2766,20,20,40,40
H.R806,20,20,40,40
S3899,20,20,40,34
H.R1819,20,20,40,24
S518,20,20,40,40
H.R5171,20,20,40,40
H.R546,20,20,40,32
HR3671,20,20,40,24
S2098,20,20,40,26
H.R1453,20,20,40,24
S3559,20,20,40,32
S3134,20,20,40,36
H.R4108,20,20,40,40
H.R5050,20,20,40,40
H.R5054,20,20,40,24
HR544,20,20,40,32
S3374,22,18,40,37
S3975,21,19,40,34
HR3590,20,20,40,24
HR4872,20,20,40,24
HR4866,20,20,40,40
HR6570,20,20,40,34
H.R331,20,20,40,32
H.R6181,21,19,40,40
S2705,20,20,40,30
HR5138,20,20,40,34
H.R4575,20,20,40,40
H.R6083,20,20,40,40
H.R5000,20,20,40,36
H.R3814,20,20,40,38
H.R256,20,20,40,38
H.R565,20,20,40,40
H.R1590,20,20,40,40
H.R4905,20,20,40,40
HR1678,20,20,40,40
S2752,20,20,40,40
H.R3182,20,20,40,40
HR452,20,20,40,40
H.R5574,21,19,40,40
H.R7777,19,21,40,40
S2197,20,20,40,40
HR2873,20,20,40,40
S3022,20,20,40,32
S2865,21,19,40,37
S2169,21,19,40,28
H.R6646,21,19,40,40
S1558,23,17,40,40
H.R4970,20,20,40,40
S2515,20,20,40,40
H.R407,21,19,40,40
H.R4140,20,20,40,36
H.R5131,20,20,40,24
S3845,20,20,40,28
S4854,20,20,40,8
S4897,20,20,40,32
S3941,20,20,40,40
S223,20,20,40,24
H.R244,20,20,40,40
H.R5616,20,20,40,40
H.R5744,20,20,40,40
H.R5829,20,20,40,38
S3190,21,19,40,40
H.R865,21,19,40,37
H.R2901,20,20,40,40
H.R7878,21,19,40,40
S4673,20,20,40,40
S2560,20,20,40,30
S5000,20,20,40,38
HR3538,21,19,40,33
S379,20,20,40,40
S.J.RES31,20,20,40,36
S2272,20,20,40,24
S1991,20,20,40,40
H.R7612,20,20,40,34
H.R3003,20,20,40,40
H.R6541,20,20,40,30
S2202,20,20,40,30
H.R729,20,20,40,36
S407,20,20,40,40
H.R177,20,20,40,40
H.R2050,20,20,40,40
HR1046,20,20,40,40
S3671,21,19,40,22
H.R2297,20,20,40,38
H.R2812,20,20,40,40
S3407,20,20,40,34
S2574,20,20,40,40
S804,20,20,40,40
H.R878,20,20,40,32
H.R577,20,20,40,40
H.R4136,21,19,40,40
S876,20,20,40,40
S1871,20,20,40,40
H.R1764,20,20,40,40
H.R2217,20,20,40,32
H.R7398,20,20,40,40
S1612,20,20,40,40
S4366,20,20,40,40
S4301,20,20,40,40
H.R8829,20,20,40,40
S3874,20,20,40,20
H.R7752,20,20,40,40
S4215,21,19,40,34
S4351,20,20,40,38
H.R8108,20,20,40,36
S4307,20,20,40,34
S4402,20,20,40,14
H.R2428,21,19,40,40
S4539,20,20,40,26
H.R7987,20,20,40,34
H.R7420,20,20,40,24
S1815,20,20,40,26
S4893,20,20,40,40
H.R8442,20,20,40,40
S4640,20,20,40,24
H.R8846,20,20,40,34
H.R8822,20,20,40,24
H.R8437,20,20,40,36
H.R4504,22,18,40,40
HR8576,20,20,40,24
S4639,20,20,40,40
HR6538,20,20,40,24
S4943,20,20,40,34
S5236,20,20,40,36
H.R7872,21,19,40,34
H.R6265,24,16,40,40
H.R961,18,22,40,38
S261,20,20,40,40
S118,20,20,40,36
S242,20,20,40,30
H.R1789,21,19,40,38
HR41,21,19,40,31
HR491,20,20,40,40
HR1108,20,20,40,40
H.R687,20,20,40,26
HR1807,20,20,40,40
H.R1172,20,20,40,40
H.R503,20,20,40,40
HR1551,20,20,40,24
HR1505,20,20,40,40
H.R1742,20,20,40,40
H.R470,20,20,40,24
HR1683,20,20,40,36
H.R2472,20,20,40,40
HR2871,20,20,40,26
H.R4018,20,20,40,32
H.R2938,20,20,40,40
HR3559,20,20,40,28
HR3013,20,20,40,40
HR4249,21,19,40,35
HR15,20,20,40,40
H.R238,20,20,40,40
H.R3477,20,20,40,40
HR4364,20,20,40,40
HR3073,20,20,40,28
HR2819,20,20,40,40
H.R3772,20,20,40,40
H.R3972,22,18,40,40
H.R3443,20,20,40,40
HR3361,20,20,40,38
HR3904,20,20,40,40
S2851,20,20,40,40
HR3159,20,20,40,40
H.R5250,20,20,40,40
H.R4950,20,20,40,40
S2530,22,18,40,40
S2179,21,19,40,40
H.R5576,20,20,40,36
H.R5499,20,20,40,40
H.R5443,20,20,40,40
HR6090,20,20,40,38
H.R6342,20,20,40,30
S2068,21,19,40,40
HR6465,20,20,40,40
HR6053,20,20,40,40
H.R3224,20,20,40,30
HR5887,20,20,40,30
HR6094,20,20,40,30
S3475,20,20,40,36
S3514,21,19,40,40
H.R7312,20,20,40,38
H.R7020,20,20,40,16
S3649,20,20,40,40
S3578,25,15,40,40
H.R7149,20,20,40,36
H.R8705,20,20,40,40
S4127,21,19,40,40
S.J.RES74,20,20,40,32
H.R8426,20,20,40,40
HR5081,23,17,40,30
HR9002,20,20,40,36
S4741,20,20,40,32
H.R9403,20,20,40,40
HR654,20,20,40,20
H.R1765,20,20,40,20
H.R1078,21,19,40,40
HR2771,20,20,40,20
S1062,21,19,40,40
H.R5557,22,18,40,35
HR200,21,18,39,23
HR4673,20,19,39,37
S943,20,19,39,29
S861,20,19,39,39
H.R3322,19,20,39,39
S3790,23,16,39,30
H.R2878,20,19,39,39
H.R3402,20,19,39,33
H.R5503,20,19,39,39
S287,20,19,39,39
H.R789,20,19,39,39
S1903,20,19,39,39
S945,20,19,39,39
S3061,20,19,39,39
HR976,20,19,39,39
H.R5920,20,19,39,39
H.R279,20,19,39,35
S637,20,19,39,31
S3948,21,18,39,27
H.R6280,22,17,39,39
H.R1657,19,20,39,39
S1202,21,18,39,39
S1826,19,20,39,35
HR6084,21,18,39,39
H.R3823,20,19,39,39
H.R5383,20,19,39,39
H.R4422,20,19,39,31
H.R4107,20,19,39,15
H.R5763,20,19,39,37
H.R6529,22,17,39,24
S3267,23,16,39,37
S3010,20,19,39,39
H.R4840,22,17,39,39
S3694,20,19,39,25
H.R1800,20,19,39,31
H.R609,21,18,39,28
HR5243,20,19,39,39
HR1050,19,20,39,37
S1023,20,19,39,39
S4002,20,19,39,39
H.R7767,20,19,39,35
HR1861,24,15,39,31
HR3149,21,18,39,39
H.R2158,20,19,39,39
S1033,20,19,39,39
H.R7847,20,19,39,33
HR7389,20,19,39,35
H.R2897,20,19,39,25
H.R7377,24,15,39,38
H.R2953,20,19,39,39
HR1944,20,19,39,35
S5024,20,19,39,35
H.R8879,19,20,39,39
S4720,20,19,39,23
S423,20,19,39,35
HR1842,20,19,39,39
H.R1223,21,18,39,30
H.R2107,20,19,39,39
HR2499,20,19,39,39
S296,19,20,39,39
H.R333,19,20,39,39
HR995,20,19,39,37
HR2424,20,19,39,39
H.R4303,20,19,39,23
HR2725,20,19,39,39
H.R3267,20,19,39,39
S2159,20,19,39,39
S2451,21,18,39,35
H.R4823,20,19,39,39
H.R5062,21,18,39,39
H.R6474,20,19,39,37
S2414,20,19,39,39
H.R7856,20,19,39,39
H.R7577,20,19,39,39
H.R8821,21,18,39,32
H.R5179,22,17,39,30
S4902,20,19,39,23
H.R438,20,19,39,39
H.R2478,22,17,39,22
H.R1802,21,18,39,39
H.R2031,20,19,39,35
H.R717,21,18,39,39
S1503,20,19,39,39
H.J.RES105,20,19,39,39
H.R5264,22,17,39,29
H.R4425,23,16,39,38
H.R6500,24,15,39,28
HR4355,19,19,38,28
HR2385,19,19,38,38
HR2531,19,19,38,22
HR4601,19,19,38,30
HR4993,20,18,38,38
H.R1621,19,19,38,38
HR486,19,19,38,38
H.R5489,19,19,38,34
S3528,20,18,38,35
HR36,20,18,38,37
HR126,19,19,38,38
S1584,19,19,38,38
HR5140,21,17,38,29
S684,19,19,38,38
H.R2991,19,19,38,38
H.R1972,19,19,38,38
H.R3027,19,19,38,38
H.R4255,20,18,38,34
S3264,22,16,38,26
H.R1314,19,19,38,38
H.R3239,20,18,38,33
H.R308,19,19,38,38
HR2503,19,19,38,38
HR2764,19,19,38,38
H.R3296,19,19,38,38
H.R4555,19,19,38,38
H.R2080,19,19,38,22
HR3450,19,19,38,18
H.R4244,19,19,38,18
HR1816,19,19,38,38
H.R5994,19,19,38,38
S2617,20,18,38,37
H.R2181,19,19,38,32
HR4277,19,19,38,32
S3509,19,19,38,32
S503,20,18,38,38
H.R6759,19,19,38,22
HR2369,19,19,38,38
H.R2197,19,19,38,34
S1790,19,19,38,38
S1063,19,19,38,22
HR7084,20,18,38,36
H.R4057,19,19,38,38
S1534,19,19,38,22
HR5260,19,19,38,30
HR7236,19,19,38,30
H.R4716,19,19,38,38
H.R3356,19,19,38,38
S5003,19,19,38,18
H.R1205,19,19,38,38
S369,19,19,38,38
H.R158,19,19,38,30
H.R2205,20,18,38,21
H.R2769,19,19,38,20
H.R5837,19,19,38,26
H.R2556,19,19,38,38
H.R6856,20,18,38,38
H.R928,22,16,38,36
HR1915,19,19,38,38
S871,19,19,38,38
H.R552,19,19,38,24
S1407,19,19,38,28
S2629,19,19,38,30
HR8,19,19,38,32
HR6584,19,19,38,32
H.R2195,19,19,38,38
H.R2196,18,20,38,38
H.R6961,19,19,38,38
HR1397,19,19,38,30
S3638,19,19,38,34
H.R1686,19,19,38,38
H.R3473,19,19,38,38
H.R2879,19,19,38,38
H.R6393,19,19,38,38
H.R180,20,18,38,38
S1857,19,19,38,38
H.R1468,19,19,38,38
H.R4274,19,19,38,38
H.R5282,19,19,38,38
H.R5686,19,19,38,38
S2850,19,19,38,38
S3076,19,19,38,36
S1923,19,19,38,38
S3720,19,19,38,38
H.R3364,19,19,38,38
HR4870,19,19,38,38
S3818,19,19,38,38
S2212,20,18,38,38
HR3186,19,19,38,38
H.R1055,20,18,38,38
H.R1934,19,19,38,38
S553,19,19,38,38
H.R4558,19,19,38,22
HR3424,19,19,38,38
S2550,20,18,38,38
H.R4253,20,18,38,24
H.R4076,20,18,38,38
H.R6277,19,19,38,30
S2183,19,19,38,30
HR1141,19,19,38,38
HR5871,19,19,38,38
HR6373,20,18,38,38
HR3340,19,19,38,38
H.R3395,19,19,38,38
S2549,19,19,38,30
HR3414,19,19,38,30
H.R6874,20,18,38,26
H.R3009,19,19,38,38
H.R675,19,19,38,38
H.R677,19,19,38,38
S192,19,19,38,38
H.R2898,19,19,38,36
H.R7090,19,19,38,24
H.R391,19,19,38,34
HR2187,19,19,38,38
HR999,20,18,38,38
H.R1954,20,18,38,36
H.R513,19,19,38,36
H.R5740,19,19,38,28
H.R6330,18,20,38,38
S3581,19,19,38,38
SJRES25,19,19,38,38
H.R7602,21,17,38,38
S4354,19,19,38,38
HR7585,19,19,38,34
H.R8213,19,19,38,24
H.R5629,23,15,38,22
H.R7947,19,19,38,38
S2960,19,19,38,38
H.R7801,19,19,38,22
S4114,19,19,38,34
S4409,19,19,38,38
H.R4132,20,18,38,38
S2105,19,19,38,38
S409,21,17,38,38
H.R2711,19,19,38,38
S4872,19,19,38,22
H.R8994,19,19,38,34
S4371,19,19,38,34
HR8594,19,19,38,38
S4693,19,19,38,38
H.R820,19,19,38,36
H.R7637,19,19,38,34
S4739,19,19,38,30
H.R8680,19,19,38,34
S4195,19,19,38,34
H.R9127,19,19,38,10
H.R4281,19,19,38,38
H.R9087,19,19,38,26
S5235,19,19,38,28
H.R9197,19,19,38,32
H.R9340,19,19,38,34
H.R9602,19,19,38,38
HR1269,19,19,38,38
S70,19,19,38,22
HR25,19,19,38,38
HR542,19,19,38,38
HR1582,19,19,38,18
H.R381,19,19,38,38
HR625,19,19,38,38
H.R683,19,19,38,38
HR1009,19,19,38,38
H.R1412,19,19,38,36
HR1458,19,19,38,38
H.R1535,19,19,38,36
S21,19,19,38,26
HR4150,19,19,38,38
HR3734,19,19,38,38
H.R3687,19,19,38,30
HR3318,19,19,38,38
HR167,19,19,38,18
S1533,19,19,38,38
H.R4054,20,18,38,38
S2285,19,19,38,36
S1746,20,18,38,38
S.J.RES27,20,18,38,31
HR3564,19,19,38,20
H.R3955,20,18,38,38
H.R2477,20,18,38,38
H.R3798,19,19,38,38
HR2677,19,19,38,38
HR3882,19,19,38,30
H.R1135,19,19,38,36
H.R3181,23,15,38,31
H.R771,19,19,38,38
H.R3121,19,19,38,26
S1412,19,19,38,26
H.R3382,21,17,38,27
H.R4689,19,19,38,38
H.R4985,19,19,38,38
HR4878,19,19,38,38
H.R3739,19,19,38,34
H.R5599,19,19,38,38
H.R4530,19,19,38,38
HR5429,19,19,38,38
H.R5569,19,19,38,34
H.R6542,19,19,38,38
H.R6876,19,19,38,30
H.R7012,19,19,38,30
S3754,19,19,38,38
H.R7629,19,19,38,32
S.J.RES62,19,19,38,28
S3853,19,19,38,38
H.R6953,19,19,38,28
H.R7551,19,19,38,10
HR8333,19,19,38,32
H.R8604,19,19,38,36
H.J.RES148,19,19,38,38
HR5509,21,17,38,28
H.R9839,19,19,38,38
H.R9076,19,19,38,38
H.R9855,19,19,38,10
H.R9922,19,19,38,36
H.R10493,19,19,38,32
S5579,20,18,38,34
HR1777,20,18,38,34
H.R2331,20,18,38,38
HR1521,20,18,38,38
S825,19,19,38,28
H.R3701,20,18,38,36
H.R6358,20,18,38,12
S3506,20,17,37,32
H.R5745,20,17,37,31
S1683,19,18,37,37
H.R997,20,17,37,37
H.R464,18,19,37,37
H.R3537,19,18,37,31
HR2332,19,18,37,37
H.R4857,18,19,37,37
S3331,18,19,37,37
HR1579,19,18,37,37
HR4035,19,18,37,37
S1458,19,18,37,37
HR832,19,18,37,37
H.R1938,20,17,37,28
H.R2839,19,18,37,37
S4199,20,17,37,37
H.R4954,20,17,37,37
S1200,18,19,37,37
S2742,20,17,37,33
H.R95,19,18,37,37
H.R825,19,18,37,37
H.R7366,20,17,37,37
S2319,19,18,37,37
HR6413,19,18,37,36
S61,19,18,37,37
H.R2619,19,18,37,37
H.R532,19,18,37,37
S2304,20,17,37,34
H.R606,19,18,37,37
S991,19,18,37,33
H.R222,19,18,37,37
H.R978,19,18,37,37
S3243,21,16,37,28
H.R2795,19,18,37,29
S3332,23,14,37,28
H.R4418,19,18,37,37
S235,19,18,37,29
H.R2643,19,18,37,37
S2054,20,17,37,37
S3605,22,15,37,37
S3803,19,18,37,21
S3557,19,18,37,37
HR3376,19,18,37,35
H.R2308,20,17,37,37
HR3417,19,18,37,29
H.R4224,19,18,37,37
H.R473,19,18,37,33
HR2639,20,17,37,36
H.R6112,19,18,37,37
S35,20,17,37,37
H.R1408,19,18,37,37
H.R7919,20,17,37,36
S4358,17,20,37,37
H.R8052,19,18,37,23
H.R7721,19,18,37,37
S4273,19,18,37,37
S4428,21,16,37,33
S4706,19,18,37,29
HR1408,18,19,37,37
H.R629,19,18,37,23
H.R2413,18,19,37,37
H.R936,19,18,37,35
H.R1279,19,18,37,37
HR498,19,18,37,37
H.R2555,19,18,37,37
S1224,20,17,37,32
H.R3717,21,16,37,30
H.R2822,20,17,37,35
H.R4106,19,18,37,37
HR3479,19,18,37,35
S1739,20,17,37,37
H.R3484,19,18,37,27
H.R4757,20,17,37,27
H.R2360,19,18,37,35
S1930,20,17,37,37
S2785,20,17,37,36
H.R5748,22,15,37,31
H.R6830,19,18,37,37
H.R6592,19,18,37,37
H.R6925,19,18,37,23
H.R7187,19,18,37,37
H.R5636,20,17,37,24
S2357,20,17,37,28
H.R8184,19,18,37,37
HR2191,21,16,37,22
H.R1971,19,18,37,37
H.R2921,20,17,37,23
H.R2771,20,17,37,37
H.R1900,20,17,37,29
HR3160,22,15,37,37
S3620,18,18,36,34
H.R3589,18,18,36,28
S892,18,18,36,28
HR3897,18,18,36,36
S490,18,18,36,36
H.R1962,19,17,36,36
H.R1974,18,18,36,32
H.R5410,18,18,36,36
H.R7004,18,18,36,36
HR2605,32,4,36,10
HR1293,18,18,36,36
HR3867,18,18,36,36
S2117,19,17,36,31
HR5314,18,18,36,34
HR59,18,18,36,36
H.R2523,18,18,36,26
H.R185,18,18,36,34
H.R6783,18,18,36,36
S283,18,18,36,36
H.R2927,18,18,36,36
HR1326,18,18,36,32
HR7756,18,18,36,24
HR1799,18,18,36,36
H.R5987,18,18,36,36
H.R365,18,18,36,36
H.R2141,18,18,36,36
H.R5164,18,18,36,36
S2350,17,19,36,36
HR6161,18,18,36,36
S1391,18,18,36,36
H.R2913,18,18,36,22
S3189,18,18,36,36
S2833,18,18,36,36
H.R5421,18,18,36,36
H.R7617,18,18,36,34
S1618,18,18,36,30
HR2418,18,18,36,18
H.R620,18,18,36,36
H.R1561,18,18,36,36
S634,18,18,36,36
HR4262,18,18,36,36
S2870,18,18,36,36
HR3919,18,18,36,36
H.R5654,18,18,36,36
S149,18,18,36,36
H.R3569,18,18,36,36
H.R905,18,18,36,26
H.R2265,18,18,36,28
H.R4075,18,18,36,36
H.R4927,20,16,36,26
S1588,18,18,36,36
H.R2376,18,18,36,36
S3963,18,18,36,26
S2112,18,18,36,28
S353,18,18,36,36
H.R4800,18,18,36,36
S2802,20,16,36,33
H.R3702,18,18,36,30
H.R3326,18,18,36,30
H.R1268,18,18,36,36
S1025,18,18,36,36
S4067,18,18,36,36
H.R1494,19,17,36,36
S1916,19,17,36,36
H.R2130,18,18,36,36
H.R5497,18,18,36,36
H.R2138,18,18,36,36
H.R6915,19,17,36,36
H.R2970,18,18,36,26
H.R3763,19,17,36,34
H.R2715,21,15,36,32
H.R7077,18,18,36,18
HR6087,18,18,36,36
H.R6422,20,16,36,35
H.R7158,19,17,36,36
S2794,18,18,36,34
H.R858,18,18,36,6
H.R3788,19,17,36,36
H.R353,18,18,36,32
S540,18,18,36,36
S1143,18,18,36,36
H.R3096,18,18,36,34
H.R5613,18,18,36,34
S3672,18,18,36,36
S3311,18,18,36,36
S641,18,18,36,28
H.R8842,18,18,36,36
S3191,18,18,36,36
S493,18,18,36,36
H.R2546,18,18,36,28
H.R6824,18,18,36,34
HR2900,18,18,36,14
H.R5845,18,18,36,36
S4749,18,18,36,22
S2442,18,18,36,36
H.R4428,18,18,36,36
S175,18,18,36,28
H.R4270,18,18,36,32
S967,19,17,36,30
H.R1917,19,17,36,35
H.R4791,19,17,36,36
HR1058,18,18,36,36
S4440,18,18,36,36
H.R1869,18,18,36,36
S1689,18,18,36,32
HR6201,18,18,36,36
H.R5402,20,16,36,36
H.R4568,19,17,36,24
HR432,18,18,36,36
S2406,18,18,36,30
H.R2965,18,18,36,36
S4311,18,18,36,36
HR7153,18,18,36,36
H.R7526,19,17,36,36
S4130,18,18,36,36
H.R8210,20,16,36,36
S4406,18,18,36,28
S4094,18,18,36,36
H.R8005,18,18,36,32
H.R8263,18,18,36,22
HR2518,19,17,36,27
S4386,18,18,36,36
S4328,18,18,36,28
H.R681,18,18,36,36
HR7947,18,18,36,12
S1861,19,17,36,31
H.R2626,18,18,36,26
S4082,20,16,36,29
H.R948,19,17,36,36
S3123,18,18,36,36
S4929,18,18,36,36
H.R3333,18,18,36,36
H.R8892,18,18,36,36
H.R8843,18,18,36,28
H.R7515,18,18,36,24
S5030,18,18,36,18
H.R8765,18,18,36,30
S4953,18,18,36,36
H.R2004,18,18,36,30
H.R1145,18,18,36,34
H.R410,18,18,36,36
H.R186,18,18,36,36
H.R1278,18,18,36,36
HR615,18,18,36,36
HR884,18,18,36,36
S629,18,18,36,36
H.R329,18,18,36,36
HR12,18,18,36,36
S1235,19,17,36,36
H.R3516,19,17,36,36
H.R3566,18,18,36,34
H.R3854,18,18,36,36
HR3391,18,18,36,36
HR4167,18,18,36,36
HR3046,18,18,36,22
H.R3103,18,18,36,36
HR3069,18,18,36,18
H.R3792,18,18,36,36
H.R3144,18,18,36,36
HR3973,18,18,36,30
HR4280,18,18,36,36
HR4073,18,18,36,26
H.R4391,19,17,36,36
HR4468,18,18,36,32
HR3362,18,18,36,36
H.R4660,19,17,36,30
S2034,18,18,36,36
H.R3057,18,18,36,36
H.R4698,19,17,36,22
H.R2321,19,17,36,36
HR3774,18,18,36,36
H.R4160,18,18,36,34
S2413,18,18,36,36
S2795,18,18,36,36
H.R5563,19,17,36,36
H.R5783,18,18,36,36
HR5488,18,18,36,34
H.R5862,22,14,36,27
HR5013,18,18,36,36
HR5339,18,18,36,32
H.R4539,18,18,36,36
H.R5316,19,17,36,30
H.R4704,20,16,36,36
HR2840,18,18,36,24
S3178,18,18,36,34
S3358,18,18,36,36
H.R6841,18,18,36,36
H.R6122,18,18,36,36
HR3106,26,10,36,7
HR7039,18,18,36,34
S3977,18,18,36,28
H.R102,19,17,36,28
S3974,18,18,36,30
HR7085,18,18,36,20
H.R8540,18,18,36,32
HR8674,18,18,36,36
H.R8518,18,18,36,12
H.R9469,18,18,36,22
H.R9768,18,18,36,32
S5152,18,18,36,34
H.R10112,19,17,36,19
H.R1564,19,17,36,36
H.R2309,18,18,36,36
H.R1820,18,18,36,12
H.R2250,19,17,36,36
H.R3789,19,17,36,34
H.R2592,19,17,36,30
S2163,18,17,35,35
HR5470,18,17,35,35
S3544,18,17,35,33
S1823,18,17,35,35
H.R430,18,17,35,35
S3483,18,17,35,35
H.R2040,18,17,35,27
H.R5776,18,17,35,35
H.R3758,18,17,35,35
H.R982,18,17,35,27
S3683,18,17,35,27
S172,18,17,35,35
H.R2910,17,18,35,23
HR6202,18,17,35,35
H.R2001,18,17,35,35
S3352,19,16,35,35
H.R3375,16,19,35,35
S2847,18,17,35,33
H.R5298,18,17,35,35
S837,17,18,35,35
S1172,17,18,35,35
H.R819,18,17,35,35
HR3447,18,17,35,35
H.R179,18,17,35,35
H.R5728,18,17,35,35
H.R6170,19,16,35,35
S3378,18,17,35,23
S71,18,17,35,35
H.R2508,18,17,35,35
H.R2664,18,17,35,35
H.R4644,18,17,35,35
H.R6154,18,17,35,35
S2338,21,14,35,26
H.R4329,18,17,35,35
H.R2694,18,17,35,35
H.R6251,18,17,35,33
H.R2881,18,17,35,35
S3077,18,17,35,35
H.R8259,17,18,35,31
H.R7437,21,14,35,33
S4080,18,17,35,33
S2956,18,17,35,23
H.R8508,17,18,35,31
H.R8791,21,14,35,7
H.R8362,21,14,35,20
H.R8607,18,17,35,35
S5128,18,17,35,35
H.R9577,17,18,35,27
S867,18,17,35,33
H.R667,18,17,35,33
H.R645,18,17,35,31
H.R1824,17,18,35,33
H.R274,18,17,35,35
S1366,20,15,35,32
S1859,18,17,35,35
H.R4126,17,18,35,35
H.R4149,18,17,35,35
HR2583,18,17,35,35
HR2529,18,17,35,35
H.R3712,19,16,35,29
HR1447,26,9,35,12
H.R3691,18,17,35,35
S2516,17,18,35,31
H.R4740,18,17,35,35
H.R4837,19,16,35,33
H.R4796,19,16,35,33
H.R4798,18,17,35,35
H.R6128,20,15,35,29
H.R5990,19,16,35,35
H.R7738,20,15,35,23
S3841,22,13,35,33
H.R7062,21,14,35,32
H.R7087,18,17,35,33
S2368,18,17,35,31
H.J.RES164,17,18,35,35
H.R8029,21,14,35,27
H.R2495,18,17,35,35
HR2199,18,17,35,23
H.R2324,19,16,35,34
H.R2106,18,17,35,35
S990,18,17,35,35
HR3152,20,15,35,35
S1369,18,17,35,35
H.R5390,18,17,35,31
H.R4478,20,15,35,29
H.R4603,22,12,34,26
HR3967,17,17,34,34
HR617,17,17,34,34
HR2945,17,17,34,34
HR303,17,17,34,34
S1385,17,17,34,34
S2648,17,17,34,34
H.R6217,17,17,34,24
H.R2097,17,17,34,34
H.R4089,17,17,34,34
S2610,17,17,34,28
S72,17,17,34,32
H.R921,17,17,34,22
H.R567,17,17,34,34
HR1087,17,17,34,34
HR1312,17,17,34,34
S818,17,17,34,34
HR1976,17,17,34,34
HR3776,17,17,34,28
S2637,17,17,34,34
S3713,17,17,34,34
HR2857,17,17,34,18
S3910,20,14,34,31
S757,17,17,34,34
HR315,17,17,34,34
H.R6679,17,17,34,30
H.R2684,17,17,34,34
H.R5655,17,17,34,34
H.R2481,18,16,34,32
HR3899,17,17,34,34
H.R5355,17,17,34,34
H.R2807,17,17,34,34
S1360,17,17,34,34
HR1735,17,17,34,34
H.R4921,17,17,34,34
H.R725,17,17,34,34
H.R4114,17,17,34,34
H.R1008,17,17,34,34
HR4564,17,17,34,32
H.R1600,17,17,34,34
H.R1714,17,17,34,34
H.R5512,17,17,34,34
S1461,17,17,34,34
H.R4978,17,17,34,34
S1570,18,16,34,31
H.R2035,17,17,34,34
HR6617,17,17,34,34
S2546,17,17,34,32
H.R3488,17,17,34,22
S675,17,17,34,32
H.R7221,17,17,34,34
HR308,17,17,34,18
H.R225,17,17,34,34
H.R4246,17,17,34,34
S183,17,17,34,34
S2050,17,17,34,34
S3117,18,16,34,32
H.R2210,18,16,34,34
H.R6397,20,14,34,33
H.R243,17,17,34,30
S87,17,17,34,34
H.J.RES208,17,17,34,18
HR1740,18,16,34,28
H.R2103,17,17,34,34
S2763,18,16,34,34
HR2357,18,16,34,21
S2971,17,17,34,34
S2481,18,16,34,34
H.R2008,17,17,34,30
S2748,17,17,34,28
H.R5498,18,16,34,24
S2925,17,17,34,34
S3752,20,14,34,34
H.R1471,17,17,34,24
HR623,17,17,34,28
H.R4138,17,17,34,28
H.R4725,17,17,34,34
H.R4884,16,18,34,34
H.R5683,17,17,34,34
H.R107,17,17,34,18
S1204,17,17,34,34
H.R6628,17,17,34,34
H.R1872,17,17,34,34
H.R1878,17,17,34,34
H.R6796,17,17,34,34
S2920,17,17,34,32
S2580,17,17,34,34
H.R6705,17,17,34,34
H.R6108,17,17,34,34
H.R2710,17,17,34,34
S4408,17,17,34,20
HR2411,17,17,34,34
S1382,17,17,34,32
H.R2754,17,17,34,22
S147,18,16,34,33
H.R489,17,17,34,34
H.R3815,17,17,34,34
HR7185,17,17,34,34
H.R2328,17,17,34,34
HR6074,17,17,34,34
S334,17,17,34,34
S2401,17,17,34,28
H.R1180,17,17,34,34
S1589,17,17,34,34
H.R5306,17,17,34,26
HR1024,16,18,34,31
H.R7397,17,17,34,34
H.R7839,17,17,34,34
H.R4990,18,16,34,34
H.R7660,17,17,34,34
H.R7416,17,17,34,28
S4364,17,17,34,28
H.R7580,17,17,34,34
S4161,17,17,34,16
H.R4348,17,17,34,34
S4247,17,17,34,34
H.R7598,17,17,34,34
H.R8137,17,17,34,24
HR1018,17,17,34,34
H.R8042,17,17,34,28
HR980,31,3,34,8
HR8514,17,17,34,22
H.R8949,17,17,34,34
S4814,17,17,34,34
S5040,17,17,34,30
H.R8850,17,17,34,32
HR8521,17,17,34,34
HR8701,17,17,34,18
S2367,20,14,34,29
S4910,17,17,34,28
H.R8878,17,17,34,34
H.R8889,17,17,34,34
H.R8908,17,17,34,34
S4608,17,17,34,16
H.R6485,22,12,34,24
H.R2832,17,17,34,32
H.R9455,17,17,34,16
HR3906,17,17,34,22
H.R9449,17,17,34,32
H.R9565,17,17,34,32
H.R9161,17,17,34,30
H.R1134,17,17,34,34
HR209,17,17,34,18
S1052,17,17,34,34
H.R1626,17,17,34,34
H.R2422,17,17,34,34
HR466,18,16,34,34
HR35,17,17,34,34
HR196,17,17,34,34
HR228,17,17,34,34
HR234,17,17,34,34
HR236,17,17,34,34
HR2413,17,17,34,34
HR2414,17,17,34,34
HR522,17,17,34,34
HR523,17,17,34,34
H.R312,17,17,34,34
H.R283,17,17,34,34
HR448,17,17,34,34
H.R5485,17,17,34,30
H.R317,17,17,34,34
H.R3005,17,17,34,34
H.R2625,17,17,34,34
H.R2998,17,17,34,26
H.R2875,17,17,34,34
S1961,17,17,34,34
HR4056,17,17,34,24
H.R8647,17,17,34,28
H.R3411,17,17,34,32
H.R4328,17,17,34,16
H.R3853,17,17,34,34
HR2412,17,17,34,32
HR4420,17,17,34,22
HR2700,17,17,34,34
H.R3219,18,16,34,33
HR3503,16,18,34,34
HR5074,17,17,34,34
H.R4906,17,17,34,22
H.R5217,19,15,34,29
H.R5182,17,17,34,34
H.R5029,17,17,34,34
S2331,18,16,34,34
H.R5311,19,15,34,24
HR5569,17,17,34,32
H.R6623,18,16,34,34
S3175,17,17,34,34
S3055,17,17,34,34
S2822,17,17,34,34
H.R6862,17,17,34,34
S3284,17,17,34,34
H.R7191,18,16,34,20
S4048,18,16,34,22
HR7613,22,12,34,28
HR7488,17,17,34,34
H.R7700,17,17,34,30
S4398,17,17,34,30
H.R8370,17,17,34,22
H.R7916,17,17,34,18
S.J.RES84,17,17,34,24
H.R8107,17,17,34,28
HR115,17,17,34,10
H.R8897,17,17,34,30
H.R9232,18,16,34,13
H.R9803,17,17,34,30
S.J.RES115,18,16,34,34
H.R9656,17,17,34,22
H.R9579,17,17,34,16
H.R10010,17,17,34,34
HR2608,18,16,34,27
H.R1469,19,15,34,25
H.R42,18,16,34,34
H.R2512,19,15,34,34
HR4282,19,15,34,27
H.R3486,17,17,34,34
S1620,17,17,34,24
H.R4181,18,16,34,19
H.R5147,19,15,34,24
S2585,19,14,33,30
H.R853,17,16,33,33
HR1078,17,16,33,33
H.R4447,17,16,33,25
H.R3909,17,16,33,33
H.R983,17,16,33,31
H.R7137,22,11,33,26
H.R6699,17,16,33,33
HR2087,16,17,33,25
H.R4886,17,16,33,27
S1019,17,16,33,33
S3300,16,17,33,33
H.R2561,16,17,33,31
H.R6075,18,15,33,33
H.R1519,17,16,33,25
H.R4225,17,16,33,33
H.R4423,17,16,33,33
H.R5878,18,15,33,33
H.R6997,17,16,33,31
S3886,20,13,33,30
S3347,17,16,33,29
HR1317,17,16,33,31
H.R5048,17,16,33,29
H.R7328,17,16,33,15
H.R2860,17,16,33,21
H.R7183,17,16,33,21
S1209,17,16,33,33
H.R2553,17,16,33,33
H.R1224,17,16,33,33
S845,17,16,33,33
H.R2589,17,16,33,31
H.R4774,17,16,33,33
H.R655,17,16,33,33
H.R1060,17,16,33,33
S2165,17,16,33,33
S3794,17,16,33,21
S3865,17,16,33,27
H.R1555,18,15,33,33
S1255,17,16,33,31
HR3199,18,15,33,23
HR4472,17,16,33,33
H.R3107,16,17,33,17
S3372,17,16,33,33
H.R6015,17,16,33,33
S3245,17,16,33,25
H.R7458,18,15,33,29
H.R3023,16,17,33,26
S2381,18,15,33,33
H.R7621,17,16,33,33
H.R7730,17,16,33,33
H.R7021,17,16,33,33
H.R7212,18,15,33,33
H.R8985,17,16,33,31
H.R4900,17,16,33,29
S4669,17,16,33,33
S4635,17,16,33,33
H.R8784,20,13,33,26
H.R252,17,16,33,33
HR1659,17,16,33,33
H.R2470,17,16,33,33
S703,17,16,33,31
S15,17,16,33,29
HR1102,16,17,33,33
S1629,18,15,33,33
H.R4446,16,17,33,33
H.R3313,17,16,33,33
HR3862,18,15,33,28
H.R3334,18,15,33,19
S761,18,15,33,33
H.R2986,17,16,33,33
HR5530,17,16,33,33
S511,17,16,33,33
H.R5757,17,16,33,33
H.R5068,17,16,33,33
H.R4662,16,17,33,33
H.R5433,17,16,33,33
S2682,17,16,33,33
S2084,17,16,33,33
H.R6607,18,15,33,33
S2361,17,16,33,25
S239,16,17,33,33
H.R6974,17,16,33,31
H.R7786,18,15,33,33
S.J.RES100,18,15,33,27
H.R668,19,14,33,33
S.J.RES33,17,16,33,31
H.R1798,17,16,33,33
HR703,17,16,33,33
HR717,17,16,33,25
H.R1929,17,16,33,33
S1808,19,14,33,33
H.R3302,18,15,33,24
S2640,17,15,32,31
H.R6392,17,15,32,32
HR1767,16,16,32,30
H.R1022,16,16,32,32
H.R3156,16,16,32,32
H.R6901,16,16,32,32
HR389,16,16,32,32
S36,16,16,32,32
HR1641,16,16,32,24
HR1442,16,16,32,26
H.R747,16,16,32,32
S3855,17,15,32,32
S2307,16,16,32,32
H.R5412,16,16,32,22
H.R7188,16,16,32,32
HR1343,17,15,32,32
HR661,16,16,32,32
HR6726,16,16,32,32
H.R885,16,16,32,24
H.R944,16,16,32,32
H.R2734,16,16,32,24
H.R2968,16,16,32,32
H.R3452,16,16,32,32
H.R728,16,16,32,32
H.R5532,16,16,32,32
S406,16,16,32,32
HR3510,16,16,32,32
HR2181,16,16,32,32
S155,16,16,32,32
H.R5703,16,16,32,32
H.R7481,17,15,32,32
H.R822,16,16,32,32
H.R5181,16,16,32,32
H.R2693,16,16,32,30
S1010,16,16,32,12
S170,16,16,32,32
H.R5426,16,16,32,24
S2440,16,16,32,32
H.R571,16,16,32,32
S3864,16,16,32,30
HR7239,16,16,32,32
H.R5911,16,16,32,20
HR6728,16,16,32,32
S3981,16,16,32,28
H.R638,16,16,32,32
HR4299,19,13,32,21
HR3105,16,16,32,32
HR5657,16,16,32,32
S3922,16,16,32,28
H.R1559,16,16,32,32
H.R1855,17,15,32,28
H.R4383,16,16,32,32
HR5110,16,16,32,32
H.R2229,16,16,32,32
H.R5505,16,16,32,32
HR4554,16,16,32,16
HR6613,16,16,32,28
H.R6850,16,16,32,32
HR943,16,16,32,16
H.R7249,16,16,32,28
H.R2451,16,16,32,32
HR4407,16,16,32,32
S267,16,16,32,32
H.R2287,16,16,32,24
H.R3594,16,16,32,32
H.R3604,16,16,32,32
H.R6851,16,16,32,24
HR1484,16,16,32,16
H.R2632,16,16,32,32
HR1712,16,16,32,32
H.R7037,20,12,32,30
H.R933,16,16,32,32
H.R3143,16,16,32,28
H.R6281,16,16,32,32
HR350,16,16,32,28
H.R5676,16,16,32,24
H.J.RES79,16,16,32,32
S1061,16,16,32,26
S3278,16,16,32,32
S2051,16,16,32,32
HR3221,16,16,32,32
H.R2600,17,15,32,32
S2233,15,17,32,32
HR3263,16,16,32,16
H.R3614,16,16,32,28
H.R291,16,16,32,30
H.R4772,17,15,32,27
HR1983,16,16,32,8
HR2083,16,16,32,16
HR6901,16,16,32,32
S3008,17,15,32,31
S1665,16,16,32,24
H.R4389,16,16,32,32
S2424,16,16,32,32
S1074,16,16,32,28
H.R1390,16,16,32,24
H.R3961,17,15,32,24
H.R6302,16,16,32,32
H.R3979,16,16,32,32
HR4479,16,16,32,32
H.R2245,16,16,32,32
H.R4976,17,15,32,16
H.R6569,16,16,32,32
S4159,17,15,32,32
HR5003,16,16,32,22
H.R1032,16,16,32,32
S724,16,16,32,32
H.R7351,16,16,32,30
HR6571,16,16,32,26
H.R5713,16,16,32,32
S1480,16,16,32,18
S3639,19,13,32,31
H.R5407,18,14,32,23
H.R2361,16,16,32,16
HR5019,16,16,32,32
HR4131,16,16,32,28
HR1856,16,16,32,32
HR1990,16,16,32,32
H.R260,16,16,32,32
S482,16,16,32,32
H.R5257,16,16,32,32
H.R58,16,16,32,8
H.R3244,17,15,32,25
S3644,16,16,32,32
H.R3252,16,16,32,32
H.R3787,16,16,32,30
H.R4380,16,16,32,32
H.R389,16,16,32,26
H.R4134,16,16,32,32
S3479,16,16,32,32
H.R688,16,16,32,24
S1593,16,16,32,16
H.R5149,16,16,32,16
H.R5528,16,16,32,22
S3626,16,16,32,26
H.R1970,16,16,32,32
S625,16,16,32,32
HR7563,16,16,32,32
HR2588,18,14,32,23
H.R3820,16,16,32,18
H.R1787,16,16,32,32
H.R5332,16,16,32,22
H.R7503,16,16,32,24
HR4766,16,16,32,28
S4276,16,16,32,32
HR8105,16,16,32,22
H.R7600,16,16,32,32
H.R7997,16,16,32,18
H.R8166,16,16,32,20
H.R4221,16,16,32,30
S4097,17,15,32,32
H.R4789,16,16,32,12
S4500,16,16,32,28
S5070,16,16,32,24
H.R7504,16,16,32,24
S1344,17,15,32,32
S1493,15,17,32,32
H.R2542,16,16,32,32
H.R7195,16,16,32,30
H.R4651,16,16,32,22
H.R6531,16,16,32,24
H.R4693,17,15,32,20
S4901,16,16,32,32
H.R8891,16,16,32,32
S4939,16,16,32,8
S4998,16,16,32,32
H.R8873,16,16,32,28
S4487,16,16,32,32
H.R8736,16,16,32,32
H.R8447,16,16,32,30
S4909,16,16,32,22
H.R9136,16,16,32,20
H.R8886,16,16,32,32
S4723,16,16,32,28
H.R776,16,16,32,14
H.R8403,16,16,32,16
H.R8605,16,16,32,26
H.R271,16,16,32,16
HR5818,16,16,32,10
H.R9156,16,16,32,22
H.R9066,16,16,32,18
HR28,16,16,32,32
HR149,16,16,32,32
S330,16,16,32,32
H.J.RES22,16,16,32,32
S2111,16,16,32,32
HR1639,16,16,32,32
S23,16,16,32,30
HR1379,16,16,32,32
H.R1102,16,16,32,18
HR1170,16,16,32,16
H.R1592,16,16,32,32
HR2367,16,16,32,32
H.R1533,16,16,32,24
HR715,16,16,32,32
S585,16,16,32,32
HR1488,16,16,32,32
HR490,16,16,32,16
H.R4219,16,16,32,18
HR3520,18,14,32,21
H.R3276,16,16,32,28
HR3651,16,16,32,32
HR3859,16,16,32,22
H.R3850,16,16,32,32
S1505,16,16,32,32
HR1422,16,16,32,32
S1933,16,16,32,30
H.R2791,16,16,32,32
H.R3493,16,16,32,32
H.R3663,16,16,32,32
S1814,16,16,32,30
S1592,16,16,32,20
H.R4012,16,16,32,18
S2205,16,16,32,32
HR4470,16,16,32,22
HR3366,16,16,32,32
HR3019,17,15,32,32
H.R4266,16,16,32,26
H.R357,16,16,32,32
HR5275,16,16,32,32
S2575,16,16,32,32
H.R4697,16,16,32,26
HR5761,16,16,32,32
H.R5696,16,16,32,32
HR4968,16,16,32,30
HR5486,16,16,32,16
HR5551,16,16,32,28
HR2750,17,15,32,32
HR3378,16,16,32,22
H.R5097,16,16,32,22
H.R4908,16,16,32,32
S2311,16,16,32,28
H.R4712,19,13,32,26
S2571,16,16,32,16
H.R5493,16,16,32,32
S2734,16,16,32,16
S.J.RES42,17,15,32,32
HR6213,16,16,32,22
H.J.RES97,16,16,32,32
H.R5979,16,16,32,32
H.R5980,16,16,32,32
H.R6368,16,16,32,30
HR4951,16,16,32,12
H.R6835,16,16,32,30
HR6727,16,16,32,22
S3153,16,16,32,32
H.R6082,16,16,32,32
H.R1128,16,16,32,32
S3785,16,16,32,32
HR7650,16,16,32,26
H.R7265,15,17,32,24
S3601,16,16,32,32
H.R5614,16,16,32,26
S552,16,16,32,26
S3763,16,16,32,32
HR8371,16,16,32,26
H.R8709,16,16,32,32
H.R8578,16,16,32,30
H.R524,16,16,32,22
S4216,17,15,32,32
H.R8738,16,16,32,26
H.J.RES132,16,16,32,32
H.R8940,16,16,32,32
H.J.RES134,16,16,32,22
S4212,16,16,32,28
S4651,16,16,32,32
HR10515,16,16,32,18
H.R10337,16,16,32,16
HR740,32,0,32,3
HR3951,30,2,32,6
S3130,30,2,32,6
H.R2045,17,15,32,32
H.R2077,16,16,32,32
H.R1687,17,15,32,21
HR3476,16,16,32,16
HR5166,16,16,32,32
S.J.RES69,16,16,32,32
HR5106,16,16,32,18
H.R1569,16,15,31,31
S2322,16,15,31,25
H.R3731,16,15,31,31
S2466,16,15,31,31
H.R2932,16,15,31,31
H.R3485,16,15,31,27
HR1887,18,13,31,28
H.R3941,16,15,31,29
S2683,16,15,31,29
H.R6509,16,15,31,23
S3961,17,14,31,31
H.R6290,18,13,31,31
S2961,15,16,31,31
H.R7615,15,16,31,31
S3648,16,15,31,29
HR7253,16,15,31,31
S783,16,15,31,31
HR3940,15,16,31,27
S3972,16,15,31,31
S1522,16,15,31,31
H.R669,16,15,31,31
H.R5490,16,15,31,27
H.R2466,16,15,31,31
H.R5966,17,14,31,29
H.R6988,16,15,31,31
S1090,16,15,31,31
S3903,21,10,31,29
H.R6981,19,12,31,25
H.R4084,16,15,31,31
S1516,16,15,31,29
S3698,16,15,31,31
HR1061,16,15,31,31
H.R2977,16,15,31,31
S4108,16,15,31,31
S572,16,15,31,31
H.R6258,17,14,31,31
S3524,16,15,31,31
S3318,16,15,31,31
H.R2641,16,15,31,31
H.R4977,16,15,31,31
H.R7669,16,15,31,15
H.R7787,18,13,31,30
S4333,15,16,31,31
H.R3709,17,14,31,31
H.R8271,16,15,31,29
S4314,16,15,31,31
H.R8124,16,15,31,31
H.R2606,15,16,31,31
H.R8051,16,15,31,29
S4407,15,16,31,31
H.R8128,17,14,31,28
S2181,15,16,31,31
S4861,19,12,31,25
S4833,16,15,31,25
H.R4358,16,15,31,31
S2293,16,15,31,31
H.R7758,19,12,31,20
H.R8830,19,12,31,24
S4965,16,15,31,31
H.R807,16,15,31,31
H.R2188,16,15,31,27
HR1118,16,15,31,31
S38,15,16,31,31
H.R894,15,16,31,31
H.R1085,16,15,31,31
HR1130,16,15,31,31
HR306,16,15,31,21
H.R3373,16,15,31,31
H.R3600,15,16,31,31
H.R3708,16,15,31,29
SJRES18,16,15,31,21
S1659,15,16,31,31
H.R697,16,15,31,31
H.R439,16,15,31,31
H.R1989,16,15,31,31
H.R5453,16,15,31,31
H.R5846,16,15,31,31
H.R5610,16,15,31,31
H.J.RES85,16,15,31,27
H.R4668,16,15,31,31
HR1797,17,14,31,29
S3526,16,15,31,31
H.R6563,14,17,31,31
H.R4667,16,15,31,31
H.R6401,16,15,31,31
S3255,16,15,31,27
HR7521,16,15,31,31
S3924,17,14,31,31
H.R8588,16,15,31,27
H.R9649,16,15,31,30
S2156,16,15,31,29
H.R1097,16,15,31,31
HR1300,16,15,31,21
H.R2263,17,14,31,24
S1763,16,15,31,31
H.R4215,17,14,31,29
H.R6055,18,13,31,31
HR1986,15,15,30,22
HR5503,16,14,30,29
H.R849,15,15,30,30
HR4591,15,15,30,30
HR5533,15,15,30,26
HR6421,15,15,30,30
S1084,15,15,30,30
HR5255,15,15,30,30
H.R5550,15,15,30,22
HR2100,15,15,30,18
H.R4291,15,15,30,18
HR1171,15,15,30,26
S850,15,15,30,30
HR1278,15,15,30,30
HR5008,15,15,30,30
S2670,15,15,30,30
H.R1754,15,15,30,30
H.R2935,15,15,30,30
HR1948,15,15,30,26
H.R6659,16,14,30,30
S1313,15,15,30,30
HR3428,15,15,30,30
H.R6557,15,15,30,30
HR768,15,15,30,30
H.R3852,16,14,30,30
H.R5581,15,15,30,30
H.R5965,15,15,30,22
H.R4852,17,13,30,23
H.R3201,15,15,30,20
H.R3728,15,15,30,22
HR3711,15,15,30,30
HR5723,15,15,30,28
HR4865,15,15,30,30
H.R2447,15,15,30,30
H.R2176,15,15,30,30
H.R1571,15,15,30,30
HR5974,15,15,30,30
H.R1609,15,15,30,30
H.R5993,15,15,30,30
H.R6880,15,15,30,28
H.R4496,15,15,30,30
S212,15,15,30,30
HR3323,15,15,30,22
S4263,15,15,30,26
HR2558,15,15,30,30
HR708,15,15,30,30
H.R586,15,15,30,30
S2803,15,15,30,22
H.R4455,15,15,30,30
S2724,15,15,30,30
H.R3989,15,15,30,30
H.R5764,17,13,30,30
H.R6930,15,15,30,30
HR5440,15,15,30,30
S3093,15,15,30,20
S3156,15,15,30,30
S3510,16,14,30,30
H.R1011,15,15,30,22
S1551,15,15,30,30
H.R3675,15,15,30,30
S231,15,15,30,30
H.R5826,15,15,30,30
HR4130,15,15,30,30
HR502,15,15,30,30
S2094,15,15,30,26
S1647,15,15,30,30
H.R1454,16,14,30,30
H.R2354,15,15,30,30
H.R4150,15,15,30,20
H.R6103,15,15,30,30
H.R4855,15,15,30,30
S2200,15,15,30,30
H.R5738,15,15,30,30
H.R7256,15,15,30,30
S535,15,15,30,30
H.R5913,16,14,30,30
HR803,15,15,30,26
HR6207,15,15,30,28
S2765,15,15,30,30
H.R3499,15,15,30,30
H.R4594,15,15,30,30
H.R5717,15,15,30,30
S3095,15,15,30,30
H.R6104,15,15,30,26
H.R4674,15,15,30,30
S2193,15,15,30,30
H.R3234,16,14,30,30
HR421,16,14,30,30
H.R2852,15,15,30,24
H.R1228,15,15,30,30
S2601,15,15,30,30
H.R5369,15,15,30,22
H.R5294,15,15,30,30
H.R3929,15,15,30,30
H.R3393,15,15,30,30
H.R3851,15,15,30,30
HR1812,15,15,30,30
H.R533,15,15,30,20
H.R6493,15,15,30,24
H.R4427,15,15,30,14
H.R7489,15,15,30,30
H.R6658,16,14,30,21
S768,15,15,30,30
HR5056,15,15,30,30
S1864,15,15,30,30
HR1610,15,15,30,30
H.R1710,15,15,30,30
H.R7530,15,15,30,30
H.R6551,15,15,30,30
H.R4670,15,15,30,18
HR7379,15,15,30,26
HR6800,15,15,30,30
HR331,15,15,30,10
H.R4241,15,15,30,30
HR426,15,15,30,30
S1508,15,15,30,30
S2412,15,15,30,22
H.R1969,16,14,30,30
S440,15,15,30,30
HR3893,15,15,30,30
HR2801,15,15,30,14
HR1479,15,15,30,30
HR2373,15,15,30,30
H.R5958,15,15,30,30
HR7358,16,14,30,19
HR7176,15,15,30,30
HR2543,15,15,30,24
H.R8150,15,15,30,26
S4448,15,15,30,30
S4299,15,15,30,30
S4274,15,15,30,30
H.R7465,15,15,30,30
H.R8198,15,15,30,30
H.R7694,15,15,30,22
HR8150,15,15,30,28
S4461,15,15,30,30
H.R8099,15,15,30,30
H.R8160,16,14,30,30
HR7703,15,15,30,30
HR3326,15,15,30,24
S4313,15,15,30,14
S4422,15,15,30,28
HR8404,15,15,30,30
H.R8988,15,15,30,28
H.R8532,15,15,30,30
S4702,15,15,30,30
HR8873,15,15,30,30
S4649,15,15,30,24
H.R8531,15,15,30,24
H.R8890,15,15,30,30
S3519,17,13,30,30
H.R6323,15,15,30,30
S5136,15,15,30,30
S5102,15,15,30,10
HR1615,15,15,30,30
H.R1804,15,15,30,26
S342,15,15,30,30
H.R902,15,15,30,30
HR1311,15,15,30,30
HR854,15,15,30,30
H.R1572,15,15,30,30
S1138,15,15,30,30
H.R1648,15,15,30,16
H.R2417,17,13,30,30
S4752,15,15,30,30
HR138,15,15,30,16
HR2898,15,15,30,30
HR2598,16,14,30,30
H.R1033,15,15,30,30
HR907,15,15,30,30
H.R658,15,15,30,30
H.R318,15,15,30,30
HR3192,15,15,30,30
HR3165,15,15,30,30
H.R2479,15,15,30,30
H.R887,15,15,30,30
H.R3476,16,14,30,30
S1285,15,15,30,20
HR3837,15,15,30,30
HR3631,15,15,30,30
H.R4453,16,14,30,23
H.R4435,15,15,30,30
H.R3122,15,15,30,30
HR3599,15,15,30,30
HR3980,15,15,30,30
H.R2973,15,15,30,30
H.R3016,15,15,30,30
H.R3431,15,15,30,30
HR2874,15,15,30,18
HR3535,15,15,30,30
S1322,15,15,30,30
H.R3626,16,14,30,30
S2113,15,15,30,30
S1490,15,15,30,30
HR4013,15,15,30,22
S2842,15,15,30,26
H.R4679,15,15,30,28
HR4974,15,15,30,30
H.R5760,15,15,30,30
H.R5160,19,11,30,26
HR4509,15,15,30,16
H.R4860,15,15,30,30
HR4933,15,15,30,18
H.R5070,15,15,30,30
HR4510,15,15,30,30
HR5134,16,14,30,29
H.R4738,15,15,30,30
H.R6245,15,15,30,26
S3377,15,15,30,10
S3294,15,15,30,30
H.R6691,15,15,30,30
HR5779,15,15,30,30
H.R6436,15,15,30,30
H.R6152,15,15,30,30
H.R6564,15,15,30,18
H.R6754,15,15,30,28
H.R6596,15,15,30,24
H.R6299,15,15,30,30
H.R6933,16,14,30,20
H.R7286,18,12,30,27
S3584,15,15,30,22
H.R7511,15,15,30,22
S3744,15,15,30,20
H.R7662,17,13,30,28
H.R661,15,15,30,12
H.R7574,15,15,30,24
H.R6253,19,11,30,30
H.J.RES120,15,15,30,30
H.R8396,15,15,30,20
H.R1208,15,15,30,30
H.R7527,15,15,30,14
H.R8339,15,15,30,30
HR8281,15,15,30,30
H.J.RES143,15,15,30,16
H.J.RES166,15,15,30,30
H.J.RES149,19,11,30,17
H.R8943,15,15,30,20
H.R8944,16,14,30,15
HR7867,15,15,30,6
S4596,15,15,30,26
S.J.RES104,20,10,30,26
S.J.RES111,15,15,30,30
S5349,15,15,30,26
HR2002,15,15,30,20
S290,15,15,30,20
HR1207,15,15,30,30
H.R1741,15,15,30,30
H.R1662,16,14,30,29
H.R2109,16,14,30,30
H.R1299,16,14,30,30
HR2189,16,14,30,30
H.R2381,17,13,30,30
H.R836,16,14,30,30
H.R3608,16,14,30,20
S2738,16,14,30,20
HR5221,16,14,30,30
H.R5775,19,11,30,27
HR6222,17,13,30,18
HR1789,15,14,29,23
S3570,17,12,29,16
HR637,15,14,29,29
H.R859,15,14,29,29
H.R6577,15,14,29,29
S3492,16,13,29,21
S1470,15,14,29,29
H.R7099,15,14,29,29
H.R3555,15,14,29,29
S3940,15,14,29,19
H.R3673,15,14,29,29
H.R6440,15,14,29,17
S3966,15,14,29,29
H.R4656,14,15,29,29
HR2472,15,14,29,29
S4999,14,15,29,29
H.R769,14,15,29,29
H.R4271,15,14,29,29
S2725,15,14,29,29
H.R7305,19,10,29,28
S2962,15,14,29,27
S3421,15,14,29,29
S2010,15,14,29,29
H.R7246,15,14,29,29
H.R1182,15,14,29,29
H.R2436,15,14,29,29
H.R6491,15,14,29,29
S2895,15,14,29,29
S3035,15,14,29,21
H.R3253,15,14,29,29
H.R808,14,15,29,29
H.R4174,15,14,29,27
H.R6526,15,14,29,29
HR2671,15,14,29,29
H.R6685,15,14,29,29
S1086,14,15,29,27
HR4800,15,14,29,29
H.R1167,14,15,29,29
H.R5141,15,14,29,29
H.R6635,16,13,29,21
S119,15,14,29,29
S2409,18,11,29,25
H.R128,15,14,29,29
S2096,15,14,29,23
H.R1560,15,14,29,27
S4144,19,10,29,26
H.R3771,15,14,29,29
H.R7804,14,15,29,29
S4107,14,15,29,29
H.R8106,15,14,29,29
H.R7733,15,14,29,23
HR4103,15,14,29,29
S4871,15,14,29,29
S4905,15,14,29,29
H.R5026,15,14,29,29
S4712,15,14,29,29
H.R8525,14,15,29,29
H.R1960,15,14,29,29
H.R1701,15,14,29,29
S435,15,14,29,29
HR2805,15,14,29,29
H.R2712,15,14,29,29
H.R2755,16,13,29,19
H.R3022,16,13,29,29
H.R3612,15,14,29,29
H.R3963,15,14,29,29
H.R3303,14,15,29,29
H.R4030,15,14,29,29
H.R3420,15,14,29,29
H.R3358,15,14,29,23
S2745,14,15,29,29
HR11,15,14,29,29
S2878,16,13,29,25
S2744,15,14,29,17
H.R4628,14,15,29,29
HR4002,16,13,29,11
H.R5066,15,14,29,27
H.R6879,15,14,29,29
H.R4409,17,12,29,24
S3090,15,14,29,21
H.R7227,15,14,29,29
H.R5922,15,14,29,19
HR7829,13,16,29,21
S3730,15,14,29,13
H.J.RES161,15,14,29,23
H.R9581,14,15,29,29
HR2390,14,15,29,25
S5208,14,15,29,29
S.J.RES116,16,13,29,29
H.R1376,16,13,29,29
H.R2117,16,13,29,22
H.R466,16,13,29,29
H.R4615,17,12,29,17
HR3383,16,13,29,27
HR1448,14,14,28,28
HR3304,14,14,28,28
HR6411,14,14,28,28
H.R336,14,14,28,28
H.R5996,14,14,28,26
H.R650,15,13,28,28
S3416,14,14,28,28
S3462,15,13,28,26
H.R3451,14,14,28,28
HR4750,14,14,28,24
HR1266,14,14,28,28
HR996,14,14,28,28
S1724,14,14,28,26
HR5738,14,14,28,26
HR4450,14,14,28,20
HR6027,14,14,28,28
H.R6978,14,14,28,16
H.R1557,14,14,28,28
HR379,14,14,28,28
HR5747,14,14,28,20
H.R7610,14,14,28,28
H.R6286,14,14,28,28
S1901,14,14,28,28
HR4164,14,14,28,12
H.R4618,14,14,28,28
HR2951,14,14,28,18
S2215,14,14,28,28
H.R2738,14,14,28,22
S3048,14,14,28,28
HR5414,15,13,28,17
H.R1126,14,14,28,20
HR3884,14,14,28,28
S3716,14,14,28,26
S3914,14,14,28,28
S2699,15,13,28,28
H.R2279,14,14,28,18
HR5413,14,14,28,28
H.R6215,14,14,28,28
S3686,16,12,28,28
S3689,16,12,28,25
H.R4441,15,13,28,20
H.R5896,14,14,28,20
HR4334,14,14,28,28
HR68,14,14,28,14
H.R6937,14,14,28,16
HR4094,14,14,28,26
H.R239,14,14,28,28
H.R3458,14,14,28,28
H.R5292,14,14,28,28
H.R7388,14,14,28,16
H.R5734,14,14,28,28
H.R125,14,14,28,28
H.R6639,14,14,28,28
H.R2014,14,14,28,28
H.R6357,14,14,28,24
H.R1080,14,14,28,28
H.R7483,14,14,28,28
HR204,14,14,28,14
S1268,14,14,28,28
H.R3629,14,14,28,28
S2830,14,14,28,26
HR3662,14,14,28,18
S2348,14,14,28,28
H.R6027,14,14,28,28
H.R6167,14,14,28,28
H.R775,14,14,28,28
H.R5483,14,14,28,28
H.R5607,15,13,28,28
HR7841,14,14,28,20
H.R7451,14,14,28,12
H.R1937,14,14,28,28
HR1162,14,14,28,18
S3539,14,14,28,18
HR1677,14,14,28,20
HR6205,14,14,28,28
H.R349,15,13,28,26
H.R7031,14,14,28,22
H.R1395,14,14,28,28
H.R150,14,14,28,28
H.R2104,14,14,28,20
S2900,15,13,28,28
S3253,14,14,28,28
S1635,14,14,28,28
H.R2115,14,14,28,20
S3902,14,14,28,28
S1783,14,14,28,28
H.R5187,14,14,28,28
H.R1329,14,14,28,28
H.R3571,14,14,28,28
H.R7131,14,14,28,26
S2399,15,13,28,28
S1721,14,14,28,28
S5062,14,14,28,28
S4011,15,13,28,20
H.R68,14,14,28,28
HR1047,14,14,28,22
HR1051,14,14,28,28
HR4875,14,14,28,28
HR468,14,14,28,26
HR6983,14,14,28,28
S2151,14,14,28,26
H.R1064,14,14,28,20
H.R4079,14,14,28,18
H.R259,14,14,28,28
H.R3834,14,14,28,28
H.R1679,14,14,28,28
HR1082,14,14,28,22
H.R4913,14,14,28,28
H.R1985,14,14,28,28
S2753,14,14,28,28
H.R1823,14,14,28,28
H.R1825,14,14,28,28
H.R5587,14,14,28,24
S1687,14,14,28,28
H.R1604,14,14,28,28
S4203,14,14,28,28
S4140,14,14,28,24
H.R7945,14,14,28,28
S4446,14,14,28,28
HR7606,14,14,28,28
HR928,14,14,28,28
H.R7473,14,14,28,28
H.R8264,14,14,28,28
HR7614,14,14,28,16
H.R7535,14,14,28,26
HR8168,14,14,28,22
H.R7505,14,14,28,28
H.R4786,14,14,28,28
S4242,16,12,28,28
H.R7307,14,14,28,28
H.R5635,14,14,28,28
H.R4799,14,14,28,28
H.R7542,14,14,28,26
H.R8208,14,14,28,28
HR2011,15,13,28,28
S4766,18,10,28,20
S4823,14,14,28,28
H.R9063,14,14,28,24
S4847,14,14,28,24
HR8649,14,14,28,28
H.R8544,14,14,28,26
S4619,14,14,28,28
S4590,14,14,28,28
S5001,14,14,28,28
S4882,14,14,28,22
H.R8954,14,14,28,26
H.R8513,14,14,28,20
S4970,14,14,28,20
S4553,14,14,28,24
H.R8884,14,14,28,28
H.R8910,14,14,28,28
S4751,14,14,28,12
S4492,14,14,28,28
HR4891,14,14,28,28
H.R9098,14,14,28,26
H.R9388,14,14,28,24
HR4639,14,14,28,28
H.R7545,15,13,28,28
H.R2751,14,14,28,24
H.J.RES4,14,14,28,18
H.R2110,18,10,28,27
H.R1206,14,14,28,28
HR154,14,14,28,28
H.R506,14,14,28,28
HR5024,14,14,28,22
H.R1204,14,14,28,28
SJRES4,14,14,28,28
S896,14,14,28,26
H.R726,14,14,28,28
H.R2850,15,13,28,28
HR1298,14,14,28,14
S1980,14,14,28,26
H.R3581,14,14,28,16
S1657,14,14,28,28
HR2933,14,14,28,28
HR3942,14,14,28,28
H.R4135,14,14,28,28
HR3096,14,14,28,14
S1550,14,14,28,24
HR3841,14,14,28,14
HR3887,14,14,28,14
H.R2894,14,14,28,28
HR3539,14,14,28,28
S5132,14,14,28,18
H.R3983,14,14,28,28
HR3255,14,14,28,28
H.R3133,14,14,28,14
H.R4338,15,13,28,28
HR2739,16,12,28,19
HR2934,14,14,28,28
HR2514,14,14,28,28
H.R2966,14,14,28,28
S4519,14,14,28,14
H.R4516,16,12,28,28
H.R4613,14,14,28,28
HR2463,14,14,28,28
H.R4038,16,12,28,26
H.R4296,14,14,28,28
HR3991,14,14,28,14
H.R1780,14,14,28,28
HR3530,14,14,28,28
S1740,14,14,28,28
S2336,14,14,28,28
S2784,14,14,28,28
H.R4987,15,13,28,28
S2841,14,14,28,28
H.R5751,14,14,28,28
H.R5251,14,14,28,28
H.J.RES80,14,14,28,28
S2804,14,14,28,16
HR4708,14,14,28,28
H.R4748,14,14,28,16
S2541,15,13,28,28
S886,15,13,28,28
S2723,14,14,28,28
HR2679,14,14,28,14
S2261,14,14,28,28
H.R5051,14,14,28,14
H.R5188,14,14,28,28
H.R4862,14,14,28,14
H.R4838,14,14,28,28
H.R5794,15,13,28,28
H.R4883,14,14,28,16
H.R5851,19,9,28,25
HR5145,14,14,28,28
HR4889,14,14,28,20
S3086,16,12,28,25
H.R418,14,14,28,14
H.R6568,14,14,28,28
HR6761,14,14,28,18
H.R6858,14,14,28,18
S3044,15,13,28,26
HR513,14,14,28,18
H.R5484,15,13,28,28
S3885,16,12,28,24
HR7779,14,14,28,20
H.R7749,15,13,28,22
H.R6992,14,14,28,28
H.R7082,15,13,28,24
S3756,14,14,28,24
HR6986,14,14,28,28
H.R7887,14,14,28,26
H.R8331,14,14,28,26
H.R7921,15,13,28,28
H.R8924,14,14,28,28
S4334,14,14,28,16
H.R8836,14,14,28,28
H.R8561,14,14,28,28
H.R8338,14,14,28,22
S.J.RES88,15,13,28,24
H.R8624,14,14,28,14
H.J.RES170,14,14,28,28
H.R9702,14,14,28,20
S2695,14,14,28,28
HR3269,16,12,28,22
H.R9643,14,14,28,20
S4898,14,14,28,18
H.R9425,14,14,28,28
H.R9787,14,14,28,16
S.J.RES113,14,14,28,28
HR9495,14,14,28,28
S5421,15,13,28,28
HR1644,28,0,28,2
HR1336,28,0,28,2
HR983,28,0,28,2
HR1041,28,0,28,2
HR1286,28,0,28,2
HR539,14,14,28,16
S332,15,13,28,28
HR595,14,14,28,18
H.R1982,14,14,28,16
H.R1932,16,12,28,23
H.R1995,15,13,28,28
H.R3034,15,13,28,28
H.R2551,16,12,28,28
H.R4359,15,13,28,16
H.R6677,16,12,28,28
H.R6482,15,12,27,25
HR2192,14,13,27,27
HR2540,14,13,27,23
H.R6645,15,12,27,27
H.R1490,14,13,27,27
S3403,15,12,27,24
S3317,14,13,27,27
S3397,15,12,27,27
S2789,14,13,27,27
HR2797,14,13,27,27
HR2455,14,13,27,27
H.R5758,14,13,27,27
H.R4117,14,13,27,19
H.R5634,14,13,27,27
HR1325,14,13,27,27
H.R2244,14,13,27,19
S3287,15,12,27,16
S4318,14,13,27,26
H.R4385,14,13,27,27
H.R10,13,14,27,15
H.R2582,14,13,27,27
H.R3591,15,12,27,24
H.R3698,13,14,27,27
H.R3454,14,13,27,27
S1504,14,13,27,27
H.R6717,14,13,27,25
H.R1576,14,13,27,27
H.R2890,14,13,27,27
H.R6561,14,13,27,27
H.R5685,14,13,27,27
HR4826,15,12,27,26
H.R3213,14,13,27,27
H.R598,17,10,27,17
H.R3229,14,13,27,27
H.R4937,14,13,27,27
H.R5603,14,13,27,27
H.R3338,14,13,27,27
S1745,13,14,27,27
H.R3177,14,13,27,27
HR6913,15,12,27,9
S687,14,13,27,27
S3452,14,13,27,24
S3405,13,14,27,27
H.R6472,14,13,27,25
S2147,14,13,27,27
H.R7587,13,14,27,27
H.R1482,14,13,27,27
H.R3462,14,13,27,27
H.R2836,14,13,27,27
S3994,14,13,27,27
S4141,14,13,27,19
H.R7656,17,10,27,24
H.R7828,15,12,27,27
H.R7896,14,13,27,27
H.R7732,19,8,27,14
H.R4426,14,13,27,27
H.R7793,14,13,27,27
S4264,14,13,27,27
S3674,14,13,27,25
H.R8524,13,14,27,21
S491,14,13,27,27
H.R1809,15,12,27,23
HR1796,14,13,27,27
H.R584,14,13,27,27
S1389,14,13,27,27
H.R924,14,13,27,27
HR2859,15,12,27,24
S1483,14,13,27,27
H.R3176,14,13,27,25
S2522,13,14,27,27
S2259,13,14,27,27
HR5582,14,13,27,15
S2507,14,13,27,27
H.R5023,14,13,27,27
S2656,14,13,27,27
HR4518,14,13,27,27
H.R6111,14,13,27,27
H.R6189,14,13,27,27
S3448,15,12,27,27
S3226,14,13,27,27
H.R5281,15,12,27,27
H.R6414,14,13,27,27
HR6914,14,13,27,21
H.R7096,14,13,27,27
H.R6324,19,8,27,24
S3661,14,13,27,27
H.R8076,13,14,27,27
H.R115,13,14,27,23
HR9676,14,13,27,27
HR412,12,15,27,27
H.R1894,14,13,27,27
HR1981,14,13,27,27
S328,15,12,27,27
H.R1925,14,13,27,19
H.R242,13,14,27,27
HR1206,14,13,27,27
HR2231,14,13,27,27
HR1991,15,12,27,18
S1922,14,13,27,27
H.R3923,14,13,27,19
H.R3390,15,12,27,21
H.R5258,16,11,27,27
H.R4859,13,13,26,26
H.R2750,13,13,26,26
H.R5480,13,13,26,14
HR2569,13,13,26,26
HR3405,13,13,26,26
S2692,13,13,26,26
HR5499,13,13,26,26
H.J.RES1,13,13,26,10
H.R576,13,13,26,26
H.R5129,13,13,26,22
HR4251,13,13,26,16
H.R1524,13,13,26,26
HR447,13,13,26,18
H.R474,13,13,26,26
H.R4003,13,13,26,20
HR2692,14,12,26,26
S215,13,13,26,26
HR102,14,12,26,17
HR1294,13,13,26,26
HR5037,13,13,26,26
S4547,13,13,26,26
H.R3405,13,13,26,26
H.R2190,13,13,26,26
H.R240,13,13,26,26
HR5944,13,13,26,26
S3247,13,13,26,26
S3388,13,13,26,26
HR3554,13,13,26,18
H.R1154,13,13,26,26
H.R2806,13,13,26,26
HR2731,13,13,26,20
HR3502,13,13,26,26
HR345,13,13,26,26
H.R2695,13,13,26,26
S3802,13,13,26,22
S2509,13,13,26,26
S3053,13,13,26,26
H.R6005,13,13,26,26
S76,13,13,26,24
SJRES14,13,13,26,18
H.R4536,13,13,26,26
H.R5546,13,13,26,26
H.R3270,13,13,26,26
HR1780,13,13,26,26
HR4777,13,13,26,26
HR4289,13,13,26,26
HR2611,14,12,26,17
H.R5203,13,13,26,26
H.R7394,14,12,26,18
HR7353,13,13,26,26
H.R4969,13,13,26,14
H.R6735,15,11,26,17
S3990,13,13,26,22
H.R7234,13,13,26,26
H.R5909,13,13,26,26
H.R3992,13,13,26,24
S370,13,13,26,26
H.R3310,13,13,26,26
H.R5086,13,13,26,26
H.R6032,13,13,26,26
HR710,13,13,26,26
HR5435,13,13,26,26
S295,13,13,26,26
H.R3806,13,13,26,20
HR295,14,12,26,26
H.R1950,13,13,26,26
H.R7202,13,13,26,26
H.R3101,13,13,26,26
H.R6970,13,13,26,26
HR3455,13,13,26,26
HR4020,13,13,26,26
H.R202,13,13,26,26
H.R7427,13,13,26,26
S1738,13,13,26,14
H.R4292,13,13,26,26
H.R1075,13,13,26,26
H.R5556,13,13,26,26
S3817,14,12,26,25
H.R343,13,13,26,18
H.J.RES76,13,13,26,26
S.J.RES43,13,13,26,24
S1003,13,13,26,26
H.R7175,13,13,26,26
S3143,13,13,26,26
S158,13,13,26,26
H.R3240,13,13,26,26
S3177,13,13,26,22
H.R5128,13,13,26,26
S1160,13,13,26,26
H.R910,13,13,26,26
H.R2607,14,12,26,26
H.R5910,13,13,26,26
H.R6186,14,12,26,25
S2807,13,13,26,16
HR4944,13,13,26,18
HR3783,13,13,26,18
H.J.RES78,13,13,26,26
H.R2345,14,12,26,24
H.R3351,14,12,26,24
H.R4788,14,12,26,26
S489,13,13,26,26
S2184,13,13,26,26
S2769,13,13,26,26
H.R2112,13,13,26,22
S600,13,13,26,26
HR2733,13,13,26,26
S1081,13,13,26,26
HR4534,13,13,26,26
H.R981,13,13,26,26
H.R7410,13,13,26,26
HR2635,13,13,26,26
H.R5743,13,13,26,24
H.R6361,14,12,26,26
HR3635,13,13,26,26
H.R5396,13,13,26,24
H.R3580,13,13,26,26
H.R6987,13,13,26,20
S1305,13,13,26,26
S2244,13,13,26,26
S4530,15,11,26,26
S3616,13,13,26,26
H.R5739,13,13,26,26
HR6381,13,13,26,26
HR2860,13,13,26,10
HR205,13,13,26,26
HR285,13,13,26,26
HR4032,14,12,26,26
H.R685,13,13,26,10
HR874,13,13,26,26
S2500,13,13,26,26
H.R7288,13,13,26,26
H.R1148,13,13,26,26
H.R570,13,13,26,22
S2066,13,13,26,26
HR4759,13,13,26,18
HR900,13,13,26,26
HR844,13,13,26,16
HR4237,13,13,26,26
HR5912,13,13,26,26
H.R4904,13,13,26,20
S1372,13,13,26,26
HR2493,13,13,26,26
S1085,13,13,26,26
S4509,13,13,26,20
H.R5438,13,13,26,20
HR2828,13,13,26,26
H.R837,13,13,26,26
H.R7534,13,13,26,26
H.R4381,13,13,26,26
H.R4729,13,13,26,26
H.R7306,13,13,26,26
H.R1217,13,13,26,26
H.R8116,13,13,26,20
HR7630,13,13,26,20
S4177,13,13,26,26
H.R8201,13,13,26,26
S4176,13,13,26,26
S4296,13,13,26,18
S4374,13,13,26,26
H.R7922,13,13,26,26
S4471,13,13,26,26
H.R4941,13,13,26,24
H.R4186,13,13,26,26
HR6493,13,13,26,18
S1321,13,13,26,26
H.R7517,13,13,26,26
S3210,13,13,26,12
HR7995,13,13,26,26
H.R8253,13,13,26,26
H.R7693,13,13,26,26
HR3648,13,13,26,26
H.R8384,13,13,26,26
H.R4546,14,12,26,26
S2332,13,13,26,26
H.R7630,13,13,26,18
H.R5998,13,13,26,26
H.R8304,13,13,26,26
H.R9040,13,13,26,20
H.R8542,13,13,26,26
HR482,13,13,26,26
S5054,13,13,26,22
S4699,13,13,26,26
S4784,13,13,26,22
S305,13,13,26,24
H.R8641,13,13,26,22
S3976,13,13,26,22
H.R8966,13,13,26,14
H.R9030,13,13,26,24
H.R9060,13,13,26,26
S4918,13,13,26,18
H.R8458,11,15,26,18
S515,13,13,26,26
HR9462,13,13,26,24
H.R680,13,13,26,26
S5137,13,13,26,24
S5157,13,13,26,26
S4633,13,13,26,26
S5178,13,13,26,24
S5005,13,13,26,24
H.R7766,13,13,26,26
S4992,13,13,26,26
S4719,13,13,26,26
H.J.RES16,13,13,26,26
S812,13,13,26,26
H.R411,13,13,26,26
HR927,13,13,26,26
S858,13,13,26,26
HR680,17,9,26,17
S1103,13,13,26,18
HR1139,14,12,26,26
HR1402,13,13,26,26
H.R585,13,13,26,26
S1168,14,12,26,26
S950,13,13,26,26
H.R1233,13,13,26,26
S4884,13,13,26,22
H.R6459,13,13,26,26
H.R9148,13,13,26,26
HR1810,13,13,26,26
H.R9414,13,13,26,26
S67,13,13,26,26
HR682,13,13,26,26
S249,13,13,26,26
H.R250,13,13,26,26
H.J.RES45,13,13,26,20
H.R146,13,13,26,20
H.R1763,13,13,26,26
H.R132,13,13,26,26
H.R868,13,13,26,26
S555,13,13,26,26
HR1586,13,13,26,26
HJRES25,13,13,26,26
HR4190,13,13,26,26
H.R2959,13,13,26,26
H.R3727,13,13,26,22
HR4566,13,13,26,26
S4101,13,13,26,22
S1726,13,13,26,26
HR3377,13,13,26,26
HR1450,13,13,26,14
H.R722,13,13,26,18
H.R3813,13,13,26,18
HR3682,14,12,26,24
H.R182,13,13,26,26
HR4335,13,13,26,20
H.R3466,13,13,26,26
HR488,13,13,26,26
H.R4159,13,13,26,22
H.R4584,13,13,26,26
HR2887,13,13,26,20
HR2365,13,13,26,16
H.R4831,14,12,26,26
H.R4991,14,12,26,26
H.R5976,12,14,26,26
HR4775,13,13,26,26
H.R4814,13,13,26,26
S2063,14,12,26,24
H.R5014,13,13,26,16
H.R5917,13,13,26,26
H.R559,13,13,26,24
HR2423,14,12,26,26
H.R6405,13,13,26,24
S3147,13,13,26,26
H.R6471,13,13,26,26
HR6747,13,13,26,22
S3390,13,13,26,26
HR6301,13,13,26,26
HR6487,13,13,26,16
S2672,14,12,26,26
S2049,14,12,26,26
H.R6404,13,13,26,22
S3480,16,10,26,23
H.R456,13,13,26,26
H.R5584,14,12,26,24
HR6718,14,12,26,24
H.R4152,13,13,26,26
S3753,13,13,26,26
HR7023,13,13,26,26
H.R7252,13,13,26,26
S3657,13,13,26,26
H.R6276,13,13,26,26
HR7198,13,13,26,18
S3775,14,12,26,26
S3594,13,13,26,26
HR7513,13,13,26,26
H.R7711,13,13,26,26
H.J.RES124,13,13,26,26
H.J.RES126,14,12,26,26
HR5099,13,13,26,26
S4292,13,13,26,26
H.J.RES135,13,13,26,16
H.R8110,13,13,26,26
H.J.RES159,13,13,26,20
H.J.RES155,13,13,26,20
S.J.RES86,13,13,26,20
H.J.RES157,13,13,26,20
H.R970,13,13,26,16
H.R8631,13,13,26,18
H.R2729,14,12,26,26
H.R966,13,13,26,6
S4773,13,13,26,26
H.R9614,13,13,26,18
S4960,13,13,26,20
H.R9608,13,13,26,22
H.R10248,13,13,26,8
S5333,13,13,26,8
H.R2198,13,13,26,26
HR1496,14,12,26,17
H.R2262,14,12,26,24
H.R2527,14,12,26,26
HR2243,13,13,26,20
HR2675,13,13,26,26
H.R3378,13,13,26,26
H.R3573,13,13,26,20
H.R1847,13,13,26,26
H.R6197,19,7,26,26
H.R6350,17,9,26,26
H.R7128,19,7,26,26
S2684,13,12,25,25
HR5483,13,12,25,25
H.R5997,12,13,25,25
HR4616,15,10,25,21
S1963,13,12,25,25
HR775,13,12,25,25
S3148,13,12,25,25
S2859,13,12,25,25
S2087,13,12,25,25
S3025,13,12,25,25
HR3611,13,12,25,25
H.R475,13,12,25,25
H.R5019,13,12,25,25
S3511,14,11,25,24
S3240,13,12,25,9
S2176,13,12,25,25
H.R5737,14,11,25,25
S3608,13,12,25,25
H.R2342,13,12,25,19
H.J.RES62,12,13,25,25
H.R6886,12,13,25,25
H.R8265,12,13,25,25
H.R5245,13,12,25,25
H.R4642,12,13,25,25
H.R127,13,12,25,25
S1155,13,12,25,25
S2320,13,12,25,25
H.R6184,13,12,25,23
S3533,13,12,25,25
H.R3911,12,13,25,25
H.R558,13,12,25,25
H.R563,13,12,25,25
H.R4945,13,12,25,23
HR4110,13,12,25,25
H.R1905,13,12,25,25
H.R2087,13,12,25,25
S3585,18,7,25,25
H.R7036,13,12,25,25
S2132,13,12,25,25
S3495,18,7,25,14
S2676,13,12,25,25
S2657,13,12,25,25
HR1260,12,13,25,25
S3701,13,12,25,25
HR3805,13,12,25,25
HR5596,13,12,25,25
S2797,13,12,25,25
H.R7393,12,13,25,25
S3339,15,10,25,25
H.R3732,13,12,25,21
S3220,14,11,25,17
H.R5890,12,13,25,25
H.R7150,12,13,25,23
H.R5247,12,13,25,25
HR1487,13,12,25,25
H.R5336,14,11,25,25
S1601,12,13,25,25
HR4457,13,12,25,25
HR5768,13,12,25,25
H.R943,13,12,25,25
HR26,16,9,25,20
H.R3218,14,11,25,25
H.R2348,13,12,25,25
H.R4340,13,12,25,25
H.R1642,13,12,25,19
H.R7720,13,12,25,25
S4088,13,12,25,25
HR8200,13,12,25,25
H.R7923,12,13,25,25
H.R7973,16,9,25,21
HR973,13,12,25,25
S4014,13,12,25,25
H.R3531,13,12,25,25
H.R7862,13,12,25,9
HR4246,13,12,25,25
HR6918,13,12,25,23
S3930,13,12,25,25
H.R36,13,12,25,25
H.R843,13,12,25,25
HR1616,13,12,25,25
HR5050,13,12,25,25
HR536,14,11,25,19
H.R1196,13,12,25,25
HR1063,13,12,25,25
H.R207,13,12,25,25
H.R1465,13,12,25,25
S1091,12,13,25,25
S798,13,12,25,25
H.R3649,13,12,25,25
H.R3695,13,12,25,25
HR4090,13,12,25,25
S1911,12,13,25,25
S2174,12,13,25,25
H.R3194,13,12,25,25
HR3875,13,12,25,23
S1682,13,12,25,25
HR521,13,12,25,25
HR4104,13,12,25,25
HR4752,14,11,25,23
HR2817,13,12,25,25
HR5535,13,12,25,25
S2128,13,12,25,25
S2397,13,12,25,25
H.R6417,14,11,25,16
HR662,13,12,25,13
H.R6553,14,11,25,25
HR6319,13,12,25,23
S.J.RES39,13,12,25,25
H.R6068,13,12,25,25
H.R3542,13,12,25,15
H.R6882,15,10,25,22
H.R5123,14,11,25,15
H.R5467,14,11,25,25
H.R7654,12,13,25,17
H.R2762,13,12,25,25
S3348,14,11,25,23
H.R7362,13,12,25,23
H.R6665,13,12,25,25
H.R223,13,12,25,21
S.J.RES96,13,12,25,25
S.J.RES90,13,12,25,25
S1555,14,11,25,25
S4206,13,12,25,25
H.R9632,15,10,25,15
S5218,12,13,25,25
H.R9194,13,12,25,25
H.R527,13,12,25,25
H.R2609,13,12,25,25
HR2218,13,12,25,25
S841,15,10,25,23
H.R2865,13,12,25,25
H.R4142,14,11,25,25
HR6703,14,11,25,16
H.R7091,17,8,25,9
S3822,21,4,25,24
S2659,12,12,24,24
H.R2374,12,12,24,24
S672,12,12,24,24
H.R6480,12,12,24,24
HR1355,12,12,24,24
HR110,12,12,24,24
S1915,14,10,24,21
HR3321,12,12,24,22
HR3793,12,12,24,24
HR4218,13,11,24,24
HR4486,12,12,24,24
H.R289,12,12,24,24
H.R5362,12,12,24,24
HR3368,12,12,24,24
HR1676,12,12,24,24
HR3071,12,12,24,24
HR3153,12,12,24,24
HR4500,12,12,24,24
HR5756,12,12,24,8
HR5996,12,12,24,24
H.R6602,12,12,24,20
HR392,12,12,24,22
H.R3958,12,12,24,20
H.R917,12,12,24,24
HR1686,12,12,24,20
S1777,12,12,24,24
HR1274,12,12,24,24
HR1529,12,12,24,24
HR4307,12,12,24,24
HR232,12,12,24,24
S3415,12,12,24,24
HR239,12,12,24,24
HR2167,12,12,24,24
H.R2724,11,13,24,24
HR6323,12,12,24,24
HR1124,12,12,24,24
H.R6337,13,11,24,23
H.R1933,12,12,24,24
H.R1240,12,12,24,24
S3411,12,12,24,24
H.R1959,12,12,24,24
H.R5356,12,12,24,22
H.R6347,13,11,24,24
S1013,12,12,24,24
S3069,12,12,24,24
HR6020,12,12,24,24
H.R4938,12,12,24,24
S451,12,12,24,24
HR1763,12,12,24,24
H.R5202,12,12,24,16
H.R280,12,12,24,24
HR2682,12,12,24,24
HR4940,12,12,24,24
HR358,12,12,24,24
HR6746,14,10,24,21
HR1746,12,12,24,24
H.R4026,12,12,24,24
H.R3894,12,12,24,24
HR4810,12,12,24,16
S1129,12,12,24,24
S1681,12,12,24,24
H.R314,12,12,24,20
S3697,12,12,24,16
H.R294,12,12,24,24
HR166,12,12,24,16
HR1453,12,12,24,16
H.R2719,12,12,24,24
H.R5357,12,12,24,24
S3222,12,12,24,24
H.R7889,12,12,24,24
H.R1854,12,12,24,16
H.R4347,12,12,24,24
H.R9054,12,12,24,24
H.R7206,12,12,24,24
HR2037,13,11,24,24
H.R3528,12,12,24,24
H.R3002,12,12,24,24
S2726,12,12,24,24
H.R4413,12,12,24,16
H.R4474,13,11,24,24
H.R7045,12,12,24,24
H.R4321,12,12,24,18
HR1813,12,12,24,20
HR1349,12,12,24,16
HR1956,12,12,24,24
H.R4617,12,12,24,24
H.R1484,12,12,24,16
H.R2942,12,12,24,24
H.R1936,12,12,24,24
H.R4226,12,12,24,24
S2831,12,12,24,24
S2832,12,12,24,24
H.R3867,12,12,24,22
H.R5466,12,12,24,20
H.R6370,12,12,24,24
H.R6950,12,12,24,24
HR7330,12,12,24,24
HR1877,12,12,24,16
H.R455,12,12,24,24
H.R3997,12,12,24,24
HR3258,12,12,24,24
H.R1020,12,12,24,24
S3054,12,12,24,22
H.R4082,12,12,24,24
H.R5807,12,12,24,24
S446,13,11,24,24
S2055,12,12,24,24
S1918,12,12,24,20
HR4650,12,12,24,24
HR1652,12,12,24,24
S47,12,12,24,24
H.R3994,13,11,24,24
H.R5543,12,12,24,24
H.R5947,12,12,24,24
S1156,12,12,24,22
H.R3031,12,12,24,24
H.R386,12,12,24,24
H.R463,12,12,24,24
H.R3574,12,12,24,24
S604,12,12,24,24
H.R4916,12,12,24,24
H.R3265,12,12,24,24
H.J.RES2,12,12,24,24
H.J.RES19,12,12,24,24
H.R101,12,12,24,24
H.R103,12,12,24,24
H.R1690,12,12,24,16
H.R6502,14,10,24,24
H.R6525,12,12,24,24
H.R6590,12,12,24,20
S2782,12,12,24,24
S3474,13,11,24,24
S241,12,12,24,24
S4502,12,12,24,24
HR7285,12,12,24,24
H.R2235,13,11,24,24
H.R4803,12,12,24,16
HR1200,12,12,24,24
S2411,12,12,24,14
H.R2029,12,12,24,24
S2919,12,12,24,14
HR512,12,12,24,24
H.R6749,12,12,24,24
H.R1728,12,12,24,24
H.R6096,12,12,24,24
HR6880,12,12,24,24
S457,12,12,24,24
S3359,12,12,24,24
H.R2027,12,12,24,24
S4321,12,12,24,24
HR3694,12,12,24,12
H.R6884,12,12,24,20
H.R1038,12,12,24,24
H.R3377,12,12,24,24
H.R3767,12,12,24,24
S2239,12,12,24,24
HR4832,13,11,24,24
S2791,12,12,24,24
S3827,12,12,24,24
S2198,13,11,24,24
H.R4200,12,12,24,24
HR1045,12,12,24,24
HR7060,12,12,24,24
H.R5752,12,12,24,24
HR83,12,12,24,24
S3953,12,12,24,24
S2079,12,12,24,24
H.R5684,13,11,24,24
HR2915,12,12,24,8
HR1155,12,12,24,8
S1249,12,12,24,16
H.R3733,12,12,24,24
HR1371,12,12,24,24
S31,12,12,24,24
S333,12,12,24,22
HR2851,12,12,24,24
S.J.RES13,12,12,24,24
H.R1866,12,12,24,24
H.R1215,12,12,24,24
H.R3689,12,12,24,24
H.R106,12,12,24,24
S3394,13,11,24,18
HR3293,12,12,24,24
HR1826,12,12,24,24
H.R8990,12,12,24,24
HR3087,12,12,24,24
H.R689,13,11,24,22
HR1231,12,12,24,24
HR1699,12,12,24,24
H.R1362,12,12,24,24
HR3589,12,12,24,24
S58,12,12,24,24
H.R5020,12,12,24,18
HR7735,12,12,24,12
H.R7775,12,12,24,24
S4104,12,12,24,24
S4151,12,12,24,22
H.R8209,12,12,24,14
H.R7672,12,12,24,24
S4287,12,12,24,22
S4053,12,12,24,24
S4400,12,12,24,24
H.R8181,12,12,24,12
H.R8161,12,12,24,12
H.R8007,12,12,24,24
H.R6618,12,12,24,20
H.R7218,12,12,24,24
H.R3273,12,12,24,16
H.R7498,12,12,24,24
H.R7512,12,12,24,24
S4248,13,11,24,20
H.R8299,12,12,24,24
S2667,13,11,24,20
S4496,12,12,24,24
H.R6346,12,12,24,24
S4789,11,13,24,12
S4859,12,12,24,14
H.R8503,10,14,24,16
H.R8585,12,12,24,24
H.R8349,12,12,24,22
H.R8300,12,12,24,16
H.R9033,12,12,24,22
S4579,12,12,24,20
HR8450,12,12,24,20
H.R9021,12,12,24,24
HR8811,12,12,24,20
S4841,12,12,24,24
H.R8558,12,12,24,20
S5046,12,12,24,24
HR8824,12,12,24,24
S4865,12,12,24,24
H.R8811,12,12,24,24
HR8446,12,12,24,24
H.R2642,12,12,24,24
H.R8640,12,12,24,22
H.R8956,14,10,24,21
S4758,12,12,24,24
S4868,12,12,24,20
H.R8521,12,12,24,20
H.R8970,12,12,24,24
H.R8727,12,12,24,12
S4521,12,12,24,24
S4542,13,11,24,13
HR8575,12,12,24,24
H.R8856,12,12,24,24
S1899,12,12,24,24
H.R8676,12,12,24,24
H.R9463,12,12,24,22
H.R9429,12,12,24,24
S5039,12,12,24,12
H.R9412,12,12,24,12
HR2153,22,2,24,10
H.R370,12,12,24,18
H.R360,12,12,24,24
H.R1106,12,12,24,24
S1051,12,12,24,24
H.J.RES31,12,12,24,20
HR226,12,12,24,24
HR2526,12,12,24,24
H.R420,12,12,24,10
H.R1254,13,11,24,24
H.R931,12,12,24,24
H.J.RES18,12,12,24,18
HR307,12,12,24,24
HR467,12,12,24,24
HR1660,12,12,24,24
H.R904,12,12,24,24
HR1241,12,12,24,24
H.R572,12,12,24,24
HR1347,12,12,24,24
H.R1242,12,12,24,24
HR1804,12,12,24,8
HR2726,12,12,24,22
S1223,12,12,24,14
HR3040,12,12,24,24
S2294,12,12,24,24
HR3388,12,12,24,24
HR2593,12,12,24,24
H.R3406,12,12,24,24
H.R2686,12,12,24,24
HR2938,12,12,24,24
S1196,12,12,24,18
H.R2976,12,12,24,24
H.R3809,12,12,24,24
HR3229,12,12,24,24
HR2516,13,11,24,19
HR2732,12,12,24,24
S1419,13,11,24,24
H.R170,13,11,24,24
HR3507,12,12,24,24
H.R3439,12,12,24,24
H.R3582,12,12,24,24
HR3248,12,12,24,24
H.R2950,12,12,24,22
HR5130,12,12,24,24
HR4684,12,12,24,12
HR4260,12,12,24,18
HR5633,12,12,24,24
S2778,12,12,24,24
H.R5572,12,12,24,24
H.R5040,12,12,24,24
H.R4569,12,12,24,24
HR5085,12,12,24,14
HR5718,12,12,24,24
H.R4894,12,12,24,24
H.R4893,12,12,24,24
HR5513,12,12,24,24
S2008,12,12,24,24
H.R5156,12,12,24,12
HR8402,12,12,24,24
H.R5108,13,11,24,13
H.J.RES82,12,12,24,20
S3033,12,12,24,24
H.R4761,12,12,24,24
S2211,13,11,24,24
HR5078,14,10,24,12
H.R5810,13,11,24,23
S3540,12,12,24,18
H.J.RES99,12,12,24,24
S3256,12,12,24,24
S3338,13,11,24,19
HR6681,12,12,24,24
H.R3696,12,12,24,24
S2816,12,12,24,24
H.R6693,12,12,24,18
HR5846,12,12,24,12
H.R6455,15,9,24,20
HR6114,12,12,24,24
S3478,13,11,24,24
H.R6004,12,12,24,16
HR6829,15,9,24,20
S1489,13,11,24,24
HR6663,12,12,24,22
HR4733,12,12,24,24
H.R6140,12,12,24,24
H.R6003,12,12,24,24
HR6408,12,12,24,24
H.R7361,13,11,24,22
HR7629,12,12,24,16
S3669,12,12,24,24
H.J.RES107,12,12,24,24
S3995,12,12,24,24
H.R7924,11,13,24,18
H.R7936,12,12,24,24
H.R7092,13,11,24,24
H.R7471,12,12,24,24
H.R7334,15,9,24,10
H.R5082,12,12,24,24
H.R7673,12,12,24,22
H.R7645,13,11,24,22
S4039,13,11,24,24
S.J.RES72,12,12,24,24
S4304,12,12,24,14
H.R8444,11,13,24,18
H.J.RES141,12,12,24,10
H.R8860,12,12,24,18
H.R8648,12,12,24,24
HR7788,12,12,24,24
HR8834,12,12,24,24
H.R7569,12,12,24,24
S5069,12,12,24,24
S4931,12,12,24,16
HR9886,12,12,24,4
H.R9193,12,12,24,24
H.R9886,12,12,24,22
H.R9687,12,12,24,24
H.R9456,12,12,24,16
H.R9179,12,12,24,12
S5091,12,12,24,22
S.J.RES114,13,11,24,24
H.R9466,12,12,24,22
H.R9758,12,12,24,16
S5468,12,12,24,24
S5573,12,12,24,18
HR1151,12,12,24,24
H.R43,12,12,24,24
H.R2055,12,12,24,24
H.R2151,13,11,24,24
H.R1137,12,12,24,24
H.R2240,12,12,24,24
H.R1244,14,10,24,16
HR2110,13,11,24,24
H.J.RES72,18,6,24,17
HR658,12,12,24,16
H.R2835,13,11,24,22
H.R2756,14,10,24,24
S1797,12,12,24,18
H.R3314,12,12,24,18
H.R4216,13,11,24,24
H.R5597,14,10,24,9
S2470,15,9,24,18
H.R846,12,11,23,23
H.R4357,12,11,23,23
HR642,14,9,23,18
HR1264,12,11,23,23
H.R7294,12,11,23,19
S3863,12,11,23,17
H.R4833,12,11,23,23
H.R529,12,11,23,23
S1415,12,11,23,23
H.R5195,13,10,23,19
H.R6234,12,11,23,23
H.R1776,12,11,23,21
H.R2216,12,11,23,23
S3333,12,11,23,21
H.R3948,11,12,23,23
S1177,12,11,23,17
S2639,11,12,23,15
H.R2038,12,11,23,23
H.R4183,12,11,23,23
H.R6451,12,11,23,21
H.R5230,12,11,23,23
H.R6143,12,11,23,23
HR7073,12,11,23,23
H.R5780,12,11,23,23
H.R4585,12,11,23,23
H.R6707,13,10,23,21
S2216,12,11,23,21
H.R5661,12,11,23,15
H.R1663,12,11,23,23
H.R2877,12,11,23,23
S1203,12,11,23,23
H.R6228,12,11,23,23
S3813,16,7,23,18
H.R3050,12,11,23,23
H.R7095,12,11,23,23
H.R2906,12,11,23,23
H.R3513,12,11,23,23
S2940,12,11,23,23
H.R8132,12,11,23,23
HR3119,12,11,23,23
H.R1024,11,12,23,23
HR1870,12,11,23,23
S3344,13,10,23,23
S1989,12,11,23,23
HR909,11,12,23,23
S3774,13,10,23,21
H.R3392,12,11,23,23
S3912,12,11,23,23
S2813,12,11,23,23
H.R2211,11,12,23,23
HR1987,12,11,23,23
H.R322,12,11,23,21
S4268,12,11,23,23
S3952,12,11,23,23
S4005,12,11,23,23
H.R4702,12,11,23,23
S4230,13,10,23,23
S3993,12,11,23,23
H.R8252,12,11,23,17
S4516,12,11,23,21
H.R7658,12,11,23,23
S4880,11,12,23,15
S4904,12,11,23,23
H.R8806,12,11,23,17
H.R433,12,11,23,23
H.R403,12,11,23,23
HR1003,12,11,23,23
H.R1607,12,11,23,23
HR1006,12,11,23,23
S310,12,11,23,23
HR736,12,11,23,23
H.R3545,12,11,23,23
H.R3931,12,11,23,23
S1891,12,11,23,23
H.J.RES55,12,11,23,23
H.R3956,11,12,23,23
HR3442,12,11,23,23
H.R2972,12,11,23,23
H.R3583,11,12,23,23
HR2736,12,11,23,23
H.R3598,13,10,23,21
H.R1831,12,11,23,23
H.R5346,12,11,23,23
SJRES31,11,12,23,23
H.R5154,12,11,23,23
H.R6450,13,10,23,23
H.R6894,14,9,23,16
H.R6432,12,11,23,23
H.R6177,13,10,23,18
HR6673,12,11,23,23
S3167,12,11,23,23
H.R6014,12,11,23,21
HR7725,13,10,23,18
S3682,16,7,23,23
H.J.RES114,11,12,23,23
HR4528,12,11,23,15
S3622,12,11,23,19
S3732,12,11,23,21
H.R8104,14,9,23,22
S3852,18,5,23,22
S.J.RES81,12,11,23,15
H.R8267,12,11,23,23
S.J.RES93,11,12,23,23
H.R9801,12,11,23,23
H.R9014,15,8,23,16
H.R2105,12,11,23,23
H.R332,11,12,23,19
H.R777,12,11,23,23
H.R2142,12,11,23,23
HR1128,12,11,23,17
H.R1598,12,11,23,23
H.R3349,12,11,23,23
H.R3945,12,11,23,23
H.R4199,12,11,23,23
H.R3010,12,11,23,23
H.R5321,15,8,23,5
H.R6289,14,9,23,21
H.R5309,11,11,22,22
HR1801,11,11,22,22
HR4506,11,11,22,22
HR4626,11,11,22,22
HR4731,11,11,22,22
S3047,11,11,22,22
HR6823,11,11,22,18
H.R1460,11,11,22,16
HR252,11,11,22,20
HR3113,11,11,22,22
HR3203,11,11,22,22
H.R2268,11,11,22,22
S1468,11,11,22,22
HR3592,11,11,22,22
H.R4967,11,11,22,22
H.R785,11,11,22,22
S2582,11,11,22,16
H.R4210,11,11,22,22
H.R5832,11,11,22,22
H.R5495,11,11,22,20
HR2021,11,11,22,14
H.R3205,11,11,22,22
S2206,11,11,22,18
S1603,11,11,22,22
S363,11,11,22,14
S375,12,10,22,22
HR3676,11,11,22,22
H.R2465,11,11,22,18
HR4141,11,11,22,22
H.J.RES28,11,11,22,18
H.R4251,11,11,22,20
H.R5848,12,10,22,22
HR2168,11,11,22,22
S2346,11,11,22,10
S3916,12,10,22,22
H.R5841,11,11,22,22
H.R245,11,11,22,22
HR4122,11,11,22,22
S614,11,11,22,22
HR4008,11,11,22,22
S2001,11,11,22,22
H.R5578,11,11,22,22
H.R1357,11,11,22,22
H.R5293,11,11,22,16
S1240,11,11,22,22
HR3650,11,11,22,22
HR4451,12,10,22,11
HR5581,11,11,22,22
H.R8805,11,11,22,22
HR3886,11,11,22,22
H.R2280,11,11,22,22
H.R4953,11,11,22,22
H.R6247,11,11,22,22
S2573,11,11,22,22
HR853,11,11,22,22
S99,11,11,22,22
S86,11,11,22,22
H.R5344,11,11,22,22
H.R7065,11,11,22,22
S3786,12,10,22,21
S1984,11,11,22,22
H.R402,11,11,22,22
HR6134,11,11,22,14
S3451,11,11,22,18
HR969,11,11,22,14
H.R876,11,11,22,22
HR4922,13,9,22,13
S1192,11,11,22,18
S760,11,11,22,22
HR3600,11,11,22,22
H.R78,11,11,22,22
HR2668,11,11,22,22
H.R7608,11,11,22,22
H.R6139,12,10,22,22
S3007,12,10,22,22
H.R3235,11,11,22,14
H.R4934,11,11,22,22
H.R6844,12,10,22,22
H.R6515,11,11,22,18
H.R1368,11,11,22,12
H.R636,12,10,22,21
S1345,11,11,22,22
HR3755,11,11,22,22
S2563,11,11,22,22
HR2549,11,11,22,22
H.R1553,11,11,22,22
H.R7229,11,11,22,22
H.R2047,11,11,22,16
H.R693,11,11,22,14
H.R3642,11,11,22,20
H.R4691,11,11,22,22
H.R6904,11,11,22,22
HR6397,11,11,22,20
HR5441,11,11,22,18
HR7116,11,11,22,22
S3026,11,11,22,22
H.R6425,12,10,22,19
H.R5915,11,11,22,22
HR1149,11,11,22,22
HR1156,11,11,22,22
HR4663,11,11,22,18
S27,11,11,22,22
H.R7904,11,11,22,20
HR1742,11,11,22,22
HR598,11,11,22,12
HR5385,11,11,22,22
HR5563,11,11,22,22
H.R1370,11,11,22,22
S1497,11,11,22,22
H.R4301,11,11,22,22
H.R105,11,11,22,22
H.R7482,11,11,22,14
S1431,12,10,22,11
HR3182,11,11,22,18
H.R3965,11,11,22,22
S883,11,11,22,22
S3555,11,11,22,20
H.R3835,11,11,22,22
HR3636,11,11,22,22
S2814,12,10,22,22
H.R2524,11,11,22,22
S2170,11,11,22,22
HR7434,11,11,22,18
HR619,11,11,22,22
HR3544,11,11,22,22
H.R479,11,11,22,22
H.R6643,11,11,22,22
H.R1758,11,11,22,22
HR7375,11,11,22,22
S4223,11,11,22,22
H.R8113,11,11,22,22
H.R8165,11,11,22,22
H.R7633,11,11,22,22
H.R7651,12,10,22,16
HR7740,11,11,22,22
S4345,11,11,22,22
H.R7472,11,11,22,22
H.R8013,13,9,22,22
H.R6063,11,11,22,14
H.R7540,12,10,22,22
H.R7746,11,11,22,20
S4485,11,11,22,22
HR2847,11,11,22,18
H.R8144,11,11,22,22
H.R6770,11,11,22,20
H.R7544,11,11,22,22
H.R2907,11,11,22,22
HR4990,11,11,22,22
H.R7259,11,11,22,22
H.R7706,11,11,22,22
S3913,11,11,22,22
H.R7649,11,11,22,14
S4416,11,11,22,18
H.R7548,14,8,22,19
H.R7755,11,11,22,22
H.R7628,11,11,22,16
H.R8243,11,11,22,22
H.R8003,12,10,22,22
S4391,11,11,22,22
S3964,11,11,22,22
HR5118,11,11,22,14
HR8069,11,11,22,22
HR693,11,11,22,22
HR7643,11,11,22,16
H.R8219,11,11,22,22
H.R8224,11,11,22,22
HR4077,11,11,22,22
S4227,11,11,22,22
S5057,11,11,22,22
HR8487,11,11,22,22
S4582,11,11,22,16
S4997,11,11,22,20
S4906,11,11,22,22
S4851,11,11,22,16
H.R8826,11,11,22,18
S4557,11,11,22,22
H.R8393,11,11,22,10
H.R7228,11,11,22,22
H.R8514,11,11,22,22
S4698,11,11,22,14
S4867,11,11,22,22
H.R9092,11,11,22,20
S4581,11,11,22,16
S2421,11,11,22,22
S4641,11,11,22,22
S5017,11,11,22,22
H.R7329,13,9,22,22
HR7860,11,11,22,14
SJRES32,11,11,22,20
S4770,11,11,22,20
S1327,16,6,22,22
H.R4760,11,11,22,22
H.R9067,11,11,22,20
H.R9310,12,10,22,20
H.R9385,11,11,22,20
HJRES100,11,11,22,18
H.R9260,11,11,22,22
H.R9501,11,11,22,22
H.R8839,11,11,22,20
S5012,11,11,22,22
S5141,11,11,22,18
S5134,11,11,22,18
H.R9243,11,11,22,22
H.R7438,11,11,22,10
HR346,11,11,22,20
HJRES30,11,11,22,20
HR309,11,11,22,22
H.R2059,12,10,22,22
HR1824,11,11,22,22
HR274,11,11,22,22
HR251,11,11,22,22
HR608,11,11,22,22
S112,11,11,22,22
H.R286,11,11,22,22
S19,11,11,22,22
S677,11,11,22,22
H.R1413,11,11,22,22
HR1152,11,11,22,22
H.R6962,12,10,22,22
H.R1547,11,11,22,22
HR1204,11,11,22,22
HR178,11,11,22,12
HR1117,11,11,22,22
H.R1231,11,11,22,22
H.R1513,11,11,22,22
S84,11,11,22,22
S207,11,11,22,20
H.R1164,12,10,22,22
H.R634,11,11,22,22
H.R600,11,11,22,22
H.R1331,11,11,22,22
HR2710,11,11,22,22
S2046,11,11,22,22
HR4212,11,11,22,22
HR2663,11,11,22,22
H.R3840,11,11,22,12
S1617,11,11,22,22
S1824,11,11,22,18
HR3408,11,11,22,22
HR3489,11,11,22,22
H.R3504,11,11,22,22
H.R3094,11,11,22,22
S1897,11,11,22,22
H.R4119,12,10,22,22
H.R2735,11,11,22,22
S1317,11,11,22,22
H.R3081,11,11,22,22
HR4096,11,11,22,22
HR3003,11,11,22,22
H.R2893,11,11,22,22
HR3037,11,11,22,22
S1611,11,11,22,22
S2095,11,11,22,22
H.R2432,11,11,22,22
HR3430,11,11,22,22
HR3653,11,11,22,22
H.R2169,11,11,22,22
H.R3756,11,11,22,22
HR2761,11,11,22,22
HR3033,11,11,22,22
S2636,11,11,22,10
H.R2915,11,11,22,22
H.R5016,11,11,22,22
H.R5664,11,11,22,20
S2124,11,11,22,22
S4237,11,11,22,22
HR4563,11,11,22,22
HR5278,12,10,22,17
S2985,11,11,22,22
H.R5923,11,11,22,22
H.R5847,11,11,22,22
HR2650,11,11,22,22
H.R1191,11,11,22,22
HR3459,11,11,22,22
S2967,11,11,22,14
HR5340,11,11,22,22
H.R5096,11,11,22,22
H.R4739,11,11,22,22
S2630,11,11,22,22
HR5188,12,10,22,22
H.R5201,11,11,22,22
H.R5808,11,11,22,20
H.R5806,11,11,22,16
HR5062,12,10,22,22
H.R5254,11,11,22,20
HR3055,11,11,22,22
HR4605,11,11,22,22
HR4424,11,11,22,22
HR4401,11,11,22,22
HR4461,11,11,22,22
H.R6859,11,11,22,22
S2945,12,10,22,22
HR5163,11,11,22,12
HR6067,11,11,22,20
H.R5918,11,11,22,14
S3438,12,10,22,13
HR5662,11,11,22,22
S3414,11,11,22,22
H.R6716,11,11,22,22
H.R6861,11,11,22,22
S3468,11,11,22,22
S3334,11,11,22,22
H.R4464,12,10,22,20
HR7056,11,11,22,22
H.R7560,11,11,22,10
S3184,11,11,22,22
HR7109,11,11,22,20
H.R4424,12,10,22,22
S.J.RES64,11,11,22,22
H.R7162,11,11,22,22
S4113,13,9,22,22
H.R7638,11,11,22,22
HR6622,11,11,22,18
H.R6815,11,11,22,22
H.R7605,11,11,22,16
S4035,11,11,22,22
H.R7832,12,10,22,22
H.J.RES123,11,11,22,22
H.R3579,11,11,22,22
H.J.RES127,11,11,22,22
H.R8419,11,11,22,22
HR8610,11,11,22,10
S4171,11,11,22,22
S4683,11,11,22,22
H.J.RES151,13,9,22,22
HR1507,11,11,22,18
S4375,11,11,22,18
H.R8075,11,11,22,22
H.R8428,11,11,22,10
H.R5861,12,10,22,16
H.R9488,12,10,22,22
H.R9770,11,11,22,18
H.R9468,10,12,22,17
H.R9885,11,11,22,20
H.R9151,11,11,22,22
S5078,11,11,22,14
S4957,11,11,22,22
S4776,11,11,22,16
S.J.RES112,11,11,22,22
H.R9703,11,11,22,14
H.R8932,11,11,22,22
HR9533,11,11,22,22
HR10445,11,11,22,20
H.R10351,11,11,22,22
S1760,11,11,22,18
HR2029,11,11,22,22
H.R2283,13,9,22,21
H.R1286,11,11,22,22
H.R770,11,11,22,22
H.R1504,12,10,22,22
HR574,11,11,22,22
H.R11970,14,8,22,10
HR341,11,11,22,14
H.R1920,12,10,22,22
HR718,11,11,22,14
HR3699,12,10,22,22
H.R3220,12,10,22,22
HR3501,11,11,22,18
H.R3886,11,11,22,22
H.R3597,12,10,22,15
H.R3158,12,10,22,19
HR3206,12,10,22,22
H.R4178,11,11,22,22
HR4936,11,11,22,14
H.R4782,12,10,22,22
HR5143,13,9,22,13
S3088,11,11,22,18
H.R6166,14,8,22,10
H.R5038,11,10,21,21
S3404,11,10,21,21
HR4233,10,11,21,21
S1511,11,10,21,21
H.R1645,10,11,21,21
S619,11,10,21,21
H.R6165,12,9,21,21
HR777,11,10,21,21
HR1366,11,10,21,21
S3323,11,10,21,19
S3820,11,10,21,21
HR5439,11,10,21,21
HR5921,11,10,21,21
H.R2525,11,10,21,21
S3551,11,10,21,17
H.R4724,11,10,21,21
H.R4871,10,11,21,19
S4550,11,10,21,21
S3599,11,10,21,21
H.R2015,10,11,21,21
H.R4813,10,11,21,21
H.R4741,10,11,21,21
H.R7254,11,10,21,21
S643,10,11,21,21
H.R4722,11,10,21,21
H.R3669,11,10,21,21
H.R6536,11,10,21,19
H.R7917,12,9,21,21
H.R3888,11,10,21,21
H.R4600,10,11,21,17
H.R5811,12,9,21,21
H.R123,10,11,21,21
H.R3315,11,10,21,13
S1583,11,10,21,21
HR3703,11,10,21,21
S4036,11,10,21,21
H.R4147,11,10,21,21
H.R6431,11,10,21,21
S2519,11,10,21,13
H.R1127,11,10,21,21
H.R5797,11,10,21,17
H.R4652,10,11,21,21
HR783,11,10,21,15
H.R3509,11,10,21,21
H.R1132,10,11,21,21
HR7188,11,10,21,21
S4308,11,10,21,21
H.R7365,10,11,21,21
H.R7723,11,10,21,21
S.J.RES21,11,10,21,21
H.R7790,11,10,21,21
H.R7816,12,9,21,20
H.R7977,13,8,21,17
H.R7884,11,10,21,9
H.R923,11,10,21,21
S4488,12,9,21,19
H.R7966,14,7,21,18
HR2160,13,8,21,16
S4622,10,11,21,15
H.R7772,11,10,21,11
HR2907,11,10,21,21
H.R1428,12,9,21,19
S1109,12,9,21,21
S211,11,10,21,19
H.R1658,10,11,21,21
H.R4353,11,10,21,21
H.R4282,11,10,21,21
H.R4416,11,10,21,21
H.R3892,11,10,21,21
H.R4129,11,10,21,21
H.R1536,11,10,21,21
S1638,11,10,21,21
HR3130,11,10,21,21
HR4105,11,10,21,21
H.R4744,11,10,21,21
S1822,11,10,21,21
H.R3134,11,10,21,21
HR4739,11,10,21,21
HR4838,11,10,21,21
H.R316,11,10,21,21
HR4621,11,10,21,21
H.R4621,11,10,21,21
H.R3324,13,8,21,17
HR2818,12,9,21,18
H.R5870,10,11,21,21
H.R6331,10,11,21,21
H.R6920,13,8,21,21
H.R6427,11,10,21,19
H.R7536,11,10,21,21
S3873,10,11,21,21
S3958,10,11,21,21
S3126,10,11,21,21
H.R7866,11,10,21,21
H.R630,11,10,21,21
HR3668,12,9,21,21
S4001,13,8,21,21
S3982,13,8,21,21
HR6015,11,10,21,21
H.R8788,10,11,21,21
H.R8071,11,10,21,21
H.J.RES199,13,8,21,17
HR5467,12,9,21,11
S3275,11,10,21,17
S69,11,10,21,15
HR538,10,11,21,21
S.J.RES35,11,10,21,21
H.J.RES83,11,10,21,21
H.J.RES84,11,10,21,21
HR651,11,10,21,21
H.R2304,11,10,21,21
HR1702,11,10,21,15
H.J.RES57,11,10,21,21
HR3453,12,9,21,20
H.R3444,11,10,21,19
H.R4245,11,10,21,21
H.R3900,11,10,21,21
H.R4486,12,9,21,21
S2279,12,9,21,21
HR5451,13,8,21,19
H.R6047,12,9,21,21
H.R6259,13,8,21,21
HR4313,12,9,21,8
H.R6955,14,7,21,17
HR1957,10,10,20,20
HR1972,10,10,20,10
HR2146,10,10,20,10
HR2269,10,10,20,20
HR3802,10,10,20,20
HR4575,10,10,20,20
HR5380,10,10,20,20
HR1491,10,10,20,20
HR5403,10,10,20,20
HR2936,10,10,20,10
HR2960,10,10,20,20
HR3482,10,10,20,20
HR4645,10,10,20,20
H.R8841,10,10,20,16
H.R7436,10,10,20,14
HR1485,10,10,20,20
H.R2311,10,10,20,20
H.R4565,10,10,20,20
HR989,10,10,20,16
S2702,10,10,20,20
HR336,10,10,20,20
S3136,10,10,20,20
S3523,11,9,20,20
S3550,10,10,20,20
H.R3618,10,10,20,20
H.R6702,11,9,20,18
H.R1596,10,10,20,20
S2526,10,10,20,20
HR165,10,10,20,14
HR2250,10,10,20,12
HR5293,10,10,20,20
HR5295,10,10,20,20
HR5603,10,10,20,20
HR5917,10,10,20,20
H.R7731,10,10,20,20
HR1542,10,10,20,20
HR7155,10,10,20,20
H.R4162,10,10,20,20
H.R3895,10,10,20,20
H.R2421,10,10,20,20
S965,10,10,20,20
H.R4607,10,10,20,20
H.R5375,10,10,20,18
S3915,10,10,20,20
S4647,10,10,20,20
HR1459,10,10,20,20
HR699,10,10,20,20
H.R5842,10,10,20,20
H.R7059,10,10,20,20
HR3956,10,10,20,20
HR2870,10,10,20,20
S3711,11,9,20,20
HR3009,10,10,20,10
H.R6001,10,10,20,20
S3945,10,10,20,16
H.R2092,10,10,20,20
S2996,10,10,20,12
H.R5345,10,10,20,20
HR1550,10,10,20,20
HR4497,10,10,20,20
H.R2498,10,10,20,20
S823,10,10,20,20
H.R7278,10,10,20,14
H.R4925,10,10,20,20
S3260,9,11,20,20
S3985,10,10,20,20
H.R426,10,10,20,18
S4059,10,10,20,20
H.R3831,10,10,20,20
S4089,10,10,20,20
H.R4520,10,10,20,20
H.R7057,10,10,20,12
H.R2929,10,10,20,20
HR5315,11,9,20,15
S1356,10,10,20,12
HR7360,10,10,20,20
HR6048,10,10,20,20
S4967,10,10,20,20
HR4714,10,10,20,20
HR2138,10,10,20,20
S3797,10,10,20,20
S1373,10,10,20,20
S3911,10,10,20,20
S2798,10,10,20,20
HR1437,10,10,20,14
S1879,10,10,20,20
H.R4088,10,10,20,20
H.R877,10,10,20,20
HR3407,10,10,20,20
H.R5039,10,10,20,20
H.R3718,10,10,20,20
H.R4540,10,10,20,18
HR2174,10,10,20,20
HR1814,10,10,20,20
S2618,10,10,20,20
HR968,10,10,20,12
S1221,10,10,20,14
H.R535,10,10,20,20
H.R3985,11,9,20,20
H.R855,10,10,20,20
H.R2378,10,10,20,20
H.R637,10,10,20,20
H.R914,10,10,20,20
HR5150,10,10,20,14
HR897,10,10,20,4
H.R3957,10,10,20,20
H.R5270,11,9,20,20
HR2294,10,10,20,18
H.R5756,10,10,20,16
S3449,10,10,20,20
H.R7262,10,10,20,20
H.R2231,10,10,20,20
H.R4728,10,10,20,20
S2274,10,10,20,14
H.R5816,10,10,20,20
H.R5866,9,11,20,20
H.R6066,10,10,20,20
H.R6733,10,10,20,20
S2972,10,10,20,20
S937,10,10,20,20
S2083,10,10,20,20
H.R5137,10,10,20,16
H.R1890,10,10,20,20
HR3704,10,10,20,20
H.R6847,10,10,20,20
H.R4910,10,10,20,20
S3896,10,10,20,20
H.R6620,11,9,20,20
HR3764,10,10,20,20
HR4911,10,10,20,20
H.R6537,10,10,20,18
H.R4404,10,10,20,20
S2483,10,10,20,20
H.R4332,10,10,20,18
H.R1828,10,10,20,20
H.R7177,10,10,20,20
HR1258,10,10,20,20
HR1271,10,10,20,20
H.R7488,10,10,20,20
HR5203,10,10,20,20
HR6023,10,10,20,20
HR7051,10,10,20,18
S2755,10,10,20,16
H.R2912,10,10,20,20
H.R5381,10,10,20,20
H.R6510,10,10,20,18
HR2043,10,10,20,20
S2468,10,10,20,16
HR4631,10,10,20,20
S3453,10,10,20,20
HR3320,10,10,20,12
H.R1846,10,10,20,14
HR3792,10,10,20,20
HR1595,10,10,20,20
HR1074,10,10,20,20
HR1103,10,10,20,20
HR2183,10,10,20,20
HR3369,10,10,20,20
HR5874,10,10,20,12
S1913,10,10,20,20
HR5416,10,10,20,20
HR3853,10,10,20,20
HR6996,10,10,20,20
H.R2585,10,10,20,20
H.R5261,10,10,20,20
HR5216,10,10,20,20
HR602,10,10,20,20
HR2114,10,10,20,10
HR828,10,10,20,10
HR1035,10,10,20,20
H.R1101,10,10,20,18
S2829,10,10,20,20
H.R2383,10,10,20,20
S4068,10,10,20,20
HR153,10,10,20,20
H.R4711,10,10,20,20
S2448,11,9,20,17
S664,10,10,20,20
HR6855,10,10,20,10
S4985,10,10,20,20
H.R1792,10,10,20,20
H.R4982,10,10,20,20
HR2443,10,10,20,20
H.R6229,10,10,20,18
H.R7867,10,10,20,18
HR3883,10,10,20,20
HR5546,12,8,20,11
H.R5232,10,10,20,20
HR4161,10,10,20,20
H.R5733,11,9,20,19
H.R1858,10,10,20,20
H.R7814,10,10,20,20
S4157,10,10,20,20
HR7526,10,10,20,20
S4335,10,10,20,16
HR8074,10,10,20,20
S4418,10,10,20,12
H.J.RES67,10,10,20,20
S4086,10,10,20,20
H.R8319,10,10,20,20
H.R1567,10,10,20,20
S4198,12,8,20,20
S4087,10,10,20,16
H.R8006,10,10,20,20
HR8161,10,10,20,10
HR7348,10,10,20,20
H.R5524,10,10,20,20
H.R8016,11,9,20,20
H.R8230,10,10,20,20
H.R7861,10,10,20,18
S4282,10,10,20,20
H.R7857,10,10,20,20
H.R782,10,10,20,20
H.R8170,12,8,20,15
H.R8227,10,10,20,18
HR5377,10,10,20,20
S4165,10,10,20,14
HR6635,10,10,20,20
H.R7476,10,10,20,20
H.R8169,10,10,20,20
HR7681,10,10,20,8
HR547,10,10,20,20
HR4349,10,10,20,20
HR7631,10,10,20,20
HR2522,10,10,20,20
H.R7819,10,10,20,20
H.R8186,10,10,20,20
HR1753,10,10,20,20
HR4779,10,10,20,16
H.R8568,10,10,20,20
H.R8882,10,10,20,18
H.R9109,10,10,20,20
H.R8679,10,10,20,20
S4976,10,10,20,20
S4866,10,10,20,20
H.R8526,10,10,20,14
H.R4243,10,10,20,20
H.R1931,10,10,20,20
S4879,10,10,20,16
H.R8857,10,10,20,8
S4572,10,10,20,20
S4832,10,10,20,20
S4980,10,10,20,20
S4679,10,10,20,16
H.R8946,10,10,20,14
H.R8303,10,10,20,20
S5023,10,10,20,12
HR4720,10,10,20,16
H.R8510,10,10,20,14
HR7377,10,10,20,20
HR9062,10,10,20,16
S4924,10,10,20,14
H.R3586,10,10,20,18
H.R4780,11,9,20,20
S5163,10,10,20,16
S5187,10,10,20,20
H.R9200,10,10,20,10
H.R9390,10,10,20,20
H.J.RES52,10,10,20,14
S5195,10,10,20,16
H.R9249,10,10,20,20
S5121,10,10,20,20
H.R1104,10,10,20,12
HR32,10,10,20,20
HR215,10,10,20,20
H.J.RES15,10,10,20,20
H.R415,10,10,20,18
H.R1958,11,9,20,20
H.R310,10,10,20,20
HR1295,10,10,20,20
HR2431,10,10,20,14
HR1837,10,10,20,20
H.R1143,10,10,20,20
H.R4020,10,10,20,20
HR1410,10,10,20,20
HR744,10,10,20,20
HR549,10,10,20,18
H.R208,10,10,20,20
H.R436,10,10,20,20
HR1178,10,10,20,20
HR1517,10,10,20,20
H.R1112,10,10,20,20
HR1353,10,10,20,20
S294,11,9,20,18
HR2715,10,10,20,18
H.R457,10,10,20,20
HR3267,10,10,20,20
H.R3692,11,9,20,20
HR3351,10,10,20,20
H.R3247,10,10,20,16
HR2621,10,10,20,20
HR3504,10,10,20,20
HR3698,10,10,20,20
H.R3681,10,10,20,20
HR4034,10,10,20,20
S1190,10,10,20,16
HR3495,10,10,20,20
H.R3426,10,10,20,14
H.R4193,10,10,20,20
S1208,10,10,20,20
H.R3556,10,10,20,14
HR3044,10,10,20,20
HR4494,10,10,20,20
S1571,10,10,20,16
H.R3837,10,10,20,10
H.R3403,11,9,20,20
H.R3679,11,9,20,20
HR3403,11,9,20,20
HR3170,11,9,20,19
H.R446,10,10,20,20
S732,10,10,20,20
HR2921,10,10,20,20
S2463,10,10,20,16
H.R1724,10,10,20,20
HR5852,10,10,20,20
H.R4537,10,10,20,20
HR5504,10,10,20,18
S2558,11,9,20,18
H.R3327,10,10,20,20
S2611,10,10,20,20
S2933,10,10,20,18
HR4211,10,10,20,20
HJRES69,10,10,20,20
HR4963,10,10,20,20
H.R2887,10,10,20,20
H.R5263,11,9,20,18
HR5628,10,10,20,16
HR3139,10,10,20,20
HR5397,10,10,20,20
HR3016,10,10,20,20
HR4691,10,10,20,20
HR5837,10,10,20,20
HR6693,10,10,20,20
H.R6758,14,6,20,13
HR5408,10,10,20,20
H.R5594,10,10,20,20
HR683,10,10,20,10
HR6364,10,10,20,20
S6188,10,10,20,10
H.R8941,10,10,20,20
H.R6387,13,7,20,20
H.R5882,10,10,20,20
HR5961,10,10,20,20
H.R5889,10,10,20,20
H.R5888,10,10,20,20
H.R4879,10,10,20,20
H.R6246,10,10,20,20
H.R6030,10,10,20,20
S3217,10,10,20,20
H.R6790,10,10,20,10
H.R6906,10,10,20,20
H.R3072,10,10,20,20
HR6654,10,10,20,20
HR6225,10,10,20,20
H.R5949,10,10,20,16
HR5547,10,10,20,12
H.R7261,12,8,20,20
HR7408,10,10,20,20
S3643,10,10,20,20
H.R270,11,9,20,20
HR6046,11,9,20,20
H.R7817,10,10,20,10
HR7000,10,10,20,20
H.R6994,10,10,20,20
S3263,10,10,20,20
H.R7626,10,10,20,16
H.R7026,11,9,20,20
HR6089,10,10,20,14
H.R7406,10,10,20,20
H.R7546,10,10,20,20
H.J.RES130,10,10,20,20
H.R6078,11,9,20,20
HR3800,10,10,20,20
H.R8325,10,10,20,20
S4705,10,10,20,18
H.R4116,9,11,20,18
HR8261,10,10,20,20
H.R8599,10,10,20,20
HR7145,12,8,20,12
HR8046,10,10,20,20
S4444,10,10,20,20
H.R8383,10,10,20,20
H.R8245,10,10,20,20
H.R4438,10,10,20,14
S918,10,10,20,20
H.R8164,10,10,20,20
H.R8037,12,8,20,20
HR8315,10,10,20,20
H.R3427,11,9,20,20
S1146,10,10,20,18
H.R9593,10,10,20,20
S4963,10,10,20,20
H.R9776,10,10,20,4
HR7142,11,9,20,19
H.R9219,10,10,20,20
HR8451,10,10,20,20
H.R10550,11,9,20,20
SJRES36,10,10,20,10
H.R136,10,10,20,20
H.R1288,10,10,20,20
H.R1912,10,10,20,20
H.R1965,10,10,20,20
HR396,10,10,20,20
H.R272,10,10,20,10
HR694,11,9,20,20
HR1301,10,10,20,20
H.R2859,10,10,20,20
HR27,10,10,20,10
HR2586,10,10,20,10
H.R1538,11,9,20,20
H.R2186,10,10,20,20
H.R601,10,10,20,20
HR2449,11,9,20,20
H.R1093,11,9,20,20
HR721,10,10,20,10
H.R2312,12,8,20,20
S1498,10,10,20,20
HR3178,10,10,20,20
H.R3627,10,10,20,20
HR3194,10,10,20,20
S2154,10,10,20,20
HR3125,11,9,20,20
H.R4397,11,9,20,20
H.R2270,11,9,20,12
HR5269,11,9,20,20
HR4849,10,10,20,16
H.R4361,12,8,20,15
H.R4802,13,7,20,18
H.R5714,12,8,20,14
H.R6672,11,9,20,20
HR5815,10,9,19,19
HR3626,10,9,19,19
H.R1739,10,9,19,19
H.R2271,10,9,19,19
S3532,10,9,19,19
S3491,10,9,19,15
H.R2274,10,9,19,19
S3781,10,9,19,19
HR1227,10,9,19,19
HR227,10,9,19,15
HR3798,10,9,19,19
S3149,10,9,19,19
S3923,14,5,19,18
S4116,10,9,19,15
S4614,9,10,19,15
H.R8406,9,10,19,19
S2,10,9,19,19
H.R2334,10,9,19,19
S2064,10,9,19,19
H.R2121,10,9,19,19
H.R6488,12,7,19,19
H.R581,10,9,19,19
S109,10,9,19,19
H.R5479,10,9,19,19
S2931,11,8,19,19
S3660,10,9,19,15
H.R1183,10,9,19,19
H.R2335,10,9,19,19
H.R4487,10,9,19,19
H.R5325,10,9,19,19
HR1619,10,9,19,15
H.R6223,10,9,19,19
S3727,10,9,19,19
SJRES1,10,9,19,19
H.R5165,10,9,19,19
H.R4533,10,9,19,19
HR949,12,7,19,14
H.R7164,10,9,19,19
S1225,10,9,19,19
HR5536,10,9,19,19
H.R4687,11,8,19,18
H.R4376,10,9,19,19
H.R1054,10,9,19,19
S4118,13,6,19,16
S2876,10,9,19,19
HR7961,11,8,19,19
H.R7841,10,9,19,19
HR7456,10,9,19,19
S3749,9,10,19,19
H.R7803,10,9,19,9
S4189,11,8,19,19
S3552,11,8,19,16
H.R6845,11,8,19,19
H.R7375,10,9,19,19
H.R8545,9,10,19,19
HR8393,10,9,19,15
S4828,10,9,19,19
H.R5024,11,8,19,19
S3778,11,8,19,19
H.R2003,10,9,19,19
H.R2296,10,9,19,19
H.R454,10,9,19,19
H.R4551,10,9,19,19
H.R3131,10,9,19,19
H.R4220,10,9,19,19
H.J.RES68,10,9,19,19
H.J.RES70,10,9,19,19
H.J.RES71,10,9,19,19
HR4921,11,8,19,19
H.R5351,10,9,19,19
S3006,10,9,19,9
HR1225,10,9,19,19
H.R5366,10,9,19,19
H.R4564,10,9,19,19
H.R5457,10,9,19,19
HR5119,10,9,19,19
H.R5579,10,9,19,19
H.R6106,10,9,19,19
H.R5469,10,9,19,19
H.R7737,10,9,19,19
H.R6420,10,9,19,19
H.R7724,10,9,19,19
H.R4263,10,9,19,19
S3589,11,8,19,17
H.R7636,10,9,19,19
S4055,11,8,19,18
HR7834,10,9,19,19
S3322,10,9,19,19
H.R8223,10,9,19,13
H.J.RES153,10,9,19,19
H.R8911,10,9,19,19
H.JRES163,13,6,19,12
HR5179,10,9,19,19
S4948,10,9,19,19
H.R9438,9,10,19,19
H.R9146,9,10,19,19
H.R1455,10,9,19,19
HR846,10,9,19,19
H.J.RES86,10,9,19,19
H.R2487,10,9,19,19
H.R1943,10,9,19,19
H.J.RES60,10,9,19,19
HR284,12,7,19,14
H.J.RES64,10,9,19,19
H.R2763,9,10,19,19
H.R44,10,9,19,19
H.R2267,10,9,19,19
HR2353,10,9,19,13
S143,10,9,19,19
H.R3976,10,9,19,19
S1868,10,9,19,19
H.R3562,11,8,19,19
S2365,12,7,19,18
S2486,10,9,19,19
HR3521,11,8,19,16
HR4206,9,10,19,12
S.J.RES98,11,8,19,19
H.R6499,12,7,19,17
H.R852,9,9,18,18
S3209,9,9,18,18
H.R5639,9,9,18,18
HR1476,9,9,18,18
HR1276,9,9,18,18
HR855,9,9,18,18
HR789,9,9,18,18
HR1022,9,9,18,18
HR344,9,9,18,18
HR148,9,9,18,14
HR2335,9,9,18,18
HR2391,9,9,18,18
HR2327,9,9,18,18
HR2372,9,9,18,18
HR3400,9,9,18,18
HR3852,9,9,18,18
HR4571,9,9,18,18
HR4772,9,9,18,18
HR5529,9,9,18,18
HR5545,9,9,18,18
HR5548,9,9,18,18
HR5754,9,9,18,18
HR6376,9,9,18,18
HR6464,9,9,18,18
HR4379,9,9,18,18
HR2196,9,9,18,18
H.R6100,9,9,18,18
HR2337,9,9,18,18
HR4634,9,9,18,18
S1402,9,9,18,18
HR3779,9,9,18,18
HR2085,9,9,18,18
HR5828,9,9,18,18
HR1572,9,9,18,18
HR1071,9,9,18,18
HR3555,9,9,18,18
S13,9,9,18,14
S481,9,9,18,18
S2328,9,9,18,18
HR675,9,9,18,18
H.R2521,9,9,18,18
H.R2127,9,9,18,18
HR5317,9,9,18,18
HR5721,9,9,18,16
S3163,9,9,18,18
HR3444,9,9,18,18
HR4501,9,9,18,18
H.R2866,9,9,18,18
S1371,9,9,18,18
HR4258,9,9,18,16
HR3807,9,9,18,18
H.R4449,9,9,18,18
HR1362,9,9,18,18
S171,9,9,18,18
HR3207,9,9,18,18
HR2325,9,9,18,18
HR3534,9,9,18,18
HR328,9,9,18,18
HR1565,9,9,18,18
HR3099,9,9,18,18
HR725,9,9,18,18
HR7107,9,9,18,18
H.R8094,13,5,18,14
H.R3450,9,9,18,18
HR4042,9,9,18,18
H.R5720,9,9,18,18
S2595,9,9,18,18
HR1393,9,9,18,18
HR2807,9,9,18,18
HR6072,9,9,18,18
HR5033,9,9,18,18
HR1195,9,9,18,18
HR7049,9,9,18,10
HR3927,9,9,18,18
HR1396,9,9,18,18
H.R1291,9,9,18,18
HR3713,9,9,18,18
H.R461,9,9,18,16
S2146,9,9,18,18
HR2140,9,9,18,18
HR2012,9,9,18,18
HR1425,9,9,18,18
H.R5368,9,9,18,18
H.R1906,9,9,18,18
H.R3536,9,9,18,18
S2930,9,9,18,16
S3285,10,8,18,18
S3041,9,9,18,18
HR613,9,9,18,18
S3277,9,9,18,18
H.R2016,9,9,18,18
H.R3910,9,9,18,18
H.R7179,9,9,18,14
S4441,9,9,18,18
H.R5204,9,9,18,18
H.R860,9,9,18,18
HR1620,9,9,18,18
H.R4163,9,9,18,18
H.R2326,9,9,18,18
H.R3802,9,9,18,18
H.R5916,9,9,18,18
HR4536,9,9,18,18
H.R2497,10,8,18,12
H.R2507,9,9,18,18
S3758,9,9,18,18
H.R5623,9,9,18,18
HR6641,9,9,18,18
H.R7753,10,8,18,18
H.R6191,10,8,18,16
H.R236,9,9,18,18
H.R938,9,9,18,18
H.R3610,9,9,18,18
H.R4666,9,9,18,18
H.R6579,9,9,18,18
H.R6932,9,9,18,18
H.R7260,9,9,18,16
S2532,9,9,18,14
S2849,9,9,18,18
S2955,10,8,18,13
H.R3264,9,9,18,18
H.R2064,9,9,18,18
H.R6206,9,9,18,18
S970,9,9,18,18
H.R3047,9,9,18,18
HR1068,9,9,18,18
S2749,9,9,18,18
H.R5771,9,9,18,18
HR235,9,9,18,18
H.R514,9,9,18,18
H.R5606,9,9,18,18
HR3946,9,9,18,18
HR2884,9,9,18,18
H.R4228,9,9,18,18
H.R3680,9,9,18,18
H.R6559,9,9,18,16
S2854,9,9,18,10
H.R6381,9,9,18,14
S169,9,9,18,18
H.R7631,9,9,18,18
HR4374,9,9,18,18
H.R72,9,9,18,18
H.R4677,9,9,18,18
S1780,9,9,18,18
HR5771,9,9,18,18
H.R6666,9,9,18,16
H.R1375,9,9,18,18
H.R2655,9,9,18,18
S2593,9,9,18,18
H.R6002,9,9,18,18
H.R7141,9,9,18,16
HR7055,9,9,18,18
HR1043,9,9,18,18
HR1064,9,9,18,14
HR7101,9,9,18,18
S2006,9,9,18,18
H.R6588,9,9,18,12
HR3773,9,9,18,18
HR4292,9,9,18,18
S2177,10,8,18,18
S633,9,9,18,18
HR2845,9,9,18,18
HR4699,9,9,18,10
H.R6872,9,9,18,18
HR3123,9,9,18,18
HR1308,9,9,18,18
H.R4463,9,9,18,18
HR2319,9,9,18,18
HR5169,9,9,18,18
HR1904,9,9,18,18
H.R71,9,9,18,18
HR1926,9,9,18,18
H.R1072,9,9,18,18
H.R3672,9,9,18,18
HR2846,9,9,18,18
S1104,10,8,18,18
H.R3067,9,9,18,18
S3157,9,9,18,18
H.R6023,9,9,18,18
H.R5749,9,9,18,18
H.R908,10,8,18,13
H.R2010,9,9,18,18
H.R1452,9,9,18,18
S426,9,9,18,18
HR2698,9,9,18,18
H.R7157,9,9,18,18
HR7561,9,9,18,18
HR7564,9,9,18,18
H.R2043,9,9,18,18
H.R4515,9,9,18,18
HR6331,9,9,18,18
S3104,9,9,18,18
H.R8040,9,9,18,18
H.R1771,9,9,18,12
H.R6608,9,9,18,18
HR7050,9,9,18,18
S4085,11,7,18,18
HR4495,9,9,18,14
H.R7951,9,9,18,18
HR7321,9,9,18,18
HR8198,9,9,18,18
S3445,9,9,18,18
S4289,9,9,18,18
H.R7584,9,9,18,12
H.R8125,9,9,18,12
H.R7499,9,9,18,18
H.R7565,10,8,18,18
S4344,9,9,18,18
S4034,9,9,18,18
S4380,9,9,18,18
S3098,9,9,18,18
HR7878,9,9,18,12
H.R487,9,9,18,6
H.R7643,9,9,18,18
H.R7364,9,9,18,18
H.R7842,9,9,18,18
S4336,9,9,18,10
HR4176,9,9,18,18
H.R8084,10,8,18,17
S4284,9,9,18,18
S4494,9,9,18,18
S3965,9,9,18,18
S4541,9,9,18,16
H.R7918,9,9,18,12
HR577,9,9,18,16
HR2551,9,9,18,10
S3884,9,9,18,18
H.R8275,12,6,18,6
HR8167,9,9,18,18
S4142,9,9,18,16
H.R8001,9,9,18,18
H.R3471,9,9,18,6
H.R8123,9,9,18,18
H.R8117,9,9,18,10
S2422,9,9,18,18
H.R6345,9,9,18,18
HR8454,9,9,18,18
H.R8570,9,9,18,16
H.R8460,9,9,18,14
HR6448,9,9,18,18
H.R8871,9,9,18,18
S4826,9,9,18,18
H.R8286,9,9,18,18
HR5598,9,9,18,18
S4844,9,9,18,18
H.R8916,9,9,18,18
S4977,9,9,18,16
S4681,9,9,18,16
S4442,9,9,18,16
H.R8750,9,9,18,18
S2796,9,9,18,14
S4862,9,9,18,18
H.R3192,9,9,18,18
H.R8698,9,9,18,18
H.R8566,9,9,18,8
S4592,9,9,18,16
H.R8987,9,9,18,10
H.R8584,9,9,18,6
H.R8306,9,9,18,18
H.R9015,9,9,18,14
S3082,10,8,18,18
S5035,9,9,18,18
S4538,9,9,18,6
H.R8820,9,9,18,6
H.R8364,9,9,18,18
H.R3859,9,9,18,16
S4689,9,9,18,14
S4775,9,9,18,16
H.R9330,9,9,18,16
H.R9331,9,9,18,18
S5033,9,9,18,8
HR2517,9,9,18,16
H.R9563,9,9,18,14
H.R9300,9,9,18,18
S5295,9,9,18,16
S5168,9,9,18,18
S4291,9,9,18,14
S4450,9,9,18,18
S4955,9,9,18,18
H.R9408,9,9,18,18
H.R9505,9,9,18,16
S5032,9,9,18,12
HR6498,9,9,18,14
S5022,9,9,18,6
H.R9184,9,9,18,14
HR1250,9,9,18,18
H.R1591,9,9,18,18
SJRES7,9,9,18,18
HJRES45,9,9,18,18
H.R1401,9,9,18,18
HR142,9,9,18,18
HR192,9,9,18,18
HR1725,9,9,18,18
HR1208,9,9,18,18
S1102,9,9,18,14
HR1093,9,9,18,18
HR129,9,9,18,18
HR1095,9,9,18,18
H.R1430,9,9,18,18
S6452,9,9,18,18
H.R1432,9,9,18,16
H.R1095,9,9,18,18
S18,7,11,18,16
H.R1759,9,9,18,18
H.R134,9,9,18,16
HR1382,9,9,18,18
H.R1744,9,9,18,10
H.R214,9,9,18,14
H.R614,9,9,18,18
S814,9,9,18,18
HR1377,9,9,18,18
HR936,9,9,18,18
HR1005,9,9,18,18
H.R557,9,9,18,18
HR706,9,9,18,18
HR1719,9,9,18,18
HR1263,9,9,18,18
HR1598,9,9,18,18
HR326,9,9,18,18
HR2996,9,9,18,18
S1152,9,9,18,18
HR3232,9,9,18,18
H.R1669,9,9,18,18
HR3036,9,9,18,18
HR3285,9,9,18,18
HR3788,9,9,18,18
HR3581,9,9,18,18
HR2849,9,9,18,18
S1216,9,9,18,18
H.R3357,9,9,18,18
HR4323,9,9,18,18
H.R3917,9,9,18,18
HR724,9,9,18,18
H.R3861,9,9,18,16
S2148,9,9,18,18
H.R2863,9,9,18,18
HR1028,9,9,18,18
HR2658,9,9,18,18
HR3222,9,9,18,18
H.R3653,9,9,18,18
H.R3129,9,9,18,18
H.R3543,9,9,18,18
H.R4247,9,9,18,18
S2308,9,9,18,18
HR5189,9,9,18,18
HR5048,9,9,18,18
S2712,9,9,18,18
H.R5854,9,9,18,18
HR4846,9,9,18,18
H.R4961,9,9,18,18
HR2590,9,9,18,18
H.R5665,9,9,18,18
H.R5704,9,9,18,18
S2492,9,9,18,18
H.R5449,9,9,18,18
S2557,9,9,18,18
H.R5518,9,9,18,14
H.R4764,9,9,18,18
S2392,9,9,18,18
HR5044,9,9,18,14
HR5073,9,9,18,18
H.R9568,9,9,18,18
H.R2443,9,9,18,18
S3561,9,9,18,16
S2812,9,9,18,18
HR5829,9,9,18,18
H.R5046,9,9,18,18
HR4632,9,9,18,18
HR419,9,9,18,18
H.R4306,9,9,18,18
H.R8047,9,9,18,18
H.R6298,9,9,18,18
H.R6624,9,9,18,18
HR6545,9,9,18,18
HR5372,9,9,18,18
S2990,9,9,18,18
HR786,9,9,18,16
S3307,9,9,18,18
H.R6661,9,9,18,18
HR5947,9,9,18,18
H.R6486,9,9,18,18
H.R6095,9,9,18,12
H.R6114,10,8,18,18
HR6302,9,9,18,18
H.R443,9,9,18,18
S3598,10,8,18,18
HR6453,9,9,18,18
H.R4854,9,9,18,18
H.R6892,9,9,18,18
H.R7135,9,9,18,18
S3780,9,9,18,18
S2606,9,9,18,18
HR7171,9,9,18,18
HR7520,9,9,18,18
S517,9,9,18,18
H.R7308,9,9,18,18
S3729,10,8,18,18
S3907,9,9,18,18
HR7784,9,9,18,18
H.R7609,9,9,18,10
S3929,9,9,18,18
HR3433,9,9,18,18
HR6245,9,9,18,18
H.R8665,9,9,18,12
HR4333,9,9,18,6
HR8772,9,9,18,16
H.R8182,9,9,18,18
H.R8115,9,9,18,18
H.R8479,9,9,18,18
S.J.RES97,9,9,18,18
S4454,9,9,18,18
H.R8246,9,9,18,18
S3891,9,9,18,18
H.R8543,9,9,18,18
H.R8356,9,9,18,18
H.R8674,9,9,18,18
S4209,9,9,18,18
S4484,9,9,18,18
HR7012,9,9,18,6
H.R5432,10,8,18,18
HR9468,9,9,18,14
H.R9508,9,9,18,18
HR4909,9,9,18,16
S4697,9,9,18,14
S5285,9,9,18,18
H.R9159,9,9,18,18
S4778,9,9,18,18
H.R9164,9,9,18,18
H.R9818,9,9,18,14
HR9551,9,9,18,14
H.R9169,10,8,18,9
S5075,9,9,18,8
S5060,9,9,18,14
H.R10362,9,9,18,16
S4078,9,9,18,18
S5457,9,9,18,18
H.R3054,9,9,18,14
HR535,9,9,18,18
H.R2343,9,9,18,18
H.R2076,9,9,18,18
H.R2034,9,9,18,18
H.R828,9,9,18,18
HR2476,9,9,18,18
HR575,9,9,18,18
HR30,9,9,18,18
H.R2182,9,9,18,10
H.R1898,9,9,18,10
H.R1726,9,9,18,18
H.R566,9,9,18,18
S5111,9,9,18,10
HR221,10,8,18,9
HR335,10,8,18,9
H.R1239,9,9,18,12
HR2627,10,8,18,18
H.R1941,10,8,18,18
HR1612,10,8,18,13
HR1246,10,8,18,9
H.R2194,9,9,18,18
HR1394,10,8,18,18
HR2496,10,8,18,18
H.R4185,9,9,18,16
H.R3878,10,8,18,18
HR3731,10,8,18,18
S2341,10,8,18,18
HR4735,9,9,18,12
S2469,10,8,18,18
H.R5130,9,9,18,14
H.R412,9,9,18,18
H.R5002,10,8,18,18
HR2079,10,7,17,17
HR5368,8,9,17,17
S3379,9,8,17,17
H.R4144,9,8,17,15
H.R4844,9,8,17,13
HR6482,9,8,17,17
H.R6124,9,8,17,17
S3723,9,8,17,13
HR2905,9,8,17,17
S3016,10,7,17,17
HR1645,8,9,17,17
HR1143,8,9,17,9
S3456,8,9,17,17
H.R8721,8,9,17,17
S3906,8,9,17,15
H.R5228,9,8,17,17
H.R7204,9,8,17,17
HR4960,9,8,17,17
H.R7415,9,8,17,17
S1809,9,8,17,17
H.R3584,8,9,17,17
H.R7461,9,8,17,17
H.R4817,9,8,17,17
H.R5274,9,8,17,17
H.R6113,9,8,17,17
H.R3971,9,8,17,17
H.R3947,9,8,17,17
H.R3645,9,8,17,15
H.R4208,8,9,17,17
HR1721,9,8,17,17
HR4120,9,8,17,17
S2277,9,8,17,17
H.R7121,9,8,17,17
H.R5387,10,7,17,12
H.R1544,9,8,17,17
H.R7421,9,8,17,17
H.R5296,9,8,17,17
H.R2404,9,8,17,17
H.R7770,9,8,17,15
S4045,9,8,17,11
S3989,10,7,17,17
H.R1176,9,8,17,17
S4000,9,8,17,17
H.R5476,9,8,17,13
HR6366,9,8,17,17
HR7008,9,8,17,9
H.R8448,9,8,17,17
HR4235,9,8,17,17
HR8723,9,8,17,17
S3800,10,7,17,13
HR9588,10,7,17,7
S4134,9,8,17,17
S4812,8,9,17,15
H.R9218,9,8,17,15
HR1189,9,8,17,17
H.R117,9,8,17,17
S500,9,8,17,17
HR1784,9,8,17,17
S863,9,8,17,17
S1796,8,9,17,17
H.R4566,8,9,17,17
S1576,9,8,17,17
H.R4068,9,8,17,17
S2704,9,8,17,17
H.R4467,9,8,17,17
S2881,9,8,17,17
H.R5652,9,8,17,17
HR5199,9,8,17,17
S2751,9,8,17,13
HR4581,9,8,17,17
H.R6232,9,8,17,15
H.R6348,9,8,17,17
HR3916,9,8,17,15
S2394,9,8,17,17
H.R5570,9,8,17,17
H.R6934,9,8,17,17
H.R6133,9,8,17,13
H.R6389,9,8,17,17
H.R6453,12,5,17,15
H.R5285,9,8,17,17
HR2798,11,6,17,17
H.R3688,10,7,17,15
S3736,9,8,17,17
H.R4734,9,8,17,17
S3883,9,8,17,17
S3653,9,8,17,17
H.R7118,11,6,17,13
S4070,9,8,17,17
S3573,9,8,17,17
HR7422,9,8,17,9
H.R7224,9,8,17,17
H.R8284,9,8,17,11
H.R8507,8,9,17,17
HR8639,9,8,17,13
H.R9217,8,9,17,17
H.R9819,8,9,17,17
H.R8191,12,5,17,10
S5411,9,8,17,15
H.R1040,9,8,17,17
H.R224,9,8,17,17
HR1589,9,8,17,17
S.J.RES40,9,8,17,17
H.R191,9,8,17,17
H.R196,9,8,17,17
S.J.RES30,9,8,17,17
H.R2048,10,7,17,17
H.R1743,9,8,17,9
H.R2703,9,8,17,17
H.R605,9,8,17,17
H.R129,9,8,17,17
H.R335,9,8,17,17
HR591,10,7,17,17
H.R4022,9,8,17,17
HR2784,9,8,17,17
HR5155,9,8,17,17
S2441,9,8,17,17
H.R4994,9,8,17,17
H.R4861,10,7,17,17
H.R4876,11,6,17,16
H.R5317,10,7,17,12
H.R5107,9,8,17,13
S3607,10,7,17,17
H.R5929,9,8,17,5
H.R5935,12,5,17,8
S221,8,8,16,16
HR7223,8,8,16,16
HR6659,8,8,16,16
HR6588,10,6,16,7
HR876,8,8,16,16
HR1123,8,8,16,16
HR2326,8,8,16,16
HR2587,8,8,16,16
HR2935,8,8,16,16
HR4683,8,8,16,16
HR3198,8,8,16,16
HR5514,8,8,16,16
HR4882,8,8,16,16
H.R6826,8,8,16,16
H.R4062,8,8,16,16
HR1184,8,8,16,16
HR3217,9,7,16,13
HR4117,8,8,16,16
HR4828,8,8,16,16
S1065,8,8,16,16
HR1398,8,8,16,16
H.R1243,8,8,16,16
HR6552,8,8,16,8
H.R7477,8,8,16,16
H.R2325,8,8,16,16
HR5841,8,8,16,12
HR322,8,8,16,16
HR4384,8,8,16,16
HR5021,8,8,16,10
S519,8,8,16,14
HR665,8,8,16,16
HR5844,8,8,16,16
HR6107,8,8,16,16
S313,8,8,16,16
HR4680,8,8,16,16
H.R2963,8,8,16,16
H.R4732,8,8,16,16
HR3469,8,8,16,16
HR4504,8,8,16,16
HR6273,8,8,16,16
HR6425,10,6,16,7
HR6445,8,8,16,14
HR6647,8,8,16,16
HR7228,8,8,16,16
HR4410,8,8,16,16
HR4254,8,8,16,16
S1304,8,8,16,16
HR7222,8,8,16,12
S903,8,8,16,16
S1952,8,8,16,16
H.R1179,8,8,16,16
H.R1537,8,8,16,16
HR6054,8,8,16,16
HR373,8,8,16,8
S56,8,8,16,16
HR5434,8,8,16,16
H.R2951,8,8,16,8
H.R4017,8,8,16,14
HR3042,8,8,16,16
HR5609,8,8,16,16
HR1187,8,8,16,8
HR5823,8,8,16,16
HR5807,8,8,16,16
H.R313,8,8,16,16
HR1748,8,8,16,16
S1997,8,8,16,16
HR1698,8,8,16,16
HR1646,8,8,16,16
HR5192,8,8,16,16
H.R4097,8,8,16,16
HR1749,8,8,16,16
H.R2118,8,8,16,12
H.R364,8,8,16,16
H.R7331,8,8,16,16
H.R3231,8,8,16,8
S2578,8,8,16,16
H.R3877,8,8,16,16
H.R7010,8,8,16,16
HR2917,8,8,16,8
HR1285,8,8,16,16
H.R4926,8,8,16,16
H.R7120,8,8,16,16
S4058,8,8,16,16
S2868,11,5,16,12
H.R2155,8,8,16,16
H.R2206,8,8,16,8
H.R4300,8,8,16,16
S2628,8,8,16,16
H.R7233,8,8,16,16
H.R7241,8,8,16,16
H.R74,8,8,16,16
H.R1327,8,8,16,16
HR962,8,8,16,8
HR818,8,8,16,8
HR3679,8,8,16,8
HR2129,8,8,16,10
H.R6612,8,8,16,16
H.R6236,8,8,16,16
HR1729,8,8,16,16
HR7,11,5,16,11
H.R121,8,8,16,16
H.R882,8,8,16,16
H.R1952,8,8,16,16
H.R476,8,8,16,16
HR1154,8,8,16,8
S2404,8,8,16,16
H.R4980,8,8,16,16
S4042,8,8,16,16
H.R5280,8,8,16,16
H.R7211,8,8,16,16
H.R5936,8,8,16,16
HR6028,8,8,16,16
H.R4727,8,8,16,16
H.R534,8,8,16,16
H.R4230,8,8,16,16
H.R2956,8,8,16,14
H.R5209,8,8,16,16
H.R4322,8,8,16,14
H.R5637,8,8,16,16
H.R4092,8,8,16,16
HR7010,8,8,16,16
HR6308,8,8,16,16
H.R5028,8,8,16,16
H.R7217,8,8,16,16
H.R737,8,8,16,16
HR2027,8,8,16,8
HR210,8,8,16,8
HR2594,8,8,16,16
H.R6647,8,8,16,16
HR3632,8,8,16,16
HR55,8,8,16,16
H.R5642,8,8,16,16
H.R44128,8,8,16,8
H.R3053,8,8,16,16
HR3287,8,8,16,16
HR920,8,8,16,8
HR4943,8,8,16,8
HR1629,8,8,16,16
H.R3052,8,8,16,16
HR6286,8,8,16,16
H.R2708,8,8,16,16
S2478,8,8,16,16
H.R5592,8,8,16,16
H.R5647,8,8,16,16
H.R6966,8,8,16,16
H.R7013,8,8,16,16
S2248,8,8,16,16
H.R265,8,8,16,16
H.R1874,8,8,16,16
H.R1875,8,8,16,16
H.R8312,8,8,16,16
HR4325,8,8,16,16
HR5456,8,8,16,16
HR4145,8,8,16,16
HR5257,8,8,16,16
H.R6964,8,8,16,16
H.R4326,8,8,16,16
H.J.RES63,8,8,16,16
HR7292,8,8,16,16
H.R5523,8,8,16,16
HR5218,8,8,16,16
H.R4874,8,8,16,16
HR7007,8,8,16,16
HR3902,8,8,16,8
H.R5924,8,8,16,16
H.R578,8,8,16,16
S3144,8,8,16,16
H.R4755,8,8,16,16
H.R1067,8,8,16,16
H.R1073,8,8,16,16
S2866,8,8,16,16
H.R4098,8,8,16,16
HR2815,8,8,16,16
HR5999,8,8,16,8
HR6193,8,8,16,16
HR1569,8,8,16,16
H.R641,8,8,16,8
H.R197,8,8,16,16
H.R6809,8,8,16,8
H.R6680,8,8,16,16
HR3150,8,8,16,8
H.R437,8,8,16,14
H.R299,8,8,16,8
HR3138,8,8,16,16
HR474,8,8,16,16
HR1555,8,8,16,16
HR1781,8,8,16,16
HR1841,8,8,16,16
HR3346,8,8,16,16
HR6314,8,8,16,16
H.R6898,8,8,16,14
HR1992,8,8,16,4
HR5508,8,8,16,16
S3942,9,7,16,16
HR1176,8,8,16,8
S521,8,8,16,16
HR6783,8,8,16,16
H.R5836,8,8,16,16
H.R7106,10,6,16,15
H.R1904,8,8,16,16
H.R6998,8,8,16,16
H.R3344,8,8,16,16
S3171,8,8,16,14
HR2126,8,8,16,16
HR4547,8,8,16,8
HR2995,8,8,16,8
HR3416,8,8,16,8
HR4226,8,8,16,8
HR5556,8,8,16,8
HR7221,8,8,16,8
S3447,8,8,16,16
HR2477,8,8,16,16
HR4204,8,8,16,16
S2058,8,8,16,16
S57,8,8,16,16
HR5041,8,8,16,16
H.R4952,8,8,16,10
H.R3658,8,8,16,16
HR1927,8,8,16,16
S2923,8,8,16,16
H.R5769,8,8,16,16
H.R1832,8,8,16,10
H.R4998,8,8,16,16
HR4618,8,8,16,8
H.R6341,8,8,16,14
HR6866,8,8,16,16
H.R3595,8,8,16,16
S4052,8,8,16,12
HR4118,8,8,16,16
H.R156,8,8,16,16
H.R5436,7,9,16,16
H.R5511,9,7,16,16
S2369,8,8,16,16
H.R2834,8,8,16,8
H.R2908,8,8,16,8
H.R587,8,8,16,16
S4332,8,8,16,16
S1347,8,8,16,10
HR7589,8,8,16,16
H.R7627,8,8,16,16
HR7126,8,8,16,16
S4188,8,8,16,16
HR7227,8,8,16,12
S4337,8,8,16,16
S4175,8,8,16,16
HR7783,8,8,16,16
HR4155,8,8,16,16
S4125,8,8,16,16
S4018,8,8,16,16
H.R7474,8,8,16,16
S4467,8,8,16,12
H.R8185,8,8,16,16
H.J.RES53,8,8,16,16
H.R7591,8,8,16,16
H.R7991,8,8,16,16
HR7691,8,8,16,16
H.R8055,8,8,16,16
S4994,8,8,16,16
HR7774,8,8,16,16
H.R8341,8,8,16,12
HR7403,8,8,16,16
H.R8058,8,8,16,14
S4202,8,8,16,16
HR7845,8,8,16,10
HR6291,9,7,16,16
S7900,8,8,16,8
H.R7441,8,8,16,14
H.R7820,8,8,16,16
H.R7400,8,8,16,10
H.R4658,8,8,16,12
H.R7697,8,8,16,16
HR7926,8,8,16,16
HR7229,8,8,16,16
S4163,8,8,16,16
HR4487,8,8,16,16
HR8340,8,8,16,16
HR8036,8,8,16,10
H.R7619,8,8,16,16
S4228,8,8,16,16
S4801,8,8,16,16
S4834,8,8,16,16
S4727,8,8,16,10
S4829,8,8,16,16
HR7780,8,8,16,16
H.R8689,8,8,16,16
S4653,8,8,16,16
H.R8718,8,8,16,16
S4810,8,8,16,16
H.R8817,8,8,16,16
HR8260,8,8,16,12
S3564,8,8,16,16
S4700,8,8,16,16
S4842,8,8,16,16
S4887,8,8,16,12
S4886,8,8,16,12
H.R8934,8,8,16,12
H.J.RES90,8,8,16,16
S.J.RES57,8,8,16,16
H.R5276,9,7,16,16
HR5914,8,8,16,14
H.R8840,8,8,16,12
H.R8485,8,8,16,12
S3273,9,7,16,15
HR2589,8,8,16,16
H.R8776,8,8,16,10
S5038,8,8,16,16
S4688,8,8,16,16
HR6394,8,8,16,16
S4302,8,8,16,16
H.R8918,8,8,16,16
S4877,8,8,16,16
H.R8430,8,8,16,12
H.R7661,10,6,16,16
H.R8864,8,8,16,16
HR2897,8,8,16,12
H.R2581,8,8,16,16
S5089,8,8,16,16
H.R9049,8,8,16,16
HR9098,9,7,16,9
HR8977,8,8,16,16
HR9597,8,8,16,16
HR9183,9,7,16,15
H.R9141,8,8,16,16
H.R9476,8,8,16,14
S5135,8,8,16,14
H.R9624,8,8,16,8
H.R8616,8,8,16,16
S5228,8,8,16,16
H.R9588,8,8,16,16
HR6285,8,8,16,16
H.R2017,8,8,16,16
S3248,8,8,16,16
H.R9333,8,8,16,16
S5251,8,8,16,12
S226,8,8,16,16
HR782,8,8,16,16
HR1216,8,8,16,16
HR1198,8,8,16,16
HR743,8,8,16,16
HR304,8,8,16,16
HR233,8,8,16,16
HR136,8,8,16,16
HR163,8,8,16,16
H.R174,8,8,16,16
H.J.RES6,8,8,16,16
H.J.RES9,8,8,16,16
H.J.RES12,8,8,16,16
H.J.RES21,8,8,16,16
H.J.RES36,8,8,16,16
H.J.RES47,8,8,16,16
H.R2152,8,8,16,16
S327,8,8,16,16
H.R203,8,8,16,16
H.R665,8,8,16,16
H.R1416,8,8,16,16
H.R1467,8,8,16,16
S1054,8,8,16,16
HR2401,8,8,16,16
HR546,8,8,16,16
S17,8,8,16,16
HR90,8,8,16,16
HR487,8,8,16,16
HR627,8,8,16,16
HR1439,8,8,16,16
HR42,8,8,16,16
HR157,8,8,16,16
HR622,8,8,16,16
HR581,8,8,16,16
HR908,8,8,16,16
HR1099,8,8,16,16
HR1190,8,8,16,16
HR1438,8,8,16,16
HR1601,8,8,16,16
HR1653,8,8,16,16
S829,8,8,16,16
S9246,8,8,16,16
HR1001,8,8,16,16
HR1089,8,8,16,16
HR1144,8,8,16,16
HR1166,8,8,16,16
HR1169,8,8,16,16
HR1179,8,8,16,16
HR1182,8,8,16,16
HR1191,8,8,16,16
HR1226,8,8,16,16
HR1329,8,8,16,16
HR1554,8,8,16,16
HR1606,8,8,16,16
HR1609,8,8,16,16
HR1669,8,8,16,16
HR1774,8,8,16,16
HR1786,8,8,16,16
HR2469,8,8,16,16
HR2525,8,8,16,16
HR394,8,8,16,16
HR395,8,8,16,16
HR411,8,8,16,16
HR543,8,8,16,16
HR728,8,8,16,16
HR808,8,8,16,16
HR885,8,8,16,16
HR894,8,8,16,16
H.R2578,8,8,16,16
HR533,8,8,16,16
HR1406,8,8,16,16
H.R495,8,8,16,16
H.R891,8,8,16,16
H.R1014,8,8,16,16
HR190,8,8,16,16
H.R246,8,8,16,16
HR967,8,8,16,16
HR2387,8,8,16,16
S621,8,8,16,16
HR9408,8,8,16,16
HR428,8,8,16,16
S1079,8,8,16,16
HR644,8,8,16,16
HR1663,8,8,16,16
HR758,8,8,16,16
HR1533,8,8,16,16
S34,8,8,16,16
H.R452,8,8,16,16
H.R2490,8,8,16,16
HR3436,8,8,16,16
S968,8,8,16,16
HR2545,8,8,16,16
HR1303,8,8,16,16
HR1611,8,8,16,16
HR1614,8,8,16,16
HR913,8,8,16,16
H.R1380,9,7,16,16
H.R942,8,8,16,16
HR2403,8,8,16,16
H.R494,8,8,16,16
H.R1461,8,8,16,16
HR43,8,8,16,16
HR742,8,8,16,16
HR821,8,8,16,16
HR922,8,8,16,16
HR1341,8,8,16,16
HR1513,8,8,16,16
HR2460,8,8,16,16
HR2422,8,8,16,16
HR9396,8,8,16,16
H.R226,8,8,16,16
H.R2397,8,8,16,16
H.R1099,8,8,16,16
HJRES42,8,8,16,16
HR882,8,8,16,14
H.R1433,8,8,16,14
S121,8,8,16,16
HR1757,8,8,16,16
HR1689,8,8,16,16
HR1668,8,8,16,16
HR9325,8,8,16,16
HR1080,8,8,16,16
HR2852,8,8,16,16
HR3176,8,8,16,16
S1977,8,8,16,16
HR3085,8,8,16,16
S498,8,8,16,16
S1778,8,8,16,16
H.R3455,8,8,16,16
H.J.RES58,8,8,16,16
H.R4007,8,8,16,16
H.R4101,8,8,16,16
HR2753,8,8,16,16
HR2925,8,8,16,16
HR3397,8,8,16,16
HR2555,8,8,16,14
H.R2904,8,8,16,16
H.R3017,8,8,16,16
H.R3977,8,8,16,16
HR3146,8,8,16,16
HR2657,8,8,16,16
S1398,8,8,16,16
H.R3794,8,8,16,8
S2116,8,8,16,16
HR3204,8,8,16,14
HR760,8,8,16,16
HR499,8,8,16,16
H.R3104,8,8,16,16
HR3431,8,8,16,16
HR4511,8,8,16,16
S1656,8,8,16,14
H.R3275,8,8,16,16
H.R3615,8,8,16,16
H.R3777,8,8,16,16
H.R4295,8,8,16,16
H.R2579,8,8,16,16
HR4004,8,8,16,16
H.R1689,9,7,16,16
HR3335,8,8,16,16
H.R4730,8,8,16,16
H.R4632,8,8,16,4
H.R5186,8,8,16,16
HR5697,8,8,16,16
HR5702,8,8,16,16
HR5399,8,8,16,16
HR4051,8,8,16,16
S2877,8,8,16,16
H.R5007,8,8,16,16
S2949,8,8,16,16
S2273,8,8,16,10
S2957,9,7,16,16
HR4931,8,8,16,16
S2927,9,7,16,16
HR5337,8,8,16,16
HR5338,8,8,16,16
H.R4577,8,8,16,12
HR5749,8,8,16,16
HR5094,8,8,16,16
H.R1778,8,8,16,14
HR2405,8,8,16,14
H.R5589,8,8,16,16
HR5027,8,8,16,16
H.R4715,8,8,16,16
HR2656,8,8,16,16
HR5938,8,8,16,16
HR6149,8,8,16,16
H.R5945,8,8,16,16
HR5979,8,8,16,4
H.R6402,8,8,16,16
S3113,8,8,16,16
H.R6549,9,7,16,16
HR4856,8,8,16,16
H.R6697,8,8,16,16
H.R6163,8,8,16,16
HR6790,8,8,16,16
S2739,8,8,16,16
H.R6221,8,8,16,10
S3286,8,8,16,16
S3187,8,8,16,16
H.R6266,9,7,16,16
H.R6475,7,9,16,16
H.R6175,8,8,16,14
H.R6446,10,6,16,16
H.R6400,10,6,16,16
S3406,8,8,16,16
S2360,8,8,16,8
HR5890,8,8,16,16
H.R7528,8,8,16,12
S3310,8,8,16,16
H.R7043,8,8,16,16
H.R7795,8,8,16,16
HR7496,8,8,16,14
H.R7200,8,8,16,12
S3767,8,8,16,16
H.R7648,8,8,16,16
HR7531,8,8,16,8
H.R6242,8,8,16,16
S2825,8,8,16,16
H.R7690,8,8,16,16
HR5528,8,8,16,8
H.R6818,8,8,16,16
S3992,9,7,16,11
HR7999,8,8,16,16
H.R2690,8,8,16,16
H.R7251,8,8,16,16
HR6474,8,8,16,8
HR6603,8,8,16,16
HR7986,8,8,16,16
HR6992,8,8,16,16
H.R8119,8,8,16,16
H.R7868,9,7,16,16
HR3486,8,8,16,16
S4462,8,8,16,16
S4079,8,8,16,16
HR8512,8,8,16,12
S5402,8,8,16,16
HR8166,8,8,16,8
HR8412,8,8,16,16
H.R8809,8,8,16,12
S5243,8,8,16,16
HR9671,8,8,16,12
HR6014,8,8,16,10
S4835,8,8,16,16
H.R9133,8,8,16,16
S4762,8,8,16,16
HR9232,8,8,16,8
HR9488,10,6,16,10
H.R8632,8,8,16,16
H.R9704,8,8,16,8
S5097,8,8,16,12
H.R9805,8,8,16,16
H.R6547,8,8,16,14
H.R10045,8,8,16,12
H.R10280,8,8,16,16
H.R10523,8,8,16,16
H.R10384,8,8,16,16
H.R10559,8,8,16,10
S616,8,8,16,16
HR2240,8,8,16,16
HR4198,8,8,16,8
HR919,8,8,16,16
H.R2053,8,8,16,8
H.R2202,8,8,16,16
H.R772,8,8,16,16
H.R10498,8,8,16,4
H.R1373,8,8,16,10
H.R1124,8,8,16,16
HR2182,8,8,16,10
H.R692,8,8,16,8
H.R719,8,8,16,8
HR1235,8,8,16,8
HR3004,8,8,16,16
HR3092,8,8,16,10
S520,8,8,16,8
S1708,8,8,16,10
HR2035,8,8,16,12
HR3513,8,8,16,16
H.R3643,8,8,16,16
H.R3710,8,8,16,16
H.R3847,9,7,16,16
H.R2649,8,8,16,16
H.R4145,8,8,16,16
H.R4548,10,6,16,15
H.R4676,9,7,16,16
HR4710,8,8,16,12
HR3492,8,8,16,16
HR1094,9,7,16,16
H.R4494,9,7,16,12
HR5454,8,8,16,12
H.R4429,9,7,16,14
H.J.RES131,8,8,16,16
HR278,8,8,16,4
S3437,8,8,16,16
HR2362,8,8,16,4
HR4880,8,7,15,15
H.R6249,8,7,15,15
HR2171,8,7,15,15
H.R7342,7,8,15,15
HR6580,8,7,15,15
H.R6458,8,7,15,15
S3734,8,7,15,15
S606,8,7,15,15
HR4395,8,7,15,15
H.R4995,8,7,15,15
HR6466,8,7,15,13
S3078,8,7,15,15
H.R5658,8,7,15,15
H.R8749,7,8,15,15
H.R8827,7,8,15,15
H.R7235,8,7,15,15
H.R6339,8,7,15,13
H.R4025,8,7,15,15
H.R6237,8,7,15,15
H.R5415,8,7,15,15
S2799,8,7,15,15
H.R5835,8,7,15,15
H.R7230,9,6,15,15
HR6412,8,7,15,15
H.R811,8,7,15,13
H.R3222,8,7,15,15
S3225,8,7,15,15
HR1766,8,7,15,15
H.R1768,8,7,15,15
H.R6208,8,7,15,15
H.R545,8,7,15,15
H.R7837,10,5,15,14
S5376,9,6,15,14
HR3954,8,7,15,15
H.R1926,8,7,15,15
H.R8022,8,7,15,15
S4480,8,7,15,15
H.R7902,8,7,15,15
H.R8328,7,8,15,11
H.R8091,8,7,15,15
S4168,8,7,15,15
HR700,8,7,15,15
S3019,9,6,15,10
S4595,7,8,15,15
H.R4705,8,7,15,9
HR6400,4,11,15,9
H.R9570,9,6,15,9
H.R9678,7,8,15,15
S5213,8,7,15,13
H.R1464,8,7,15,15
HR716,8,7,15,15
H.R580,8,7,15,15
H.R4095,8,7,15,15
H.R4047,7,8,15,15
H.R172,8,7,15,15
H.R213,8,7,15,15
H.R2651,8,7,15,15
H.R81,8,7,15,15
H.R166,8,7,15,15
HR3262,8,7,15,15
H.R4723,8,7,15,15
HR4647,7,8,15,15
H.R4816,8,7,15,15
H.R4901,8,7,15,13
H.R5681,8,7,15,15
H.R5839,8,7,15,15
H.R5347,9,6,15,15
H.R3236,8,7,15,15
HR5494,8,7,15,15
HR6324,8,7,15,15
H.J.RES92,8,7,15,15
H.R6652,8,7,15,15
H.R3098,8,7,15,15
H.R6155,8,7,15,15
H.R6435,8,7,15,15
H.R6267,8,7,15,15
H.R6792,8,7,15,15
S3461,8,7,15,15
HR6199,8,7,15,15
H.R5404,8,7,15,15
S3733,9,6,15,15
H.R7145,8,7,15,15
S4047,7,8,15,15
S3567,7,8,15,15
H.R6947,10,5,15,14
H.R7270,8,7,15,5
H.R7083,8,7,15,15
H.R8030,8,7,15,15
H.R8706,8,7,15,15
HJRES139,8,7,15,11
S2743,8,7,15,15
S4143,8,7,15,15
HR6964,8,7,15,15
S5257,8,7,15,15
S5200,8,7,15,11
S5459,9,6,15,15
S787,8,7,15,15
S718,8,7,15,15
H.R1886,8,7,15,15
HR2315,8,7,15,15
H.R86,8,7,15,15
HR2197,8,7,15,15
HR267,8,7,15,9
H.R2362,8,7,15,15
H.R3546,8,7,15,15
HR3487,8,7,15,15
S1940,9,6,15,15
H.R3903,8,7,15,15
HR4466,8,7,15,15
H.R5223,9,6,15,13
S2904,10,5,15,15
H.R6797,9,6,15,15
HR7128,9,6,15,15
HR7437,8,7,15,15
S1904,7,7,14,14
H.R3341,7,7,14,14
HR109,7,7,14,14
HR2432,7,7,14,14
HR2607,7,7,14,14
HR3643,7,7,14,14
HR3582,7,7,14,14
HR4624,7,7,14,14
HR4625,7,7,14,14
HR5029,7,7,14,14
HR5783,7,7,14,14
HR2320,7,7,14,14
HR4031,7,7,14,14
HR5198,7,7,14,14
H.R2085,7,7,14,14
HR3739,7,7,14,14
HR4609,7,7,14,10
H.R6064,7,7,14,14
HR966,7,7,14,14
HR2941,7,7,14,14
HR6503,7,7,14,14
HR6574,8,6,14,14
HR752,7,7,14,14
HR3327,7,7,14,14
HR6678,7,7,14,14
HR6694,7,7,14,14
S3504,7,7,14,14
H.R4382,7,7,14,14
HR5676,7,7,14,10
HR5941,7,7,14,14
HR6441,7,7,14,14
HR6543,7,7,14,14
S1520,6,8,14,14
H.R5817,7,7,14,14
H.R3396,7,7,14,12
HR4058,7,7,14,12
HR5068,7,7,14,14
HR7246,7,7,14,4
S5007,7,7,14,14
S1577,7,7,14,14
HR1025,7,7,14,14
H.R6530,7,7,14,14
H.R5382,7,7,14,14
HR1984,7,7,14,14
HR2570,7,7,14,14
HR5877,7,7,14,14
H.R4826,7,7,14,14
HR4597,7,7,14,14
S2783,7,7,14,14
HR4305,7,7,14,12
H.R3920,7,7,14,14
HR6978,7,7,14,6
H.R1575,7,7,14,14
H.R104,7,7,14,14
HR4555,7,7,14,14
H.R5331,7,7,14,14
H.R1892,7,7,14,14
S2467,8,6,14,14
H.R4931,7,7,14,14
H.R5442,7,7,14,14
H.R4973,7,7,14,14
H.R7237,7,7,14,14
HR4871,7,7,14,14
HR804,7,7,14,14
H.R5678,7,7,14,14
HR4414,7,7,14,14
HR4674,7,7,14,14
H.R4804,7,7,14,14
S2359,7,7,14,14
H.R5782,8,6,14,14
H.R6115,7,7,14,14
HR3237,7,7,14,14
H.R2919,7,7,14,14
H.R2867,7,7,14,14
S3881,7,7,14,14
S2185,7,7,14,14
H.R5941,7,7,14,14
H.R7074,7,7,14,14
S3004,8,6,14,14
HR7072,7,7,14,14
HR611,7,7,14,14
H.R1146,7,7,14,14
HR8696,7,7,14,14
H.R3179,7,7,14,14
H.R4604,7,7,14,14
H.R5092,7,7,14,14
S2735,8,6,14,13
H.R5662,7,7,14,14
H.R5908,7,7,14,14
H.R6264,8,6,14,14
H.R6321,7,7,14,14
H.R6694,7,7,14,14
H.R6837,9,5,14,14
H.R7281,8,6,14,14
HR4338,7,7,14,14
H.R7322,8,6,14,14
H.R3215,7,7,14,8
S3488,7,7,14,14
H.R206,7,7,14,14
H.R4578,7,7,14,12
H.R7055,7,7,14,14
H.R4259,7,7,14,14
HR2286,7,7,14,14
HR659,7,7,14,14
HR2973,7,7,14,14
H.R4325,7,7,14,14
HR3108,7,7,14,14
HR7232,7,7,14,14
H.R3803,7,7,14,14
S1142,7,7,14,14
HR2096,7,7,14,14
H.R4033,7,7,14,14
S4040,7,7,14,12
H.R6678,8,6,14,11
HR931,7,7,14,14
H.R4706,7,7,14,14
HR3481,7,7,14,14
H.R1470,7,7,14,10
HR2026,7,7,14,14
HR6059,7,7,14,14
HR7025,7,7,14,14
HR5611,7,7,14,14
H.R2947,7,7,14,14
H.R5322,7,7,14,14
HR4588,7,7,14,14
HR6219,7,7,14,14
HR7219,7,7,14,8
HR4551,7,7,14,14
HR4910,7,7,14,14
HR1069,7,7,14,14
HR2154,7,7,14,14
HR3654,7,7,14,14
HR4801,7,7,14,14
HR5803,7,7,14,14
H.R7197,9,5,14,13
H.R6514,7,7,14,14
H.R6548,7,7,14,14
HR4177,7,7,14,14
H.R6883,7,7,14,10
HR1219,9,5,14,11
H.R6767,7,7,14,14
S3383,7,7,14,14
H.R6060,7,7,14,10
H.R4827,7,7,14,14
S2553,7,7,14,14
H.R145,7,7,14,14
HR8845,7,7,14,14
HR1016,7,7,14,14
H.R6353,7,7,14,14
HR878,7,7,14,14
HR2709,7,7,14,14
S3107,7,7,14,8
HR6595,7,7,14,14
S3235,7,7,14,14
S3838,7,7,14,14
H.R7290,7,7,14,14
H.R4597,7,7,14,14
S2383,7,7,14,14
H.R5708,7,7,14,14
H.R1782,8,6,14,13
H.R1441,7,7,14,14
H.R8197,7,7,14,14
H.R7543,8,6,14,14
HR6774,7,7,14,14
HR7186,7,7,14,14
HR7335,7,7,14,14
HR7315,7,7,14,14
HR7316,7,7,14,14
HR7753,7,7,14,14
HR7508,7,7,14,14
HR7524,7,7,14,14
HR7264,7,7,14,14
HR7782,7,7,14,14
HR6100,7,7,14,14
HR5911,7,7,14,8
HR8243,7,7,14,14
S4319,7,7,14,14
HR8017,7,7,14,12
S2786,7,7,14,14
S4201,7,7,14,14
S4256,7,7,14,14
S4259,7,7,14,14
H.R7859,7,7,14,14
H.R7880,7,7,14,14
H.R7763,7,7,14,14
S4249,8,6,14,14
H.R7799,7,7,14,14
H.R7835,7,7,14,14
H.R7549,7,7,14,14
H.R1216,7,7,14,14
H.R4229,7,7,14,14
S4129,7,7,14,8
S4063,7,7,14,14
H.R6667,7,7,14,4
H.R8251,7,7,14,12
H.R7123,7,7,14,12
H.R7696,7,7,14,14
H.R7908,7,7,14,14
S4240,7,7,14,14
S4404,7,7,14,14
H.R7442,7,7,14,14
H.R8019,8,6,14,14
H.R7686,7,7,14,14
H.R7214,7,7,14,14
H.R8240,7,7,14,14
H.R6719,7,7,14,8
H.R7668,7,7,14,14
HR8195,7,7,14,14
S4425,7,7,14,14
S4435,7,7,14,14
S4029,7,7,14,14
HR279,7,7,14,8
HR7329,7,7,14,14
HR2918,7,7,14,14
HR2803,7,7,14,14
S3920,7,7,14,14
H.R4920,9,5,14,11
H.R7581,7,7,14,10
H.R7797,7,7,14,14
HR7512,7,7,14,14
HR7793,7,7,14,14
H.R9108,7,7,14,12
H.R8473,7,7,14,10
H.R8760,7,7,14,10
S4529,7,7,14,12
HR8249,7,7,14,14
S4986,7,7,14,14
H.R8741,7,7,14,14
S3341,7,7,14,14
HR2123,7,7,14,14
H.R8888,7,7,14,14
S304,7,7,14,10
HR8223,7,7,14,14
H.R8858,7,7,14,14
S4517,7,7,14,10
H.R8855,7,7,14,14
S4975,7,7,14,14
H.R8872,7,7,14,14
HR8361,7,7,14,14
H.R8692,7,7,14,14
S4839,7,7,14,10
H.R8907,7,7,14,14
H.R8452,7,7,14,14
S4695,7,7,14,14
H.R8751,7,7,14,14
H.R8539,7,7,14,14
H.R8352,7,7,14,14
H.R8851,7,7,14,10
H.R8424,7,7,14,10
H.R9018,7,7,14,10
HR3576,7,7,14,14
H.R8400,7,7,14,14
S4623,7,7,14,14
HR1808,7,7,14,6
H.R8357,7,7,14,8
HR7151,7,7,14,14
H.R7369,7,7,14,14
S4588,7,7,14,14
H.R8471,7,7,14,14
HR8836,7,7,14,14
H.R9125,7,7,14,14
S3384,7,7,14,12
H.R8420,7,7,14,14
HR9197,7,7,14,14
H.R9132,7,7,14,14
HR6874,7,7,14,14
S5055,7,7,14,14
H.R9358,7,7,14,4
S5185,7,7,14,14
HR2922,7,7,14,14
H.R9031,7,7,14,12
H.R9596,7,7,14,8
S3931,7,7,14,12
H.R5222,7,7,14,6
H.R9566,7,7,14,10
S4149,7,7,14,14
H.R1953,7,7,14,14
H.R2056,7,7,14,14
S692,7,7,14,14
HR339,7,7,14,14
HR29,7,7,14,14
H.R163,7,7,14,14
HR1131,7,7,14,14
HR1140,7,7,14,14
H.R484,7,7,14,14
HR1628,7,7,14,14
HR353,7,7,14,10
HR3266,7,7,14,14
H.R3873,7,7,14,14
HR3448,7,7,14,14
H.R4343,8,6,14,14
S319,7,7,14,14
HR3079,7,7,14,14
HR3189,7,7,14,14
H.R612,7,7,14,10
HR1315,7,7,14,14
HR2809,7,7,14,14
HR2830,7,7,14,14
HR2896,7,7,14,14
HR2932,7,7,14,14
HR2971,7,7,14,14
HR3023,7,7,14,14
HR3084,7,7,14,14
HR3157,7,7,14,14
HR3214,7,7,14,14
HR3225,7,7,14,14
HR3303,7,7,14,14
HR3363,7,7,14,14
HR3499,7,7,14,14
HR3511,7,7,14,14
HR3584,7,7,14,14
HR3601,7,7,14,14
HR3644,7,7,14,14
HR3677,7,7,14,14
HR3718,7,7,14,14
HR3720,7,7,14,14
HR3722,7,7,14,14
HR3790,7,7,14,14
HR3811,7,7,14,14
HR3848,7,7,14,14
HR3870,7,7,14,14
HR3895,7,7,14,14
HR4047,7,7,14,14
HR4157,7,7,14,14
HR3812,7,7,14,14
HR3880,7,7,14,14
H.R3374,7,7,14,14
H.R2996,7,7,14,14
H.R4044,7,7,14,14
H.R4434,7,7,14,14
S1964,7,7,14,14
H.R2802,7,7,14,14
HR2985,7,7,14,14
H.R2090,7,7,14,14
H.R4169,7,7,14,14
S1293,7,7,14,14
HR3195,7,7,14,14
HR4017,7,7,14,14
HR674,7,7,14,14
HR668,7,7,14,14
HR3700,7,7,14,14
HR3681,7,7,14,14
HR2765,7,7,14,14
H.R7333,7,7,14,14
HR1392,7,7,14,14
HR2998,7,7,14,14
HR2676,7,7,14,14
HR4119,7,7,14,14
HR3011,7,7,14,14
HR3850,7,7,14,14
HR2642,7,7,14,14
HR3761,7,7,14,14
H.R3908,7,7,14,14
H.R3254,7,7,14,14
H.R3737,7,7,14,14
HR2452,7,7,14,14
HR2599,7,7,14,14
HR3463,7,7,14,14
HR4484,7,7,14,14
HR2566,7,7,14,14
HR2629,7,7,14,14
HR2987,7,7,14,14
HR3072,7,7,14,14
HR3162,7,7,14,14
HR3257,7,7,14,14
HR4316,7,7,14,14
HR4318,7,7,14,14
HR4396,7,7,14,14
HR4415,7,7,14,14
HR4460,7,7,14,14
HR4462,7,7,14,14
HR4474,7,7,14,14
HR4476,7,7,14,14
HR4477,7,7,14,14
HR4488,7,7,14,14
HR4492,7,7,14,14
HR4493,7,7,14,14
HR4496,7,7,14,14
HR2646,7,7,14,14
HR2486,7,7,14,14
HR2512,7,7,14,14
HR2524,7,7,14,14
HR2659,7,7,14,14
HR3642,7,7,14,14
HR3652,7,7,14,14
S1364,7,7,14,14
HR4535,7,7,14,12
H.R3188,7,7,14,12
HR4261,7,7,14,14
HR4490,7,7,14,14
H.R2652,7,7,14,14
H.R2758,7,7,14,14
H.R3066,7,7,14,14
HR3297,7,7,14,14
H.R4351,7,7,14,14
S2002,7,7,14,14
H.R3968,7,7,14,14
H.R3551,7,7,14,14
HR3839,7,7,14,14
HR2552,7,7,14,14
HR3216,7,7,14,14
HR3280,7,7,14,14
HR3343,7,7,14,14
HR3964,7,7,14,14
HR4227,7,7,14,14
HR3422,7,7,14,14
HR1472,7,7,14,14
H.R4360,7,7,14,14
HR2402,8,6,14,11
HR3721,7,7,14,14
H.JRES27,7,7,14,14
HR3124,7,7,14,14
HR2816,7,7,14,14
HR4082,7,7,14,14
HR3577,7,7,14,14
HR3665,7,7,14,14
H.R3214,7,7,14,14
H.R1612,7,7,14,14
S2223,7,7,14,14
H.R4236,7,7,14,14
H.R3785,7,7,14,14
H.R3187,7,7,14,14
H.R3529,7,7,14,14
HR3768,7,7,14,14
S2240,7,7,14,14
HR5492,7,7,14,14
S2698,7,7,14,14
HR4987,7,7,14,14
HR5291,7,7,14,14
H.R3700,7,7,14,14
S2208,7,7,14,14
H.R4742,7,7,14,14
H.R3453,7,7,14,14
H.R4529,7,7,14,14
HR5077,7,7,14,14
HR4761,7,7,14,14
HR3810,7,7,14,14
HR5567,7,7,14,8
HR4007,7,7,14,14
H.R2982,7,7,14,12
HR3525,7,7,14,14
S2936,7,7,14,12
H.R4979,7,7,14,14
H.R3995,7,7,14,14
S1088,7,7,14,14
HR4748,7,7,14,14
S2643,7,7,14,14
H.R5122,7,7,14,14
H.R3030,7,7,14,14
HR5983,7,7,14,14
H.R4187,7,7,14,14
S2521,7,7,14,14
HR2490,7,7,14,14
H.R4928,7,7,14,14
HR4539,7,7,14,14
HR4192,7,7,14,14
HR5419,7,7,14,14
HR6077,7,7,14,14
HR6611,7,7,14,14
HR6531,7,7,14,14
S3274,7,7,14,14
H.R6524,7,7,14,14
HR6126,7,7,14,14
H.R4919,7,7,14,14
HR4148,6,8,14,13
H.R5956,7,7,14,14
HR6296,7,7,14,14
H.R6399,7,7,14,14
HR3795,7,7,14,14
S3066,7,7,14,14
HR6583,7,7,14,10
HR6352,7,7,14,14
S3370,7,7,14,14
H.R5901,7,7,14,14
HR5283,7,7,14,14
S2942,7,7,14,14
S3280,7,7,14,14
H.R4914,7,7,14,14
H.R5985,7,7,14,14
S3329,7,7,14,14
HR6013,7,7,14,14
H.R5975,9,5,14,5
S2685,7,7,14,14
H.R5907,7,7,14,14
S3467,7,7,14,14
HR6724,7,7,14,14
S3843,8,6,14,14
S3750,8,6,14,14
H.R3384,7,7,14,14
HR6065,8,6,14,11
H.R7422,7,7,14,12
H.R7938,7,7,14,14
S3568,7,7,14,14
H.J.RES121,7,7,14,14
H.R7765,7,7,14,10
H.R7834,7,7,14,12
S4031,7,7,14,14
HR7683,7,7,14,10
S217,7,7,14,14
H.R6959,7,7,14,12
H.R7692,7,7,14,14
HR2822,7,7,14,10
H.R7925,7,7,14,14
HR7889,7,7,14,8
H.R1632,7,7,14,14
S3737,7,7,14,14
S4033,7,7,14,14
H.R8764,7,7,14,14
HR8369,7,7,14,14
S4413,7,7,14,14
H.R8222,7,7,14,14
H.R8244,7,7,14,12
H.R6081,7,7,14,14
HR7323,7,7,14,10
S.J.RES82,7,7,14,14
HR8647,7,7,14,8
H.R8375,7,7,14,14
H.R8377,7,7,14,14
H.R7929,11,3,14,8
H.R8715,7,7,14,14
S.J.RES85,7,7,14,8
H.R8247,7,7,14,14
S4405,7,7,14,14
HR8038,7,7,14,14
H.R8974,7,7,14,14
H.R8112,7,7,14,14
HR8061,7,7,14,14
H.R8456,7,7,14,14
S3116,8,6,14,14
SJRES87,7,7,14,8
HJRES148,7,7,14,8
HR3171,7,7,14,14
S.J.RES71,7,7,14,14
HR8449,7,7,14,14
H.R5943,7,7,14,14
S1836,7,7,14,14
S5154,7,7,14,14
H.R9590,7,7,14,14
S5201,7,7,14,8
H.R9723,7,7,14,14
H.R9024,7,7,14,10
H.R9263,7,7,14,12
HR9268,7,7,14,6
S4824,7,7,14,14
HR4790,7,7,14,14
S4944,7,7,14,6
H.R9085,7,7,14,12
H.R9032,7,7,14,12
S5066,7,7,14,14
H.R9196,7,7,14,10
H.R9348,7,7,14,14
S5031,7,7,14,10
H.R10033,7,7,14,10
H.R10123,7,7,14,12
HR4958,7,7,14,14
HR9040,7,7,14,6
HR155,7,7,14,14
SJRES43,7,7,14,14
HR158,7,7,14,14
HR446,7,7,14,8
H.R2316,7,7,14,14
HR2541,7,7,14,14
HR2485,8,6,14,14
HR971,7,7,14,14
H.R2041,7,7,14,10
HR1949,7,7,14,10
HR2528,7,7,14,14
H.R1651,7,7,14,14
HR1464,8,6,14,11
HR3392,7,7,14,12
S1580,7,7,14,14
H.R3915,8,6,14,14
S1278,7,7,14,14
HR4009,8,6,14,14
H.R2305,7,7,14,14
S1478,8,6,14,11
H.R3775,8,6,14,14
HR5142,6,8,14,13
H.R5448,7,7,14,12
H.R4554,7,7,14,14
HR3658,9,5,14,5
HR4199,7,7,14,14
HR6088,8,6,14,14
H.R6132,8,6,14,14
H.R5617,7,7,14,10
SJRES77,7,7,14,2
SJRES81,7,7,14,2
S.J.RES103,10,4,14,13
H.R7386,9,5,14,14
HR550,6,7,13,13
HR347,7,6,13,13
HR6844,7,6,13,13
HR1892,7,6,13,13
HR8600,7,6,13,13
HR6251,6,7,13,13
S2241,7,6,13,13
H.R7018,7,6,13,13
H.R4853,7,6,13,13
H.R5373,7,6,13,13
S3655,6,7,13,13
H.R3860,6,7,13,13
HR2688,7,6,13,13
H.R5215,7,6,13,13
HR1578,7,6,13,13
HJRES75,6,7,13,13
S1112,7,6,13,13
S3816,7,6,13,13
HR2241,7,6,13,13
H.R5898,7,6,13,13
HR6600,8,5,13,13
H.R5645,7,6,13,11
H.R7161,7,6,13,11
H.R5552,6,7,13,13
H.R8015,7,6,13,13
HR3990,7,6,13,13
S3951,7,6,13,13
H.R7556,9,4,13,8
HR1623,7,6,13,13
H.R5725,7,6,13,13
H.R7895,8,5,13,13
S4184,7,6,13,11
S3869,8,5,13,13
H.R6799,8,5,13,10
H.R7622,7,6,13,13
S2686,7,6,13,13
H.R8041,7,6,13,13
H.R7553,9,4,13,9
HR8781,7,6,13,9
H.R9116,7,6,13,9
H.R8202,7,6,13,13
HR8719,6,7,13,13
H.R7541,8,5,13,12
H.R8069,7,6,13,11
S667,9,4,13,7
HR5268,7,6,13,13
S396,7,6,13,13
HR556,7,6,13,13
H.R854,7,6,13,13
S1226,7,6,13,13
S2126,8,5,13,13
H.R3232,7,6,13,13
S2246,7,6,13,13
H.R4232,8,5,13,7
H.R3494,7,6,13,13
HR5495,6,7,13,13
H.R5787,6,7,13,13
H.R5694,7,6,13,13
H.R4196,7,6,13,13
HR4583,8,5,13,9
HR3210,7,6,13,13
H.R4133,7,6,13,13
HR5978,6,7,13,13
H.R4190,6,7,13,13
S3140,7,6,13,13
H.R5967,7,6,13,13
HR2969,7,6,13,9
H.R6931,7,6,13,13
S3722,8,5,13,13
S3834,7,6,13,13
H.R7140,8,5,13,13
H.R702,7,6,13,13
SJRES62,7,6,13,13
S3987,8,5,13,13
H.R7742,7,6,13,11
H.J.RES160,7,6,13,13
S4235,7,6,13,7
S4322,7,6,13,11
H.R8792,6,7,13,13
H.R8085,7,6,13,13
H.R7873,7,6,13,13
H.R7788,7,6,13,13
H.R1303,7,6,13,13
H.R8287,7,6,13,13
HR8698,7,6,13,13
H.R9214,6,7,13,13
H.R9228,7,6,13,13
H.J.RES181,7,6,13,13
HR2370,7,6,13,13
S4811,6,7,13,7
S4657,7,6,13,13
HR9263,7,6,13,13
H.R5392,7,6,13,13
S.J.RES118,8,5,13,13
H.R10036,7,6,13,13
S1442,7,6,13,13
HR583,7,6,13,13
H.R1725,7,6,13,13
HR2478,7,6,13,13
H.R2425,7,6,13,13
HR2497,7,6,13,13
H.R390,7,6,13,13
H.R528,7,6,13,13
H.R2896,8,5,13,13
HR2571,7,6,13,13
H.R4111,7,6,13,13
H.R4252,7,6,13,13
H.R787,7,6,13,13
HR4109,7,6,13,13
H.R4544,7,6,13,13
H.R3928,7,6,13,13
HR2975,7,6,13,13
H.R3751,7,6,13,13
HR4132,8,5,13,12
H.R4203,7,6,13,13
H.R2563,7,6,13,13
H.R1159,7,6,13,13
HR4443,7,6,13,13
H.R4460,7,6,13,13
H.R5172,7,6,13,13
H.R4768,7,6,13,13
HR161,8,5,13,13
HR1681,7,6,13,13
S2289,7,6,13,13
H.R6597,8,5,13,13
S3259,7,6,13,13
H.R6372,7,6,13,9
H.R6621,7,6,13,13
H.R6150,9,4,13,9
S3114,7,6,13,13
H.R8101,8,5,13,13
S4160,7,6,13,13
HR2734,6,6,12,12
HR1771,6,6,12,12
HR67,6,6,12,12
HR2457,6,6,12,12
HR2601,6,6,12,12
HR5543,6,6,12,12
HR2030,6,6,12,12
HR1731,6,6,12,12
H.R3233,6,6,12,12
HR2502,6,6,12,12
HR4241,6,6,12,12
HR4445,6,6,12,12
HR1210,6,6,12,12
S1554,6,6,12,10
H.R6050,6,6,12,12
H.R5643,6,6,12,12
HR1516,6,6,12,12
HR6350,7,5,12,12
S3691,6,6,12,12
HR589,6,6,12,12
HR640,6,6,12,12
HR2301,6,6,12,12
HR2614,6,6,12,12
HR4959,6,6,12,12
S136,6,6,12,12
HR1279,6,6,12,12
HR6920,7,5,12,12
S751,6,6,12,12
H.R5470,6,6,12,12
HR5931,6,6,12,12
S2924,7,5,12,12
HR4612,6,6,12,12
HR2790,6,6,12,12
H.R5666,6,6,12,12
H.R2461,6,6,12,12
H.R4839,6,6,12,12
S2653,6,6,12,12
HR1330,6,6,12,12
H.R6101,6,6,12,12
HR519,6,6,12,12
H.R3060,6,6,12,12
HR5736,6,6,12,12
HR1618,6,6,12,12
HR2944,6,6,12,12
S3032,6,6,12,8
H.R5161,6,6,12,12
HR5389,6,6,12,12
S2017,6,6,12,12
H.R255,6,6,12,12
H.R1531,6,6,12,12
H.R5196,6,6,12,12
HR5981,6,6,12,12
HR745,6,6,12,8
S1244,6,6,12,12
H.R2520,6,6,12,12
H.R7510,7,5,12,11
H.R6866,6,6,12,12
H.R2129,6,6,12,12
HR1268,6,6,12,12
H.R4110,6,6,12,12
H.R4454,6,6,12,12
HR3185,6,6,12,12
S1758,6,6,12,10
HR7077,6,6,12,12
HR4373,6,6,12,12
S3336,6,6,12,12
H.R541,6,6,12,12
H.R555,6,6,12,12
S92,6,6,12,12
H.R5656,6,6,12,12
HR144,6,6,12,6
H.R6164,6,6,12,4
H.R5772,6,6,12,12
H.R5323,6,6,12,10
HR4187,6,6,12,12
HR8406,6,6,12,6
HR4439,6,6,12,12
HR4311,6,6,12,12
H.R7122,6,6,12,12
H.R6528,6,6,12,8
H.R143,6,6,12,12
H.R7089,6,6,12,12
HR1483,6,6,12,12
H.R1528,6,6,12,12
HR5125,6,6,12,8
H.R348,6,6,12,12
H.R375,6,6,12,12
H.R2042,6,6,12,12
H.R3367,6,6,12,10
H.R4031,6,6,12,12
H.R5287,6,6,12,12
S3442,7,5,12,12
H.R5682,6,6,12,12
H.R6924,6,6,12,12
S2527,6,6,12,10
S3868,6,6,12,12
HR4659,6,6,12,12
S2290,7,5,12,12
H.R1386,6,6,12,12
HR5727,6,6,12,12
H.R235,6,6,12,12
HR2576,6,6,12,12
HR6271,6,6,12,12
HR1221,6,6,12,12
H.R1337,6,6,12,12
H.R5902,6,6,12,10
HR6845,7,5,12,12
H.R6827,6,6,12,12
H.R6885,6,6,12,12
H.R951,6,6,12,12
H.R2315,6,6,12,12
H.R5864,6,6,12,12
H.R6669,6,6,12,10
H.R7058,6,6,12,10
HR4825,6,6,12,12
H.R7320,6,6,12,12
H.R5001,6,6,12,10
H.R7468,6,6,12,10
H.R8930,6,6,12,12
HR4640,6,6,12,12
HR5326,6,6,12,10
S4666,6,6,12,12
S1674,6,6,12,12
HR4045,6,6,12,12
H.R5605,6,6,12,12
H.R442,6,6,12,12
HR6329,6,6,12,8
S3588,6,6,12,12
H.R7555,6,6,12,8
H.R2026,6,6,12,12
HR2119,6,6,12,12
H.R7806,7,5,12,12
HR1655,6,6,12,12
H.R937,6,6,12,12
S2189,6,6,12,12
H.R4157,6,6,12,12
HR1506,6,6,12,12
HR953,6,6,12,12
H.R4547,6,6,12,12
H.R4060,6,6,12,12
H.R2469,6,6,12,12
H.R1961,6,6,12,12
H.R194,6,6,12,12
HR7962,6,6,12,6
HR7987,6,6,12,12
H.R8273,6,6,12,12
HR7517,6,6,12,8
HR7746,6,6,12,12
HR7960,6,6,12,12
HR7158,6,6,12,12
HR7750,6,6,12,12
HR8003,6,6,12,12
H.R7840,6,6,12,12
H.R8081,5,7,12,12
S4941,6,6,12,12
HR998,6,6,12,6
H.R7664,6,6,12,12
HR4890,6,6,12,6
H.R7992,7,5,12,11
S4253,6,6,12,12
S4342,6,6,12,12
H.R7313,6,6,12,12
H.R7851,6,6,12,12
H.R7557,6,6,12,12
S4197,6,6,12,12
H.R8086,6,6,12,12
H.R8212,6,6,12,12
S3986,6,6,12,10
H.R7500,6,6,12,12
H.R7676,6,6,12,12
S4423,6,6,12,12
H.R7826,6,6,12,8
H.R7597,6,6,12,12
S3997,6,6,12,12
S4996,6,6,12,12
HR7487,6,6,12,12
H.R8121,6,6,12,12
HR7932,6,6,12,6
H.R1901,6,6,12,12
H.R7335,5,7,12,12
H.R2633,6,6,12,12
H.R7764,6,6,12,12
HR7587,6,6,12,12
S4205,6,6,12,12
H.R7811,6,6,12,12
H.R8206,6,6,12,12
HR7902,6,6,12,8
S2194,6,6,12,12
H.R7302,6,6,12,12
S4026,6,6,12,12
S4327,6,6,12,12
H.R8178,6,6,12,12
H.R8077,6,6,12,12
S4434,6,6,12,12
HR7639,6,6,12,12
HR6930,6,6,12,12
HR6770,6,6,12,6
HR7580,6,6,12,6
HR2986,6,6,12,6
HR3330,6,6,12,6
S4245,7,5,12,11
HR7202,6,6,12,6
HR7364,6,6,12,6
HR7836,6,6,12,6
H.R8366,6,6,12,12
H.R413,6,6,12,12
S4123,6,6,12,12
H.R7898,6,6,12,12
HR8299,6,6,12,12
S4121,6,6,12,12
S4803,6,6,12,12
HR8830,6,6,12,12
H.R8770,6,6,12,8
H.R8849,6,6,12,12
H.R9084,6,6,12,12
H.R9088,6,6,12,12
S4940,6,6,12,12
S4920,6,6,12,12
H.R8432,6,6,12,12
H.R9037,6,6,12,10
S4580,6,6,12,12
H.R8481,6,6,12,12
H.R6846,6,6,12,12
HR8821,6,6,12,12
HR8246,6,6,12,12
H.R8483,6,6,12,12
S4665,6,6,12,12
S4616,6,6,12,12
S4933,6,6,12,12
HR8856,6,6,12,12
S4885,6,6,12,12
H.R8368,6,6,12,12
HR8508,6,6,12,12
HR8730,6,6,12,4
H.R9201,6,6,12,6
S5061,6,6,12,10
S4974,6,6,12,12
H.R8552,6,6,12,8
H.R8667,6,6,12,4
H.R8746,6,6,12,12
S4511,6,6,12,12
S4899,6,6,12,8
H.R9012,6,6,12,12
H.R8417,6,6,12,12
H.R9045,6,6,12,12
HR6461,6,6,12,12
H.R7579,6,6,12,8
S4728,6,6,12,12
S4680,6,6,12,8
H.R9056,6,6,12,10
H.R7663,6,6,12,12
HR8185,6,6,12,12
HR8616,6,6,12,6
H.R7424,6,6,12,12
H.R8576,6,6,12,12
S4981,6,6,12,8
HR8731,6,6,12,12
S.J.RES60,6,6,12,10
S5276,6,6,12,12
H.R9306,6,6,12,10
H.R9569,6,6,12,12
H.R9315,6,6,12,12
S5093,6,6,12,12
S5103,6,6,12,10
HR9196,6,6,12,6
S4995,7,5,12,11
H.R4636,6,6,12,10
H.R6226,7,5,12,12
H.R9541,6,6,12,12
S5299,6,6,12,4
S5160,6,6,12,12
H.R9244,6,6,12,12
H.R9625,6,6,12,10
H.R9584,6,6,12,10
S5156,6,6,12,12
H.R9576,6,6,12,12
H.R9477,6,6,12,12
S5274,6,6,12,12
HR9449,6,6,12,12
H.R9534,6,6,12,12
S5224,6,6,12,10
H.R9289,6,6,12,12
S5015,6,6,12,12
H.R9245,6,6,12,10
S5329,6,6,12,10
HR1424,6,6,12,12
HR4819,10,2,12,5
H.R1939,6,6,12,12
H.J.RES10,6,6,12,12
H.R1573,6,6,12,12
HR531,6,6,12,8
HR1188,6,6,12,12
HR506,6,6,12,12
S1153,6,6,12,12
H.R414,6,6,12,12
H.R752,6,6,12,12
H.R732,6,6,12,12
HR1716,6,6,12,10
S5267,6,6,12,12
HR802,6,6,12,12
HR1160,6,6,12,12
HR382,6,6,12,12
HR1359,6,6,12,12
HR1340,6,6,12,12
HR3666,6,6,12,12
H.R14445,6,6,12,12
HR2567,6,6,12,12
HR1591,6,6,12,12
S197,6,6,12,4
HR2454,6,6,12,12
S1343,6,6,12,12
HR3891,6,6,12,12
S992,6,6,12,12
HR2981,6,6,12,12
H.R1296,6,6,12,12
H.R3891,6,6,12,12
H.R1449,6,6,12,12
SJRES11,6,6,12,12
HR4144,6,6,12,12
HR3680,6,6,12,12
H.R3996,6,6,12,12
HR3337,6,6,12,12
H.R195,6,6,12,12
HR3183,6,6,12,12
HR465,8,4,12,9
S159,6,6,12,12
HR4904,6,6,12,12
H.R5193,6,6,12,12
HR5240,6,6,12,12
HR898,6,6,12,12
HR4569,6,6,12,12
HR4670,6,6,12,12
HR4886,6,6,12,12
HR4906,6,6,12,12
HR5002,6,6,12,12
HR5014,6,6,12,12
HR5147,6,6,12,12
HR5153,6,6,12,12
HR5247,6,6,12,12
HR5259,6,6,12,12
HR5365,6,6,12,12
HR5559,6,6,12,12
HR5610,6,6,12,12
HR5794,6,6,12,12
HR5870,6,6,12,12
HR5904,6,6,12,12
HR5040,6,6,12,12
HR1695,6,6,12,12
HR3286,6,6,12,12
HR5506,6,6,12,2
HR4611,6,6,12,12
HR4863,6,6,12,12
HR4523,6,6,12,12
HR4543,6,6,12,12
HR4544,6,6,12,12
HR4852,6,6,12,12
HR5046,6,6,12,12
HR5290,6,6,12,12
HR5292,6,6,12,12
HR5294,6,6,12,12
HR5322,6,6,12,12
S2843,6,6,12,12
HR4696,6,6,12,12
HR5124,6,6,12,12
HR5332,6,6,12,12
HR5594,6,6,12,12
HR520,6,6,12,12
HR5967,6,6,12,12
HR1342,6,6,12,12
HR4767,6,6,12,12
H.R5330,6,6,12,12
H.R4401,6,6,12,12
HR4941,6,6,12,12
HR3784,6,6,12,12
S2616,6,6,12,12
H.R5624,6,6,12,12
S2883,6,6,12,12
H.R5726,6,6,12,12
HR3008,6,6,12,12
H.R5353,6,6,12,12
HR3239,6,6,12,12
H.R440,7,5,12,12
HR3660,6,6,12,12
H.R5102,6,6,12,12
HR4174,6,6,12,12
HR5154,6,6,12,12
HR4085,6,6,12,12
HR3869,6,6,12,12
HR5656,6,6,12,12
H.R2602,6,6,12,4
HR4303,6,6,12,8
HR4816,6,6,12,12
H.R5032,6,6,12,12
H.R5472,6,6,12,12
H.R1318,6,6,12,12
H.R5422,6,6,12,12
S24444,6,6,12,12
HR4278,6,6,12,12
HR4897,6,6,12,10
H.R5510,6,6,12,12
HR3249,6,6,12,12
HR4804,6,6,12,12
HR5698,6,6,12,12
HR4907,6,6,12,12
HR4070,6,6,12,12
HR4380,6,6,12,12
HR5692,6,6,12,10
H.R4048,6,6,12,12
HR5625,6,6,12,12
HR3949,6,6,12,12
HR5186,6,6,12,12
HR2982,6,6,12,12
HR5943,6,6,12,12
H.R5626,6,6,12,12
H.R5384,6,6,12,6
HR4127,6,6,12,12
HR4513,6,6,12,12
HR4887,6,6,12,12
HR5173,6,6,12,12
H.R4997,6,6,12,12
HR4851,6,6,12,12
H.R5879,6,6,12,12
HR5631,6,6,12,12
HR5159,6,6,12,12
HR4858,6,6,12,12
HR4402,6,6,12,12
HR3284,6,6,12,12
HR1638,6,6,12,12
S2998,6,6,12,12
HR5578,6,6,12,12
HR4220,6,6,12,12
HR4221,6,6,12,12
HR440,6,6,12,12
H.R656,6,6,12,12
HR4319,6,6,12,12
HR6262,6,6,12,12
S1228,6,6,12,12
S2817,6,6,12,12
H.R5948,6,6,12,12
S807,6,6,12,12
H.R6540,6,6,12,12
H.R5938,6,6,12,12
H.R6578,6,6,12,12
HR3674,6,6,12,12
HR5386,6,6,12,12
HR5388,6,6,12,12
HR5935,6,6,12,6
HR6368,6,6,12,12
S3000,6,6,12,12
HR6055,6,6,12,12
H.R6070,6,6,12,8
H.R6391,6,6,12,10
H.R60665,6,6,12,12
HR3541,6,6,12,12
H.R5873,6,6,12,12
H.R6080,6,6,12,12
H.R6896,6,6,12,12
H.R839,6,6,12,12
S3320,6,6,12,12
S3547,6,6,12,12
S3279,6,6,12,12
H.R5969,6,6,12,10
H.R5785,6,6,12,10
HR1445,6,6,12,12
H.R7343,6,6,12,12
H.R6315,6,6,12,12
S3490,6,6,12,12
H.R7124,6,6,12,12
H.R7761,6,6,12,12
H.R3487,6,6,12,12
HR7082,7,5,12,12
H.R7497,6,6,12,12
HR5940,8,4,12,6
S3647,6,6,12,12
HR6993,8,4,12,9
HR7406,6,6,12,12
S3831,7,5,12,12
H.R7444,6,6,12,12
H.R7033,6,6,12,12
S3676,6,6,12,10
HR4250,6,6,12,12
HR1328,6,6,12,12
H.R7745,6,6,12,12
H.R7443,6,6,12,8
H.R6911,6,6,12,12
H.R7794,6,6,12,12
H.R7715,6,6,12,12
H.R6419,6,6,12,12
HR5646,6,6,12,12
H.R6168,6,6,12,10
H.R7568,7,5,12,12
H.R3106,6,6,12,12
H.R7907,6,6,12,12
HR7888,6,6,12,12
HR7685,6,6,12,12
H.R7156,6,6,12,8
H.R3197,6,6,12,12
H.R8733,6,6,12,12
HR8881,6,6,12,12
HR8599,6,6,12,6
S4379,6,6,12,12
H.R6801,6,6,12,12
H.R8298,6,6,12,12
HR8725,6,6,12,12
HR8289,6,6,12,6
H.R8369,6,6,12,12
HR8164,6,6,12,12
HR8213,6,6,12,12
HR8592,6,6,12,12
H.R8923,6,6,12,12
S4277,6,6,12,12
H.R8066,6,6,12,12
H.R8146,6,6,12,12
S4266,6,6,12,12
HR8537,6,6,12,6
H.R8376,6,6,12,12
HR8758,6,6,12,12
H.J.RES156,6,6,12,6
H.J.RES158,6,6,12,6
H.J.RES162,6,6,12,6
H.J.RES169,6,6,12,6
HR6850,6,6,12,12
H.J.RES150,6,6,12,12
S.J.RES87,6,6,12,12
HR8545,6,6,12,12
H.R8278,6,6,12,12
H.R6599,6,6,12,12
S4594,6,6,12,12
S4211,6,6,12,12
S4378,6,6,12,12
S4303,6,6,12,12
HR8466,6,6,12,12
HR8709,6,6,12,12
HR8796,6,6,12,12
HR8954,6,6,12,6
HR9012,6,6,12,6
HR6032,6,6,12,8
HJRES136,6,6,12,10
S4621,6,6,12,12
H.R8064,6,6,12,12
S4473,6,6,12,12
HR5923,6,6,12,12
HR8437,6,6,12,12
HR6419,6,6,12,12
H.R9889,6,6,12,12
H.R9688,6,6,12,12
H.R9552,6,6,12,8
H.R9327,6,6,12,8
S5063,6,6,12,12
HR92026,6,6,12,4
H.R5619,7,5,12,11
H.R9652,6,6,12,4
S5113,6,6,12,12
H.R9266,6,6,12,6
H.R9767,6,6,12,12
HR9571,6,6,12,8
H.R9662,6,6,12,12
H.R9669,6,6,12,10
H.R9778,6,6,12,4
H.R9840,6,6,12,12
S4652,6,6,12,12
S4972,6,6,12,12
H.R9722,6,6,12,12
H.R9457,6,6,12,10
H.R9113,6,6,12,8
H.R9760,6,6,12,12
H.R9851,6,6,12,8
S4537,6,6,12,12
H.R9472,6,6,12,12
S4876,6,6,12,10
HR8316,6,6,12,12
S4843,6,6,12,10
HR8018,6,6,12,6
S5125,6,6,12,12
S5199,6,6,12,12
HR9885,6,6,12,8
HR7297,6,6,12,4
S4964,6,6,12,8
H.R7044,6,6,12,4
H.R9866,6,6,12,4
H.R8801,6,6,12,4
H.R9929,6,6,12,12
HR9456,6,6,12,12
H.R10310,6,6,12,12
H.R10127,6,6,12,12
H.R10296,6,6,12,8
S5388,6,6,12,12
H.R10203,6,6,12,10
H.R10373,6,6,12,12
HR58,6,6,12,12
HR160,6,6,12,12
HR529,6,6,12,12
HR723,6,6,12,12
HR738,6,6,12,12
HR1467,6,6,12,12
HR415,6,6,12,12
HR1399,6,6,12,12
HR2352,6,6,12,12
HR2356,6,6,12,12
S538,6,6,12,12
HR1883,6,6,12,12
HR1908,6,6,12,12
HR2180,6,6,12,12
HR2361,6,6,12,12
H.J.RES34,6,6,12,12
HR2495,6,6,12,12
HR1627,6,6,12,2
HR2509,6,6,12,2
H.R2301,6,6,12,8
S181,6,6,12,12
H.R1930,6,6,12,12
S855,6,6,12,12
HR2198,6,6,12,12
HR888,7,5,12,9
HR1320,6,6,12,12
HR2232,6,6,12,6
HR1728,6,6,12,12
H.R1076,7,5,12,12
HR1415,6,6,12,12
H.R8567,8,4,12,12
H.R231,7,5,12,12
S4122,8,4,12,12
HR4092,6,6,12,12
S2284,7,5,12,12
HR1574,7,5,12,12
HR4159,6,6,12,6
HR2089,7,5,12,12
HR4095,6,6,12,12
H.R3747,7,5,12,12
H.R2752,6,6,12,12
S2545,6,6,12,12
H.R5405,6,6,12,12
H.R4538,6,6,12,12
H.R5133,7,5,12,12
HR4559,5,7,12,11
H.R4452,6,6,12,6
HR508,6,6,12,6
HR4917,6,6,12,12
HR4914,6,6,12,12
HR4915,6,6,12,12
HR4916,6,6,12,12
HR4908,6,6,12,12
HR4912,6,6,12,12
HR3245,6,6,12,12
H.R4864,7,5,12,12
HR4950,7,5,12,12
H.R5500,7,5,12,12
H.R6900,6,6,12,10
H.R6356,7,5,12,10
S2531,6,6,12,8
S.J.RES77,7,5,12,10
S3302,7,5,12,12
S3499,6,6,12,10
S3124,7,5,12,12
H.R6176,7,5,12,7
S2997,6,6,12,6
HR5753,8,4,12,9
HR4954,8,4,12,3
HR1027,8,4,12,3
HR5900,8,4,12,3
HR2116,6,5,11,11
S1572,6,5,11,11
HR5821,6,5,11,11
HR3390,6,5,11,11
H.R4824,6,5,11,11
HR4678,6,5,11,11
H.R1911,6,5,11,11
S3762,6,5,11,11
H.R3605,5,6,11,11
H.R6116,5,6,11,11
H.R8215,5,6,11,11
H.R8893,5,6,11,11
S4800,5,6,11,11
H.R296,5,6,11,11
S3250,6,5,11,11
S3656,6,5,11,11
HR3842,5,6,11,11
H.R5618,6,5,11,11
H.R4688,6,5,11,11
H.R6062,6,5,11,11
S2222,6,5,11,11
S2260,6,5,11,11
S3773,6,5,11,11
HR3068,6,5,11,11
S2896,6,5,11,11
H.R5777,6,5,11,11
H.R6956,7,4,11,10
H.R8089,6,5,11,11
HR1532,5,6,11,11
HR1502,6,5,11,11
H.R6227,6,5,11,11
HR2217,5,6,11,9
S2886,6,5,11,11
S3151,6,5,11,11
SJRES17,6,5,11,11
H.R7355,6,5,11,11
H.R7478,6,5,11,11
HR7137,6,5,11,11
H.R2733,6,5,11,11
S4106,8,3,11,11
H.R7423,6,5,11,11
H.R7830,7,4,11,11
H.R2810,5,6,11,11
S2460,6,5,11,11
S5130,6,5,11,11
HR177,6,5,11,11
HR33,6,5,11,11
HR4327,6,5,11,9
HR3797,6,5,11,11
HR3801,6,5,11,11
HR3394,6,5,11,11
H.R1775,6,5,11,11
H.R3705,6,5,11,11
HR5355,6,5,11,9
HR2763,6,5,11,11
HR6294,6,5,11,11
HR6333,6,5,11,11
HR6361,6,5,11,11
H.R5559,5,6,11,11
HR3058,6,5,11,11
H.R6040,6,5,11,11
H.R5327,6,5,11,11
H.R5515,6,5,11,11
H.R5855,6,5,11,11
S3174,6,5,11,11
HR866,6,5,11,11
S3517,6,5,11,11
HR6197,6,5,11,11
S3596,6,5,11,11
H.R6274,7,4,11,11
H.R7052,6,5,11,11
S3695,6,5,11,11
H.R7604,6,5,11,11
HR4231,5,6,11,11
H.R7168,6,5,11,11
H.R5021,6,5,11,11
HR7368,6,5,11,9
H.R7978,6,5,11,11
H.R8025,6,5,11,11
H.R8646,5,6,11,11
S4437,5,6,11,11
S3615,6,5,11,11
S2917,6,5,11,11
H.R7710,6,5,11,11
S.JRES87,5,6,11,11
S.JRES61,5,6,11,11
S5026,6,5,11,11
H.R3872,6,5,11,11
H.R9157,6,5,11,11
H.R9726,6,5,11,11
H.R10378,6,5,11,9
S5327,6,5,11,11
HR3955,6,5,11,11
HR1802,6,5,11,11
H.R863,6,5,11,11
HR2762,6,5,11,11
HR2482,6,5,11,11
H.R2323,6,5,11,11
HR1519,6,5,11,11
HR1975,6,5,11,11
HR479,6,5,11,11
H.R4180,6,5,11,11
S01,6,5,11,11
HR4072,6,5,11,11
HR2958,6,5,11,11
HR3467,6,5,11,11
HR3339,6,5,11,11
HR2689,6,5,11,11
H.R1190,6,5,11,11
H.R5358,6,5,11,11
H.R4294,6,5,11,11
H.R5622,6,5,11,11
H.R4399,6,5,11,11
H.R4562,6,5,11,11
HR5427,6,5,11,11
HR1849,6,5,11,11
H.R4302,6,5,11,11
HR5343,6,5,11,11
H.R4807,6,5,11,11
HR5420,6,5,11,5
H.R6010,6,5,11,11
H.R6147,6,5,11,11
S3455,7,4,11,11
H.R6024,6,5,11,11
HR1834,8,3,11,11
HR7147,10,1,11,9
S4084,10,1,11,5
HR2170,5,5,10,10
HR951,5,5,10,10
HR1739,5,5,10,10
HR1257,5,5,10,10
HR1114,5,5,10,10
HR1273,5,5,10,10
HR852,5,5,10,10
HR1014,5,5,10,10
HR359,5,5,10,10
HR360,5,5,10,10
HR240,5,5,10,10
HR143,5,5,10,10
HR183,5,5,10,10
HR2190,5,5,10,10
HR2268,5,5,10,10
HR2368,5,5,10,10
HR2371,5,5,10,10
HR2521,5,5,10,10
HR2523,5,5,10,10
HR2580,5,5,10,10
HR2492,5,5,10,10
HR2910,5,5,10,10
HR3693,5,5,10,10
HR3452,5,5,10,10
HR3567,5,5,10,10
HR3596,5,5,10,10
HR4627,5,5,10,10
HR4657,5,5,10,10
HR4630,5,5,10,10
HR4732,5,5,10,10
HR5026,5,5,10,10
HR5671,5,5,10,10
HR6458,5,5,10,10
H.R4386,5,5,10,10
HR475,5,5,10,10
HR1302,5,5,10,10
HR1309,5,5,10,10
HR2339,5,5,10,10
HR3102,5,5,10,10
HR3121,5,5,10,10
HR3712,5,5,10,10
HR4339,5,5,10,10
HR4340,5,5,10,10
HR4861,5,5,10,10
HR4700,5,5,10,10
HR4702,5,5,10,10
HR4824,5,5,10,10
HR5379,5,5,10,10
HR2195,5,5,10,10
HR5402,5,5,10,10
HR5752,5,5,10,10
HR6227,5,5,10,10
H.R2962,5,5,10,10
S4722,5,5,10,10
HR2136,5,5,10,10
HR5426,5,5,10,10
HR3595,5,5,10,10
HR2690,5,5,10,10
HR289,5,5,10,10
HR3131,5,5,10,10
HR2346,5,5,10,10
S33,5,5,10,10
HR4893,5,5,10,10
HR3527,5,5,10,10
H.R1417,5,5,10,10
H.R6849,5,5,10,10
H.R6604,5,5,10,10
HR422,5,5,10,10
HR1515,5,5,10,10
HR3832,5,5,10,10
HR5997,5,5,10,10
HR459,5,5,10,10
HR664,5,5,10,10
HR5720,5,5,10,10
HR5729,5,5,10,10
HR5859,5,5,10,10
HR6116,5,5,10,10
S501,6,4,10,9
S1754,5,5,10,10
S3703,5,5,10,10
HR5963,5,5,10,8
H.R2044,5,5,10,10
HR2916,5,5,10,10
HR6165,5,5,10,10
HR1656,5,5,10,10
HR2428,5,5,10,10
HR2429,5,5,10,10
HR3730,5,5,10,10
HR4503,5,5,10,10
HR5212,5,5,10,10
HR5321,5,5,10,10
HR5986,5,5,10,10
S2059,5,5,10,10
S2504,5,5,10,10
HR2513,5,5,10,10
HR2837,5,5,10,10
H.R2456,5,5,10,10
HR3427,5,5,10,10
HR6167,5,5,10,10
H.R1333,5,5,10,10
H.R5679,5,5,10,10
H.R5043,5,5,10,10
S1646,5,5,10,10
HR688,5,5,10,10
HR8505,5,5,10,10
H.R6252,5,5,10,10
H.R5136,5,5,10,10
H.R2519,5,5,10,10
HR4352,5,5,10,10
H.R7501,6,4,10,10
HR1979,5,5,10,10
HR3571,5,5,10,10
H.R4834,5,5,10,10
H.R2727,5,5,10,10
HR4480,5,5,10,10
H.R5750,5,5,10,8
H.R1817,5,5,10,10
HR3114,5,5,10,10
H.R6651,5,5,10,10
H.R5458,5,5,10,10
H.R2388,5,5,10,10
HR4194,5,5,10,8
HR2924,5,5,10,10
HR5541,5,5,10,10
H.R2135,5,5,10,10
H.R2628,5,5,10,10
HR6787,5,5,10,10
S3230,5,5,10,10
H.R510,5,5,10,10
H.R2204,5,5,10,10
H.R3750,5,5,10,10
H.R2051,5,5,10,10
H.R7238,5,5,10,10
HR2120,5,5,10,10
HR1835,5,5,10,10
HR599,5,5,10,10
H.R2899,5,5,10,10
S1959,5,5,10,10
HR3771,5,5,10,10
H.R6878,5,5,10,10
H.R5722,5,5,10,10
H.R6921,5,5,10,10
HR4043,5,5,10,10
HR2735,5,5,10,10
H.R3912,5,5,10,10
H.R6887,5,5,10,10
H.R3414,5,5,10,10
S75,5,5,10,10
H.R3685,5,5,10,10
S1386,5,5,10,10
H.R3676,5,5,10,10
H.R6615,5,5,10,6
S93,5,5,10,10
HR4014,5,5,10,10
H.R4377,5,5,10,10
S3761,5,5,10,10
H.R344,5,5,10,10
H.R5516,5,5,10,10
H.R5529,5,5,10,10
H.R5754,5,5,10,10
HR4022,5,5,10,10
S3645,5,5,10,10
HR4833,5,5,10,10
H.R2179,5,5,10,10
HR1559,5,5,10,10
H.R5588,5,5,10,10
H.R6638,5,5,10,10
H.R6750,5,5,10,10
H.J.RES41,5,5,10,10
H.R6724,5,5,10,10
H.R230,5,5,10,10
H.R269,5,5,10,10
H.R408,5,5,10,10
H.R1136,5,5,10,10
H.R4396,5,5,10,10
H.R5303,5,5,10,10
S3343,5,5,10,10
H.R6212,5,5,10,10
H.R6288,5,5,10,10
H.R6594,5,5,10,10
H.R6941,5,5,10,10
H.R6957,5,5,10,10
S3668,5,5,10,10
H.R3189,5,5,10,10
S3652,5,5,10,10
S1089,5,5,10,10
S418,5,5,10,10
HR1846,5,5,10,10
HR2351,5,5,10,8
S1175,5,5,10,8
HR1785,5,5,10,10
H.R2363,5,5,10,10
H.R4061,5,5,10,10
H.R6134,5,5,10,10
H.R192,5,5,10,10
S4827,5,5,10,10
S2490,5,5,10,10
S1048,5,5,10,10
HR3687,5,5,10,10
H.R5307,5,5,10,10
HR2565,5,5,10,10
H.R899,5,5,10,10
H.R2475,5,5,10,6
HR7179,5,5,10,10
H.R3083,5,5,10,10
HR1917,5,5,10,10
HR1049,5,5,10,10
HR2501,5,5,10,10
HR3067,5,5,10,10
HR3451,5,5,10,10
S3501,5,5,10,10
H.R5334,5,5,10,10
H.R7475,5,5,10,10
H.R2861,5,5,10,10
HR352,5,5,10,10
HR2491,5,5,10,10
S286,5,5,10,10
HR1985,5,5,10,10
HR3733,5,5,10,10
HR727,5,5,10,10
S580,5,5,10,10
HR3580,5,5,10,10
HR3279,5,5,10,10
HR1947,5,5,10,10
HR2200,5,5,10,10
HR3772,5,5,10,10
HR5361,5,5,10,10
H.R1100,5,5,10,10
H.R5417,5,5,10,10
HR22114,5,5,10,10
HR4629,5,5,10,10
S324,5,5,10,10
H.R4267,5,5,10,10
H.R2980,5,5,10,10
S3576,5,5,10,10
S3401,5,5,10,10
HR5699,5,5,10,10
HR6081,5,5,10,10
H.R7495,5,5,10,10
HR245,5,5,10,10
S3877,5,5,10,10
S983,5,5,10,10
H.R892,5,5,10,10
H.R6696,6,4,10,9
HR5227,5,5,10,10
H.R4001,5,5,10,10
HR6685,5,5,10,10
S2898,5,5,10,10
HR6618,5,5,10,10
HR4646,5,5,10,10
H.R5319,5,5,10,10
HR3515,5,5,10,10
S2539,5,5,10,10
HR6940,5,5,10,10
HR261,5,5,10,10
HR819,5,5,10,10
HR857,5,5,10,10
HR1021,5,5,10,10
HR5323,5,5,10,10
HR4614,5,5,10,10
H.R15544,5,5,10,10
S1502,5,5,10,10
H.R3071,5,5,10,10
HR7562,5,5,10,10
H.R4481,5,5,10,10
H.R5065,5,5,10,10
HR365,5,5,10,10
HR6825,5,5,10,10
H.R6533,5,5,10,10
S3545,5,5,10,10
HR7266,5,5,10,10
HR7124,5,5,10,10
S4482,5,5,10,10
H.R4344,5,5,10,10
H.R7680,5,5,10,10
HR7272,5,5,10,10
HR7337,5,5,10,10
H.R7639,5,5,10,10
HR5883,5,5,10,10
H.R7524,5,5,10,10
H.R7282,7,3,10,9
H.R7876,5,5,10,10
S4257,6,4,10,10
HR7945,5,5,10,10
HR8063,5,5,10,10
H.R7727,6,4,10,10
HR2158,5,5,10,10
HR7991,5,5,10,10
H.R8098,5,5,10,10
H.R7276,5,5,10,10
H.R6891,5,5,10,10
H.R7611,5,5,10,10
H.R8156,5,5,10,10
S4392,5,5,10,10
S3782,5,5,10,2
HR7910,5,5,10,10
S4076,7,3,10,10
HR678,5,5,10,10
H.R6441,5,5,10,10
H.R8122,6,4,10,9
S4479,5,5,10,10
S4388,5,5,10,10
H.R7529,5,5,10,8
HR8902,5,5,10,10
HR4331,5,5,10,10
S1712,5,5,10,10
S4131,5,5,10,10
H.R7687,5,5,10,10
H.R7582,5,5,10,10
H.R7836,5,5,10,10
S4148,6,4,10,10
H.R7275,5,5,10,10
H.R54112,5,5,10,10
H.R7466,5,5,10,10
HR4830,5,5,10,10
H.R4726,5,5,10,10
H.R8072,5,5,10,10
HR8128,5,5,10,10
S4376,5,5,10,10
H.R8285,5,5,10,10
S4057,5,5,10,10
H.R8322,5,5,10,10
S3859,5,5,10,6
H.R7970,5,5,10,10
S3610,5,5,10,10
H.R8520,5,5,10,10
HR7980,5,5,10,10
H.R8619,5,5,10,10
HR8655,5,5,10,10
H.R9102,5,5,10,10
H.R8465,5,5,10,10
HR6129,5,5,10,10
S4468,5,5,10,10
HR8825,5,5,10,10
S4006,5,5,10,10
S4545,5,5,10,10
S4831,5,5,10,10
H.R8875,5,5,10,10
HR2489,5,5,10,10
S4574,5,5,10,6
HR8623,5,5,10,10
H.R2226,5,5,10,6
H.R8778,5,5,10,10
H.R8653,5,5,10,10
S4838,5,5,10,10
H.R8492,5,5,10,10
S4715,5,5,10,10
S4857,5,5,10,10
S4607,5,5,10,10
HR2193,5,5,10,10
H.R8759,5,5,10,10
S4894,5,5,10,10
S4809,5,5,10,10
S5041,5,5,10,10
HR8876,5,5,10,10
H.R8433,5,5,10,10
H.R8527,5,5,10,10
H.R8758,5,5,10,10
S4684,5,5,10,10
S5002,5,5,10,8
H.R8501,5,5,10,10
H.R6873,6,4,10,10
H.R8577,5,5,10,10
H.R8360,5,5,10,10
S4746,5,5,10,10
S4599,5,5,10,10
H.R9022,5,5,10,10
H.R8597,5,5,10,10
H.R8311,5,5,10,10
H.R8611,5,5,10,10
HR7584,5,5,10,10
S5072,5,5,10,6
HR5989,5,5,10,10
S4567,5,5,10,10
H.R7846,5,5,10,10
H.R7396,5,5,10,10
H.R9175,5,5,10,10
HR7510,6,4,10,9
S5067,5,5,10,10
S5158,5,5,10,8
HR9565,5,5,10,10
S5283,5,5,10,10
HR9017,5,5,10,10
S5249,5,5,10,10
H.R9381,5,5,10,10
S5133,5,5,10,6
H.R9207,5,5,10,8
S5340,5,5,10,6
H.R9231,5,5,10,10
S4711,5,5,10,10
H.R9481,5,5,10,10
S5280,5,5,10,10
S5226,5,5,10,10
H.R9406,5,5,10,10
H.R9539,5,5,10,6
S4576,5,5,10,10
S5056,5,5,10,10
H.R7337,5,5,10,10
H.R6632,5,5,10,10
HR1680,5,5,10,10
S5174,5,5,10,10
H.R9475,5,5,10,8
H.R9152,5,5,10,10
H.R9424,5,5,10,6
H.R9267,5,5,10,10
HJRES44,5,5,10,8
H.R2009,5,5,10,10
H.R2018,5,5,10,10
H.R2020,5,5,10,10
H.R2057,5,5,10,10
HR2532,5,5,10,10
H.R119,5,5,10,10
HR711,5,5,10,10
HJRES39,5,5,10,8
H.R372,5,5,10,6
HR626,5,5,10,10
S1100,5,5,10,10
H.R327,5,5,10,10
HR7768,5,5,10,8
HR1345,5,5,10,10
HR887,5,5,10,10
HR1666,7,3,10,4
HR945,5,5,10,10
HR2949,5,5,10,10
H.R3436,5,5,10,10
H.R4063,5,5,10,10
HR4275,5,5,10,10
H.R3043,6,4,10,10
H.R3489,5,5,10,10
S1722,5,5,10,10
HR2904,5,5,10,10
HR3331,5,5,10,10
HR3299,5,5,10,10
H.R1757,5,5,10,10
H.R3991,5,5,10,10
H.R3667,5,5,10,10
HR2723,5,5,10,6
HR3705,5,5,10,10
HR2554,5,5,10,10
HR2804,5,5,10,10
HR3876,5,5,10,10
HR4223,5,5,10,10
H.R5153,5,5,10,10
H.R5312,5,5,10,10
HR4713,5,5,10,10
S1215,5,5,10,10
HR5760,5,5,10,8
HR4473,5,5,10,10
H.R4197,5,5,10,8
HR1587,5,5,10,10
H.R9741,5,5,10,10
H.R9571,5,5,10,10
H.R3578,5,5,10,10
S2219,5,5,10,10
HR5242,5,5,10,10
H.R3760,5,5,10,6
H.R4746,5,5,10,10
H.R6447,5,5,10,10
HR3603,5,5,10,10
HR3738,5,5,10,10
HR3933,5,5,10,10
HR3981,5,5,10,10
HR4060,5,5,10,10
HR4061,5,5,10,10
HR4171,5,5,10,10
HR4225,5,5,10,10
HR4400,5,5,10,10
HR5785,5,5,10,10
HR5956,5,5,10,10
HR6315,5,5,10,10
HR6330,5,5,10,10
HR6338,5,5,10,10
HR6340,5,5,10,10
HR6345,5,5,10,10
HR6360,5,5,10,10
HR6362,5,5,10,10
HR6380,5,5,10,10
HR6551,5,5,10,10
HR6656,5,5,10,10
S.J.RES51,5,5,10,10
HR2582,5,5,10,10
HR6233,5,5,10,10
HR6312,5,5,10,10
HR6471,5,5,10,10
HR6267,5,5,10,10
HR6513,5,5,10,10
HR6643,5,5,10,10
S2944,5,5,10,10
S3313,5,5,10,10
HR6335,5,5,10,10
HR6520,5,5,10,10
HR6141,5,5,10,10
S3477,5,5,10,10
HR6336,5,5,10,10
H.J.RES102,5,5,10,10
H.R6196,5,5,10,10
HR6377,5,5,10,10
HR5988,5,5,10,10
H.R6640,5,5,10,10
HR5991,5,5,10,10
H.R6781,5,5,10,10
HR4839,5,5,10,10
HR6841,5,5,10,10
H.R6220,5,5,10,10
HR3851,5,5,10,10
HR6555,5,5,10,10
S3246,5,5,10,10
HR5128,5,5,10,10
H.R5900,5,5,10,10
H.R6195,5,5,10,10
H.R6558,5,5,10,10
H.R6842,5,5,10,10
H.R6907,5,5,10,10
H.R6631,5,5,10,10
H.R6836,5,5,10,10
HR5886,5,5,10,10
HR6142,5,5,10,10
HR6246,5,5,10,10
HR6429,5,5,10,10
HR6463,5,5,10,10
HR6473,5,5,10,10
HR6582,5,5,10,10
H.R6593,6,4,10,10
H.R2372,5,5,10,10
S2312,5,5,10,10
HR6516,5,5,10,10
H.R98,5,5,10,10
HR6038,5,5,10,10
SJRES99,5,5,10,10
HR6621,5,5,10,10
H.R6756,5,5,10,6
S3158,5,5,10,10
HR6386,5,5,10,10
HR5971,5,5,10,10
HR6355,5,5,10,10
H.R6042,5,5,10,8
H.R6775,5,5,10,10
H.R6211,5,5,10,10
S3613,5,5,10,10
HR7210,5,5,10,10
HR6842,5,5,10,10
H.R1979,5,5,10,10
HR6766,5,5,10,8
HR7347,5,5,10,10
S3614,5,5,10,10
HR4297,5,5,10,10
H.R7381,5,5,10,10
HR7577,5,5,10,10
H.R5361,5,5,10,10
HR5663,5,5,10,10
HR7432,5,5,10,10
HR6944,5,5,10,10
H.R6976,5,5,10,10
HJRES117,5,5,10,10
SJRES65,5,5,10,10
H.R7595,5,5,10,10
H.R7963,5,5,10,10
H.R7445,5,5,10,10
H.R6586,5,5,10,10
S27141,5,5,10,10
S4021,5,5,10,10
H.J.RES113,5,5,10,10
HR3686,5,5,10,10
HR7119,5,5,10,10
HR6884,5,5,10,10
HJ.RES98,5,5,10,10
H.R3639,5,5,10,10
H.R7516,5,5,10,10
HR5490,5,5,10,10
S3882,5,5,10,10
SJRES58,5,5,10,10
HR7673,5,5,10,10
H.R4781,6,4,10,10
H.J.RES115,5,5,10,10
HR7187,5,5,10,10
HR6003,5,5,10,10
H.J.RES125,5,5,10,10
HR6417,5,5,10,8
S3002,5,5,10,10
H.R7909,5,5,10,10
S4359,5,5,10,10
S3233,5,5,10,10
S4187,5,5,10,10
H.R8662,5,5,10,8
H.R8390,4,6,10,10
HR8009,5,5,10,6
S4714,5,5,10,10
H.R8669,5,5,10,10
S4429,5,5,10,10
H.R8141,5,5,10,8
HR8704,5,5,10,6
S4315,5,5,10,10
S.J.RES136,6,4,10,10
H.R4532,5,5,10,10
HR9022,5,5,10,6
H.R8308,6,4,10,6
HR8932,5,5,10,10
HR8192,5,5,10,10
HR8062,5,5,10,10
HR7941,5,5,10,10
HR7940,5,5,10,10
HR8426,5,5,10,10
SJRES91,5,5,10,10
H.R9562,5,5,10,6
S4451,5,5,10,10
H.J.RES128,5,5,10,10
HR7033,5,5,10,6
H.R8668,5,5,10,10
S4615,5,5,10,10
H.R8786,5,5,10,10
HR5555,5,5,10,10
HR8784,5,5,10,10
H.R8725,5,5,10,10
H.R8898,5,5,10,10
HR9334,5,5,10,10
S4821,5,5,10,10
S4936,5,5,10,10
H.R9135,5,5,10,10
H.R9849,5,5,10,10
S5112,5,5,10,10
HR9374,5,5,10,10
H.R7906,5,5,10,6
H.R9536,5,5,10,10
S4645,5,5,10,10
S2964,5,5,10,10
HR8078,5,5,10,10
H.R9176,5,5,10,6
HR9070,5,5,10,10
H.R9794,5,5,10,10
S4878,5,5,10,10
S4874,5,5,10,10
H.R9523,5,5,10,10
H.R8205,5,5,10,10
S5104,5,5,10,10
HR9156,5,5,10,10
S4779,5,5,10,10
HR5109,5,5,10,10
H.R8478,5,5,10,10
HR9786,5,5,10,10
H.R9691,5,5,10,10
S5122,5,5,10,10
H.R2961,5,5,10,4
H.R9771,5,5,10,10
HR9710,5,5,10,10
HR9669,5,5,10,10
S4806,5,5,10,10
H.R9908,5,5,10,8
S4958,5,5,10,10
S5268,5,5,10,10
S5256,5,5,10,6
S3871,5,5,10,8
H.R9910,5,5,10,10
HR9803,5,5,10,6
S5368,5,5,10,10
S5351,5,5,10,8
H.R10262,5,5,10,8
S5503,5,5,10,10
S5397,5,5,10,10
S5294,5,5,10,10
S5361,5,5,10,10
H.R10401,5,5,10,10
H.R10494,5,5,10,10
S.J.RES117,6,4,10,10
S5370,5,5,10,10
H.R9835,5,5,10,6
H.R10471,5,5,10,10
S5629,5,5,10,10
H.R1444,5,5,10,10
HR990,5,5,10,10
H.R109,5,5,10,10
H.R1230,5,5,10,10
H.R149,5,5,10,10
H.R1646,5,5,10,10
H.R1947,5,5,10,10
H.R2278,5,5,10,10
H.R968,5,5,10,10
S1134,5,5,10,10
S1311,5,5,10,10
HR2031,5,5,10,10
HR1896,5,5,10,10
H.R2095,5,5,10,10
HR8187,5,5,10,10
H.R2375,5,5,10,10
HR2649,5,5,10,10
HR2647,5,5,10,10
HR2648,5,5,10,10
HR924,5,5,10,10
H.R2075,5,5,10,6
H.R1017,5,5,10,10
H.R2452,5,5,10,10
H.R2333,5,5,10,10
S715,5,5,10,10
H.R2302,6,4,10,9
H.R199,5,5,10,10
H.R434,5,5,10,10
H.R201,5,5,10,10
S1075,5,5,10,10
H.R2006,5,5,10,10
HR330,5,5,10,10
H.R76,5,5,10,10
H.R504,5,5,10,10
H.R10400,5,5,10,10
HR186,5,5,10,10
H.R1951,5,5,10,10
H.R2905,5,5,10,10
H.R1863,5,5,10,10
HR1657,5,5,10,10
HR755,5,5,10,10
HR2111,5,5,10,10
H.R1850,5,5,10,10
H.R183,5,5,10,10
HR2038,5,5,10,10
HR2186,5,5,10,10
S1122,5,5,10,10
HJRES15,5,5,10,10
HR1449,5,5,10,10
HR1651,5,5,10,10
HR2165,5,5,10,10
HR2288,5,5,10,10
H.R251,5,5,10,10
HR838,5,5,10,10
HR2107,5,5,10,10
HR1197,5,5,10,10
SJRES30,5,5,10,10
HR2322,6,4,10,9
HR1420,5,5,10,10
HR628,5,5,10,10
HR2561,5,5,10,10
HR2562,5,5,10,10
HR2694,5,5,10,10
HR2968,5,5,10,10
HR2498,5,5,10,10
HR3311,5,5,10,10
HR3877,5,5,10,10
HR2624,5,5,10,10
HR2737,5,5,10,10
HR2795,5,5,10,10
HR3573,5,5,10,10
HR4036,5,5,10,10
S1365,5,5,10,10
HR3421,5,5,10,10
H.R2838,5,5,10,10
HR3234,6,4,10,10
H.R875,4,6,10,9
H.R3162,5,5,10,10
HR3307,5,5,10,10
H.R2504,6,4,10,10
S1771,5,5,10,10
H.R3526,6,4,10,10
H.R3575,5,5,10,10
HR4242,5,5,10,10
HR3598,5,5,10,10
HR5005,5,5,10,10
H.R2241,5,5,10,10
H.R896,5,5,10,10
H.R3171,5,5,10,10
H.R67,5,5,10,6
HR930,5,5,10,10
HR4214,6,4,10,10
H.R3905,5,5,10,10
HR2701,5,5,10,10
HR3690,5,5,10,10
H.R5200,5,5,10,10
S2393,5,5,10,10
HR4913,5,5,10,10
HR181,6,4,10,5
H.R5220,5,5,10,10
HR5336,6,4,10,10
HR5298,5,5,10,10
H.R5091,5,5,10,10
H.R874,5,5,10,8
S2756,6,4,10,5
H.R5262,6,4,10,10
H.R3846,5,5,10,6
H.R5553,5,5,10,10
H.R5272,6,4,10,10
H.R4139,6,4,10,5
HR5262,5,5,10,6
H.R6704,6,4,10,10
HR6342,6,4,10,10
H.R5857,6,4,10,10
H.R6156,6,4,10,10
H.R5972,5,5,10,10
H.R6141,6,4,10,10
H.R6334,6,4,10,8
H.R6512,5,5,10,2
S3135,8,2,10,9
HR6047,5,5,10,4
HR6731,5,5,10,2
S2358,5,5,10,2
H.R6983,9,1,10,10
H.R6948,9,1,10,4
HR2291,5,4,9,9
H.R6671,5,4,9,9
HR6062,5,4,9,9
H.R2580,5,4,9,9
HR5966,5,4,9,9
HR2082,5,4,9,9
H.R6550,5,4,9,9
HR6796,5,4,9,7
HR4994,5,4,9,9
HR266,5,4,9,9
H.R6385,5,4,9,9
H.R5853,5,4,9,9
HR749,5,4,9,9
HR5661,5,4,9,9
H.R4458,5,4,9,9
HJRES35,4,5,9,9
S3508,5,4,9,9
HR4162,5,4,9,9
H.R4078,4,5,9,9
H.R8695,4,5,9,9
H.R7349,6,3,9,7
H.R6178,6,3,9,6
HR2988,5,4,9,9
HR4773,5,4,9,9
HR3657,5,4,9,9
HR3091,5,4,9,9
H.R3389,5,4,9,9
HR4412,5,4,9,9
H.R7298,5,4,9,9
HR3352,5,4,9,9
H.R7358,5,4,9,9
S4250,6,3,9,9
HR7502,5,4,9,9
H.R7789,5,4,9,9
H.R7404,5,4,9,9
HR7037,5,4,9,9
H.R8068,6,3,9,9
HR7767,5,4,9,9
S4613,5,4,9,9
S3935,5,4,9,9
S3192,5,4,9,9
S4988,5,4,9,9
HR6359,5,4,9,9
H.R5350,5,4,9,9
HR8111,9,0,9,1
HR8864,9,0,9,1
HR5950,5,4,9,7
H.R9550,5,4,9,9
S4162,5,4,9,9
S5275,5,4,9,9
H.R1635,5,4,9,9
H.R171,5,4,9,9
HR2685,4,5,9,9
H.R3251,5,4,9,9
HR5183,5,4,9,9
H.R5560,4,5,9,9
H.R522,5,4,9,9
HR6526,5,4,9,9
HR6418,5,4,9,9
HR6894,5,4,9,9
H.R7347,4,5,9,9
H.R7578,5,4,9,9
HR6916,5,4,9,9
HR7732,5,4,9,9
H.R7726,5,4,9,9
H.R6990,5,4,9,9
S4023,5,4,9,9
HR6586,4,5,9,9
H.R5424,5,4,9,9
HR8147,5,4,9,9
HR7917,5,4,9,9
S4224,5,4,9,9
S4100,4,5,9,9
H.R7954,6,3,9,9
H.R8129,6,3,9,9
H.R8459,5,4,9,9
HR2696,5,4,9,9
HR902,5,4,9,9
H.J.RES194,7,2,9,5
S5083,5,4,9,9
HR6815,2,7,9,9
HR2577,5,4,9,9
HR1518,5,4,9,9
H.R2541,5,4,9,9
HJRES24,4,5,9,9
H.R10468,5,4,9,9
HR2808,5,4,9,9
S1167,5,4,9,9
H.R10540,5,4,9,9
H.R2098,5,4,9,9
H.R2066,5,4,9,9
HR2504,5,4,9,9
HR2743,5,4,9,9
S2775,5,4,9,9
HR1181,5,4,9,9
HR1594,5,4,9,9
H.R352,5,4,9,9
H.R351,5,4,9,9
S63,5,4,9,9
HR2854,5,4,9,9
HR1709,5,4,9,9
HR1765,5,4,9,9
H.R237,5,4,9,9
HR2147,5,4,9,9
H.R1903,5,4,9,9
HR1675,5,4,9,9
HR1548,5,4,9,9
HR383,5,4,9,9
H.R1356,5,4,9,9
HR1798,5,4,9,9
HR4867,5,4,9,9
H.R292,5,4,9,9
H.R735,5,4,9,9
HR1466,5,4,9,9
H.R90,5,4,9,9
H.R1174,5,4,9,9
H.R2536,5,4,9,9
H.R3532,5,4,9,9
HR3277,5,4,9,9
S1560,5,4,9,9
S2167,6,3,9,9
H.R3704,5,4,9,9
HR3701,5,4,9,9
HR3253,5,4,9,9
H.R5349,5,4,9,9
S1713,4,5,9,9
HR4744,5,4,9,9
HR5301,5,4,9,9
H.R4623,5,4,9,7
H.R4430,5,4,9,9
H.R4560,6,3,9,8
HR10351,5,4,9,3
H.R5697,6,3,9,9
H.R5800,6,3,9,9
S3395,5,4,9,9
HR6387,6,3,9,9
HR6398,6,3,9,9
HR6409,6,3,9,9
H.R6554,5,4,9,9
H.R6335,5,4,9,7
HR5684,6,3,9,3
H.R6250,7,2,9,8
H.R7115,6,3,9,9
S4152,6,3,9,7
H.R7324,8,1,9,8
H.R8189,5,4,9,3
HR2500,8,0,8,2
HR4108,4,4,8,8
HR3683,4,4,8,8
HR2271,4,4,8,8
H.R5649,4,4,8,8
H.R4182,4,4,8,8
S276,4,4,8,8
H.R6794,4,4,8,8
HR1643,4,4,8,8
HR3830,4,4,8,8
HR2141,4,4,8,4
S268,4,4,8,8
H.R4683,4,4,8,8
H.R6527,4,4,8,8
HR327,4,4,8,8
HR403,4,4,8,8
HR600,4,4,8,8
HR774,4,4,8,8
HR837,4,4,8,8
HR1076,4,4,8,8
HR1127,4,4,8,8
HR1172,4,4,8,8
HR1334,4,4,8,8
HR2388,4,4,8,8
HR4359,4,4,8,8
HR4847,4,4,8,8
HR4955,4,4,8,8
HR6177,4,4,8,8
HJRES1,4,4,8,8
HR37,4,4,8,8
HR65,4,4,8,8
HR93,4,4,8,8
HR237,4,4,8,8
HR576,4,4,8,8
HR607,4,4,8,8
HR635,4,4,8,8
HR639,4,4,8,8
HR641,4,4,8,8
HR776,4,4,8,8
HR827,4,4,8,8
HR860,4,4,8,8
HR873,4,4,8,8
HR1070,4,4,8,8
HR1098,4,4,8,8
HR1634,4,4,8,8
HR1662,4,4,8,8
HR2070,4,4,8,8
HR2215,4,4,8,8
HR2343,4,4,8,8
HR2358,4,4,8,8
HR2440,4,4,8,8
HR2844,4,4,8,8
HR3288,4,4,8,8
HR3646,4,4,8,8
HR3863,4,4,8,8
HR4044,4,4,8,8
HR4789,4,4,8,8
HR5076,4,4,8,8
HR5448,4,4,8,8
HR5500,4,4,8,8
HR6293,4,4,8,8
HR6299,4,4,8,8
HR6446,4,4,8,8
HR6872,4,4,8,8
HR6941,4,4,8,8
HJRES5,4,4,8,8
HJRES14,4,4,8,8
HJRES23,4,4,8,8
S2696,4,4,8,8
S3142,4,4,8,8
HR80,4,4,8,8
HR81,4,4,8,8
HR100,4,4,8,8
HR134,4,4,8,8
HR2699,4,4,8,8
HR6550,4,4,8,8
S3133,4,4,8,8
HR229,4,4,8,8
HR230,4,4,8,8
HR231,4,4,8,8
HR244,4,4,8,8
HR414,4,4,8,8
HR753,4,4,8,8
HR1077,4,4,8,8
HR1237,4,4,8,8
HR1412,4,4,8,8
HR1461,4,4,8,8
HR1830,4,4,8,8
HR2055,4,4,8,8
HR2557,4,4,8,8
HR2681,4,4,8,8
HR2939,4,4,8,8
HR3049,4,4,8,8
HR3118,4,4,8,8
HR3338,4,4,8,8
HR3389,4,4,8,8
HR4257,4,4,8,8
HR4388,4,4,8,8
HR4653,4,4,8,8
HR4654,4,4,8,8
HR4782,4,4,8,8
HR4947,4,4,8,8
HR5120,4,4,8,8
HR5362,4,4,8,8
HR5485,4,4,8,8
HR5897,4,4,8,8
HR6079,4,4,8,8
HR6327,4,4,8,8
HR6447,4,4,8,8
HR6486,4,4,8,8
HR6490,4,4,8,8
HR6627,4,4,8,8
HJRES4,4,4,8,8
HJRES48,4,4,8,8
S3446,4,4,8,8
S3582,4,4,8,8
HR147,4,4,8,8
HR584,4,4,8,8
HR914,4,4,8,8
HR958,4,4,8,8
HR2151,4,4,8,8
H.R2775,4,4,8,8
H.R1273,4,4,8,8
H.R1706,4,4,8,8
H.R3368,4,4,8,8
H.R4633,4,4,8,8
H.R4845,4,4,8,8
H.R5025,4,4,8,8
HR2420,4,4,8,8
HR2789,4,4,8,8
HR3575,4,4,8,8
HR3586,4,4,8,8
HR4483,4,4,8,8
HR5516,4,4,8,8
HR5575,4,4,8,8
HR5599,4,4,8,8
HR5606,4,4,8,8
HR5607,4,4,8,8
HR5624,4,4,8,8
HR5788,4,4,8,8
HR5819,4,4,8,8
HR5901,4,4,8,8
HR5916,4,4,8,8
HR5953,4,4,8,8
HR6064,4,4,8,8
HR6112,4,4,8,8
HR6131,4,4,8,8
HR6208,4,4,8,8
HR1292,4,4,8,8
HR293,4,4,8,8
HR3401,4,4,8,8
HR3888,4,4,8,8
HR3994,4,4,8,8
HR4464,4,4,8,8
HR5300,4,4,8,8
HR5755,4,4,8,8
HR5787,4,4,8,8
HR5789,4,4,8,8
HR5918,4,4,8,8
HR5928,4,4,8,8
HR6307,4,4,8,8
HR6332,4,4,8,8
HR6604,4,4,8,8
S3851,4,4,8,8
H.R3986,4,4,8,8
HR2877,4,4,8,8
HR7791,4,4,8,8
H.R6097,4,4,8,8
H.R6241,4,4,8,8
S733,4,4,8,8
H.R2644,4,4,8,8
H.R218,4,4,8,8
HR8138,4,4,8,8
HR4595,4,4,8,8
HR1866,4,4,8,8
HR6578,4,4,8,8
HR8337,4,4,8,8
HR5632,4,4,8,8
HR4075,4,4,8,8
HR3446,4,4,8,8
HR7326,4,4,8,8
S3443,4,4,8,8
H.R6118,4,4,8,8
HR859,4,4,8,8
HR684,4,4,8,8
HR218,4,4,8,8
HR3116,4,4,8,8
HR3211,4,4,8,8
H.R6774,4,4,8,8
S3809,4,4,8,8
H.R8489,4,4,8,8
H.R7240,4,4,8,8
S3938,4,4,8,8
HR528,4,4,8,8
HR1523,4,4,8,8
HR1270,4,4,8,8
HR1549,4,4,8,8
HR2068,4,4,8,8
HR2001,4,4,8,8
HR3675,4,4,8,8
HR3757,4,4,8,8
HR4675,4,4,8,8
HR1584,4,4,8,8
HR3387,4,4,8,8
HR2913,4,4,8,8
HR5334,4,4,8,8
HR2265,4,4,8,8
HR6782,4,4,8,8
HR6912,4,4,8,8
HR7146,4,4,8,8
H.R6476,4,4,8,8
HR5131,4,4,8,8
H.R2242,4,4,8,8
HR1860,4,4,8,8
HR3552,4,4,8,8
HR2914,4,4,8,8
HR4332,4,4,8,8
S80,4,4,8,8
S2366,4,4,8,8
HR2782,4,4,8,8
S1510,4,4,8,8
H.R2248,4,4,8,8
S3984,4,4,8,8
HR2480,4,4,8,8
H.R8592,4,4,8,8
HR5856,4,4,8,8
H.R4885,4,4,8,8
S2535,4,4,8,8
HR6171,4,4,8,8
HR7178,4,4,8,6
HR3829,4,4,8,8
HR2634,4,4,8,8
HR891,4,4,8,8
HR2090,4,4,8,8
HR6316,4,4,8,8
H.R712,4,4,8,8
HR1581,4,4,8,8
HR4526,4,4,8,8
H.R5884,4,4,8,8
H.R2157,4,4,8,8
S358,4,4,8,8
H.R947,4,4,8,8
H.R1675,4,4,8,8
H.R2128,4,4,8,8
H.R2306,4,4,8,8
H.R3097,4,4,8,8
H.R3902,4,4,8,8
S2487,4,4,8,8
H.R6036,4,4,8,8
S2318,4,4,8,8
SJRES15,4,4,8,8
HR2378,4,4,8,8
HR2616,4,4,8,4
HR1193,4,4,8,8
HR7192,4,4,8,8
HR1350,4,4,8,8
HR4932,4,4,8,8
HR3806,4,4,8,8
HR3322,4,4,8,8
HR2759,4,4,8,8
HR53,4,4,8,8
HR409,4,4,8,8
HR5217,4,4,8,8
HR3606,4,4,8,8
HR5795,4,4,8,8
HR5654,4,4,8,8
HR5767,4,4,8,8
HR7182,4,4,8,8
HR2638,4,4,8,8
HR2895,4,4,8,8
H.R1910,4,4,8,8
H.R2430,4,4,8,8
H.R2227,4,4,8,8
S982,4,4,8,8
S1518,4,4,8,8
S1581,4,4,8,8
H.R5668,4,4,8,8
H.R5774,4,4,8,8
H.R6138,4,4,8,8
H.R6779,4,4,8,8
S2143,4,4,8,8
S88,4,4,8,8
HR18,4,4,8,8
HR4387,4,4,8,8
HR8868,4,4,8,8
H.R5148,4,4,8,8
S2552,4,4,8,8
H.R380,4,4,8,8
H.R424,4,4,8,8
H.R2997,4,4,8,8
H.R3677,4,4,8,8
H.R2100,4,4,8,8
H.R5906,4,4,8,8
HR7467,4,4,8,8
HR7183,4,4,8,8
H.R3540,4,4,8,8
H.R5459,4,4,8,8
HR1251,4,4,8,8
HR2318,4,4,8,8
HR3077,4,4,8,8
HR4792,4,4,8,8
S3459,4,4,8,8
S3298,4,4,8,8
S2912,4,4,8,8
HR3462,4,4,8,8
H.R2364,4,4,8,8
H.R293,4,4,8,8
H.R1292,4,4,8,8
H.R2327,4,4,8,8
H.R2420,4,4,8,8
H.R2704,4,4,8,8
H.R2778,4,4,8,8
H.R3804,4,4,8,8
H.R4471,4,4,8,8
H.R4625,4,4,8,8
H.R5562,4,4,8,8
H.R5671,4,4,8,8
H.R5755,4,4,8,8
H.R6464,4,4,8,8
H.R2292,4,4,8,8
H.R1222,4,4,8,8
HR4301,4,4,8,8
HR2738,4,4,8,8
HR6001,4,4,8,8
HR4287,4,4,8,8
HR6852,4,4,8,8
H.R3256,4,4,8,8
S2056,4,4,8,8
H.R8713,4,4,8,8
H.R6434,6,2,8,8
H.R2000,4,4,8,8
HR4716,4,4,8,8
H.R4172,4,4,8,6
HR2239,4,4,8,8
HR2097,4,4,8,8
HR1524,4,4,8,8
HR3995,4,4,8,8
H.J.RES3,4,4,8,8
H.J.RES8,4,4,8,8
S.J.RES5,4,4,8,8
H.J.RES32,4,4,8,8
H.R1116,4,4,8,8
H.R4869,4,4,8,8
H.R5411,4,4,8,8
HR5443,4,4,8,8
HR6596,4,4,8,8
H.R111,4,4,8,8
H.R212,4,4,8,8
H.R326,4,4,8,8
H.R356,4,4,8,8
H.R393,4,4,8,8
H.R916,4,4,8,8
H.R1922,4,4,8,8
H.R2566,4,4,8,8
H.R3040,4,4,8,8
H.R3553,4,4,8,8
S671,4,4,8,8
H.R5113,4,4,8,8
H.R5238,4,4,8,8
H.R5364,4,4,8,8
H.R5464,4,4,8,8
H.R5590,4,4,8,8
H.R5712,4,4,8,8
H.R5824,4,4,8,8
H.R5903,4,4,8,8
H.R5927,4,4,8,8
H.R6327,4,4,8,8
H.R6674,4,4,8,8
H.R7113,4,4,8,8
H.R7287,4,4,8,8
S2551,4,4,8,8
S2848,4,4,8,8
S2935,4,4,8,8
S3081,4,4,8,8
S3160,4,4,8,8
H.R4485,4,4,8,8
H.R6922,4,4,8,8
S3760,4,4,8,8
H.R401,4,4,8,8
H.R1037,4,4,8,8
H.R701,4,4,8,8
H.R1888,4,4,8,8
H.R3438,4,4,8,8
HR3134,4,4,8,8
HR831,4,4,8,8
HR564,4,4,8,8
HR7061,4,4,8,8
HR5919,4,4,8,8
HR7254,4,4,8,8
HR2664,4,4,8,8
HR7306,4,4,8,8
H.R6239,4,4,8,8
H.R2669,4,4,8,8
H.R6804,4,4,8,8
S3908,4,4,8,8
H.R2291,4,4,8,8
H.R5964,4,4,8,8
HR4026,4,4,8,8
HR3947,4,4,8,8
HR3753,4,4,8,8
HR4074,4,4,8,8
H.R1673,4,4,8,8
S2382,4,4,8,8
H.R4005,4,4,8,8
HR4392,4,4,8,8
HR571,4,4,8,8
S2317,4,4,8,8
H.R3412,4,4,8,8
HR2855,4,4,8,8
HR1905,4,4,8,8
HR5244,4,4,8,8
HR3135,4,4,8,8
HR1744,4,4,8,8
HR6785,4,4,8,8
HR1878,4,4,8,8
HR2311,4,4,8,4
S603,4,4,8,8
S1263,4,4,8,8
H.R394,4,4,8,8
H.R1133,4,4,8,8
H.R2730,4,4,8,8
H.R5691,4,4,8,8
H.R6481,4,4,8,8
HR4003,4,4,8,8
HR3054,4,4,8,8
H.R9,4,4,8,8
S3237,4,4,8,8
HR2461,4,4,8,8
HR6532,4,4,8,8
S4439,4,4,8,8
HR847,4,4,8,8
HR870,4,4,8,8
HR1053,4,4,8,8
HR1055,4,4,8,8
HR1090,4,4,8,8
HR1673,4,4,8,8
HR4383,4,4,8,8
HR4905,4,4,8,8
HR5400,4,4,8,8
HR5512,4,4,8,8
HR5836,4,4,8,8
HR6407,4,4,8,8
HR8695,4,4,8,8
H.R2310,4,4,8,8
HR6972,4,4,8,8
S3783,5,3,8,8
HR6121,4,4,8,8
HR2000,4,4,8,8
HR3708,4,4,8,8
H.R696,4,4,8,8
H.R6952,4,4,8,8
S1405,4,4,8,8
HR2228,4,4,8,8
HR2832,4,4,8,8
HR1580,4,4,8,8
HR5412,4,4,8,8
HR7489,4,4,8,8
HR5196,4,4,8,8
HR1395,4,4,8,8
HR202,4,4,8,8
HR2439,4,4,8,8
HR5565,4,4,8,8
HR970,4,4,8,8
HR2143,4,4,8,8
HR2863,4,4,8,8
HR2275,4,4,8,8
HR2276,4,4,8,8
HR2266,4,4,8,8
H.R4960,4,4,8,8
S3862,4,4,8,8
HR1032,4,4,8,8
HR1060,4,4,8,8
HR1056,4,4,8,8
H.R6117,4,4,8,8
HR2883,4,4,8,8
HR4642,4,4,8,8
HR3815,4,4,8,8
H.R7486,4,4,8,8
H.R6483,4,4,8,8
HR5703,4,4,8,8
HR6837,4,4,8,8
H.R1862,4,4,8,8
S2453,4,4,8,8
H.R6443,4,4,8,8
HR6973,4,4,8,8
HR7032,4,4,8,8
HR6026,4,4,8,8
S3764,4,4,8,8
H.R7025,4,4,8,8
H.R4501,4,4,8,8
H.R7139,4,4,8,6
H.R778,4,4,8,8
H.R1212,4,4,8,8
HR850,4,4,8,8
HR3985,4,4,8,8
H.R918,4,4,8,8
H.R1722,4,4,8,8
H.R1914,4,4,8,8
H.R5766,4,4,8,8
H.R4493,4,4,8,8
HR2308,4,4,8,8
HR2209,4,4,8,8
HR1588,4,4,8,8
S730,4,4,8,8
H.R5838,4,4,8,8
HR5297,4,4,8,8
S48,4,4,8,8
H.R2488,4,4,8,8
HR3491,4,4,8,8
HR3637,4,4,8,8
S2588,4,4,8,8
H.R33810,4,4,8,8
HR1951,4,4,8,8
S1132,4,4,8,8
S284,4,4,8,8
H.R1993,4,4,8,8
H.R4522,4,4,8,8
HR1819,4,4,8,8
H.R1779,4,4,8,8
HR2909,4,4,8,8
HR6258,4,4,8,8
HR6151,4,4,8,8
H.R305,4,4,8,8
S1566,4,4,8,8
H.R5615,4,4,8,8
HR3371,4,4,8,8
HR2931,4,4,8,8
HR2928,4,4,8,8
S3632,4,4,8,8
HR5523,4,4,8,8
HR5157,4,4,8,8
HR1316,4,4,8,8
H.J.RES11,4,4,8,8
H.R24,4,4,8,8
HR3354,4,4,8,8
HR1324,4,4,8,8
HR851,4,4,8,8
HR5899,4,4,8,8
H.R4489,4,4,8,8
HR384,4,4,8,8
HR1017,4,4,8,8
HR3051,4,4,8,8
HR3212,4,4,8,8
HR4579,4,4,8,8
HR872,4,4,8,8
H.R4650,4,4,8,8
S1279,4,4,8,8
HR2906,4,4,8,8
HR1961,4,4,8,8
HR3342,4,4,8,8
H.R5849,4,4,8,8
H.R6765,4,4,8,8
H.R3048,4,4,8,8
H.R3116,4,4,8,8
H.R3952,4,4,8,8
H.R1120,4,4,8,8
H.R988,4,4,8,8
H.R135,4,4,8,8
S3776,4,4,8,8
S2607,4,4,8,8
HR5706,4,4,8,8
S938,4,4,8,8
HR7041,4,4,8,8
HR6672,4,4,8,8
HR3443,4,4,8,8
HR7566,4,4,8,8
HR7426,4,4,8,8
HR7826,4,4,8,8
HR3231,4,4,8,8
HR7431,4,4,8,8
HR8100,5,3,8,8
HR6769,4,4,8,8
HR8133,4,4,8,8
S4024,4,4,8,8
H.R6520,4,4,8,8
HR7600,4,4,8,8
H.R8258,4,4,8,8
H.R7391,6,2,8,8
S3675,4,4,8,8
HR4498,4,4,8,8
H.R7219,4,4,8,8
S4238,4,4,8,8
H.R7964,5,3,8,8
H.R7982,4,4,8,8
S4200,4,4,8,8
H.R7459,5,3,8,8
H.R7883,4,4,8,8
H.R7682,4,4,8,8
HR8240,4,4,8,8
H.R7972,4,4,8,8
H.R6946,4,4,8,8
S4372,4,4,8,8
H.R7791,4,4,8,8
HR7688,4,4,8,8
S4119,4,4,8,8
HR7790,4,4,8,8
HR7132,4,4,8,8
S3709,4,4,8,8
H.R4567,4,4,8,8
HR6707,4,4,8,8
HR6706,4,4,8,8
H.R8020,4,4,8,8
H.R8229,4,4,8,8
S4218,4,4,8,8
HR7242,4,4,8,6
H.R7773,4,4,8,8
HR6873,4,4,8,8
H.R8199,4,4,8,8
H.R8021,4,4,8,8
H.R8002,4,4,8,8
HR7549,4,4,8,8
H.R6438,4,4,8,8
H.R7932,4,4,8,8
H.R6778,4,4,8,8
HR8227,4,4,8,8
S4390,4,4,8,8
S5548,4,4,8,8
H.R5880,4,4,8,8
HR7291,4,4,8,8
S4309,4,4,8,8
HR8136,4,4,8,8
H.R4100,4,4,8,8
HR7021,4,4,8,8
H.R7644,4,4,8,8
H.R8053,4,4,8,8
H.R7493,4,4,8,8
H.R7285,4,4,8,8
H.R8000,4,4,8,8
HR7824,4,4,8,8
S4433,4,4,8,8
HR3449,4,4,8,8
HR6434,5,3,8,5
HR7736,4,4,8,8
HR8906,4,4,8,8
HR883,4,4,8,4
H.R8745,4,4,8,8
HR8442,4,4,8,8
HR8872,4,4,8,8
H.R8793,4,4,8,8
S4606,4,4,8,6
HR3137,4,4,8,4
H.R8519,4,4,8,8
S4501,4,4,8,8
H.R8434,4,4,8,8
S4848,4,4,8,8
H.R6367,4,4,8,8
HR8590,4,4,8,8
HR8380,4,4,8,8
HR302,4,4,8,8
S5011,4,4,8,6
H.R8762,4,4,8,8
HR8398,4,4,8,8
S4601,4,4,8,8
S4721,4,4,8,6
S4922,4,4,8,8
HR8581,4,4,8,8
H.R8921,5,3,8,8
S4896,5,3,8,8
HR259,4,4,8,4
HR4902,4,4,8,4
S4597,4,4,8,8
HR8528,4,4,8,8
HR8160,4,4,8,8
HR8990,4,4,8,8
H.R8590,4,4,8,6
H.R8833,4,4,8,8
H.R8693,4,4,8,8
H.R8598,4,4,8,8
H.R8537,4,4,8,8
S4709,4,4,8,8
H.R9017,4,4,8,8
H.R8719,4,4,8,8
HR7477,4,4,8,4
HR8296,4,4,8,8
H.R8983,4,4,8,8
S4890,4,4,8,8
HR8558,4,4,8,8
H.R9097,4,4,8,8
H.R8411,4,4,8,8
S5042,4,4,8,8
H.R7566,4,4,8,4
S4968,4,4,8,8
H.R8650,4,4,8,8
S4512,4,4,8,8
HR4134,4,4,8,8
H.R8730,4,4,8,8
SJRES61,4,4,8,4
HJRES95,4,4,8,4
H.R8960,4,4,8,8
S4923,4,4,8,8
H.R8868,4,4,8,8
H.R8803,4,4,8,8
S4889,4,4,8,8
S4830,5,3,8,8
H.R2800,4,4,8,8
H.R8313,4,4,8,8
S4982,4,4,8,8
HR8415,4,4,8,8
HR8434,4,4,8,8
H.R8697,4,4,8,8
H.R8835,4,4,8,8
S4650,4,4,8,4
H.R8928,4,4,8,8
HR8573,4,4,8,8
HR8679,4,4,8,8
H.R9082,4,4,8,8
HR8985,4,4,8,4
H.R9078,4,4,8,8
HR8855,4,4,8,8
S4926,4,4,8,8
H.R9177,4,4,8,8
H.R9025,4,4,8,8
H.R8991,4,4,8,8
H.R8992,4,4,8,8
H.R7049,4,4,8,8
S4190,4,4,8,8
S4612,4,4,8,8
HR8494,4,4,8,4
HR6214,4,4,8,6
H.R8951,3,5,8,8
H.R8388,4,4,8,8
HR2770,4,4,8,8
H.R8476,7,1,8,4
H.R5926,5,3,8,8
S4916,4,4,8,8
S3665,5,3,8,8
H.R8546,4,4,8,8
S4987,4,4,8,4
H.R9379,4,4,8,8
S5186,4,4,8,8
H.R9467,4,4,8,8
H.R9195,4,4,8,4
HR6109,4,4,8,2
S5258,4,4,8,8
H.R9005,4,4,8,8
H.R9234,4,4,8,8
H.R9047,4,4,8,8
S5339,4,4,8,8
S5106,4,4,8,8
H.R9389,4,4,8,8
H.R9441,4,4,8,4
H.R9039,4,4,8,4
H.R9638,4,4,8,8
H.R8317,4,4,8,6
H.R2647,4,4,8,2
H.R9355,4,4,8,8
H.R9519,4,4,8,8
H.R9248,4,4,8,8
H.R9008,4,4,8,8
S3316,4,4,8,6
H.R2046,4,4,8,8
S5004,4,4,8,8
S5227,4,4,8,8
S5025,4,4,8,8
SJRES63,4,4,8,8
HJRES87,4,4,8,8
S5321,4,4,8,8
HR8858,4,4,8,8
HR9631,4,4,8,8
S5183,4,4,8,6
S5029,4,4,8,8
HR3169,4,4,8,8
S5107,4,4,8,4
HR1228,4,4,8,8
HR140,4,4,8,6
SJRES10,4,4,8,8
S60,4,4,8,8
HR631,4,4,8,8
SJRES8,4,4,8,8
HR187,4,4,8,8
HR1738,4,4,8,8
H.R873,4,4,8,8
HR1430,4,4,8,8
HR9315,4,4,8,8
HR124,4,4,8,8
HR220,4,4,8,4
S4463,4,4,8,8
HR1486,4,4,8,8
HR5367,4,4,8,8
H.R1457,4,4,8,8
H.R3603,4,4,8,8
HR180,4,4,8,8
H.R3943,4,4,8,8
HR3796,4,4,8,2
HR3737,4,4,8,8
H.R3336,4,4,8,8
H.R4207,4,4,8,8
SJRES22,4,4,8,8
H.R4285,4,4,8,8
HR3858,4,4,8,8
HR1718,4,4,8,4
HR3375,4,4,8,6
S1817,4,4,8,8
H.R2597,4,4,8,8
HR4969,4,4,8,2
HR4469,4,4,8,8
HR2691,4,4,8,8
HR290,4,4,8,8
H.R4490,4,4,8,8
S2303,4,4,8,8
HR3419,4,4,8,8
HR3988,4,4,8,8
HR4021,4,4,8,8
HR5011,4,4,8,8
S2396,4,4,8,8
HR5704,4,4,8,8
HR5711,4,4,8,6
HR5028,4,4,8,8
H.R5680,4,4,8,6
H.R5431,4,4,8,8
HR5572,4,4,8,8
HR4693,4,4,8,8
H.R4765,4,4,8,8
S3028,4,4,8,8
HR5311,4,4,8,8
H.R5474,4,4,8,8
H.R4713,4,4,8,8
H.R5354,4,4,8,8
HR8765,4,4,8,8
HR1460,4,4,8,4
HR4175,4,4,8,8
HR4705,4,4,8,6
H.R4297,4,4,8,8
HR1750,4,4,8,8
HR6008,4,4,8,8
HR5428,4,4,8,8
H.R5638,4,4,8,8
H.R6908,4,4,8,8
H.R4115,4,4,8,8
H.R6045,4,4,8,8
HR6512,4,4,8,8
HR3950,4,4,8,8
S3500,5,3,8,7
H.R4234,4,4,8,8
HR5922,4,4,8,4
HR6455,4,4,8,6
HR1389,4,4,8,4
H.R986,4,4,8,8
S3595,4,4,8,8
H.R8672,4,4,8,8
H.R6616,4,4,8,8
HR7244,4,4,8,8
HR7497,4,4,8,8
HR7499,4,4,8,8
HR7723,4,4,8,8
HR7319,4,4,8,8
HR7351,4,4,8,8
HR7413,4,4,8,8
HR7447,4,4,8,8
S3470,4,4,8,8
HR6942,4,4,8,8
HR7095,4,4,8,8
HR7835,4,4,8,8
H.R7373,4,4,8,8
H.R7005,4,4,8,8
H.R7452,4,4,8,8
HR6756,4,4,8,8
HR2494,4,4,8,8
HR4264,4,4,8,8
HR6300,4,4,8,8
HR6374,4,4,8,8
HR6452,4,4,8,8
HR6524,4,4,8,8
HR6949,4,4,8,8
HR6995,4,4,8,8
HR7136,4,4,8,8
HR7150,4,4,8,8
HR7401,4,4,8,8
HR7480,4,4,8,8
HR7504,4,4,8,8
HR7514,4,4,8,8
HR7543,4,4,8,8
HR7596,4,4,8,8
HR7653,4,4,8,8
HR7654,4,4,8,8
HR7657,4,4,8,8
HR7777,4,4,8,8
HR7816,4,4,8,8
HR7430,4,4,8,8
HR6634,4,4,8,8
H.R7069,4,4,8,8
HR7419,4,4,8,8
HR5498,4,4,8,8
HR5854,4,4,8,8
HR4411,4,4,8,8
HR5241,4,4,8,8
HR4648,4,4,8,8
HR7312,4,4,8,8
HR7665,4,4,8,8
H.R7250,4,4,8,8
HJRES98,4,4,8,8
SJRES161,4,4,8,8
HJRES114,4,4,8,8
S.JRES49,4,4,8,8
H.R3128,4,4,8,8
H.R2705,4,4,8,8
S5044,4,4,8,8
HR6802,4,4,8,8
HR3563,4,4,8,8
HR5075,4,4,8,8
HR5907,4,4,8,8
H.R7547,4,4,8,8
H.R6463,4,4,8,8
H.R7245,4,4,8,4
H.R7707,4,4,8,8
HJRES115,4,4,8,8
HR7293,4,4,8,8
HR7160,4,4,8,8
S3515,4,4,8,8
H.R7244,4,4,8,8
HR5082,4,4,8,8
HR5995,4,4,8,4
H.R6753,4,4,8,8
H.R6650,4,4,8,8
H.R7914,4,4,8,8
H.R6927,4,4,8,8
H.R6995,4,4,8,8
S3784,6,2,8,8
H.JRES117,4,4,8,8
H.JRES123,4,4,8,8
S.JRES65,4,4,8,8
SJ.RES49,4,4,8,8
HR4783,4,4,8,8
HR6590,4,4,8,8
HR7062,4,4,8,8
HR7172,4,4,8,8
HR7005,4,4,8,8
HR7376,4,4,8,8
HR7452,4,4,8,8
HR7461,4,4,8,8
HR7534,4,4,8,8
HR4610,4,4,8,8
H.R6287,4,4,8,4
HR4232,4,4,8,8
S3681,4,4,8,8
HR7749,4,4,8,8
HR6191,4,4,8,8
HJRES11,4,4,8,8
HR7193,4,4,8,8
HR7645,4,4,8,8
HR7700,4,4,8,8
HR7637,4,4,8,8
HR7626,4,4,8,8
HR2024,4,4,8,8
H.R5335,4,4,8,8
H.R7695,4,4,8,4
HR7383,4,4,8,8
HR1692,4,4,8,8
HR1773,4,4,8,8
HR7901,4,4,8,8
H.R7989,5,3,8,8
H.R8427,4,4,8,8
HR7921,4,4,8,6
HR8507,4,4,8,8
HR8788,4,4,8,8
HR8419,4,4,8,8
S4167,4,4,8,8
H.R8848,4,4,8,8
H.R8422,3,5,8,8
H.R7734,4,4,8,8
S4285,4,4,8,8
HR8360,4,4,8,8
H.R8798,4,4,8,8
S4396,4,4,8,8
HR3090,4,4,8,8
HR8607,4,4,8,2
S4146,4,4,8,8
H.R8354,4,4,8,8
H.R8828,4,4,8,8
HR8979,4,4,8,8
S4305,4,4,8,8
HR7996,4,4,8,8
S1800,4,4,8,8
H.R8796,4,4,8,8
S.J.RES102,6,2,8,8
S.J.RES94,4,4,8,8
HR8384,4,4,8,8
HR8668,4,4,8,8
HR7896,4,4,8,8
S4098,5,3,8,8
HR8915,4,4,8,8
S4229,4,4,8,8
S3937,5,3,8,8
H.R8756,4,4,8,8
HJRES130,4,4,8,8
HR7440,4,4,8,8
HR3038,4,4,8,8
SJRES74,4,4,8,8
HJRES133,4,4,8,8
H.R6056,4,4,8,8
H.R8533,4,4,8,8
H.R8096,4,4,8,8
H.R8582,4,4,8,8
H.R8716,4,4,8,8
H.R8691,4,4,8,8
H.R8350,4,4,8,8
H.R8102,4,4,8,8
HR8127,4,4,8,8
H.R3918,4,4,8,6
H.R9268,4,4,8,8
H.R9020,4,4,8,4
HR9497,4,4,8,8
S5182,4,4,8,8
H.R9430,4,4,8,8
HR9819,4,4,8,8
HR9574,4,4,8,8
S5210,4,4,8,8
H.R9666,4,4,8,8
HR3274,4,4,8,4
H.R9170,4,4,8,8
HR9060,5,3,8,8
HR9508,4,4,8,8
H.R9101,4,4,8,8
S3319,5,3,8,7
HR9237,4,4,8,4
S4949,4,4,8,4
HR9278,4,4,8,8
HR9662,4,4,8,8
H.R9804,4,4,8,8
H.R9181,4,4,8,8
S4631,4,4,8,8
H.R9338,4,4,8,8
H.R9594,4,4,8,8
H.R9046,4,4,8,4
S4825,4,4,8,8
S4785,4,4,8,8
H.R9597,4,4,8,6
H.R9872,4,4,8,8
H.R9971,4,4,8,4
H.R9361,4,4,8,8
H.R9807,4,4,8,8
H.R9374,4,4,8,8
H.R8999,4,4,8,8
H.R8441,4,4,8,4
H.J.RES203,4,4,8,8
S4745,4,4,8,8
H.R9714,4,4,8,8
H.R9191,4,4,8,8
S9026,4,4,8,4
S5048,4,4,8,8
HR6620,4,4,8,8
H.R9302,4,4,8,8
H.J.RES201,4,4,8,4
HR9602,4,4,8,4
H.R9829,4,4,8,8
H.R9137,4,4,8,8
S4164,4,4,8,8
H.R7209,4,4,8,8
HR6572,4,4,8,8
H.R9740,4,4,8,8
H.R4572,4,4,8,8
S4925,4,4,8,8
H.R9640,4,4,8,4
HR1322,4,4,8,4
H.R9121,4,4,8,8
HR3356,4,4,8,4
HR7979,4,4,8,8
H.R9907,4,4,8,4
H.R9443,4,4,8,8
H.R9865,4,4,8,8
HR7390,5,3,8,8
HR9160,4,4,8,8
HR9677,4,4,8,8
H.R9660,4,4,8,8
H.R9871,4,4,8,8
H.R9928,4,4,8,8
S5270,4,4,8,8
HR9839,4,4,8,8
HR8107,4,4,8,4
H.R7949,4,4,8,6
H.R10057,4,4,8,8
H.R10097,4,4,8,8
HR10269,4,4,8,8
H.R10263,4,4,8,8
HR9572,4,4,8,6
S5364,4,4,8,8
H.R9979,4,4,8,6
S5326,4,4,8,8
H.R10126,4,4,8,8
H.R9924,4,4,8,8
H.R10331,4,4,8,8
H.R9991,4,4,8,8
S5254,4,4,8,4
H.R10269,4,4,8,8
S5818,4,4,8,4
H.R9730,4,4,8,8
S5508,4,4,8,8
H.R10225,4,4,8,8
S5369,4,4,8,8
S5469,4,4,8,8
HR9873,4,4,8,4
HR7442,4,4,8,8
HR2005,4,4,8,8
HR1954,4,4,8,8
HR612,4,4,8,8
HR1743,4,4,8,8
H.R181,4,4,8,8
H.R1150,4,4,8,8
H.R10207,4,4,8,8
H.R599,4,4,8,2
HR1126,4,4,8,4
H.R713,4,4,8,8
HR1971,4,4,8,8
H.R10294,4,4,8,2
H.R155,5,3,8,7
H.R9694,4,4,8,8
HR540,4,4,8,8
H.R2614,4,4,8,8
HR2230,4,4,8,8
HR1436,4,4,8,8
HR1157,4,4,8,8
H.R551,4,4,8,8
H.R10391,4,4,8,8
HR864,4,4,8,8
HR2623,4,4,8,8
HR9536,4,4,8,8
HR9356,4,4,8,8
HR1383,4,4,8,6
HR362,4,4,8,8
H.R2162,4,4,8,8
HR1451,4,4,8,8
HR867,4,4,8,8
HR348,4,4,8,8
HR1710,4,4,8,8
HR666,4,4,8,8
HR667,4,4,8,8
H.R635,4,4,8,8
HR1772,4,4,8,8
H.R2149,4,4,8,8
H.R2780,4,4,8,8
H.R3558,4,4,8,8
H.R4188,4,4,8,8
S1846,4,4,8,8
H.R4195,4,4,8,8
HR2683,4,4,8,8
H.R1420,4,4,8,8
HR3220,4,4,8,8
H.R2629,4,4,8,8
H.R2239,4,4,8,8
H.R2338,4,4,8,8
H.R3720,4,4,8,8
H.R2293,4,4,8,8
H.R3567,4,4,8,8
H.R3260,4,4,8,8
S1878,4,4,8,8
H.R4222,4,4,8,8
H.R3607,4,4,8,8
H.R3274,4,4,8,8
S1886,4,4,8,8
HR3349,4,4,8,8
H.R3049,4,4,8,8
H.R4086,4,4,8,8
HR3156,4,4,8,8
H.R3246,5,3,8,8
H.R2737,4,4,8,8
H.R3001,4,4,8,8
HR433,4,4,8,8
HR2333,4,4,8,8
HR899,4,4,8,8
H.R3870,4,4,8,8
H.R1489,4,4,8,8
H.R2247,4,4,8,8
HR3931,5,3,8,8
S1517,4,4,8,8
H.J.RES108,3,5,8,5
HR3494,4,4,8,8
HR5325,4,4,8,8
S2673,4,4,8,8
S2737,4,4,8,8
H.R5198,4,4,8,8
HR1236,4,4,8,8
H.R4484,5,3,8,8
H.R4743,4,4,8,8
HR4796,4,4,8,8
HR5088,4,4,8,2
H.R3026,4,4,8,8
H.R5246,4,4,8,8
HR4948,4,4,8,8
S2506,4,4,8,8
HR3647,4,4,8,8
S5371,4,4,8,4
HR5302,4,4,8,4
H.R5197,5,3,8,8
H.R2595,4,4,8,4
HR6549,4,4,8,8
H.R5867,4,4,8,8
S3426,4,4,8,8
H.R6224,4,4,8,8
H.R6035,5,3,8,8
S3271,4,4,8,8
H.R6506,4,4,8,6
S2989,5,3,8,6
HR3261,4,4,8,2
H.R6786,4,4,8,8
H.R6660,4,4,8,8
H.R7955,4,4,8,8
HR7662,4,4,8,6
HR7300,4,4,8,4
HR4637,4,4,8,2
H.R7827,4,4,8,6
S.J.RES109,7,1,8,8
H.R7928,8,0,8,2
HR1107,7,0,7,1
HR6052,4,3,7,7
H.R5982,4,3,7,7
S3919,4,3,7,7
H.R5111,4,3,7,7
H.R5716,4,3,7,5
H.R5710,4,3,7,7
HR6762,4,3,7,7
HR7905,4,3,7,7
HR7022,4,3,7,3
HR6677,4,3,7,7
H.R7588,4,3,7,7
H.R7728,4,3,7,7
S4251,4,3,7,7
HR6945,4,3,7,7
H.R8126,4,3,7,7
HR7640,4,3,7,7
H.R7950,4,3,7,7
S3115,4,3,7,7
H.R9009,4,3,7,7
H.R7181,4,3,7,5
H.R4657,3,4,7,7
H.R9344,4,3,7,7
H.R9586,4,3,7,7
H.R7576,4,3,7,7
H.R9138,3,4,7,7
HR1501,4,3,7,7
H.R3500,5,2,7,3
H.R5446,4,3,7,7
HR6610,4,3,7,7
S3363,4,3,7,7
H.R7533,4,3,7,7
S3900,4,3,7,7
H.R7311,4,3,7,5
S4032,5,2,7,6
H.R7705,4,3,7,7
H.R8707,4,3,7,7
S2592,4,3,7,7
H.R8423,4,3,7,7
H.R7948,4,3,7,7
H.R8082,4,3,7,7
H.R7967,4,3,7,7
S4283,3,4,7,7
H.R8645,3,4,7,7
H.R7100,3,4,7,7
H.R8347,3,4,7,7
HR7949,4,3,7,7
H.R8807,3,4,7,7
H.R9874,4,3,7,5
H.R9480,3,4,7,7
S5644,4,3,7,7
HR1463,3,4,7,7
H.R2529,4,3,7,7
H.R505,4,3,7,7
H.R70,4,3,7,7
H.R1111,4,3,7,7
HR1648,3,4,7,7
HR4191,4,3,7,7
HR1536,4,3,7,7
HR2602,4,3,7,7
HR3767,4,3,7,7
H.R2833,4,3,7,7
HR408,4,3,7,7
HR1855,4,3,7,7
HR3889,4,3,7,7
H.R3166,4,3,7,7
HR2300,4,3,7,7
H.R2774,4,3,7,7
H.R2646,4,3,7,7
H.R3041,4,3,7,7
S2268,4,3,7,7
HR2148,4,3,7,7
HR1469,4,3,7,7
H.R2554,4,3,7,7
H.R2636,4,3,7,7
S2057,4,3,7,7
H.R4517,4,3,7,7
HR4709,4,3,7,7
H.R5452,4,3,7,7
HR4582,5,2,7,7
HR5267,4,3,7,7
H.R5571,4,3,7,7
HR4619,4,3,7,7
HR5031,4,3,7,7
S2423,4,3,7,5
HR5351,4,3,7,7
HR5675,4,3,7,7
HR3921,4,3,7,7
HR5266,4,3,7,7
H.R4459,4,3,7,7
H.R4414,4,3,7,7
H.R5633,4,3,7,7
H.R5229,4,3,7,7
H.R6868,4,3,7,7
H.R6736,4,3,7,7
HR5878,4,3,7,7
H.R6511,4,3,7,5
S2978,4,3,7,7
S3513,4,3,7,7
H.R6560,5,2,7,7
S3396,4,3,7,7
HR6438,4,3,7,7
HR4393,4,3,7,7
H.R6182,4,3,7,5
H.R6136,4,3,7,7
HR6832,5,2,7,7
HR7296,4,3,7,7
S3842,4,3,7,7
H.R7871,5,2,7,6
H.R4847,3,3,6,6
H.R7718,3,3,6,6
HR5335,3,3,6,6
HR3259,3,3,6,4
H.R2351,3,3,6,6
H.R157,3,3,6,6
HR1125,3,3,6,6
HR2234,3,3,6,6
H.R3241,3,3,6,6
H.R5695,3,3,6,6
H.R5705,3,3,6,6
HR5058,3,3,6,6
H.R594,3,3,6,6
H.R2063,3,3,6,6
H.R3640,3,3,6,6
H.R4352,3,3,6,6
HR4099,3,3,6,6
HR2061,3,3,6,6
H.R4579,3,3,6,6
HR1368,3,3,6,6
HR6637,3,3,6,6
HR865,3,3,6,6
HR1886,3,3,6,6
H.R1980,3,3,6,6
H.R4929,3,3,6,6
S3687,3,3,6,6
H.R4036,3,3,6,6
HR1306,3,3,6,6
S1397,3,3,6,6
H.R5612,3,3,6,6
H.R7330,3,3,6,6
H.R6383,3,3,6,6
H.R1563,3,3,6,6
HR877,3,3,6,6
HR1809,3,3,6,6
HR3742,3,3,6,6
HR340,3,3,6,6
H.R75,3,3,6,6
H.R5702,3,3,6,6
H.R6726,3,3,6,6
H.R7136,3,3,6,6
S55,3,3,6,6
S2044,3,3,6,6
HR6485,4,2,6,6
H.R8363,3,3,6,6
HR3093,3,3,6,6
HR6985,3,3,6,6
HR1116,3,3,6,6
HR6847,3,3,6,6
HR7346,3,3,6,6
S2655,3,3,6,6
HR5466,3,3,6,6
HR6809,3,3,6,4
H.R268,3,3,6,6
H.R3725,3,3,6,6
HR5479,3,3,6,6
HR2937,3,3,6,6
HR3528,3,3,6,6
HR2970,3,3,6,6
HR3341,3,3,6,6
H.R3012,3,3,6,6
HR5863,3,3,6,6
HR4182,3,3,6,6
H.R6300,3,3,6,6
HR2201,3,3,6,6
HR3370,3,3,6,6
HR3970,3,3,6,6
HR4447,3,3,6,6
HR6083,3,3,6,6
HR6752,3,3,6,6
HR5309,3,3,6,4
H.R3399,3,3,6,6
HR5776,3,3,6,6
HR1625,3,3,6,6
HR6926,3,3,6,6
H.R6198,3,3,6,6
H.R4932,3,3,6,6
H.R4685,3,3,6,6
HR6968,3,3,6,6
HR7108,3,3,6,6
HR7040,3,3,6,6
H.R2396,3,3,6,6
HR722,3,3,6,6
HR6326,3,3,6,6
HR1974,3,3,6,6
HR1280,3,3,6,6
HR1133,3,3,6,6
S.J.RES53,3,3,6,4
HR5880,3,3,6,6
H.R273,3,3,6,2
HR2025,3,3,6,6
HR3524,3,3,6,6
H.R6940,3,3,6,6
H.R6745,3,3,6,6
HR4903,3,3,6,6
HR1734,3,3,6,6
H.R4890,3,3,6,6
H.R6954,6,0,6,1
HR849,3,3,6,6
S22210,3,3,6,6
HR4938,3,3,6,6
HR4937,3,3,6,6
S2899,3,3,6,6
S442,3,3,6,6
HR7636,3,3,6,6
HR5129,3,3,6,6
H.R6478,3,3,6,6
HR7573,3,3,6,6
HR4298,3,3,6,6
HR7117,3,3,6,6
HR7270,3,3,6,6
HR7536,3,3,6,6
HR7958,3,3,6,6
HR7959,3,3,6,6
HR7984,3,3,6,6
HR7992,3,3,6,6
HR8015,3,3,6,6
HR7805,3,3,6,6
HR7133,3,3,6,6
HR7135,3,3,6,6
HR7357,3,3,6,6
HR7601,3,3,6,6
HR7605,3,3,6,6
HR7619,3,3,6,6
HR7647,3,3,6,6
HR7706,3,3,6,6
S4254,4,2,6,6
HR7632,3,3,6,6
HR6527,3,3,6,6
HR6682,3,3,6,6
HR6684,3,3,6,6
HR6810,3,3,6,6
HR6849,3,3,6,6
HR6961,3,3,6,6
HR7089,3,3,6,6
HR7243,3,3,6,6
HR7256,3,3,6,6
HR7277,3,3,6,6
HR7299,3,3,6,6
HR7369,3,3,6,6
HR7414,3,3,6,6
HR7470,3,3,6,6
HR7556,3,3,6,6
HR765,3,3,6,6
HR7807,3,3,6,6
HR7846,3,3,6,6
HR910,3,3,6,6
H.R7561,3,3,6,4
HR4259,3,3,6,6
HR5743,3,3,6,6
S4050,3,3,6,6
H.R6895,3,3,6,6
S4393,3,3,6,4
HR7989,3,3,6,6
H.R7877,3,3,6,6
S5347,3,3,6,6
HR7310,3,3,6,6
HR7284,3,3,6,6
HR7594,3,3,6,6
H.R7607,3,3,6,6
HR8092,3,3,6,6
S4412,3,3,6,6
HR1079,3,3,6,6
HR7259,3,3,6,6
H.R7657,3,3,6,6
H.R7852,3,3,6,6
S4427,3,3,6,6
H.R7974,3,3,6,6
H.R2161,3,3,6,6
H.R7807,3,3,6,6
HR7981,3,3,6,6
HR5673,3,3,6,6
H.R4465,3,3,6,6
S73792,3,3,6,6
S4261,3,3,6,6
SJRES46,3,3,6,6
H.R8118,3,3,6,4
HR7598,3,3,6,6
H.R7572,3,3,6,6
H.R7675,3,3,6,6
S4498,3,3,6,6
H.R8180,3,3,6,6
H.R8142,3,3,6,6
H.R8177,3,3,6,6
S4465,3,3,6,6
H.R8326,3,3,6,6
H.R7798,3,3,6,6
H.R1927,3,3,6,6
H.R7620,3,3,6,6
H.R5773,3,3,6,6
H.R7552,3,3,6,6
HR5602,3,3,6,6
H.R8323,3,3,6,6
S3998,3,3,6,6
H.R7339,3,3,6,6
H.R7915,3,3,6,6
H.R7969,3,3,6,6
H.R7449,3,3,6,6
HR7660,3,3,6,6
H.R7719,3,3,6,2
HR5237,3,3,6,6
HR7858,3,3,6,6
HR8077,3,3,6,6
HR8099,3,3,6,6
HR7382,3,3,6,6
H.R66279,3,3,6,6
HR2139,3,3,6,6
H.R7642,3,3,6,6
HR7701,3,3,6,6
S3980,3,3,6,6
S4403,3,3,6,6
H.R3242,3,3,6,6
H.R8190,3,3,6,6
HR1052,3,3,6,6
HR4780,3,3,6,6
HR7509,3,3,6,6
H.R4265,3,3,6,6
HR5926,3,3,6,6
HR4786,3,3,6,6
H.R5788,3,3,6,6
S4507,3,3,6,6
HR9294,3,3,6,6
HR1823,3,3,6,6
H.R7743,3,3,6,6
HR1283,3,3,6,6
HR7438,3,3,6,6
HR8210,3,3,6,6
H.R8324,3,3,6,6
HR8225,3,3,6,6
S1872,3,3,6,6
HR6497,3,3,6,6
H.R8365,3,3,6,6
H.R8090,3,3,6,6
H.R8136,3,3,6,6
H.R6916,3,3,6,6
H.R8176,3,3,6,6
S3731,3,3,6,6
HR2488,3,3,6,6
HR8202,3,3,6,6
HR8324,3,3,6,6
S4294,3,3,6,6
HR1919,3,3,6,6
HR3763,3,3,6,6
S4708,3,3,6,6
HR8751,3,3,6,6
HR9045,3,3,6,6
HR2814,3,3,6,6
HR6132,3,3,6,6
HR6375,3,3,6,6
HR8645,3,3,6,6
H.R9134,3,3,6,6
HR7847,3,3,6,6
H.R8268,3,3,6,6
HR8430,3,3,6,6
S4816,3,3,6,6
S5059,3,3,6,6
HR8031,3,3,6,6
HR8089,3,3,6,6
HR8221,3,3,6,6
HR8341,3,3,6,6
HR8326,3,3,6,6
HR8106,3,3,6,6
H.R8824,3,3,6,6
H.R8927,3,3,6,6
H.R8443,3,3,6,6
HR8344,3,3,6,6
HR8531,3,3,6,6
HR7455,3,3,6,6
HR3425,3,3,6,2
HR8637,3,3,6,6
HR8058,3,3,6,6
H.R8602,3,3,6,6
HR8866,3,3,6,6
H.R8550,3,3,6,6
HR4965,3,3,6,6
H.R8931,3,3,6,6
HR8542,3,3,6,6
S5043,3,3,6,6
H.R8329,3,3,6,6
HR8432,3,3,6,6
H.R8334,3,3,6,6
H.R8302,3,3,6,6
H.R8591,3,3,6,6
S4486,3,3,6,6
H.R8861,3,3,6,6
HR7554,3,3,6,6
HR8297,3,3,6,6
H.R9011,3,3,6,6
S4710,3,3,6,6
S4737,3,3,6,6
H.R8740,3,3,6,6
S4735,3,3,6,6
HR8981,3,3,6,6
S4682,3,3,6,6
H.R7460,4,2,6,5
HR9087,3,3,6,6
H.R8853,3,3,6,6
S4602,3,3,6,6
H.R8477,3,3,6,6
H.R8475,4,2,6,3
S4520,3,3,6,6
H.R8867,3,3,6,6
HR8367,3,3,6,6
S4655,3,3,6,6
H.R8358,4,2,6,5
HR3614,3,3,6,6
S4559,3,3,6,4
H.R9004,3,3,6,6
HR5312,3,3,6,6
H.R8945,3,3,6,4
S4756,3,3,6,6
HR3244,3,3,6,6
H.R8596,3,3,6,6
H.R7971,3,3,6,6
S64,3,3,6,6
S5171,3,3,6,6
HR7744,3,3,6,6
HR8510,3,3,6,6
S5073,3,3,6,6
S5098,3,3,6,6
H.R8980,3,3,6,6
H.R9396,3,3,6,6
H.R9150,3,3,6,6
S5169,3,3,6,6
HR7946,3,3,6,6
H.R3748,3,3,6,2
H.R3817,3,3,6,2
HR9618,3,3,6,6
S5239,3,3,6,6
H.R9575,3,3,6,4
H.R7802,3,3,6,4
S5176,3,3,6,6
S5164,3,3,6,6
H.R9204,3,3,6,6
H.R9674,3,3,6,4
S5117,3,3,6,6
H.R9525,3,3,6,6
H.R9253,3,3,6,6
H.R9341,3,3,6,6
H.R9398,3,3,6,4
H.R9686,3,3,6,4
H.R9247,3,3,6,6
H.R5868,4,2,6,6
S3152,3,3,6,6
H.R9339,3,3,6,6
S5323,3,3,6,6
H.R9681,3,3,6,6
H.R9187,3,3,6,6
S5138,3,3,6,6
HR9340,3,3,6,6
S4691,3,3,6,6
H.R9271,3,3,6,6
S5172,3,3,6,6
H.R9173,3,3,6,6
H.R9606,3,3,6,6
S5050,3,3,6,6
H.R9269,3,3,6,6
H.R9548,3,3,6,6
S5284,3,3,6,6
H.R9220,3,3,6,6
H.R9689,3,3,6,6
H.R9611,3,3,6,6
S5300,3,3,6,6
S5161,3,3,6,6
S4993,3,3,6,6
H.R9559,3,3,6,4
HR5276,3,3,6,4
H.R9685,3,3,6,6
S5353,3,3,6,6
H.R9393,3,3,6,6
HR5348,3,3,6,4
HR840,3,3,6,6
H.R9336,3,3,6,2
S5170,3,3,6,6
H.R9592,3,3,6,6
H.R9490,3,3,6,6
H.R9129,3,3,6,6
H.R9589,3,3,6,6
H.R9657,3,3,6,4
S4565,3,3,6,6
H.R9318,3,3,6,6
H.R9222,3,3,6,4
H.R9153,5,1,6,3
HR9589,3,3,6,6
H.R8399,3,3,6,6
H.R9346,3,3,6,6
HR1556,3,3,6,6
H.R765,3,3,6,6
HR1097,3,3,6,6
HR1708,3,3,6,6
HR1950,3,3,6,6
HR754,3,3,6,6
S.J.RES17,3,3,6,6
H.R416,3,3,6,4
H.R714,3,3,6,6
HR1409,3,3,6,6
HR1694,3,3,6,6
H.R406,3,3,6,6
HR573,3,3,6,6
HR784,3,3,6,6
S277,3,3,6,6
HR12980,3,3,6,6
HR1761,3,3,6,2
H.R674,3,3,6,6
HR6898,3,3,6,4
HR1685,3,3,6,6
HR3907,3,3,6,6
H.R2661,3,3,6,6
H.R50,3,3,6,6
H.R1170,3,3,6,6
HR3726,3,3,6,6
HR3778,3,3,6,6
H.R3570,3,3,6,6
HR4556,3,3,6,4
HR3061,3,3,6,6
HR3910,3,3,6,6
HR3744,3,3,6,2
H.R93,3,3,6,6
HR3762,3,3,6,6
H.R4314,3,3,6,6
HR3000,3,3,6,6
HR4351,3,3,6,6
HR2620,3,3,6,6
H.R33960,3,3,6,6
H.R453,3,3,6,6
H.R3202,3,3,6,6
HR3939,3,3,6,6
H.R7653,3,3,6,6
S551,3,3,6,6
H.R3818,3,3,6,6
HR812,3,3,6,6
H.R2318,3,3,6,6
HR4185,3,3,6,6
S5214,3,3,6,6
HR23561,3,3,6,6
S1342,3,3,6,6
HR4901,3,3,6,6
H.R5144,3,3,6,6
H.R5240,3,3,6,6
HR3782,3,3,6,6
HR5588,3,3,6,6
HR4689,3,3,6,6
HR4577,3,3,6,6
H.R3984,3,3,6,6
S2505,3,3,6,6
HR4729,3,3,6,6
H.R4828,3,3,6,6
HR5460,3,3,6,6
H.R5573,3,3,6,6
HR5660,3,3,6,6
H.JRES49,3,3,6,6
HR5116,3,3,6,6
HR5616,3,3,6,6
S.J.RES44,3,3,6,6
HR1121,3,3,6,6
HR4578,3,3,6,4
HR5619,3,3,6,4
HR5239,3,3,6,6
HR4389,3,3,6,6
HR4957,3,3,6,6
S1983,3,3,6,6
HR6295,3,3,6,6
SJRES47,3,3,6,6
H.R6013,3,3,6,6
HR4151,3,3,6,6
S1348,3,3,6,6
HR4068,3,3,6,6
HR6415,3,3,6,4
HJRES88,3,3,6,6
S2590,3,3,6,6
S3227,3,3,6,6
H.R4717,3,3,6,6
HR6915,3,3,6,6
HR6353,3,3,6,6
S.J.RES52,3,3,6,6
H.R5379,3,3,6,6
HR6328,3,3,6,6
S3072,3,3,6,6
HR6242,3,3,6,4
H.R5799,3,3,6,6
S1126,3,3,6,4
HR7035,4,2,6,6
S3866,4,2,6,6
HR4267,3,3,6,4
HR7149,3,3,6,6
HR2708,3,3,6,6
H.R5762,3,3,6,4
S.J.RES58,3,3,6,6
SJRES49,3,3,6,6
S4051,3,3,6,6
H.R6418,3,3,6,6
HR7763,3,3,6,6
HR6679,3,3,6,6
HR262,3,3,6,6
HR6175,3,3,6,6
HR6145,3,3,6,6
H.R6939,3,3,6,6
H.R6831,3,3,6,6
HR7702,3,3,6,6
S4093,3,3,6,6
HR4336,3,3,6,2
HJRES107,3,3,6,6
SJRES64,3,3,6,6
H.R7596,3,3,6,6
H.R7208,3,3,6,6
HR1737,3,3,6,6
H.R6819,3,3,6,6
HJRES116,3,3,6,6
HR7130,3,3,6,6
HR952,3,3,6,6
S3342,3,3,6,6
HR8027,3,3,6,6
H.R8220,3,3,6,6
HR8809,3,3,6,6
HR7865,3,3,6,6
HR7003,3,3,6,6
H.R8917,3,3,6,6
HR4423,3,3,6,6
HR8271,3,3,6,6
HR8606,3,3,6,6
H.R7999,3,3,6,6
HR1747,3,3,6,6
HR4386,3,3,6,6
HR8897,3,3,6,6
HR8738,3,3,6,6
HR8749,3,3,6,6
HR620,3,3,6,6
S4369,3,3,6,6
H.R8095,3,3,6,6
HR2911,3,3,6,6
HR3874,3,3,6,6
HR6179,3,3,6,6
HR6507,3,3,6,6
HR7365,3,3,6,6
HR7490,3,3,6,6
HR7773,3,3,6,6
HR7884,3,3,6,6
HR7895,3,3,6,6
HR7919,3,3,6,6
HR7920,3,3,6,6
HR8025,3,3,6,6
HR8048,3,3,6,6
HR8165,3,3,6,6
HR8312,3,3,6,6
HR8347,3,3,6,6
HR8418,3,3,6,6
HR8481,3,3,6,6
HR8511,3,3,6,6
HR8560,3,3,6,6
HR8627,3,3,6,6
HR8646,3,3,6,6
HR8661,3,3,6,6
HR8879,3,3,6,6
HR8880,3,3,6,6
HR8458,3,3,6,6
H.R8825,3,3,6,6
HR8656,3,3,6,6
HR8517,3,3,6,6
S4220,4,2,6,6
H.R7869,3,3,6,6
H.R8497,3,3,6,6
H.R8530,3,3,6,6
H.R8633,3,3,6,6
H.R8794,3,3,6,6
S4183,3,3,6,6
S4096,3,3,6,6
HR8706,3,3,6,6
HR8435,3,3,6,6
HR8860,3,3,6,6
HR7248,3,3,6,6
H.R8494,3,3,6,6
HR8943,3,3,6,6
S4320,3,3,6,6
H.R8663,3,3,6,6
HJRES165,3,3,6,4
H.R8488,3,3,6,6
H.R7958,3,3,6,6
H.R8712,3,3,6,6
H.R8754,3,3,6,6
H.R8767,3,3,6,6
H.R6507,3,3,6,6
HR7693,3,3,6,6
HR4062,3,3,6,6
HR2964,3,3,6,6
H.R5071,3,3,6,6
H.R8340,3,3,6,6
H.R422,3,3,6,6
S.JRES74,3,3,6,6
HR8524,3,3,6,6
H.R2621,3,3,6,6
HR4764,3,3,6,6
H.J.RES179,3,3,6,6
H.R6278,3,3,6,6
H.R8044,3,3,6,6
HR8172,3,3,6,6
HR8175,3,3,6,6
HR8176,3,3,6,6
HR8399,3,3,6,6
HR8552,3,3,6,6
HR8572,3,3,6,6
HR8218,3,3,6,6
HR8291,3,3,6,6
HR8353,3,3,6,6
HR8462,3,3,6,6
HR8499,3,3,6,6
HR8677,3,3,6,6
S4225,3,3,6,6
HR7911,3,3,6,6
HR7969,3,3,6,6
HR8098,3,3,6,6
HR8173,3,3,6,6
HR8174,3,3,6,6
HR8177,3,3,6,6
HR8485,3,3,6,6
HR8553,3,3,6,6
HR8597,3,3,6,6
HR8609,3,3,6,6
H.R8453,3,3,6,6
H.R7054,3,3,6,6
H.R87744,3,3,6,6
HR6721,3,3,6,6
H.R8316,3,3,6,6
H.R8288,3,3,6,6
HR8113,3,3,6,6
S4300,3,3,6,6
HR3583,3,3,6,6
HR8669,3,3,6,6
S.J.RES76,3,3,6,6
H.R5517,3,3,6,6
HR6395,3,3,6,6
H.R8392,3,3,6,6
HR8082,3,3,6,6
HR8230,3,3,6,6
HR8556,3,3,6,6
HR8838,3,3,6,6
HJRES103,3,3,6,6
H.R8216,3,3,6,6
S4158,3,3,6,6
H.R88188,3,3,6,6
HR6564,3,3,6,6
H.R362,3,3,6,6
H.R8661,3,3,6,6
HR8041,3,3,6,6
HR7363,3,3,6,6
HR6127,3,3,6,6
HR8401,3,3,6,6
H.R8120,3,3,6,6
SJRES75,3,3,6,6
SJRES88,3,3,6,6
HJRES150,3,3,6,6
SJRES92,3,3,6,6
HJRES163,3,3,6,6
S4534,3,3,6,6
H.R8638,3,3,6,6
HR8898,3,3,6,6
H.JRES139,3,3,6,6
HJRES134,3,3,6,6
HJRES135,3,3,6,6
S.J.RES78,3,3,6,4
HR7849,3,3,6,6
H.R8831,3,3,6,6
H.R8644,3,3,6,6
HR8117,3,3,6,6
H.R8026,3,3,6,6
H.J.RES186,3,3,6,6
HR8928,3,3,6,6
HR7494,3,3,6,6
HR8500,3,3,6,6
HR766,3,3,6,6
S4324,3,3,6,6
H.R8628,3,3,6,2
S4643,2,4,6,6
HR9351,3,3,6,4
H.R9724,3,3,6,6
H.R9337,3,3,6,6
S4794,3,3,6,6
H.R9939,3,3,6,6
HR6172,3,3,6,6
HR9818,3,3,6,6
S4907,3,3,6,6
S5308,3,3,6,6
H.R8572,3,3,6,6
H.R2888,3,3,6,6
HR8914,3,3,6,6
H.R6606,3,3,6,6
H.R9422,3,3,6,6
S.J.RES106,3,3,6,6
H.R9206,3,3,6,6
H.R9238,3,3,6,6
H.R9464,3,3,6,6
H.R9888,3,3,6,6
H.R6193,3,3,6,6
H.R6877,3,3,6,6
HR3120,3,3,6,6
H.R9873,3,3,6,6
H.R9053,3,3,6,6
H.R8012,3,3,6,6
HR9566,3,3,6,6
HR8622,3,3,6,6
H.R9981,3,3,6,6
S4755,3,3,6,6
S3241,3,3,6,6
HJRES181,3,3,6,6
HR9202,3,3,6,6
H.R9867,3,3,6,6
H.R9950,3,3,6,6
H.R9696,3,3,6,6
S4947,3,3,6,6
S5108,3,3,6,6
H.R9375,3,3,6,6
H.R9631,3,3,6,6
HR8945,3,3,6,6
H.R9064,3,3,6,6
H.R9680,3,3,6,6
H.R9750,3,3,6,6
H.R9500,3,3,6,6
S4934,3,3,6,6
H.R9411,3,3,6,6
S4870,3,3,6,6
H.R9498,3,3,6,6
S5220,3,3,6,6
H.R5277,3,3,6,6
H.R4573,3,3,6,6
H.R7748,4,2,6,6
H.R9675,3,3,6,6
HR8952,3,3,6,6
H.R8623,3,3,6,6
HR10073,3,3,6,6
H.R10159,3,3,6,6
S5435,3,3,6,6
S5443,3,3,6,6
H.R10122,3,3,6,6
H.R10047,3,3,6,6
H.R10051,3,3,6,6
H.R9969,3,3,6,4
S5303,3,3,6,6
H.R10364,3,3,6,6
S5290,3,3,6,6
H.R10380,3,3,6,6
H.R8753,3,3,6,4
S5467,3,3,6,6
H.J.RES226,3,3,6,6
S3617,3,3,6,6
H.R10282,3,3,6,6
S5428,3,3,6,6
H.R9990,3,3,6,6
S5289,3,3,6,4
H.R10222,3,3,6,6
S5375,3,3,6,6
S5569,3,3,6,6
H.R10473,3,3,6,6
S5582,3,3,6,6
S5438,3,3,6,6
S5386,3,3,6,6
H.R10235,3,3,6,6
S5028,3,3,6,6
H.R10104,3,3,6,2
S5533,3,3,6,6
H.R10414,3,3,6,6
S5532,3,3,6,4
S3155,3,3,6,6
S5601,3,3,6,6
H.R10420,3,3,6,6
HR8029,5,1,6,6
HR9716,3,3,6,6
HR10419,3,3,6,4
HR2172,3,3,6,6
HR332,3,3,6,6
S5852,3,3,6,6
H.R2133,3,3,6,4
S573,3,3,6,6
HR569,3,3,6,6
HR116,3,3,6,6
H.R110,3,3,6,6
HR1876,3,3,6,6
HR1380,3,3,6,6
HR493,3,3,6,6
HR2220,3,3,6,6
HR2073,3,3,6,6
H.R229,3,3,6,6
HR2202,3,3,6,6
HR168,3,3,6,6
H.R1434,3,3,6,6
HR4306,3,3,6,6
HR3868,3,3,6,6
H.R3221,3,3,6,6
HR4106,3,3,6,6
HR2556,3,3,6,6
HR3969,3,3,6,6
HR3569,3,3,6,6
HR2309,3,3,6,6
H.R4013,3,3,6,6
H.R3497,3,3,6,6
HR3385,3,3,6,6
H.R3498,3,3,6,6
H.R2779,3,3,6,2
HR3493,3,3,6,4
H.R3901,3,3,6,6
HR3015,3,3,6,6
HR2257,3,3,6,6
HR3223,3,3,6,6
HR3010,3,3,6,6
H.R4785,3,3,6,6
S2905,3,3,6,6
S2894,3,3,6,6
HR5152,3,3,6,6
HR4806,3,3,6,6
HR4467,3,3,6,6
HR3082,3,3,6,6
H.R320,3,3,6,6
H.R5593,3,3,6,6
S2101,3,3,6,6
HR3164,3,3,6,6
HR292,3,3,6,6
H.R5087,3,3,6,6
H.R5151,3,3,6,6
HR1902,3,3,6,6
HR1821,3,3,6,6
HR4053,3,3,6,6
HR31,3,3,6,6
HR578,3,3,6,6
HR1470,3,3,6,6
HR503,3,3,6,6
H.R417,3,3,6,6
HR4084,3,3,6,6
HR4888,3,3,6,6
HR1891,3,3,6,6
HR4704,3,3,6,6
H.R5398,3,3,6,6
H.R5542,3,3,6,6
H.R4907,3,3,6,6
S2953,3,3,6,6
HR5577,3,3,6,6
S2265,3,3,6,6
HR5462,3,3,6,6
HR4723,3,3,6,6
H.R5047,3,3,6,6
HR5658,3,3,6,6
HR5228,3,3,6,6
H.R4964,3,3,6,2
H.R4403,3,3,6,4
S2300,3,3,6,6
HR5100,3,3,6,6
HR4615,3,3,6,6
S2310,3,3,6,2
S2314,3,3,6,6
HR3959,3,3,6,6
HR3454,3,3,6,6
H.J.RES54,3,3,6,6
HR6085,3,3,6,6
HR6688,4,2,6,6
H.R5462,3,3,6,6
H.R6210,3,3,6,6
HR6160,3,3,6,6
S3200,3,3,6,6
H.R6820,3,3,6,6
H.R6840,3,3,6,6
HR6166,4,2,6,6
H.R6460,4,2,6,6
S3485,3,3,6,6
H.R6305,3,3,6,6
H.R6011,3,3,6,6
H.R6017,3,3,6,6
H.R6495,3,3,6,4
H.R5328,4,2,6,3
S5445,3,3,6,6
HR45448,4,2,6,3
S3527,4,2,6,6
S3469,4,2,6,6
S.J.RES89,3,3,6,6
HR6484,3,3,6,6
H.R4805,3,3,6,6
H.R6760,3,3,6,6
S3206,4,2,6,6
HR2680,4,2,6,3
HR5731,4,2,6,3
HR6819,4,2,6,3
H.R5095,3,3,6,4
H.R7086,4,2,6,6
H.R6120,3,3,6,6
H.R7114,3,3,6,6
H.R7210,3,3,6,6
HR7230,3,3,6,4
S3999,5,1,6,3
S.J.RES138,5,1,6,5
H.R7875,4,2,6,6
S.J.RES123,4,2,6,6
H.R7892,4,2,6,6
H.R7170,3,3,6,6
H.R7332,4,2,6,6
HR7853,3,3,6,2
HR6509,3,3,6,2
HR5316,3,3,6,2
H.R8100,6,0,6,3
HR6591,3,2,5,5
HR3184,3,2,5,5
H.R2339,3,2,5,5
S3299,3,2,5,5
HR4837,3,2,5,5
H.R7825,3,2,5,5
HR4129,3,2,5,5
HR7651,3,2,5,5
H.R8387,3,2,5,5
H.R6657,3,2,5,5
H.R8283,3,2,5,5
S4849,3,2,5,5
S3928,3,2,5,5
H.R8737,2,3,5,5
S4788,2,3,5,5
HR2772,2,3,5,5
S5238,3,2,5,5
H.R9487,2,3,5,5
H.R4877,3,2,5,5
HR271,3,2,5,5
SJRES12,2,3,5,5
HR1218,2,3,5,5
H.R5670,3,2,5,5
H.R4653,2,3,5,5
HR5784,3,2,5,5
H.R6043,3,2,5,5
HR7322,3,2,5,5
H.R7640,3,2,5,5
H.R8011,3,2,5,5
H.R7885,3,2,5,5
H.R7350,3,2,5,5
HR9474,3,2,5,5
HR9221,3,2,5,5
HR8318,3,2,5,5
H.R7805,3,2,5,5
H.J.RES182,3,2,5,5
S.J.RES101,3,2,5,5
H.R9369,3,2,5,5
H.R9734,3,2,5,5
H.R7159,3,2,5,5
H.R9875,2,3,5,5
H.R9824,2,3,5,5
H.R9427,2,3,5,5
H.J.RES195,2,3,5,5
H.R6601,3,2,5,5
S3857,3,2,5,5
HR1850,3,2,5,5
HR1703,3,2,5,5
S1905,3,2,5,5
H.R4747,3,2,5,5
HR1474,3,2,5,5
H.R5098,3,2,5,5
H.R5507,3,2,5,5
HR1539,3,2,5,5
HR3161,3,2,5,5
HR4560,3,2,5,5
HR5178,3,2,5,5
H.R3871,3,2,5,5
HR3847,3,2,5,5
S402,3,2,5,5
HR5452,3,2,5,5
HR4515,3,2,5,5
S2489,3,2,5,5
H.R5259,3,2,5,5
HR5264,3,2,5,5
HR5550,3,2,5,5
HR4229,3,2,5,5
HR3028,3,2,5,5
HR2978,3,2,5,5
HR3978,3,2,5,5
HR5167,3,2,5,5
H.R588,3,2,5,5
HJRES104,3,2,5,5
HJRES105,3,2,5,5
HJRES106,3,2,5,5
HR2596,3,2,5,5
H.R5177,3,2,5,5
H.R5297,3,2,5,5
H.R4500,3,2,5,5
S577,3,2,5,5
H.R5094,3,2,5,5
S2227,3,2,5,5
H.R5310,3,2,5,5
H.R5072,3,2,5,5
S2856,3,2,5,5
HR646,3,2,5,5
HR1630,3,2,5,5
HR1296,3,2,5,5
HR2595,3,2,5,5
H.R6268,3,2,5,5
H.R5105,3,2,5,3
H.R6806,3,2,5,5
H.R6297,3,2,5,5
S3420,3,2,5,5
H.R6857,3,2,5,5
H.R6091,3,2,5,5
HR6424,3,2,5,5
H.R6469,3,2,5,5
H.R6855,3,2,5,5
HR1432,3,2,5,3
S3646,3,2,5,5
H.R6238,3,2,5,5
H.R6269,3,2,5,5
S3249,3,2,5,5
HR3209,3,2,5,5
HR6505,3,2,5,5
H.R6668,3,2,5,5
H.R6625,3,2,5,5
H.R6240,3,2,5,5
HR3308,3,2,5,5
HR2956,3,2,5,5
HR6044,3,2,5,5
HR5667,3,2,5,5
HR6427,3,2,5,5
HR5847,3,2,5,5
HR5579,3,2,5,5
HR5357,3,2,5,5
S3739,3,2,5,5
H.R7417,4,1,5,5
H.R6706,3,2,5,5
H.R7583,3,2,5,5
H.R7959,3,2,5,3
H.R8175,4,1,5,4
H.R7469,4,1,5,4
H.R7346,3,2,5,5
H.R6701,2,2,4,4
H.R5620,2,2,4,2
HR369,2,2,4,2
H.R6421,2,2,4,4
H.R6810,2,2,4,4
S1685,2,2,4,4
HR5666,2,2,4,4
HR1988,2,2,4,4
HR2475,2,2,4,4
HR2704,2,2,4,4
HR2749,2,2,4,4
HR2778,2,2,4,4
HR3030,2,2,4,4
HR3804,2,2,4,4
HR3856,2,2,4,4
HR434,2,2,4,4
HR4419,2,2,4,4
HR4831,2,2,4,4
HR4961,2,2,4,4
HR5036,2,2,4,4
HR5097,2,2,4,4
HR5170,2,2,4,4
HR5927,2,2,4,4
HR6098,2,2,4,4
HR6124,2,2,4,4
HR6322,2,2,4,4
HR6347,2,2,4,4
HR5410,2,2,4,4
S3164,2,2,4,4
H.R5501,2,2,4,4
HR113,2,2,4,4
H.R5534,2,2,4,4
S3353,2,2,4,4
H.R36840,2,2,4,4
H.R55,2,2,4,4
HR6878,2,2,4,4
HR1373,2,2,4,4
HR123,2,2,4,4
HR4662,2,2,4,2
HR1500,2,2,4,4
HR2572,2,2,4,4
HR1658,2,2,4,4
H.R4753,2,2,4,4
HR2345,2,2,4,2
HR4347,2,2,4,4
HR6317,2,2,4,4
HR1745,2,2,4,4
H.R2464,2,2,4,4
H.R4809,2,2,4,4
SJRES29,2,2,4,2
HR6250,2,2,4,4
HR2366,2,2,4,4
S1193,2,2,4,4
HR809,2,2,4,4
H.R4545,2,2,4,2
H.R5971,2,2,4,2
HR4308,2,2,4,4
H.R5827,2,2,4,4
HR66,2,2,4,4
HR1791,2,2,4,4
H.R5904,2,2,4,4
HR4208,2,2,4,4
S3037,2,2,4,4
HR5220,2,2,4,4
H.R8378,2,2,4,4
H.R1035,2,2,4,4
H.R449,2,2,4,4
H.R6332,2,2,4,4
H.R6316,2,2,4,4
H.R1161,2,2,4,4
H.R2674,2,2,4,4
HR3765,2,2,4,4
HR6477,2,2,4,4
HR3692,2,2,4,4
HR6284,2,2,4,4
HR3271,2,2,4,4
H.R6470,2,2,4,4
H.R6715,2,2,4,4
HR8632,2,2,4,4
HR1871,2,2,4,2
HR6856,2,2,4,2
HR6827,2,2,4,2
HR7138,2,2,4,4
HR1038,2,2,4,4
HR1148,2,2,4,4
HR1714,2,2,4,4
H.R1755,2,2,4,4
H.R5580,2,2,4,4
H.R6157,2,2,4,4
HR6470,2,2,4,4
HR6742,2,2,4,4
HR7014,2,2,4,4
H.R7098,2,2,4,4
HR4442,2,2,4,2
S3706,2,2,4,4
H.R5194,2,2,4,4
H.R49,2,2,4,4
H.R5176,2,2,4,4
H.R4751,2,2,4,4
HR7451,2,2,4,4
HR2831,2,2,4,4
HR2843,2,2,4,4
H.R4287,2,2,4,4
HR6888,2,2,4,4
H.R1999,2,2,4,4
H.R5180,2,2,4,4
HR10,2,2,4,4
H.R79,2,2,4,4
HR6577,2,2,4,2
S26994,2,2,4,4
HR6557,2,2,4,4
HR1344,2,2,4,4
H.R43505,2,2,4,4
HR27700,2,2,4,4
HR2754,2,2,4,4
HR1733,2,2,4,4
HR1146,2,2,4,4
S6787,2,2,4,4
HR7267,2,2,4,4
HR5425,2,2,4,4
HR1100,2,2,4,4
HR1800,2,2,4,4
HR948,2,2,4,2
HR6764,2,2,4,2
HR7394,2,2,4,2
HR7465,2,2,4,4
H.R7111,2,2,4,4
S4329,2,2,4,4
S4620,2,2,4,4
HR7583,2,2,4,4
H.R7953,3,1,4,4
HR7104,2,2,4,4
S4022,2,2,4,4
HJRES82,2,2,4,4
HR5987,2,2,4,4
HR705,2,2,4,4
HR5773,2,2,4,4
HR2876,2,2,4,4
S50,2,2,4,4
H.R7426,2,2,4,4
H.R8272,2,2,4,4
H.R7414,2,2,4,4
HR7535,2,2,4,4
HR1945,2,2,4,4
H.R8171,2,2,4,4
H.R7492,2,2,4,4
H.R4815,2,2,4,2
H.R9256,2,2,4,4
H.R3735,2,2,4,4
H.R7192,2,2,4,4
H.R920,2,2,4,4
H.R2522,2,2,4,4
H.R7603,2,2,4,4
H.R7641,2,2,4,4
H.R4949,2,2,4,4
H.R7277,2,2,4,4
HR4140,2,2,4,4
H.R1857,2,2,4,4
HR7649,2,2,4,4
HR7398,2,2,4,4
HR7766,2,2,4,4
H.R7984,2,2,4,4
HR5141,2,2,4,4
H.R8249,2,2,4,4
H.R7739,2,2,4,4
S8128,2,2,4,4
H.R5640,2,2,4,4
HR8352,2,2,4,4
HR8373,2,2,4,4
HR3997,2,2,4,4
HR568,2,2,4,4
HR4059,4,0,4,1
HR5430,2,2,4,4
HR8832,2,2,4,4
HR5375,2,2,4,4
HR7336,2,2,4,4
HR5739,2,2,4,4
HR4768,2,2,4,4
S4546,2,2,4,4
H.R5833,2,2,4,4
HR4613,2,2,4,4
HR8746,2,2,4,4
S4577,2,2,4,4
HR3655,2,2,4,4
H.R8696,2,2,4,4
HR8258,2,2,4,4
S4731,2,2,4,4
H.R8964,2,2,4,4
S4410,2,2,4,4
H.R8172,2,2,4,4
HR1918,2,2,4,4
HR4726,2,2,4,4
HR7539,2,2,4,4
HR2295,2,2,4,4
H.R8780,2,2,4,4
HR7436,2,2,4,4
HR7885,2,2,4,4
HR7939,2,2,4,4
HR7968,2,2,4,4
HR8169,2,2,4,4
HR8313,2,2,4,4
HR8386,2,2,4,4
HR8686,2,2,4,4
HR8687,2,2,4,4
HR8705,2,2,4,4
HR8736,2,2,4,4
HR8750,2,2,4,4
HR8803,2,2,4,4
HR8852,2,2,4,4
HR8854,2,2,4,4
HR8888,2,2,4,4
HR8925,2,2,4,4
HR9117,2,2,4,4
S3368,2,2,4,4
S4646,2,2,4,4
HR8579,2,2,4,4
S4946,2,2,4,4
HR8589,2,2,4,4
HR8483,2,2,4,4
H.R8565,2,2,4,4
HR8222,2,2,4,4
HR8277,2,2,4,4
HR8461,2,2,4,4
HR8770,2,2,4,4
HR8846,2,2,4,4
HR4737,2,2,4,4
HR8191,2,2,4,4
HR8409,2,2,4,4
HR8694,2,2,4,4
HR8927,2,2,4,4
H.R3865,2,2,4,4
S4742,2,2,4,4
HR7283,2,2,4,4
HR8699,2,2,4,4
H.R9019,2,2,4,4
H.R8608,2,2,4,4
H.R8866,2,2,4,4
S40769,2,2,4,4
H.R8852,2,2,4,4
HR8982,2,2,4,4
HR8570,2,2,4,4
HR7721,2,2,4,4
HR7923,2,2,4,4
H.R8280,2,2,4,4
S4491,2,2,4,4
HR8950,2,2,4,4
S4696,2,2,4,4
H.R8967,2,2,4,4
S5052,2,2,4,4
S5051,2,2,4,4
H.R5112,2,2,4,4
S4179,2,2,4,4
H.R8769,2,2,4,4
H.R9023,2,2,4,4
S4798,2,2,4,4
HR8448,2,2,4,4
H.R8742,2,2,4,4
H.R8763,2,2,4,4
H.R9065,2,2,4,4
H.R8336,2,2,4,4
H.R8677,2,2,4,4
S4267,2,2,4,4
HR7195,2,2,4,4
S4414,2,2,4,4
H.R8922,2,2,4,4
HR3020,2,2,4,4
S2661,2,2,4,4
H.R8870,2,2,4,2
H.R7897,2,2,4,4
H.R8380,2,2,4,4
HR8598,2,2,4,4
HR8608,2,2,4,4
H.R8310,2,2,4,4
HR8523,2,2,4,4
HR6883,2,2,4,4
HR5387,2,2,4,4
HR9103,2,2,4,4
H.R8394,2,2,4,4
H.R9154,2,2,4,4
H.R8569,2,2,4,4
H.R8722,2,2,4,4
H.R8589,2,2,4,4
S35321,2,2,4,4
S3895,3,1,4,4
HR8336,2,2,4,4
H.R8516,2,2,4,4
H.R8482,2,2,4,4
H.R8455,2,2,4,4
S4654,2,2,4,4
H.R8819,2,2,4,4
S4836,2,2,4,4
S4945,2,2,4,4
S4701,2,2,4,4
H.R9057,2,2,4,4
H.R8703,2,2,4,4
H.R8131,2,2,4,4
HR7344,2,2,4,4
HR9004,2,2,4,4
H.R9105,2,2,4,4
H.R5326,2,2,4,4
H.R7952,2,2,4,4
HR9063,2,2,4,4
S4563,2,2,4,4
H.R8562,2,2,4,4
HR9021,2,2,4,4
H.R9075,2,2,4,4
H.R8688,2,2,4,4
S4813,2,2,4,4
HR8614,2,2,4,4
HR89,2,2,4,4
H.R8474,2,2,4,4
HR8885,2,2,4,4
HR8886,2,2,4,4
HR8892,2,2,4,4
HR9015,2,2,4,4
H.R8699,2,2,4,4
HR9035,2,2,4,4
H.R9062,2,2,4,4
H.R8832,2,2,4,4
S3484,2,2,4,4
S8856,2,2,4,4
H.R3064,2,2,4,4
HR6889,2,2,4,2
H.R6825,2,2,4,4
H.R8993,2,2,4,4
HR8806,2,2,4,4
HR8747,2,2,4,4
H.R5565,2,2,4,2
HR7687,2,2,4,4
HR8474,2,2,4,4
HR8983,2,2,4,4
S.JRES55,2,2,4,4
HR3471,2,2,4,4
HR8793,2,2,4,4
H.R6737,2,2,4,4
S1718,2,2,4,4
H.R8802,2,2,4,4
HR8947,2,2,4,4
H.R4081,2,2,4,4
S5406,2,2,4,4
HR9189,2,2,4,4
H.R8701,2,2,4,4
H.R8948,2,2,4,4
HR8778,2,2,4,4
HR6528,2,2,4,4
HR3111,2,2,4,4
HR7755,2,2,4,4
HR8019,2,2,4,4
HR8021,2,2,4,4
HR8022,2,2,4,4
HR8805,2,2,4,4
H.R8528,2,2,4,4
H.R8397,2,2,4,4
HR9240,2,2,4,4
H.R9658,2,2,4,2
H.R3330,2,2,4,4
HR9477,2,2,4,4
H.R9325,2,2,4,4
H.R9291,2,2,4,4
H.R9052,2,2,4,4
H.R9058,2,2,4,2
S5310,2,2,4,4
H.R9387,2,2,4,4
HR8912,2,2,4,2
H.R9555,2,2,4,4
H.R9224,2,2,4,4
HR7875,2,2,4,2
S4252,2,2,4,2
H.R258,2,2,4,2
HR9030,2,2,4,4
H.R9059,2,2,4,4
H.R9188,2,2,4,4
H.R7071,2,2,4,2
S9037,2,2,4,4
S5100,2,2,4,4
H.R9252,2,2,4,2
H.R9192,2,2,4,4
H.R9567,2,2,4,4
H.R1427,2,2,4,4
S4587,2,2,4,4
HR820,2,2,4,4
H.R2716,2,2,4,4
HR5313,2,2,4,2
H.R9328,2,2,4,4
HR7677,2,2,4,4
HR8588,2,2,4,4
H.R8877,2,2,4,4
S5202,2,2,4,4
H.R9203,2,2,4,4
H.R9527,2,2,4,4
H.R9634,2,2,4,4
H.R9546,2,2,4,4
S5166,2,2,4,4
H.R9182,2,2,4,4
S5080,2,2,4,4
H.R9603,2,2,4,4
H.R2990,2,2,4,4
HR9333,2,2,4,4
H.R9254,2,2,4,4
H.R9299,2,2,4,4
S548,2,2,4,4
H.R441,2,2,4,4
HR8913,2,2,4,4
H.R9380,2,2,4,2
HR9592,2,2,4,4
HR9434,2,2,4,2
H.R9637,2,2,4,4
S5230,2,2,4,4
HR9297,2,2,4,2
H.R8511,2,2,4,4
H.R8374,2,2,4,4
H.R8276,2,2,4,4
H.R9373,2,2,4,4
HR545,2,2,4,2
HJRES26,2,2,4,4
HR582,4,0,4,2
S1070,2,2,4,4
HR243,2,2,4,4
HR965,2,2,4,4
H.R519,2,2,4,4
H.R969,2,2,4,4
HR1351,2,2,4,4
H.R727,2,2,4,4
S49,2,2,4,4
HR835,2,2,4,4
H.R746,2,2,4,4
H.R120,2,2,4,4
HR1495,2,2,4,4
H.R745,2,2,4,4
H.R7554,2,2,4,4
S12,2,2,4,4
HR417,2,2,4,4
HR1305,2,2,4,4
HJRES31,2,2,4,4
HR750,2,2,4,4
HR8343,2,2,4,4
H.JRES39,2,2,4,4
S.JRES15,2,2,4,4
HR139,2,2,4,2
HR1741,2,2,4,4
S4459,2,2,4,2
H.R792,2,2,4,2
H.R949,2,2,4,4
HR2720,2,2,4,4
HR2957,2,2,4,4
HR2544,4,0,4,2
H.R1821,2,2,4,4
S2030,2,2,4,2
HR3854,2,2,4,4
HR3751,2,2,4,4
HR2508,2,2,4,2
HR2695,2,2,4,4
H.R4096,2,2,4,4
H.R3102,2,2,4,4
HR3896,2,2,4,2
HR3059,2,2,4,2
HR2705,2,2,4,2
H.R4298,2,2,4,4
HR294,2,2,4,4
H.R4388,2,2,4,4
HR3006,2,2,4,4
HR2955,2,2,4,4
HR4135,2,2,4,4
S3476,2,2,4,4
S1353,2,2,4,4
H.R3025,2,2,4,4
HR2777,2,2,4,4
HR3659,2,2,4,4
HR4281,2,2,4,4
HR3872,2,2,4,4
HR2383,2,2,4,4
HR3081,2,2,4,4
HR3953,2,2,4,4
H.R7702,2,2,4,4
H.R2876,2,2,4,4
HR3420,2,2,4,2
HR4268,2,2,4,4
HR2983,2,2,4,4
HR2930,2,2,4,4
H.R2944,2,2,4,2
S2232,2,2,4,4
S1755,2,2,4,4
HR4989,2,2,4,4
S2885,2,2,4,4
HR5463,2,2,4,4
HR3814,2,2,4,2
HR5296,2,2,4,2
HR4271,2,2,4,4
S23321,2,2,4,4
HR4695,2,2,4,4
S2642,2,2,4,4
HR5415,2,2,4,4
H.R5308,2,2,4,4
HR2655,2,2,4,2
HR2901,2,2,4,4
HR3148,2,2,4,4
HR5213,2,2,4,2
H.R4586,2,2,4,4
HR458,2,2,4,2
HR4844,2,2,4,2
HR3470,2,2,4,4
HR5049,2,2,4,4
S1741,2,2,4,4
HR9460,2,2,4,4
H.R4461,2,2,4,4
HJRES66,2,2,4,2
HR5096,2,2,4,4
S32263,2,2,4,4
HR4408,2,2,4,4
HR6698,2,2,4,4
H.R6490,2,2,4,4
S3188,2,2,4,4
HR6653,2,2,4,4
H.R1727,2,2,4,4
S3201,2,2,4,4
HR5393,2,2,4,4
HR5396,2,2,4,4
HR6030,2,2,4,4
H.R6721,2,2,4,4
HR6303,2,2,4,4
H.R6179,2,2,4,4
HR2643,2,2,4,4
HR5392,2,2,4,4
H.R4165,2,2,4,4
H.R6388,2,2,4,2
HR4924,2,2,4,4
HR5915,2,2,4,4
HR5133,2,2,4,4
H.R6018,2,2,4,4
H.R6153,2,2,4,4
HR4900,2,2,4,4
HR6665,2,2,4,4
S3496,2,2,4,4
HR6111,2,2,4,4
H.R6125,2,2,4,4
H.R6021,2,2,4,4
HR7065,2,2,4,4
HR7320,2,2,4,4
HR5238,2,2,4,4
HR6033,2,2,4,4
HR7454,2,2,4,4
HR6563,2,2,4,4
HR7457,2,2,4,2
HR7462,2,2,4,4
HR7038,2,2,4,4
H.R5881,2,2,4,4
S1914,2,2,4,4
HR5744,2,2,4,4
HR7476,2,2,4,4
HR175,2,2,4,4
S3619,2,2,4,4
HR3724,2,2,4,4
HR7612,2,2,4,4
HR5832,2,2,4,4
H.R7402,3,1,4,3
H.R7371,2,2,4,4
S3618,2,2,4,4
H.R7215,3,1,4,3
H.R6942,2,2,4,4
H.R7173,2,2,4,4
S3202,2,2,4,4
H.R3722,2,2,4,4
HR6401,2,2,4,4
HR5566,2,2,4,4
HR7428,2,2,4,4
HR6966,2,2,4,4
HR7112,2,2,4,4
HR6814,2,2,4,4
HR7409,2,2,4,2
HR6784,2,2,4,4
H.R7522,2,2,4,2
H.R7558,2,2,4,2
HR7217,2,2,4,4
HR7738,2,2,4,4
H.R8560,2,2,4,4
S.J.RES73,2,2,4,4
H.R7815,2,2,4,4
S3825,2,2,4,2
S.JRES11,2,2,4,4
HR8204,2,2,4,4
S4536,2,2,4,4
HR7810,2,2,4,4
H.R6603,2,2,4,4
H.R8148,2,2,4,4
HR8245,2,2,4,4
HR8144,2,2,4,4
HR8235,2,2,4,4
HR8561,2,2,4,4
HR5066,2,2,4,4
HR8104,2,2,4,4
H.R39354,2,2,4,4
HR6349,2,2,4,4
HR7808,2,2,4,2
HR7203,2,2,4,4
S4095,2,2,4,4
HR4320,2,2,4,4
HR6745,2,2,4,4
HR719,2,2,4,4
HR8114,2,2,4,4
H.R7854,2,2,4,4
HR7933,2,2,4,4
HR53934,2,2,4,4
SJRES79,2,2,4,4
H.R8522,2,2,4,4
H.R8538,2,2,4,4
H.R8613,2,2,4,4
H.R8159,3,1,4,4
S5320,2,2,4,4
H.R8385,2,2,4,4
H.R7899,2,2,4,4
H.R8193,2,2,4,4
S2906,2,2,4,2
HR8034,2,2,4,4
HR5520,2,2,4,4
S5266,2,2,4,4
H.R9450,2,2,4,4
HR9269,2,2,4,4
HR7764,2,2,4,4
H.R9350,2,2,4,4
S5702,2,2,4,4
HR9608,2,2,4,4
S7024,2,2,4,2
HR7963,2,2,4,4
HR9170,2,2,4,4
S9468,2,2,4,4
H.R4499,2,2,4,4
HR8613,2,2,4,2
H.R9677,2,2,4,4
HR9403,2,2,4,4
H.R9006,2,2,4,4
H.R8859,2,2,4,4
H.R8556,2,2,4,4
HR905,2,2,4,4
HR3018,2,2,4,4
HR8427,2,2,4,4
HR4679,2,2,4,4
HR7352,2,2,4,4
HR8764,2,2,4,4
HR8768,2,2,4,4
HR8877,2,2,4,4
HR8828,2,2,4,4
HR8780,2,2,4,4
HR8991,2,2,4,4
HR9253,2,2,4,4
HR152,2,2,4,4
HR6824,2,2,4,4
HR9053,2,2,4,4
HR9054,2,2,4,4
S5193,2,2,4,4
HR9945,2,2,4,4
HR9131,2,2,4,4
HR9230,2,2,4,4
HR9367,2,2,4,4
HR9138,2,2,4,4
HR9817,2,2,4,4
HR7097,2,2,4,4
HR7971,2,2,4,4
HR8381,2,2,4,4
HR8562,2,2,4,4
HR8567,2,2,4,4
HR8851,2,2,4,4
HR8896,2,2,4,4
HR9050,2,2,4,4
HR9057,2,2,4,4
HR9094,2,2,4,4
HR9146,2,2,4,4
HR9161,2,2,4,4
HR9179,2,2,4,4
HR9276,2,2,4,4
HR9324,2,2,4,4
HR9328,2,2,4,4
HR9404,2,2,4,4
HR9415,2,2,4,4
HR9478,2,2,4,4
HR9484,2,2,4,4
HR9510,2,2,4,4
HR9525,2,2,4,4
HR9575,2,2,4,4
HR9924,2,2,4,4
HR9191,2,2,4,4
S4765,2,2,4,4
H.R9796,2,2,4,4
HR9781,2,2,4,4
HR8631,2,2,4,4
HR8889,2,2,4,4
HR9218,2,2,4,4
S5079,2,2,4,4
H.R9506,2,2,4,4
H.R8995,2,2,4,4
H.R9308,2,2,4,4
H.R9756,2,2,4,4
S5101,2,2,4,4
H.R9902,2,2,4,4
H.R6313,2,2,4,4
S5014,2,2,4,4
H.R9773,2,2,4,4
H.R9367,2,2,4,4
HR8532,2,2,4,4
HR9675,2,2,4,4
HR9590,2,2,4,4
HR9104,2,2,4,4
S4558,2,2,4,4
H.R9399,2,2,4,4
H.R9806,2,2,4,4
S4782,2,2,4,4
H.R9725,2,2,4,4
H.R9171,2,2,4,4
S4627,2,2,4,4
S4736,2,2,4,4
HR3014,2,2,4,4
S5292,2,2,4,4
H.R9788,2,2,4,4
H.R8973,2,2,4,4
H.R9893,2,2,4,4
H.R9601,2,2,4,4
S4476,2,2,4,4
H.R9436,2,2,4,4
S4881,2,2,4,4
S4892,2,2,4,4
H.R9458,2,2,4,4
H.R9930,2,2,4,4
S6120,2,2,4,4
H.R9610,2,2,4,4
H.R9609,2,2,4,4
HR9101,2,2,4,4
HR9067,2,2,4,4
S4671,2,2,4,4
HR9024,2,2,4,4
H.R9843,2,2,4,4
S5188,2,2,4,4
H.R8971,2,2,4,4
HR9076,2,2,4,4
HR9245,2,2,4,4
HJRES142,3,1,4,4
H.R9324,2,2,4,4
S5146,2,2,4,4
H.R8078,2,2,4,4
H.R7494,2,2,4,4
H.R9120,2,2,4,4
S5253,2,2,4,4
HR9440,2,2,4,4
S5047,2,2,4,4
H.R8618,2,2,4,4
H.R9812,2,2,4,4
H.R8563,2,2,4,4
S4395,2,2,4,4
H.R8962,2,2,4,4
H.R9099,2,2,4,4
HR9005,2,2,4,4
HR9847,2,2,4,4
HR1706,2,2,4,4
H.R8651,2,2,4,4
H.R9296,2,2,4,4
H.R9368,2,2,4,4
S4672,2,2,4,4
H.R9434,2,2,4,4
H.R9435,2,2,4,4
H.R9520,2,2,4,4
H.R9532,2,2,4,4
H.R9667,2,2,4,4
H.R9749,2,2,4,4
H.R9813,2,2,4,4
S5279,2,2,4,4
S4656,2,2,4,4
S4707,2,2,4,4
S4780,2,2,4,4
S4991,2,2,4,4
S5092,2,2,4,4
H.R9353,2,2,4,4
H.R9561,2,2,4,4
H.R9697,2,2,4,4
H.R9699,2,2,4,4
H.R9735,2,2,4,4
H.R9791,2,2,4,4
H.R9792,2,2,4,4
H.R9877,2,2,4,4
S5225,2,2,4,4
S5058,2,2,4,4
H.R9446,2,2,4,4
H.R9713,2,2,4,4
S4551,2,2,4,4
H.R9705,2,2,4,4
S5081,2,2,4,4
HR9522,2,2,4,4
H.R8353,2,2,4,4
H.R9392,2,2,4,4
H.R9578,2,2,4,4
H.R9639,2,2,4,4
H.R7759,2,2,4,4
H.R7760,2,2,4,4
H.R9162,2,2,4,4
S5016,2,2,4,4
HR8224,2,2,4,4
H.R9286,2,2,4,4
H.R9074,2,2,4,4
H.R9672,2,2,4,4
S5065,2,2,4,4
H.R9635,2,2,4,4
HR9001,2,2,4,4
S4888,2,2,4,4
H.R9720,2,2,4,4
H.R1450,2,2,4,4
HR9137,2,2,4,4
HR9074,2,2,4,4
HR5645,2,2,4,4
H.R8603,2,2,4,4
S4805,2,2,4,4
HR9737,2,2,4,4
HR9766,2,2,4,4
S4493,2,2,4,4
HR9193,2,2,4,4
H.R9621,2,2,4,2
H.R9284,2,2,4,4
S4989,2,2,4,4
HR8975,2,2,4,4
HR8988,2,2,4,4
HR9392,2,2,4,4
HR9393,2,2,4,4
HR9491,2,2,4,4
HR9639,2,2,4,4
HR9144,2,2,4,4
HR9504,2,2,4,4
HR9578,2,2,4,4
HR9615,2,2,4,4
HR9727,2,2,4,4
HR9355,2,2,4,4
S4952,2,2,4,4
S4455,2,2,4,4
H.R9876,2,2,4,4
S7890,2,2,4,4
H.R9126,2,2,4,4
H.R9081,2,2,4,4
H.R9155,2,2,4,4
H.R9809,2,2,4,4
H.R9618,2,2,4,4
H.R9898,2,2,4,4
H.R9717,2,2,4,4
HR7370,2,2,4,2
HR9184,2,2,4,4
HR9164,2,2,4,4
S4478,2,2,4,4
H.J.RES171,2,2,4,4
H.R9423,2,2,4,4
S47740,2,2,4,4
S4853,2,2,4,4
HJRES99,2,2,4,4
HR9425,2,2,4,4
S49424,2,2,4,4
H.R9371,2,2,4,4
H.R9706,2,2,4,4
H.R9821,2,2,4,4
HR9705,2,2,4,2
H.R9158,2,2,4,4
H.R8493,2,2,4,4
H.R6523,2,2,4,4
H.R9814,2,2,4,4
S4265,2,2,4,4
HR8311,2,2,4,4
HR9129,2,2,4,4
HR9774,2,2,4,4
H.R7782,2,2,4,4
H.R9695,2,2,4,4
H.R9931,2,2,4,4
H.R9382,2,2,4,4
H.R9013,2,2,4,4
H.R9622,2,2,4,4
HR9884,2,2,4,2
H.R10014,2,2,4,4
S5479,2,2,4,4
S5482,2,2,4,4
HR9096,2,2,4,4
S5400,2,2,4,4
S5640,2,2,4,4
S5439,2,2,4,4
HR10112,2,2,4,2
H.R10211,2,2,4,4
S5576,2,2,4,4
S5330,2,2,4,4
S5229,2,2,4,4
H.R141,2,2,4,4
S5053,2,2,4,4
HR9922,2,2,4,4
S5250,2,2,4,2
H.R10303,2,2,4,4
H.R10477,2,2,4,4
H.R7480,2,2,4,4
S5600,2,2,4,4
S5451,2,2,4,2
S5378,2,2,4,4
H.R10005,2,2,4,4
H.J.RES228,2,2,4,4
H.R9766,2,2,4,4
H.R10145,2,2,4,4
H.R10465,2,2,4,4
H.R10086,2,2,4,2
S5366,2,2,4,4
H.R10239,2,2,4,4
H.R9949,2,2,4,4
S5355,2,2,4,4
S5497,2,2,4,4
HR10321,2,2,4,4
H.R10085,2,2,4,4
H.R10109,2,2,4,4
H.R10174,2,2,4,4
H.R10347,2,2,4,4
H.R9684,2,2,4,4
H.R10027,2,2,4,4
H.R10375,2,2,4,4
H.R9512,2,2,4,2
H.R10506,2,2,4,4
S5356,2,2,4,4
H.R10134,2,2,4,4
S5429,2,2,4,4
HR10123,2,2,4,4
S5363,2,2,4,4
HR10467,2,2,4,4
S5318,2,2,4,2
S5506,2,2,4,4
S5570,2,2,4,2
HR10213,2,2,4,2
HR10310,2,2,4,4
H.R10543,2,2,4,4
H.R9909,2,2,4,4
H.R10232,2,2,4,4
S5466,2,2,4,4
S5561,2,2,4,4
HR3418,2,2,4,4
H.R10287,2,2,4,4
H.R10349,2,2,4,2
H.R10268,2,2,4,4
H.R9655,2,2,4,4
H.R9478,2,2,4,4
HR10184,2,2,4,4
S5372,2,2,4,4
HR10208,2,2,4,4
S5387,2,2,4,4
S4632,2,2,4,4
S5593,2,2,4,4
H.R9878,2,2,4,4
H.R9250,2,2,4,4
S5209,2,2,4,4
SJRES28,2,2,4,4
H.R1168,2,2,4,4
H.R1220,2,2,4,4
HR1604,2,2,4,4
H.R2352,2,2,4,4
S.JRES3,2,2,4,2
H.R65,2,2,4,4
HR1670,2,2,4,4
S1145,2,2,4,4
H.R1237,2,2,4,4
HR933,2,2,4,4
HR2338,2,2,4,4
HR137,2,2,4,4
HR376,2,2,4,4
H.R989,2,2,4,4
HR2603,2,2,4,4
H.R2209,2,2,4,4
HR1924,2,2,4,2
HJRES89,2,2,4,4
H.R2658,2,2,4,4
S860,2,2,4,4
HR2458,2,2,4,4
H.R9985,2,2,4,2
H.R10519,2,2,4,4
HR1865,2,2,4,4
HR1994,2,2,4,4
HR2235,2,2,4,4
HR588,2,2,4,4
HR2645,2,2,4,4
HR2451,2,2,4,4
HR2252,2,2,4,4
HR2317,2,2,4,4
HR2727,2,2,4,4
HR2134,2,2,4,4
HR1494,2,2,4,4
HR978,2,2,4,4
HR2316,2,2,4,4
H.R1515,2,2,4,4
HR10380,2,2,4,4
HR483,2,2,4,4
H.JRES88,2,2,4,4
HR2479,2,2,4,4
S5231,2,2,4,2
H.R10441,2,2,4,2
HR3477,2,2,4,4
HR9327,2,2,4,4
S.JRES40,2,2,4,4
S.JRES41,2,2,4,4
S.JRES42,2,2,4,4
HR6980,2,2,4,4
HR2581,2,2,4,4
HR1229,2,2,4,4
H.J.RES93,2,2,4,4
H.R6309,2,2,4,4
H.R10304,2,2,4,4
S1998,2,2,4,4
HR1732,2,2,4,4
H.JRES93,2,2,4,4
HR3613,2,2,4,4
S.J.RES54,2,2,4,4
H.R26968,2,2,4,4
H.R2091,2,2,4,4
HR1232,2,2,4,4
H.R4915,2,2,4,4
H.R4912,2,2,4,4
H.R5207,2,2,4,4
HR4101,2,2,4,4
HR4725,2,2,4,4
HR4158,2,2,4,4
HR5299,2,2,4,4
H.R5284,2,2,4,4
H.R4850,2,2,4,4
S2579,2,2,4,4
HR4245,2,2,4,4
HR5107,2,2,4,4
HR3505,2,2,4,4
HR5102,2,2,4,4
HR4522,2,2,4,4
H.R5183,2,2,4,4
S2485,2,2,4,4
HR7714,2,2,4,4
H.R5036,2,2,4,4
HR4746,2,2,4,4
H.R6867,2,2,4,4
HR1665,2,2,4,4
H.R6467,2,2,4,4
HR6553,2,2,4,4
HR6757,2,2,4,4
H.R6807,2,2,4,4
HR4966,2,2,4,4
H.R6218,2,2,4,4
HR6518,2,2,4,4
H.R6689,2,2,4,4
HR4667,2,2,4,2
S2970,2,2,4,4
H.R6293,2,2,4,4
H.R6587,2,2,4,4
H.R5962,2,2,4,4
S4771,2,2,4,4
HR6281,2,2,4,4
S3327,2,2,4,4
HR6602,2,2,4,4
SJRES82,2,2,4,4
HR5708,2,2,4,4
HR5798,2,2,4,4
H.R6449,2,2,4,4
H.R6098,2,2,4,4
H.R6076,2,2,4,4
H.R5970,2,2,4,4
H.R663,2,2,4,4
H.R664,2,2,4,4
H.R5875,2,2,4,4
H.R5653,2,2,4,4
S2995,2,2,4,4
S2977,2,2,4,4
S3005,2,2,4,4
H.R6926,2,2,4,4
S3553,2,2,4,4
H.R5930,2,2,4,4
H.R5999,2,2,4,4
H.R6034,2,2,4,4
H.R6649,2,2,4,4
S3040,2,2,4,4
HR5750,2,2,4,4
H.R2847,2,2,4,4
HR4516,2,2,4,4
HR6589,2,2,4,4
HR6056,2,2,4,4
H.R6148,2,2,4,4
H.R6203,2,2,4,4
HR5636,2,2,4,4
S3083,3,1,4,4
HR6423,3,1,4,4
HR4028,2,2,4,4
HR6625,2,2,4,4
H.R5852,2,2,4,4
H.R5821,2,2,4,4
H.R6642,2,2,4,4
H.R6556,2,2,4,4
HR6821,3,1,4,4
H.R6605,2,2,4,4
S5315,2,2,4,4
HR6304,4,0,4,1
H.R7280,3,1,4,4
S3771,2,2,4,4
HR7386,3,1,4,4
H.R7821,2,2,4,4
HR7828,3,1,4,4
H.R8031,3,1,4,4
H.R8145,2,2,4,4
H.R5249,2,2,4,4
H.R7336,2,2,4,4
H.R7199,2,2,4,4
H.R7295,2,2,4,4
H.R7934,3,1,4,4
H.R8088,2,2,4,4
S3798,3,1,4,4
H.R8050,3,1,4,4
HR7159,2,2,4,4
S.J.RES137,3,1,4,4
HR7730,2,2,4,4
SJRES103,3,1,4,3
HR7748,2,2,4,4
H.R7143,2,2,4,4
S.J.RES124,3,1,4,4
H.R7247,3,1,4,4
H.R7133,2,2,4,4
S3634,3,1,4,4
S4092,3,1,4,3
H.R7678,3,1,4,4
H.R7354,3,1,4,4
H.R4171,3,1,4,4
H.R8143,4,0,4,3
HR1136,4,0,4,1
H.R7831,4,0,4,4
HR6416,2,1,3,3
HR2437,2,1,3,3
HR7042,2,1,3,3
HJRES72,2,1,3,3
HR7366,2,1,3,3
HR1825,1,2,3,3
H.R7930,2,1,3,3
HR7458,2,1,3,3
HR2974,2,1,3,3
H.R7180,2,1,3,3
H.R5341,2,1,3,3
H.R7632,2,1,3,3
H.R6977,2,1,3,3
S3063,2,1,3,3
H.JRES26,3,0,3,1
HR34,2,1,3,3
H.R6351,2,1,3,3
HR5045,2,1,3,3
H.R7848,2,1,3,3
HR7603,1,2,3,3
HR5840,3,0,3,1
H.R6853,2,1,3,3
HR2722,2,1,3,3
HR7129,2,1,3,3
HR7742,2,1,3,3
HR6443,2,1,3,3
HR1091,2,1,3,3
HJRES79,1,2,3,3
HJRES61,1,2,3,3
SJRES24,1,2,3,3
HJRES20,1,2,3,3
HR3616,1,2,3,3
H.R3140,2,1,3,3
HR2072,2,1,3,3
H.R5348,2,1,3,3
HR4448,2,1,3,3
HR4620,2,1,3,3
H.R3190,2,1,3,3
S2722,2,1,3,3
H.R4700,2,1,3,3
H.R6052,2,1,3,3
S3121,2,1,3,3
H.R6233,2,1,3,3
S3577,2,1,3,3
S2969,2,1,3,3
HR5590,2,1,3,3
HR5862,2,1,3,3
H.R4419,2,1,3,3
H.R6312,2,1,3,3
HR5284,2,1,3,3
HR5345,2,1,3,3
HR6130,2,1,3,3
HR5258,2,1,3,3
S3181,2,1,3,3
HR6875,2,1,3,3
HR6082,2,1,3,3
HR5913,2,1,3,3
HR5745,2,1,3,3
H.R6517,2,1,3,3
S3215,2,1,3,3
HR3289,2,1,3,3
H.R6318,2,1,3,3
S22870,2,1,3,3
HR6178,2,1,3,3
HR6321,2,1,3,3
HR6320,2,1,3,3
H.R6194,2,1,3,3
S5360,2,1,3,3
H.R6041,2,1,3,3
H.R4492,2,1,3,3
H.R5729,2,1,3,3
HR5885,2,1,3,3
H.R5954,2,1,3,3
H.R3501,2,1,3,3
HR6292,2,1,3,3
HR6502,2,1,3,3
HR6948,2,1,3,3
H.R5925,1,2,3,3
HR6075,2,1,3,3
H.R8348,2,1,3,3
HR1244,2,1,3,3
HR6240,2,1,3,3
HR6468,2,1,3,3
H.R5731,2,1,3,3
S3110,2,1,3,3
H.R5168,2,1,3,3
H.R6254,2,1,3,3
H.R6255,2,1,3,3
H.R6406,2,1,3,3
HR3117,2,1,3,3
H.R5753,2,1,3,3
H.R6444,2,1,3,3
HR4181,2,1,3,3
H.R6648,2,1,3,3
H.R6848,2,1,3,3
H.R6993,2,1,3,3
H.R7405,2,1,3,3
HR4718,2,1,3,3
H.R3153,2,1,3,3
HR7181,2,1,3,3
H.R7601,2,1,3,3
H.R7920,2,1,3,3
S4028,2,1,3,3
HR7977,2,1,3,3
S4112,2,1,3,3
H.R7716,3,0,3,1
H.R7985,3,0,3,3
H.R7893,3,0,3,3
H.R6294,3,0,3,3
HR7273,3,0,3,3
S3926,3,0,3,2
HR1958,3,0,3,1
HR4638,3,0,3,1
H.J.RES154,3,0,3,2
HJRES17,1,1,2,2
H.R5630,1,1,2,2
HR3529,1,1,2,2
HR4341,1,1,2,2
H.R5212,1,1,2,2
H.R5789,1,1,2,2
HR3840,1,1,2,2
H.R2088,1,1,2,2
HR579,1,1,2,2
S3306,1,1,2,2
HR7235,1,1,2,2
HR7234,1,1,2,2
HR7105,1,1,2,2
H.R45550,1,1,2,2
HR5992,1,1,2,2
HR5962,1,1,2,2
H.R6803,1,1,2,2
HR1331,1,1,2,2
HR1914,1,1,2,2
HR4876,1,1,2,2
H.J.RES77,1,1,2,2
HR1558,1,1,2,2
HR3488,1,1,2,2
HR3083,1,1,2,2
H.R44320,1,1,2,2
HR1864,1,1,2,2
HR2997,1,1,2,2
HR463,1,1,2,2
HR3566,1,1,2,2
HR6428,1,1,2,2
HR610,1,1,2,2
HR5804,1,1,2,2
S5746,1,1,2,2
HR2128,1,1,2,2
HR4722,1,1,2,2
S20,1,1,2,2
H.R2659,1,1,2,2
H.R5302,1,1,2,2
HR1730,1,1,2,2
HR1284,1,1,2,2
HR3961,1,1,2,2
H.R5126,1,1,2,2
H.R5418,1,1,2,2
H.R5471,1,1,2,2
HR6700,1,1,2,2
HR3485,1,1,2,2
HR6748,1,1,2,2
HJRES67,1,1,2,2
H.R2946,1,1,2,2
HR7058,1,1,2,2
HR6522,1,1,2,2
HR6592,1,1,2,2
HR2747,1,1,2,2
HR3468,1,1,2,2
HR7045,1,1,2,2
HR3233,1,1,2,2
H.R6261,1,1,2,2
HR6853,1,1,2,2
HR5770,1,1,2,2
H.R7344,1,1,2,2
HR6755,1,1,2,2
HR6786,1,1,2,2
HR2334,1,1,2,2
H.R3142,1,1,2,2
HR2835,1,1,2,2
HR6431,1,1,2,2
S3057,1,1,2,2
HR3213,1,1,2,2
S1184,1,1,2,2
HR1893,1,1,2,2
HR1895,1,1,2,2
S3973,1,1,2,2
HR942,1,1,2,2
H.R4959,1,1,2,2
H.R1211,1,1,2,2
HR6256,1,1,2,2
S7399,1,1,2,2
HR604,1,1,2,2
HR6608,1,1,2,2
H.R3769,1,1,2,2
S4729,1,1,2,2
H.R1312,1,1,2,2
H.R4680,1,1,2,2
H.R9036,1,1,2,2
HR1475,1,1,2,2
HR3350,1,1,2,2
HR3065,1,1,2,2
H.R2615,1,1,2,2
HR406,1,1,2,2
HR3360,1,1,2,2
S3640,1,1,2,2
H.R6742,1,1,2,2
HR8743,1,1,2,2
HR5423,1,1,2,2
HR3568,1,1,2,2
HR6215,1,1,2,2
HR298,1,1,2,2
HR299,1,1,2,2
HR300,1,1,2,2
H.R112,1,1,2,2
HR2049,1,1,2,2
HR4585,1,1,2,2
HR1019,1,1,2,2
H.R1031,1,1,2,2
HR2821,1,1,2,2
HR1621,1,1,2,2
HR5975,1,1,2,2
HR6403,1,1,2,2
HR5558,1,1,2,2
H.R7562,1,1,2,2
S4272,1,1,2,2
H.R49976,1,1,2,2
H.R7809,1,1,2,2
HR7897,1,1,2,2
H.R2237,1,1,2,2
HR7892,1,1,2,2
H.R2069,1,1,2,2
HR82399,1,1,2,2
HR7506,1,1,2,2
H.R1851,1,1,2,2
H.R4125,1,1,2,2
HR1243,1,1,2,2
S4360,1,1,2,2
H.R7508,1,1,2,2
HR5511,1,1,2,2
H.R7435,1,1,2,2
HR2393,1,1,2,2
S3708,1,1,2,2
HR7152,1,1,2,2
HR917,1,1,2,2
HR7197,1,1,2,2
HR8190,1,1,2,2
H.R4514,1,1,2,2
HR8310,1,1,2,2
HR7771,1,1,2,2
H.R8009,1,1,2,2
H.R7993,1,1,2,2
H.R779,1,1,2,2
H.R3465,1,1,2,2
H.R7824,1,1,2,2
H.R7998,1,1,2,2
S4290,1,1,2,2
HR283,1,1,2,2
HR7811,1,1,2,2
S2398,1,1,2,2
S2139,1,1,2,2
H.R8231,1,1,2,2
HR7004,1,1,2,2
HR7918,1,1,2,2
HR241,1,1,2,2
HR5758,1,1,2,2
HR8522,1,1,2,2
H.R8731,1,1,2,2
H.R9035,1,1,2,2
H.R8395,1,1,2,2
S5036,1,1,2,2
S8649,1,1,2,2
H.R6022,1,1,2,2
HR3623,1,1,2,2
S4506,1,1,2,2
H.R8717,1,1,2,2
H.R8700,1,1,2,2
HR2959,1,1,2,2
HR8201,1,1,2,2
HR4682,1,1,2,2
S3417,1,1,2,2
HR8827,1,1,2,2
H.R5567,1,1,2,2
S4703,1,1,2,2
H.R8659,1,1,2,2
HR8727,1,1,2,2
HR9034,1,1,2,2
H.R9086,1,1,2,2
H.R9118,1,1,2,2
S3833,1,1,2,2
H.R9110,1,1,2,2
H.R1358,1,1,2,2
H.R8343,1,1,2,2
HR8688,1,1,2,2
HR8924,1,1,2,2
S4726,1,1,2,2
HR9102,1,1,2,2
HR8611,1,1,2,2
HR4568,1,1,2,2
H.R5591,1,1,2,2
SJRES37,1,1,2,2
SJRES39,1,1,2,2
HR5561,1,1,2,2
HR8769,1,1,2,2
S4774,1,1,2,2
H.R8666,1,1,2,2
H.R8498,1,1,2,2
HJRES96,1,1,2,2
HR391,1,1,2,2
HR6998,1,1,2,2
HR7546,1,1,2,2
HR8672,1,1,2,2
H.R8748,1,1,2,2
H.R8642,1,1,2,2
H.R8269,1,1,2,2
H.R5831,1,1,2,2
H.R8947,1,1,2,2
H.R8421,1,1,2,2
H.R8355,1,1,2,2
H.R8609,1,1,2,2
HR5605,1,1,2,2
H.R5805,1,1,2,2
HR9148,1,1,2,2
HR3836,1,1,2,2
HR9387,1,1,2,2
HR9097,1,1,2,2
HR9089,1,1,2,2
HR7474,1,1,2,2
HR9127,1,1,2,2
HR9665,1,1,2,2
S5338,1,1,2,2
HR7787,1,1,2,2
H.R7299,1,1,2,2
H.R9342,1,1,2,2
H.R9439,1,1,2,2
HR9505,1,1,2,2
S288,1,1,2,2
HR2176,1,1,2,2
S5126,1,1,2,2
S5180,1,1,2,2
HR9481,1,1,2,2
S5263,1,1,2,2
HR9534,1,1,2,2
H.R9042,1,1,2,2
S5222,1,1,2,2
HR9252,1,1,2,2
HR9570,1,1,2,2
S5234,1,1,2,2
H.R9432,1,1,2,2
H.R5093,1,1,2,2
HR9388,1,1,2,2
H.R8900,1,1,2,2
H.R9419,1,1,2,2
H.R147,1,1,2,2
H.R9599,1,1,2,2
S5341,1,1,2,2
HR441,1,1,2,2
S5124,1,1,2,2
S2250,1,1,2,2
HR9641,1,1,2,2
H.R4124,1,1,2,2
H.R9692,1,1,2,2
S5244,1,1,2,2
H.R7485,1,1,2,2
H.R9189,1,1,2,2
H.R9216,1,1,2,2
H.R9409,1,1,2,2
H.R9465,1,1,2,2
H.R9473,1,1,2,2
H.R9514,1,1,2,2
H.R9613,1,1,2,2
H.R9628,1,1,2,2
S5309,1,1,2,2
S5114,1,1,2,2
S5311,1,1,2,2
H.R4526,1,1,2,2
S4562,1,1,2,2
H.R9349,1,1,2,2
H.R9549,1,1,2,2
H.R9130,1,1,2,2
S4937,1,1,2,2
H.R7081,1,1,2,2
H.R9511,1,1,2,2
S5010,1,1,2,2
HR9476,1,1,2,2
HR9362,1,1,2,2
H.R9499,1,1,2,2
H.R9401,1,1,2,2
HR6737,1,1,2,2
S5159,1,1,2,2
H.R9647,1,1,2,2
H.R9648,1,1,2,2
HR5929,1,1,2,2
HR9175,1,1,2,2
HR9515,1,1,2,2
HR6002,1,1,2,2
HR9429,1,1,2,2
HR8833,1,1,2,2
S5354,1,1,2,2
H.R9326,1,1,2,2
S4401,1,1,2,2
S4560,1,1,2,2
H.R9384,1,1,2,2
HR6768,1,1,2,2
HR8596,1,1,2,2
HR8685,1,1,2,2
H.R9199,1,1,2,2
S5273,1,1,2,2
H.R9391,1,1,2,2
H.R9445,1,1,2,2
H.R9526,1,1,2,2
H.R9051,1,1,2,2
H.R9309,1,1,2,2
HR6216,1,1,2,2
S4658,1,1,2,2
S5090,1,1,2,2
S5342,1,1,2,2
S5291,1,1,2,2
H.R9679,1,1,2,2
H.R9259,1,1,2,2
H.R9292,1,1,2,2
H.R9405,1,1,2,2
H.R9410,1,1,2,2
H.R9413,1,1,2,2
H.R9437,1,1,2,2
H.R9543,1,1,2,2
H.R9556,1,1,2,2
H.R8470,1,1,2,2
SJRES60,1,1,2,2
HR9244,1,1,2,2
S5298,1,1,2,2
H.R9241,1,1,2,2
HR8527,1,1,2,2
HR9343,1,1,2,2
HR9445,1,1,2,2
H.R9665,1,1,2,2
HR9427,1,1,2,2
H.R7818,1,1,2,2
HR9487,1,1,2,2
S4505,1,1,2,2
S5086,1,1,2,2
H.R9482,1,1,2,2
H.R9180,1,1,2,2
HR7559,1,1,2,2
S4497,1,1,2,2
H.R9343,1,1,2,2
S5127,1,1,2,2
H.R9236,1,1,2,2
H.R9356,1,1,2,2
S5155,1,1,2,2
H.R3588,1,1,2,2
H.R3828,1,1,2,2
H.R8386,1,1,2,2
H.R8687,1,1,2,2
H.R9365,1,1,2,2
HR8707,1,1,2,2
S5099,1,1,2,2
H.R9307,1,1,2,2
S3562,1,1,2,2
H.R8909,1,1,2,2
H.R9145,1,1,2,2
H.R9226,1,1,2,2
S4618,1,1,2,2
H.R8686,1,1,2,2
HR9225,1,1,2,2
H.R9670,1,1,2,2
H.R9664,1,1,2,2
H.R9347,1,1,2,2
H.R9345,1,1,2,2
HR6971,1,1,2,2
S4466,1,1,2,2
H.R8708,1,1,2,2
HR7276,1,1,2,2
H.R7684,1,1,2,2
S5306,1,1,2,2
HR9247,1,1,2,2
HR8619,1,1,2,2
HR6005,1,1,2,2
HR2631,1,1,2,2
S5313,1,1,2,2
H.R9554,1,1,2,2
H.R9538,1,1,2,2
S5179,1,1,2,2
H.R9535,1,1,2,2
H.R9537,1,1,2,2
H.R9372,1,1,2,2
S5217,1,1,2,2
HR3472,1,1,2,2
HR1214,1,1,2,2
HR496,1,1,2,2
HR961,1,1,2,2
HJRES7,1,1,2,2
HR185,1,1,2,2
H.R113,1,1,2,2
S849,1,1,2,2
H.R9644,1,1,2,2
S816,1,1,2,2
HR9385,1,1,2,2
HR1838,1,1,2,2
H.R1369,1,1,2,2
H.R1169,1,1,2,2
HR1313,1,1,2,2
HR1411,1,1,2,2
HR8863,1,1,2,2
H.R1363,1,1,2,2
HR457,1,1,2,2
HR3594,1,1,2,2
S8873,1,1,2,2
HR1568,1,1,2,2
HR660,1,1,2,2
HR1828,1,1,2,2
HR197,1,1,2,2
HR1110,1,1,2,2
H.R76060,1,1,2,2
H.R89,1,1,2,2
H.R9709,1,1,2,2
H.R2108,1,1,2,2
H.R691,1,1,2,2
HR561,1,1,2,2
H.R445,1,1,2,2
HR1338,1,1,2,2
HR770,1,1,2,2
H.R60720,1,1,2,2
HR2384,1,1,2,2
HR3309,1,1,2,2
HR2967,1,1,2,2
HR79,1,1,2,2
S13233,1,1,2,2
HR1480,1,1,2,2
HR3817,1,1,2,2
S9716,1,1,2,2
HR9419,1,1,2,2
H.R3736,1,1,2,2
H.R4053,1,1,2,2
H.R4080,1,1,2,2
H.R37999,1,1,2,2
H.R2681,1,1,2,2
HR795,1,1,2,2
HR4079,1,1,2,2
HR436,1,1,2,2
HR3736,1,1,2,2
HR407,1,1,2,2
HR4064,1,1,2,2
S1392,1,1,2,2
H.R540,1,1,2,2
S20740,1,1,2,2
HR3791,1,1,2,2
HR3556,1,1,2,2
H.R2506,1,1,2,2
H.R3745,1,1,2,2
S1181,1,1,2,2
S.J.RES6,1,1,2,2
HR3759,1,1,2,2
HR3678,1,1,2,2
S900,1,1,2,2
S1632,1,1,2,2
S1619,1,1,2,2
HR4224,1,1,2,2
HR4166,1,1,2,2
HR16,1,1,2,2
HR3639,1,1,2,2
HR9224,1,1,2,2
HR9394,1,1,2,2
H.R3518,1,1,2,2
HR5197,1,1,2,2
HR5287,1,1,2,2
HR5682,1,1,2,2
H.R4935,1,1,2,2
HR4463,1,1,2,2
HR735,1,1,2,2
HR4988,1,1,2,2
HR5685,1,1,2,2
S5860,1,1,2,2
HR3024,1,1,2,2
HR4584,1,1,2,2
HR5067,1,1,2,2
HR4548,1,1,2,2
HR5634,1,1,2,2
HR3230,1,1,2,2
HR3941,1,1,2,2
HR5806,1,1,2,2
HR5866,1,1,2,2
HR798,1,1,2,2
HR5759,1,1,2,2
H.R1021,1,1,2,2
H.R2787,1,1,2,2
HR4983,1,1,2,2
HR4052,1,1,2,2
HR255,1,1,2,2
HR3846,1,1,2,2
HR1209,1,1,2,2
H.R4264,1,1,2,2
H.R709,1,1,2,2
H.R690,1,1,2,2
HR4596,1,1,2,2
HR5175,1,1,2,2
HR1253,1,1,2,2
HR5482,1,1,2,2
HR4426,1,1,2,2
HR5672,1,1,2,2
HR3585,1,1,2,2
HR4499,1,1,2,2
HR4594,1,1,2,2
HR4809,1,1,2,2
HR5710,1,1,2,2
H.R63,1,1,2,2
H.R23639,1,1,2,2
H.R5850,1,1,2,2
HR5568,1,1,2,2
HR5589,1,1,2,2
S2374,1,1,2,2
HR6041,1,1,2,2
HR6451,1,1,2,2
HR5235,1,1,2,2
HR6282,1,1,2,2
HR2742,1,1,2,2
HR6021,1,1,2,2
HR208,1,1,2,2
S2288,1,1,2,2
H.R6534,1,1,2,2
HR6176,1,1,2,2
H.R5892,1,1,2,2
HR6369,1,1,2,2
H.R65563,1,1,2,2
HR4770,1,1,2,2
H.R5190,1,1,2,2
H.R8863,1,1,2,2
HR6173,1,1,2,2
HR6190,1,1,2,2
SJRES50,1,1,2,2
H.R6328,1,1,2,2
H.R55556,1,1,2,2
HR6830,1,1,2,2
H.R2714,1,1,2,2
H.R5146,1,1,2,2
HR5347,1,1,2,2
HR1429,1,1,2,2
HR4565,1,1,2,2
HR5484,1,1,2,2
HR6792,1,1,2,2
HR5510,1,1,2,2
H.R5960,1,1,2,2
HR4343,1,1,2,2
H.R6516,1,1,2,2
HR6196,1,1,2,2
HR7111,1,1,2,2
HR6113,1,1,2,2
HR7113,1,1,2,2
HR987,1,1,2,2
S3837,1,1,2,2
H.R6744,1,1,2,2
HR7527,1,1,2,2
HR3202,1,1,2,2
HR7542,1,1,2,2
H.R6429,1,1,2,2
H.R7314,1,1,2,2
HR6976,1,1,2,2
HR6009,1,1,2,2
HR4848,1,1,2,2
HR7820,1,1,2,2
H.R7182,1,1,2,2
H.R7243,1,1,2,2
S3927,1,1,2,2
H.R7034,1,1,2,2
H.R7590,1,1,2,2
H.R7028,1,1,2,2
H.R7220,1,1,2,2
H.R60689,1,1,2,2
S3717,1,1,2,2
HR6843,1,1,2,2
S24611,1,1,2,2
H.R61211,1,1,2,2
HR4409,1,1,2,2
HR2962,1,1,2,2
HR4740,1,1,2,2
HR7519,1,1,2,2
HR7689,1,1,2,2
SJRES38,1,1,2,2
HR7446,1,1,2,2
HR7441,1,1,2,2
HR7449,1,1,2,2
HR7410,1,1,2,2
HR6203,1,1,2,2
HR7482,1,1,2,2
H.R8768,1,1,2,2
H.JRES133,1,1,2,2
HJRES109,1,1,2,2
H.R44346,1,1,2,2
S4399,1,1,2,2
S6319,1,1,2,2
H.R8743,1,1,2,2
H.R8813,1,1,2,2
HR8051,1,1,2,2
HR8372,1,1,2,2
SJRES57,1,1,2,2
HR8883,1,1,2,2
HR8005,1,1,2,2
H.J.RES110,1,1,2,2
H.J.RES1355,1,1,2,2
H.R86848,1,1,2,2
H.R8587,1,1,2,2
H.R8896,1,1,2,2
S4549,1,1,2,2
HR1632,1,1,2,2
HR8053,1,1,2,2
HR8083,1,1,2,2
HR8091,1,1,2,2
HR8286,1,1,2,2
S4586,1,1,2,2
S4589,1,1,2,2
H.R9989,1,1,2,2
H.R8720,1,1,2,2
H.R7833,1,1,2,2
HR8044,1,1,2,2
HR3325,1,1,2,2
HR3785,1,1,2,2
SJRES72,1,1,2,2
H.R116,1,1,2,2
HR8601,1,1,2,2
HR8565,1,1,2,2
H.R070,1,1,2,2
H.R9858,1,1,2,2
H.R8652,1,1,2,2
H.J.RES174,1,1,2,2
H.R8043,1,1,2,2
HR8515,1,1,2,2
H.J.RES146,1,1,2,2
S1883,1,1,2,2
H.R6522,1,1,2,2
H.R8660,1,1,2,2
S4481,1,1,2,2
H.R8407,1,1,2,2
S4578,1,1,2,2
H.R8978,1,1,2,2
S4331,1,1,2,2
H.R8734,1,1,2,2
HR8533,1,1,2,2
S5034,1,1,2,2
H.R9557,1,1,2,2
S.J.RES16,1,1,2,2
HR9402,1,1,2,2
HR9211,1,1,2,2
H.R8939,1,1,2,2
H.R9564,1,1,2,2
HR9031,1,1,2,2
HR9032,1,1,2,2
HR9085,1,1,2,2
H.R9492,1,1,2,2
HR3334,1,1,2,2
HR8205,1,1,2,2
S5082,1,1,2,2
HR9233,1,1,2,2
H.R8342,1,1,2,2
S4717,1,1,2,2
H.R9911,1,1,2,2
HR4093,1,1,2,2
HR5012,1,1,2,2
S4961,1,1,2,2
H.R0176,1,1,2,2
H.R9540,1,1,2,2
H.R89980,1,1,2,2
H.R9273,1,1,2,2
S4852,1,1,2,2
S4984,1,1,2,2
H.R9111,1,1,2,2
HR7634,1,1,2,2
S4548,1,1,2,2
H.R9668,1,1,2,2
S5190,1,1,2,2
HR8728,1,1,2,2
HR2672,1,1,2,2
H.R9160,1,1,2,2
H.R9442,1,1,2,2
S5037,1,1,2,2
S5076,1,1,2,2
S5095,1,1,2,2
HR4322,1,1,2,2
HR4321,1,1,2,2
HR5763,1,1,2,2
H.J.RES193,1,1,2,2
S4817,1,1,2,2
HR9558,1,1,2,2
S4845,1,1,2,2
H.R9850,1,1,2,2
H.R9719,1,1,2,2
S4475,1,1,2,2
H.R8232,1,1,2,2
H.R8345,1,1,2,2
HR9768,1,1,2,2
S4951,1,1,2,2
HJRES192,1,1,2,2
H.R9185,1,1,2,2
S5191,1,1,2,2
H.R9857,1,1,2,2
HR9472,1,1,2,2
H.R9810,1,1,2,2
H.R9811,1,1,2,2
HR9859,1,1,2,2
H.R8844,1,1,2,2
H.R9753,1,1,2,2
S4525,1,1,2,2
H.R9521,1,1,2,2
S0251,1,1,2,2
S5247,1,1,2,2
S8070,1,1,2,2
H.R9104,1,1,2,2
H.R8694,1,1,2,2
S4818,1,1,2,2
HR9319,1,1,2,2
S4971,1,1,2,2
HR9303,1,1,2,2
H.R9276,1,1,2,2
H.R9304,1,1,2,2
S5181,1,1,2,2
H.R7196,1,1,2,2
HR9928,1,1,2,2
H.R10311,1,1,2,2
S47922,1,1,2,2
H.R10496,1,1,2,2
S5526,1,1,2,2
H.R10379,1,1,2,2
H.R10440,1,1,2,2
HR10370,1,1,2,2
HR10548,1,1,2,2
S5391,1,1,2,2
H.R10070,1,1,2,2
H.R9998,1,1,2,2
S5626,1,1,2,2
H.R10179,1,1,2,2
HR10000,1,1,2,2
HR10012,1,1,2,2
HR10038,1,1,2,2
HR10106,1,1,2,2
HR10142,1,1,2,2
HR10148,1,1,2,2
HR10153,1,1,2,2
HR10369,1,1,2,2
HR10381,1,1,2,2
HR9052,1,1,2,2
HR9107,1,1,2,2
HR9511,1,1,2,2
HR9583,1,1,2,2
HR9643,1,1,2,2
HR9773,1,1,2,2
HR9788,1,1,2,2
HR9806,1,1,2,2
HR9854,1,1,2,2
HR9930,1,1,2,2
HR9934,1,1,2,2
HR9948,1,1,2,2
HR9996,1,1,2,2
S5301,1,1,2,2
S5325,1,1,2,2
H.R10425,1,1,2,2
HR9182,1,1,2,2
S9321,1,1,2,2
HR7887,1,1,2,2
S5203,1,1,2,2
H.R10129,1,1,2,2
H.R10098,1,1,2,2
H.R10227,1,1,2,2
HR10303,1,1,2,2
S5432,1,1,2,2
HR9779,1,1,2,2
HR9913,1,1,2,2
HR9932,1,1,2,2
HR9967,1,1,2,2
HR9968,1,1,2,2
HR10003,1,1,2,2
HR10064,1,1,2,2
HR10081,1,1,2,2
HR10149,1,1,2,2
HR10154,1,1,2,2
HR10215,1,1,2,2
S5151,1,1,2,2
S5232,1,1,2,2
HR10091,1,1,2,2
HR10133,1,1,2,2
S5395,1,1,2,2
H.R9942,1,1,2,2
H.R10510,1,1,2,2
H.R10511,1,1,2,2
S5475,1,1,2,2
H.R9319,1,1,2,2
HR9901,1,1,2,2
H.R10118,1,1,2,2
H.R10161,1,1,2,2
H.R8961,1,1,2,2
H.R10139,1,1,2,2
S5352,1,1,2,2
S5562,1,1,2,2
H.R10353,1,1,2,2
HR7257,1,1,2,2
S5492,1,1,2,2
HR10239,1,1,2,2
S5436,1,1,2,2
S5328,1,1,2,2
S5522,1,1,2,2
HR10004,1,1,2,2
H.R10419,1,1,2,2
H.R10267,1,1,2,2
H.R10048,1,1,2,2
H.R9785,1,1,2,2
S5255,1,1,2,2
H.R10049,1,1,2,2
S5417,1,1,2,2
S5074,1,1,2,2
S5624,1,1,2,2
H.R10343,1,1,2,2
S5487,1,1,2,2
S10297,1,1,2,2
H.R8986,1,1,2,2
HR10404,1,1,2,2
H.R9742,1,1,2,2
HR5696,1,1,2,2
HR7249,1,1,2,2
HR6953,1,1,2,2
H.R9941,1,1,2,2
S4584,1,1,2,2
H.R10195,1,1,2,2
HR8455,1,1,2,2
S5575,1,1,2,2
H.R9830,1,1,2,2
S5543,1,1,2,2
H.R10220,1,1,2,2
S5373,1,1,2,2
HR9109,1,1,2,2
HR5349,1,1,2,2
S5409,1,1,2,2
HR9625,1,1,2,2
H.R10055,1,1,2,2
HR9865,1,1,2,2
H.R6295,1,1,2,2
S5502,1,1,2,2
H.R10273,1,1,2,2
HR9335,1,1,2,2
S5262,1,1,2,2
H.R3568,1,1,2,2
S.J.RES121,1,1,2,2
S5446,1,1,2,2
H.R10382,1,1,2,2
S2136,1,1,2,2
S3036,1,1,2,2
S5013,1,1,2,2
H.R359,1,1,2,2
HR10240,1,1,2,2
S5380,1,1,2,2
HR10230,1,1,2,2
H.R10259,1,1,2,2
H.R10544,1,1,2,2
S.J.RES122,1,1,2,2
H.R10007,1,1,2,2
H.R10100,1,1,2,2
H.R10290,1,1,2,2
H.R10186,1,1,2,2
H.R10075,1,1,2,2
H.R9956,1,1,2,2
H.R9947,1,1,2,2
H.R10108,1,1,2,2
S5413,1,1,2,2
H.R10050,1,1,2,2
S5398,1,1,2,2
H.R10256,1,1,2,2
S5524,1,1,2,2
HR10318,1,1,2,2
HR8916,1,1,2,2
H.R10488,1,1,2,2
HR9581,1,1,2,2
HR96662,1,1,2,2
H.R10348,1,1,2,2
H.R10233,1,1,2,2
HR9746,1,1,2,2
S5596,1,1,2,2
HR1794,1,1,2,2
H.R10326,1,1,2,2
HR7752,1,1,2,2
HR9894,1,1,2,2
HR9982,1,1,2,2
HJRES228,1,1,2,2
SJRES122,1,1,2,2
HR10126,1,1,2,2
HR10212,1,1,2,2
HR10364,1,1,2,2
S5616,1,1,2,2
S5620,1,1,2,2
H.R10437,1,1,2,2
H.R9673,1,1,2,2
S5433,1,1,2,2
HR9595,1,1,2,2
HR10005,1,1,2,2
S5634,1,1,2,2
H.J.RES229,1,1,2,2
H.R10413,1,1,2,2
H.R10466,1,1,2,2
S5480,1,1,2,2
S5483,1,1,2,2
S5484,1,1,2,2
S5485,1,1,2,2
S5542,1,1,2,2
S5623,1,1,2,2
S5646,1,1,2,2
H.R9954,1,1,2,2
H.R10034,1,1,2,2
H.R10053,1,1,2,2
H.R10158,1,1,2,2
H.R10237,1,1,2,2
S5389,1,1,2,2
H.R10253,1,1,2,2
H.R10264,1,1,2,2
H.R10265,1,1,2,2
H.R10278,1,1,2,2
H.R10322,1,1,2,2
H.R10324,1,1,2,2
H.R10397,1,1,2,2
H.R10405,1,1,2,2
H.R10410,1,1,2,2
S5486,1,1,2,2
H.R10411,1,1,2,2
H.R10412,1,1,2,2
H.R10463,1,1,2,2
H.R10481,1,1,2,2
H.R10499,1,1,2,2
H.R10507,1,1,2,2
S5586,1,1,2,2
H.R10517,1,1,2,2
S5614,1,1,2,2
H.R10549,1,1,2,2
S5407,1,1,2,2
S5426,1,1,2,2
S5463,1,1,2,2
S5538,1,1,2,2
S5608,1,1,2,2
S5647,1,1,2,2
H.R8228,1,1,2,2
HR1101,1,1,2,2
H.R4946,1,1,2,2
H.R8504,1,1,2,2
H.R8787,1,1,2,2
S5493,1,1,2,2
S5474,1,1,2,2
H.R8982,1,1,2,2
H.R10376,1,1,2,2
H.R774,1,1,2,2
H.R324,1,1,2,2
H.R7041,1,1,2,2
S4275,1,1,2,2
H.R7933,1,1,2,2
H.J.RES14,1,1,2,2
H.R10120,1,1,2,2
H.R10314,1,1,2,2
H.R9884,1,1,2,2
H.R9905,1,1,2,2
H.R9935,1,1,2,2
H.R10213,1,1,2,2
H.R10187,1,1,2,2
H.R10377,1,1,2,2
H.R10210,1,1,2,2
HR9876,1,1,2,2
H.R10455,1,1,2,2
S5410,1,1,2,2
H.R6135,1,1,2,2
H.R10208,1,1,2,2
H.R10189,1,1,2,2
H.R10023,1,1,2,2
H.R10340,1,1,2,2
H.R10383,1,1,2,2
H.R10004,1,1,2,2
H.R10020,1,1,2,2
H.R10029,1,1,2,2
H.R10388,1,1,2,2
HR9151,1,1,2,2
S5580,1,1,2,2
H.R10450,1,1,2,2
H.R9708,1,1,2,2
S4636,1,1,2,2
S5504,1,1,2,2
H.R10124,1,1,2,2
H.R9710,1,1,2,2
H.R9945,1,1,2,2
H.R9769,1,1,2,2
H.R9654,1,1,2,2
H.R10504,1,1,2,2
S5587,1,1,2,2
H.R10274,1,1,2,2
H.R10542,1,1,2,2
H.R2892,1,1,2,2
S8889,1,1,2,2
S5264,1,1,2,2
H.R10359,1,1,2,2
S5473,1,1,2,2
HR9911,1,1,2,2
HR9867,1,1,2,2
HR9461,1,1,2,2
S5625,1,1,2,2
S5607,1,1,2,2
H.R10438,1,1,2,2
H.R10219,1,1,2,2
H.R9828,1,1,2,2
S5390,1,1,2,2
S5501,1,1,2,2
H.R81353,1,1,2,2
H.R10444,1,1,2,2
HR6859,1,1,2,2
HR10493,1,1,2,2
HR10407,1,1,2,2
S5512,1,1,2,2
HR6791,1,1,2,2
HR2109,1,1,2,2
HR8342,1,1,2,2
HR171,1,1,2,2
H.R10548,1,1,2,2
HR2560,1,1,2,2
HR825,1,1,2,2
HR1859,1,1,2,2
H.R1194,1,1,2,2
H.R2251,1,1,2,2
S755,1,1,2,2
HR4440,1,1,2,2
HR8132,1,1,2,2
H.R2446,1,1,2,2
H.R2272,1,1,2,2
H.R1409,1,1,2,2
HR14114,1,1,2,2
HR4530,1,1,2,2
H.JRES35,1,1,2,2
S.JRES12,1,1,2,2
HR7511,1,1,2,2
HR1493,1,1,2,2
H.R2052,1,1,2,2
HR2246,1,1,2,2
H.J.RES43,1,1,2,2
HR1455,1,1,2,2
SJRES35,1,1,2,2
HR7165,1,1,2,2
HR427,1,1,2,2
HR2249,1,1,2,2
HR2894,1,1,2,2
S1747,1,1,2,2
S376,1,1,2,2
S5240,1,1,2,2
HR273,1,1,2,2
HR318,1,1,2,2
HR778,1,1,2,2
HR992,1,1,2,2
HR317,1,1,2,2
HR629,1,1,2,2
HR632,1,1,2,2
HR679,1,1,2,2
HR729,1,1,2,2
HR810,1,1,2,2
HR1792,1,1,2,2
HR418,1,1,2,2
HR5571,1,1,2,2
HR697,1,1,2,2
HR991,1,1,2,2
HR377,1,1,2,2
HR1217,1,1,2,2
HR1468,1,1,2,2
HR214,1,1,2,2
HR3930,1,1,2,2
H.R334,1,1,2,2
H.R1546,1,1,2,2
HR2836,1,1,2,2
H.R118,1,1,2,2
H.R38383,1,1,2,2
HR580,1,1,2,2
HR2409,1,1,2,2
HR3787,1,1,2,2
HR3912,1,1,2,2
HJRES33,1,1,2,2
HR3518,1,1,2,2
HR275,1,1,2,2
HR4200,1,1,2,2
HR2056,1,1,2,2
HR3411,1,1,2,2
HR663,1,1,2,2
HR3218,1,1,2,2
S1276,1,1,2,2
SJRES53,1,1,2,2
H.R321,1,1,2,2
HR42313,1,1,2,2
HR445,1,1,2,2
HR892,1,1,2,2
HR2660,1,1,2,2
H.R3208,1,1,2,2
SJRES45,1,1,2,2
H.R9817,1,1,2,2
H.R2177,1,1,2,2
HR1929,1,1,2,2
HJ.RES88,1,1,2,2
HJRES18,1,1,2,2
HR3254,1,1,2,2
H.R184,1,1,2,2
H.R3637,1,1,2,2
H.R3715,1,1,2,2
HR258,1,1,2,2
HR671,1,1,2,2
S7472,1,1,2,2
HR4418,1,1,2,2
H.R2313,1,1,2,2
HR2511,1,1,2,2
HR478,1,1,2,2
H.R44754,1,1,2,2
H.R4797,1,1,2,2
HR5748,1,1,2,2
H.R4843,1,1,2,2
HR5126,1,1,2,2
HR5127,1,1,2,2
HR2793,1,1,2,2
HR4798,1,1,2,2
HR5156,1,1,2,2
S1641,1,1,2,2
HR3240,1,1,2,2
HR4658,1,1,2,2
H.R2994,1,1,2,2
HR4589,1,1,2,2
HR3754,1,1,2,2
HR3314,1,1,2,2
HR4078,1,1,2,2
HR4033,1,1,2,2
H.R1405,1,1,2,2
H.R3636,1,1,2,2
HR3062,1,1,2,2
HR4391,1,1,2,2
S2893,1,1,2,2
S4609,1,1,2,2
H.R5531,1,1,2,2
H.R5185,1,1,2,2
HR2881,1,1,2,2
HR2848,1,1,2,2
HR3483,1,1,2,2
H.R5120,1,1,2,2
HR4216,1,1,2,2
H.R5809,1,1,2,2
HR4855,1,1,2,2
HR1185,1,1,2,2
S2540,1,1,2,2
HR5270,1,1,2,2
HR3484,1,1,2,2
HR3673,1,1,2,2
HR3357,1,1,2,2
H.R228,1,1,2,2
HR6554,1,1,2,2
HR5882,1,1,2,2
H.R1214,1,1,2,2
H.R6057,1,1,2,2
H.R6565,1,1,2,2
HR4562,1,1,2,2
HR2965,1,1,2,2
HR3824,1,1,2,2
HR5782,1,1,2,2
S3326,1,1,2,2
H.R780,1,1,2,2
H.R6521,1,1,2,2
HR6137,1,1,2,2
HR4661,1,1,2,2
HR10550,1,1,2,2
H.R395,1,1,2,2
HR6237,1,1,2,2
S1744,1,1,2,2
H.R6410,1,1,2,2
HR2766,1,1,2,2
HR4835,1,1,2,2
HR6565,1,1,2,2
S3419,1,1,2,2
S6356,1,1,2,2
HR4037,1,1,2,2
HR6280,1,1,2,2
H.R5063,1,1,2,2
H.R6380,1,1,2,2
HR119,1,1,2,2
S2525,1,1,2,2
S3183,1,1,2,2
H.R5814,1,1,2,2
HR4076,1,1,2,2
HR1541,1,1,2,2
HR2298,1,1,2,2
H.R4795,1,1,2,2
H.R5953,1,1,2,2
H.R6044,1,1,2,2
H.R6146,1,1,2,2
H.R6958,1,1,2,2
H.R10079,1,1,2,2
S2772,1,1,2,2
S3185,1,1,2,2
HR6957,1,1,2,2
HR6556,1,1,2,2
HR6891,1,1,2,2
HR4427,1,1,2,2
HR6253,1,1,2,2
HR6265,1,1,2,2
H.R642,1,1,2,2
H.R6975,1,1,2,2
S3009,1,1,2,2
H.R7464,1,1,2,2
S1242,1,1,2,2
HR3517,1,1,2,2
HR2142,1,1,2,2
HR1700,1,1,2,2
S3960,1,1,2,2
S3839,1,1,2,2
H.R2660,1,1,2,2
S3633,1,1,2,2
HR7802,1,1,2,2
S4077,1,1,2,2
HR7957,1,1,2,2
HR7765,1,1,2,2
HR8179,1,1,2,2
H.R68937,1,1,2,2
H.R8056,1,1,2,2
H.R6740,1,1,2,2
H.R6755,1,1,2,2
H.R6764,1,1,2,2
H.R7103,1,1,2,2
H.R7411,1,1,2,2
S3988,1,1,2,2
H.R7844,1,1,2,2
H.R7269,1,1,2,2
H.R6971,1,1,2,2
H.R7067,1,1,2,2
H.R7102,1,1,2,2
H.R7357,1,1,2,2
H.R7507,1,1,2,2
S3996,1,1,2,2
S4099,1,1,2,2
HR6298,1,1,2,2
H.R7368,1,1,2,2
H.R7853,1,1,2,2
HR58670,1,1,2,2
S3898,1,1,2,2
HR7015,1,1,2,2
HR655,1,1,2,2
HR6857,1,1,2,2
HR3045,1,1,2,2
HR7209,1,1,2,2
H.R2358,1,1,2,2
H.R6630,1,1,2,2
H.R7447,1,1,2,2
H.R6403,1,1,2,2
H.R5709,1,1,2,2
HR6744,1,1,2,2
HR7275,1,1,2,2
HR5591,1,1,2,2
HR7444,1,1,2,2
HR5064,1,1,2,2
HR6432,1,1,2,2
HR6248,1,1,2,2
HR5160,1,1,2,2
HR4180,1,1,2,2
HR5286,1,1,2,2
HR10292,1,1,2,2
H.R8014,1,1,2,2
S3101,1,1,2,2
H.R7129,1,1,2,2
H.R7193,1,1,2,2
HR7011,1,1,2,2
HR7338,1,1,2,2
HR7405,1,1,2,2
HR507,1,1,2,2
H.R2254,1,1,2,2
HR7602,1,1,2,2
HR7212,1,1,2,2
H.R8710,1,1,2,2
HR7825,1,1,2,2
H.R7163,1,1,2,2
HR7741,1,1,2,2
HR7305,1,1,2,2
HR7578,1,1,2,2
H.R7599,1,1,2,2
HR8170,1,1,2,2
HR5438,1,1,2,2
H.R7166,1,1,2,2
H.R7564,1,1,2,2
H.R7699,1,1,2,2
H.R7957,1,1,2,2
H.R10432,1,1,2,2
H.R3706,1,1,2,2
H.R6969,1,1,2,2
S3424,1,1,2,2
HR5146,1,1,2,2
H.R7594,2,0,2,2
S4172,2,0,2,2
HR7840,2,0,2,1
HR2086,2,0,2,2
HR1538,2,0,2,1
S1729,2,0,2,2
HR8137,2,0,2,2
HR5851,2,0,2,2
H.R8103,2,0,2,2
H.R7983,2,0,2,2
HR7757,2,0,2,2
HR6396,2,0,2,2
HR7092,2,0,2,2
HR6780,2,0,2,1
H.R5549,2,0,2,2
HR6624,2,0,2,1
HR7391,2,0,2,2
H.R7340,2,0,2,2
S.J.RES152,2,0,2,1
H.R7879,2,0,2,1
HJRES144,2,0,2,1
HR7086,2,0,2,2
HR944,1,0,1,1
HR118,1,0,1,1
S14091,1,0,1,1
H.R7926,1,0,1,1
HR8129,1,0,1,1
H.R55509,1,0,1,1
H.R4412,1,0,1,1
S3186,1,0,1,1
H.R7901,1,0,1,1
H.R7709,1,0,1,1
H.R7125,1,0,1,1
HR6720,1,0,1,1
HR7106,1,0,1,1
H.R8234,1,0,1,1
S4073,1,0,1,1
HR2730,1,0,1,1
HR8087,1,0,1,1
HR8075,1,0,1,1
HR6955,1,0,1,1
H.R4112,1,0,1,1
HR7916,1,0,1,1
HR4930,1,0,1,1
H.R7479,1,0,1,1
H.R7117,1,0,1,1
H.R5522,1,0,1,1
HR6903,1,0,1,1
HR3404,1,0,1,1
HR7695,1,0,1,1
H.R6426,1,0,1,1
HR4081,1,0,1,1
S2376,1,0,1,1
H.R7751,1,0,1,1
H.R7843,1,0,1,1
H.R7988,1,0,1,1
HR7794,1,0,1,1
HR8028,1,0,1,1
HR7063,1,0,1,1
HR7115,1,0,1,1
HR7831,1,0,1,1
H.R7029,1,0,1,1
H.R7813,1,0,1,1
H.R7325,1,0,1,1
HR7903,1,0,1,1
H.R7038,1,0,1,1
H.R7363,1,0,1,1
HR6043,1,0,1,1
HR689,1,0,1,1
HR5390,1,0,1,1
HR7931,1,0,1,1
S4166,1,0,1,1
HR1762,1,0,1,1
H.R10216,1,0,1,1
HR2850,1,0,1,1
HR5200,1,0,1,1
HR7833,1,0,1,1
H.R5583,1,0,1,1
H.R7812,1,0,1,1
H.R6816,1,0,1,1
H.R8067,1,0,1,1
HR985,1,0,1,1
H.R7882,1,0,1,1
H.R6282,1,0,1,1
H.R6949,1,0,1,1
H.R4290,1,0,1,1
S2835,1,0,1,1
HR3663,1,0,1,1
HR8085,1,0,1,1
HR6989,1,0,1,1
H.R7184,1,0,1,1
SJRES102,1,0,1,1
HR7507,1,0,1,1
H.R6771,1,0,1,1
H.R2689,1,0,1,1
H.R2435,1,0,1,1
S16776,1,0,1,1
HR3885,1,0,1,1
HR7854,1,0,1,1
H.R8079,1,0,1,1
H.R6183,1,0,1,1
H.JRES144,1,0,1,1
HR7206,1,0,1,1
H.R6984,1,0,1,1
HR7372,1,0,1,1
H.R7778,1,0,1,1
HR6204,1,0,1,1
HR7839,1,0,1,1
S30168,1,0,1,1
H.R8010,1,0,1,1
H.R7457,1,0,1,1
H.R7491,1,0,1,1
H.R7940,1,0,1,1
HR5775,1,0,1,1
HR8141,1,0,1,1
HR75889,1,0,1,1
HR8339,1,0,1,1
HR6247,1,0,1,1
H.R810,1,0,1,1
HR6560,1,0,1,1
HR8327,1,0,1,1
H.R7017,1,0,1,1
HR7608,1,0,1,1
HR7709,1,0,1,1
H.R7592,1,0,1,1
H.R342,0,1,1,1
HR2020,0,1,1,1
HR50,0,1,1,1
S6703,0,1,1,1
HR5057,0,1,1,1
HR455,0,1,1,1
