lobbyist_id,first_name,last_name,former_committee,covered_position,filing_uuid,filing_year,filing_period,registrant_name,client_name,general_issue_code,description,income,url
101239,MARK,WARREN,finance,"ChfTaxCounsel, Sen Fin Comm; SrTaxCounsel, Sen Thune; TaxCounsel, Hs W&M Comm; DepAsstSec, Dept of Treas, Leg Affairs; ChfCounsel, Sen Repub Policy Comm; StaffDir and ChfCounsel, Sen Small Bus Comm; TaxAndFinanceCounsel, Sen Small Bus Comm",9366ad50-f1e9-4819-a1af-e9056c06895c,2024,third_quarter,"BROWNSTEIN HYATT FARBER SCHRECK, LLP",APOLLO GLOBAL MANAGEMENT,FIN,Issues related to portfolio management and optimization,1260000.0,https://lda.senate.gov/api/v1/filings/9366ad50-f1e9-4819-a1af-e9056c06895c/?format=json
101239,MARK,WARREN,finance,"Chf TaxCounsel, Sen Fin Comm; Sr Tax Counsel, Sen Thune; Tax Counsel, Hs W&M Comm; Dep Asst Sec, Dept of Treas, Leg Affairs; Chf Counsel,Sen Repub Policy Comm; Staff Dir and Chf Counsel, Sen Small Bus Comm; Tax And Finance Counsel, Sen Small Bus Comm",9366ad50-f1e9-4819-a1af-e9056c06895c,2024,third_quarter,"BROWNSTEIN HYATT FARBER SCHRECK, LLP",APOLLO GLOBAL MANAGEMENT,FIN,Issues related to portfolio management and optimization,1260000.0,https://lda.senate.gov/api/v1/filings/9366ad50-f1e9-4819-a1af-e9056c06895c/?format=json
101239,MARK,WARREN,finance,"Chf Tax Counsel, Sen Fin Comm; Sr Tax Counsel, Sen Thune; Tax Counsel, Hs W&M Comm; Dep Asst Sec, Dept of Treas, Leg Affairs; Chf Counsel,Sen Repub Policy Comm; Staff Dir and Chf Counsel, Sen Small Bus Comm; Tax And FinanceCounsel, Sen Small Bus Comm",9366ad50-f1e9-4819-a1af-e9056c06895c,2024,third_quarter,"BROWNSTEIN HYATT FARBER SCHRECK, LLP",APOLLO GLOBAL MANAGEMENT,FIN,Issues related to portfolio management and optimization,1260000.0,https://lda.senate.gov/api/v1/filings/9366ad50-f1e9-4819-a1af-e9056c06895c/?format=json
101239,MARK,WARREN,finance,"Chf Tax Counsel, Sen Fin Comm; Sr Tax Counsel, Sen Thune; Tax Counsel, Hs W&M Comm; Dep Asst Sec, Dept of Treas, Leg Affairs; Chf Counsel,Sen Repub Policy Comm; Staff Dir and Chf Counsel, Sen Small Bus Comm; Tax And FinanceCounsel, Sen Small Bus Comm",9366ad50-f1e9-4819-a1af-e9056c06895c,2024,third_quarter,"BROWNSTEIN HYATT FARBER SCHRECK, LLP",APOLLO GLOBAL MANAGEMENT,TAX,Corporate and international tax issues Tax administration issues Tax issues related to Inflation Reduction Act of 2022 Issues related to the taxation of private equity investments,1260000.0,https://lda.senate.gov/api/v1/filings/9366ad50-f1e9-4819-a1af-e9056c06895c/?format=json
69159,HAROLD,HANCOCK,ways_means,"Tax Counsel, House Ways and Means Committee",88c971cc-600f-4395-bc99-f6df87c5d652,2024,fourth_quarter,"BROWNSTEIN HYATT FARBER SCHRECK, LLP",APOLLO GLOBAL MANAGEMENT,TAX,Corporate and international tax issues Tax administration issues Tax issues related to Inflation Reduction Act of 2022 Issues related to the taxation of private equity investments,1260000.0,https://lda.senate.gov/api/v1/filings/88c971cc-600f-4395-bc99-f6df87c5d652/?format=json
101239,MARK,WARREN,finance,"ChfTaxCounsel, Sen Fin Comm; SrTaxCounsel, Sen Thune; TaxCounsel, Hs W&M Comm; DepAsstSec, Dept of Treas, Leg Affairs; ChfCounsel, Sen Repub Policy Comm; StaffDir and ChfCounsel, Sen Small Bus Comm; TaxAndFinanceCounsel, Sen Small Bus Comm",88c971cc-600f-4395-bc99-f6df87c5d652,2024,fourth_quarter,"BROWNSTEIN HYATT FARBER SCHRECK, LLP",APOLLO GLOBAL MANAGEMENT,FIN,Issues related to portfolio management and optimization,1260000.0,https://lda.senate.gov/api/v1/filings/88c971cc-600f-4395-bc99-f6df87c5d652/?format=json
101239,MARK,WARREN,finance,"Chf TaxCounsel, Sen Fin Comm; Sr Tax Counsel, Sen Thune; TaxCounsel, Hs W&M Comm; Dep Asst Sec, Dept of Treas, Leg Affairs; Chf Counsel, Sen Repub Policy Comm; Staff Dir and Chf Counsel, Sen Small Bus Comm; Tax And Finance Counsel, Sen Small Bus Comm",88c971cc-600f-4395-bc99-f6df87c5d652,2024,fourth_quarter,"BROWNSTEIN HYATT FARBER SCHRECK, LLP",APOLLO GLOBAL MANAGEMENT,FIN,Issues related to portfolio management and optimization,1260000.0,https://lda.senate.gov/api/v1/filings/88c971cc-600f-4395-bc99-f6df87c5d652/?format=json
101239,MARK,WARREN,finance,"Chf Tax Counsel, Sen Fin Comm; Sr Tax Counsel, Sen Thune; Tax Counsel, Hs W&M Comm; Dep Asst Sec, Dept of Treas, Leg Affairs; Chf Counsel, Sen Repub Policy Comm; Staff Dir and Chf Counsel, Sen Small Bus Comm; Tax & Finance Counsel, Sen Small Bus Comm",9366ad50-f1e9-4819-a1af-e9056c06895c,2024,third_quarter,"BROWNSTEIN HYATT FARBER SCHRECK, LLP",APOLLO GLOBAL MANAGEMENT,FIN,Issues related to portfolio management and optimization,1260000.0,https://lda.senate.gov/api/v1/filings/9366ad50-f1e9-4819-a1af-e9056c06895c/?format=json
101239,MARK,WARREN,finance,"Chf Tax Counsel, Sen Fin Comm; Sr Tax Counsel, Sen Thune; Tax Counsel, Hs W&M Comm; Dep Asst Sec, Dept of Treas, Leg Affairs; Chf Counsel, Sen Repub Policy Comm; Staff Dir and Chf Counsel, Sen Small Bus Comm; TaxAndFinance Counsel, Sen Small Bus Comm",9366ad50-f1e9-4819-a1af-e9056c06895c,2024,third_quarter,"BROWNSTEIN HYATT FARBER SCHRECK, LLP",APOLLO GLOBAL MANAGEMENT,TAX,Corporate and international tax issues Tax administration issues Tax issues related to Inflation Reduction Act of 2022 Issues related to the taxation of private equity investments,1260000.0,https://lda.senate.gov/api/v1/filings/9366ad50-f1e9-4819-a1af-e9056c06895c/?format=json
101239,MARK,WARREN,finance,"Chf Tax Counsel, Sen Fin Comm; Sr Tax Counsel, Sen Thune; Tax Counsel, Hs W&M Comm; Dep Asst Sec, Dept of Treas, Leg Affairs; Chf Counsel, Sen Repub Policy Comm; Staff Dir and Chf Counsel, Sen Small Bus Comm; TaxAndFinance Counsel, Sen Small Bus Comm",9366ad50-f1e9-4819-a1af-e9056c06895c,2024,third_quarter,"BROWNSTEIN HYATT FARBER SCHRECK, LLP",APOLLO GLOBAL MANAGEMENT,FIN,Issues related to portfolio management and optimization,1260000.0,https://lda.senate.gov/api/v1/filings/9366ad50-f1e9-4819-a1af-e9056c06895c/?format=json
101239,MARK,WARREN,finance,"Chf TaxCounsel, Sen Fin Comm; Sr Tax Counsel, Sen Thune; TaxCounsel, Hs W&M Comm; Dep Asst Sec, Dept of Treas, Leg Affairs; Chf Counsel, Sen Repub Policy Comm; Staff Dir and Chf Counsel, Sen Small Bus Comm; Tax And Finance Counsel, Sen Small Bus Comm",88c971cc-600f-4395-bc99-f6df87c5d652,2024,fourth_quarter,"BROWNSTEIN HYATT FARBER SCHRECK, LLP",APOLLO GLOBAL MANAGEMENT,TAX,Corporate and international tax issues Tax administration issues Tax issues related to Inflation Reduction Act of 2022 Issues related to the taxation of private equity investments,1260000.0,https://lda.senate.gov/api/v1/filings/88c971cc-600f-4395-bc99-f6df87c5d652/?format=json
101239,MARK,WARREN,finance,"Chf Tax Counsel, Sen Fin Comm; Sr Tax Counsel, Sen Thune; Tax Counsel, Hs W&M Comm; Dep Asst Sec, Dept of Treas, Leg Affairs; Chf Counsel, Sen Repub Policy Comm; Staff Dir and Chf Counsel, Sen Small Bus Comm; TaxAndFinance Counsel, Sen Small Bus Comm",88c971cc-600f-4395-bc99-f6df87c5d652,2024,fourth_quarter,"BROWNSTEIN HYATT FARBER SCHRECK, LLP",APOLLO GLOBAL MANAGEMENT,FIN,Issues related to portfolio management and optimization,1260000.0,https://lda.senate.gov/api/v1/filings/88c971cc-600f-4395-bc99-f6df87c5d652/?format=json
101239,MARK,WARREN,finance,"Chf Tax Counsel, Sen Fin Comm; Sr Tax Counsel, Sen Thune; Tax Counsel, Hs W&M Comm; Dep Asst Sec, Dept of Treas, Leg Affairs; Chf Counsel, Sen Repub Policy Comm; Staff Dir and Chf Counsel, Sen Small Bus Comm; TaxAndFinance Counsel, Sen Small Bus Comm",88c971cc-600f-4395-bc99-f6df87c5d652,2024,fourth_quarter,"BROWNSTEIN HYATT FARBER SCHRECK, LLP",APOLLO GLOBAL MANAGEMENT,TAX,Corporate and international tax issues Tax administration issues Tax issues related to Inflation Reduction Act of 2022 Issues related to the taxation of private equity investments,1260000.0,https://lda.senate.gov/api/v1/filings/88c971cc-600f-4395-bc99-f6df87c5d652/?format=json
101239,MARK,WARREN,finance,"Chf TaxCounsel, Sen Fin Comm; Sr Tax Counsel, Sen Thune; TaxCounsel, Hs W&M Comm; Dep Asst Sec, Dept of Treas, Leg Affairs; Chf Counsel, Sen Repub Policy Comm; Staff Dir and Chf Counsel, Sen Small Bus Comm; Tax And Finance Counsel, Sen Small Bus Comm",9366ad50-f1e9-4819-a1af-e9056c06895c,2024,third_quarter,"BROWNSTEIN HYATT FARBER SCHRECK, LLP",APOLLO GLOBAL MANAGEMENT,FIN,Issues related to portfolio management and optimization,1260000.0,https://lda.senate.gov/api/v1/filings/9366ad50-f1e9-4819-a1af-e9056c06895c/?format=json
69972,RUSSELL,SULLIVAN,finance,"Staff Director, Senate Finance Committee; Chief Counsel, Senate Finance Committee; Leg. Director, Sen. Bob Graham",9366ad50-f1e9-4819-a1af-e9056c06895c,2024,third_quarter,"BROWNSTEIN HYATT FARBER SCHRECK, LLP",APOLLO GLOBAL MANAGEMENT,FIN,Issues related to portfolio management and optimization,1260000.0,https://lda.senate.gov/api/v1/filings/9366ad50-f1e9-4819-a1af-e9056c06895c/?format=json
69972,RUSSELL,SULLIVAN,finance,"Staff Director, Senate Finance Committee; Chief Counsel, Senate Finance Committee; Leg. Director, Sen. Bob Graham",88c971cc-600f-4395-bc99-f6df87c5d652,2024,fourth_quarter,"BROWNSTEIN HYATT FARBER SCHRECK, LLP",APOLLO GLOBAL MANAGEMENT,FIN,Issues related to portfolio management and optimization,1260000.0,https://lda.senate.gov/api/v1/filings/88c971cc-600f-4395-bc99-f6df87c5d652/?format=json
101239,MARK,WARREN,finance,"Chf TaxCounsel, Sen Fin Comm; Sr Tax Counsel, Sen Thune; TaxCounsel, Hs W&M Comm; Dep Asst Sec, Dept of Treas, Leg Affairs; Chf Counsel, Sen Repub Policy Comm; Staff Dir and Chf Counsel, Sen Small Bus Comm; Tax And Finance Counsel, Sen Small Bus Comm",9366ad50-f1e9-4819-a1af-e9056c06895c,2024,third_quarter,"BROWNSTEIN HYATT FARBER SCHRECK, LLP",APOLLO GLOBAL MANAGEMENT,TAX,Corporate and international tax issues Tax administration issues Tax issues related to Inflation Reduction Act of 2022 Issues related to the taxation of private equity investments,1260000.0,https://lda.senate.gov/api/v1/filings/9366ad50-f1e9-4819-a1af-e9056c06895c/?format=json
69972,RUSSELL,SULLIVAN,finance,"Staff Director, Senate Finance Committee; Chief Counsel, Senate FinanceCommittee; Leg. Director, Sen. Bob Graham",9366ad50-f1e9-4819-a1af-e9056c06895c,2024,third_quarter,"BROWNSTEIN HYATT FARBER SCHRECK, LLP",APOLLO GLOBAL MANAGEMENT,TAX,Corporate and international tax issues Tax administration issues Tax issues related to Inflation Reduction Act of 2022 Issues related to the taxation of private equity investments,1260000.0,https://lda.senate.gov/api/v1/filings/9366ad50-f1e9-4819-a1af-e9056c06895c/?format=json
69972,RUSSELL,SULLIVAN,finance,"Staff Director, Senate Finance Committee; Chief Counsel, Senate FinanceCommittee; Leg. Director, Sen. Bob Graham",88c971cc-600f-4395-bc99-f6df87c5d652,2024,fourth_quarter,"BROWNSTEIN HYATT FARBER SCHRECK, LLP",APOLLO GLOBAL MANAGEMENT,FIN,Issues related to portfolio management and optimization,1260000.0,https://lda.senate.gov/api/v1/filings/88c971cc-600f-4395-bc99-f6df87c5d652/?format=json
69972,RUSSELL,SULLIVAN,finance,"Staff Director, Senate Finance Committee; Chief Counsel, Senate FinanceCommittee; Leg. Director, Sen. Bob Graham",88c971cc-600f-4395-bc99-f6df87c5d652,2024,fourth_quarter,"BROWNSTEIN HYATT FARBER SCHRECK, LLP",APOLLO GLOBAL MANAGEMENT,TAX,Corporate and international tax issues Tax administration issues Tax issues related to Inflation Reduction Act of 2022 Issues related to the taxation of private equity investments,1260000.0,https://lda.senate.gov/api/v1/filings/88c971cc-600f-4395-bc99-f6df87c5d652/?format=json
69972,RUSSELL,SULLIVAN,finance,"Staff Director, Senate Finance Committee; Chief Counsel, Senate FinanceCommittee; Leg. Director, Sen. Bob Graham",9366ad50-f1e9-4819-a1af-e9056c06895c,2024,third_quarter,"BROWNSTEIN HYATT FARBER SCHRECK, LLP",APOLLO GLOBAL MANAGEMENT,FIN,Issues related to portfolio management and optimization,1260000.0,https://lda.senate.gov/api/v1/filings/9366ad50-f1e9-4819-a1af-e9056c06895c/?format=json
69972,RUSSELL,SULLIVAN,finance,"Staff Director, Senate Finance Committee",88c971cc-600f-4395-bc99-f6df87c5d652,2024,fourth_quarter,"BROWNSTEIN HYATT FARBER SCHRECK, LLP",APOLLO GLOBAL MANAGEMENT,FIN,Issues related to portfolio management and optimization,1260000.0,https://lda.senate.gov/api/v1/filings/88c971cc-600f-4395-bc99-f6df87c5d652/?format=json
69972,RUSSELL,SULLIVAN,finance,"Staff Director, Senate Finance Committee",9366ad50-f1e9-4819-a1af-e9056c06895c,2024,third_quarter,"BROWNSTEIN HYATT FARBER SCHRECK, LLP",APOLLO GLOBAL MANAGEMENT,FIN,Issues related to portfolio management and optimization,1260000.0,https://lda.senate.gov/api/v1/filings/9366ad50-f1e9-4819-a1af-e9056c06895c/?format=json
69972,RUSSELL,SULLIVAN,finance,"Staff Director, Senate Finance Committee; Chief Counsel, Senate Finance Committee; Leg. Director, Sen. Bob Graham",88c971cc-600f-4395-bc99-f6df87c5d652,2024,fourth_quarter,"BROWNSTEIN HYATT FARBER SCHRECK, LLP",APOLLO GLOBAL MANAGEMENT,TAX,Corporate and international tax issues Tax administration issues Tax issues related to Inflation Reduction Act of 2022 Issues related to the taxation of private equity investments,1260000.0,https://lda.senate.gov/api/v1/filings/88c971cc-600f-4395-bc99-f6df87c5d652/?format=json
69972,RUSSELL,SULLIVAN,finance,"Staff Director, Senate Finance Committee",9366ad50-f1e9-4819-a1af-e9056c06895c,2024,third_quarter,"BROWNSTEIN HYATT FARBER SCHRECK, LLP",APOLLO GLOBAL MANAGEMENT,TAX,Corporate and international tax issues Tax administration issues Tax issues related to Inflation Reduction Act of 2022 Issues related to the taxation of private equity investments,1260000.0,https://lda.senate.gov/api/v1/filings/9366ad50-f1e9-4819-a1af-e9056c06895c/?format=json
69972,RUSSELL,SULLIVAN,finance,"Staff Director, Senate Finance Committee",88c971cc-600f-4395-bc99-f6df87c5d652,2024,fourth_quarter,"BROWNSTEIN HYATT FARBER SCHRECK, LLP",APOLLO GLOBAL MANAGEMENT,TAX,Corporate and international tax issues Tax administration issues Tax issues related to Inflation Reduction Act of 2022 Issues related to the taxation of private equity investments,1260000.0,https://lda.senate.gov/api/v1/filings/88c971cc-600f-4395-bc99-f6df87c5d652/?format=json
69972,RUSSELL,SULLIVAN,finance,"Staff Director, Senate Finance Committee; Chief Counsel, Senate Finance Committee; Leg. Director, Sen. Bob Graham",9366ad50-f1e9-4819-a1af-e9056c06895c,2024,third_quarter,"BROWNSTEIN HYATT FARBER SCHRECK, LLP",APOLLO GLOBAL MANAGEMENT,TAX,Corporate and international tax issues Tax administration issues Tax issues related to Inflation Reduction Act of 2022 Issues related to the taxation of private equity investments,1260000.0,https://lda.senate.gov/api/v1/filings/9366ad50-f1e9-4819-a1af-e9056c06895c/?format=json
101239,MARK,WARREN,finance,"Chf TaxCounsel, Sen Fin Comm; Sr Tax Counsel, Sen Thune; Tax Counsel, Hs W&M Comm; Dep Asst Sec, Dept of Treas, Leg Affairs; Chf Counsel,Sen Repub Policy Comm; Staff Dir and Chf Counsel, Sen Small Bus Comm; Tax And Finance Counsel, Sen Small Bus Comm",88c971cc-600f-4395-bc99-f6df87c5d652,2024,fourth_quarter,"BROWNSTEIN HYATT FARBER SCHRECK, LLP",APOLLO GLOBAL MANAGEMENT,TAX,Corporate and international tax issues Tax administration issues Tax issues related to Inflation Reduction Act of 2022 Issues related to the taxation of private equity investments,1260000.0,https://lda.senate.gov/api/v1/filings/88c971cc-600f-4395-bc99-f6df87c5d652/?format=json
101239,MARK,WARREN,finance,"Chf Tax Counsel, Sen Fin Comm; Sr Tax Counsel, Sen Thune; Tax Counsel, Hs W&M Comm; Dep Asst Sec, Dept of Treas, Leg Affairs; Chf Counsel, Sen Repub Policy Comm; Staff Dir and Chf Counsel, Sen Small Bus Comm; Tax & Finance Counsel, Sen Small Bus Comm",88c971cc-600f-4395-bc99-f6df87c5d652,2024,fourth_quarter,"BROWNSTEIN HYATT FARBER SCHRECK, LLP",APOLLO GLOBAL MANAGEMENT,TAX,Corporate and international tax issues Tax administration issues Tax issues related to Inflation Reduction Act of 2022 Issues related to the taxation of private equity investments,1260000.0,https://lda.senate.gov/api/v1/filings/88c971cc-600f-4395-bc99-f6df87c5d652/?format=json
101239,MARK,WARREN,finance,"Chf Tax Counsel, Sen Fin Comm; Sr Tax Counsel, Sen Thune; Tax Counsel, Hs W&M Comm; Dep Asst Sec, Dept of Treas, Leg Affairs; Chf Counsel,Sen Repub Policy Comm; Staff Dir and Chf Counsel, Sen Small Bus Comm; Tax And FinanceCounsel, Sen Small Bus Comm",88c971cc-600f-4395-bc99-f6df87c5d652,2024,fourth_quarter,"BROWNSTEIN HYATT FARBER SCHRECK, LLP",APOLLO GLOBAL MANAGEMENT,FIN,Issues related to portfolio management and optimization,1260000.0,https://lda.senate.gov/api/v1/filings/88c971cc-600f-4395-bc99-f6df87c5d652/?format=json
101239,MARK,WARREN,finance,"Chf Tax Counsel, Sen Fin Comm; Sr Tax Counsel, Sen Thune; Tax Counsel, Hs W&M Comm; Dep Asst Sec, Dept of Treas, Leg Affairs; Chf Counsel, Sen Repub Policy Comm; Staff Dir and Chf Counsel, Sen Small Bus Comm; Tax & Finance Counsel, Sen Small Bus Comm",88c971cc-600f-4395-bc99-f6df87c5d652,2024,fourth_quarter,"BROWNSTEIN HYATT FARBER SCHRECK, LLP",APOLLO GLOBAL MANAGEMENT,FIN,Issues related to portfolio management and optimization,1260000.0,https://lda.senate.gov/api/v1/filings/88c971cc-600f-4395-bc99-f6df87c5d652/?format=json
101239,MARK,WARREN,finance,"Chf Tax Counsel, Sen Fin Comm; Sr Tax Counsel, Sen Thune; Tax Counsel, Hs W&M Comm; Dep Asst Sec, Dept of Treas, Leg Affairs; Chf Counsel,Sen Repub Policy Comm; Staff Dir and Chf Counsel, Sen Small Bus Comm; Tax And FinanceCounsel, Sen Small Bus Comm",88c971cc-600f-4395-bc99-f6df87c5d652,2024,fourth_quarter,"BROWNSTEIN HYATT FARBER SCHRECK, LLP",APOLLO GLOBAL MANAGEMENT,TAX,Corporate and international tax issues Tax administration issues Tax issues related to Inflation Reduction Act of 2022 Issues related to the taxation of private equity investments,1260000.0,https://lda.senate.gov/api/v1/filings/88c971cc-600f-4395-bc99-f6df87c5d652/?format=json
101239,MARK,WARREN,finance,"ChfTaxCounsel, Sen Fin Comm; SrTaxCounsel, Sen Thune; TaxCounsel, Hs W&M Comm; DepAsstSec, Dept of Treas, Leg Affairs; ChfCounsel, Sen Repub Policy Comm; StaffDir and ChfCounsel, Sen Small Bus Comm; TaxAndFinanceCounsel, Sen Small Bus Comm",88c971cc-600f-4395-bc99-f6df87c5d652,2024,fourth_quarter,"BROWNSTEIN HYATT FARBER SCHRECK, LLP",APOLLO GLOBAL MANAGEMENT,TAX,Corporate and international tax issues Tax administration issues Tax issues related to Inflation Reduction Act of 2022 Issues related to the taxation of private equity investments,1260000.0,https://lda.senate.gov/api/v1/filings/88c971cc-600f-4395-bc99-f6df87c5d652/?format=json
101239,MARK,WARREN,finance,"Chf TaxCounsel, Sen Fin Comm; Sr Tax Counsel, Sen Thune; Tax Counsel, Hs W&M Comm; Dep Asst Sec, Dept of Treas, Leg Affairs; Chf Counsel,Sen Repub Policy Comm; Staff Dir and Chf Counsel, Sen Small Bus Comm; Tax And Finance Counsel, Sen Small Bus Comm",88c971cc-600f-4395-bc99-f6df87c5d652,2024,fourth_quarter,"BROWNSTEIN HYATT FARBER SCHRECK, LLP",APOLLO GLOBAL MANAGEMENT,FIN,Issues related to portfolio management and optimization,1260000.0,https://lda.senate.gov/api/v1/filings/88c971cc-600f-4395-bc99-f6df87c5d652/?format=json
101239,MARK,WARREN,finance,"ChfTaxCounsel, Sen Fin Comm; SrTaxCounsel, Sen Thune; TaxCounsel, Hs W&M Comm; DepAsstSec, Dept of Treas, Leg Affairs; ChfCounsel, Sen Repub Policy Comm; StaffDir and ChfCounsel, Sen Small Bus Comm; TaxAndFinanceCounsel, Sen Small Bus Comm",9366ad50-f1e9-4819-a1af-e9056c06895c,2024,third_quarter,"BROWNSTEIN HYATT FARBER SCHRECK, LLP",APOLLO GLOBAL MANAGEMENT,TAX,Corporate and international tax issues Tax administration issues Tax issues related to Inflation Reduction Act of 2022 Issues related to the taxation of private equity investments,1260000.0,https://lda.senate.gov/api/v1/filings/9366ad50-f1e9-4819-a1af-e9056c06895c/?format=json
101239,MARK,WARREN,finance,"Chf TaxCounsel, Sen Fin Comm; Sr Tax Counsel, Sen Thune; Tax Counsel, Hs W&M Comm; Dep Asst Sec, Dept of Treas, Leg Affairs; Chf Counsel,Sen Repub Policy Comm; Staff Dir and Chf Counsel, Sen Small Bus Comm; Tax And Finance Counsel, Sen Small Bus Comm",9366ad50-f1e9-4819-a1af-e9056c06895c,2024,third_quarter,"BROWNSTEIN HYATT FARBER SCHRECK, LLP",APOLLO GLOBAL MANAGEMENT,TAX,Corporate and international tax issues Tax administration issues Tax issues related to Inflation Reduction Act of 2022 Issues related to the taxation of private equity investments,1260000.0,https://lda.senate.gov/api/v1/filings/9366ad50-f1e9-4819-a1af-e9056c06895c/?format=json
101239,MARK,WARREN,finance,"Chf Tax Counsel, Sen Fin Comm; Sr Tax Counsel, Sen Thune; Tax Counsel, Hs W&M Comm; Dep Asst Sec, Dept of Treas, Leg Affairs; Chf Counsel, Sen Repub Policy Comm; Staff Dir and Chf Counsel, Sen Small Bus Comm; Tax & Finance Counsel, Sen Small Bus Comm",9366ad50-f1e9-4819-a1af-e9056c06895c,2024,third_quarter,"BROWNSTEIN HYATT FARBER SCHRECK, LLP",APOLLO GLOBAL MANAGEMENT,TAX,Corporate and international tax issues Tax administration issues Tax issues related to Inflation Reduction Act of 2022 Issues related to the taxation of private equity investments,1260000.0,https://lda.senate.gov/api/v1/filings/9366ad50-f1e9-4819-a1af-e9056c06895c/?format=json
69159,HAROLD,HANCOCK,ways_means,"Tax Counsel, House Ways and Means Committee",9366ad50-f1e9-4819-a1af-e9056c06895c,2024,third_quarter,"BROWNSTEIN HYATT FARBER SCHRECK, LLP",APOLLO GLOBAL MANAGEMENT,TAX,Corporate and international tax issues Tax administration issues Tax issues related to Inflation Reduction Act of 2022 Issues related to the taxation of private equity investments,1260000.0,https://lda.senate.gov/api/v1/filings/9366ad50-f1e9-4819-a1af-e9056c06895c/?format=json
67944,STEPHEN,RADEMAKER,foreign_affairs,"Policy Dir., National Security, Sr. Counsel, Sen. Maj. Leader; Asst. Secretary for Arms Control, Dept. of State; Chief Counsel, House Select Cmte. on Homeland Security; Chief Counsel, Dep. Staff Dir., House Cmte. on Foreign Affairs",61c4dcdc-3435-4e1b-ac47-8e5501366fa7,2024,first_quarter,COVINGTON & BURLING LLP,QUALCOMM INCORPORATED,TRD,Export/Trade Controls; Outbound investment issues; National Defense Authorization Act (NDAA). *MATTHEW SHAPANKA DID NOT LOBBY THE SENATE UNTIL AFTER 3/09/24.,1230000.0,https://lda.senate.gov/api/v1/filings/61c4dcdc-3435-4e1b-ac47-8e5501366fa7/?format=json
38069,JAMES,RICHARDS,appropriations,COS House Member Office (Pearce); Director IGA USDA; Appropriations Associate House Member Office (Skeen & Bonilla),b91c8bd5-5ee8-4a92-938e-0e2ba7cada48,2024,second_quarter,"CORNERSTONE GOVERNMENT AFFAIRS, INC.",COBANK,BUD,"Reauthorization and Extension of the omnibus Farm Bill; Agriculture appropriations, including for rural water, energy, and telecommunications; Agriculture export programs, including export credit guarantees; Rural development",1100000.0,https://lda.senate.gov/api/v1/filings/b91c8bd5-5ee8-4a92-938e-0e2ba7cada48/?format=json
38069,JAMES,RICHARDS,appropriations,COS House Member Office (Pearce); Director IGA USDA; Appropriations Associate House Mem Office (Skeen & Bonilla),b91c8bd5-5ee8-4a92-938e-0e2ba7cada48,2024,second_quarter,"CORNERSTONE GOVERNMENT AFFAIRS, INC.",COBANK,BUD,"Reauthorization and Extension of the omnibus Farm Bill; Agriculture appropriations, including for rural water, energy, and telecommunications; Agriculture export programs, including export credit guarantees; Rural development",1100000.0,https://lda.senate.gov/api/v1/filings/b91c8bd5-5ee8-4a92-938e-0e2ba7cada48/?format=json
32467,FRED,CLARK,agriculture,"Chief Counsel, Senior Counsel, Senate Committee on Agriculture, Nutrition, and Forestry",b91c8bd5-5ee8-4a92-938e-0e2ba7cada48,2024,second_quarter,"CORNERSTONE GOVERNMENT AFFAIRS, INC.",COBANK,TRD,"Agriculture export finance, including export credit guarantees; Reauthorization and Extension of the omnibus Farm Bill; Agriculture appropriations; Expanding Agricultural Exports Act (S. 176/H.R 648)",1100000.0,https://lda.senate.gov/api/v1/filings/b91c8bd5-5ee8-4a92-938e-0e2ba7cada48/?format=json
38069,JAMES,RICHARDS,appropriations,COS House Member Office (Pearce); Director IGA USDA; Appropriations Associate House Member Office (Skeen & Bonilla),b91c8bd5-5ee8-4a92-938e-0e2ba7cada48,2024,second_quarter,"CORNERSTONE GOVERNMENT AFFAIRS, INC.",COBANK,BUD,"Reauthorization and Extension of the omnibus Farm Bill; Agriculture appropriations, including for rural water, energy, and telecommunications; Agriculture export programs, including export credit guarantees; Rural development",1100000.0,https://lda.senate.gov/api/v1/filings/b91c8bd5-5ee8-4a92-938e-0e2ba7cada48/?format=json
38069,JAMES,RICHARDS,appropriations,COS House Member Office (Pearce); Director IGA USDA; Appropriations Associate House Mem Office (Skeen & Bonilla),b91c8bd5-5ee8-4a92-938e-0e2ba7cada48,2024,second_quarter,"CORNERSTONE GOVERNMENT AFFAIRS, INC.",COBANK,BUD,"Reauthorization and Extension of the omnibus Farm Bill; Agriculture appropriations, including for rural water, energy, and telecommunications; Agriculture export programs, including export credit guarantees; Rural development",1100000.0,https://lda.senate.gov/api/v1/filings/b91c8bd5-5ee8-4a92-938e-0e2ba7cada48/?format=json
38069,JAMES,RICHARDS,appropriations,COS House Member Office (Pearce); Director IGA USDA; Appropriations Associate House Member Office (Skeen & Bonilla),b91c8bd5-5ee8-4a92-938e-0e2ba7cada48,2024,second_quarter,"CORNERSTONE GOVERNMENT AFFAIRS, INC.",COBANK,BUD,"Reauthorization and Extension of the omnibus Farm Bill; Agriculture appropriations, including for rural water, energy, and telecommunications; Agriculture export programs, including export credit guarantees; Rural development",1100000.0,https://lda.senate.gov/api/v1/filings/b91c8bd5-5ee8-4a92-938e-0e2ba7cada48/?format=json
32467,FRED,CLARK,agriculture,"Chief Counsel, Senior Counsel, Senate Committee on Agriculture, Nutrition, and Forestry",b91c8bd5-5ee8-4a92-938e-0e2ba7cada48,2024,second_quarter,"CORNERSTONE GOVERNMENT AFFAIRS, INC.",COBANK,TRD,"Agriculture export finance, including export credit guarantees; Reauthorization and Extension of the omnibus Farm Bill; Agriculture appropriations; Expanding Agricultural Exports Act (S. 176/H.R 648)",1100000.0,https://lda.senate.gov/api/v1/filings/b91c8bd5-5ee8-4a92-938e-0e2ba7cada48/?format=json
32467,FRED,CLARK,agriculture,"Chief Counsel, Senior Counsel, Senate Committee on Agriculture, Nutrition, and Forestry",b91c8bd5-5ee8-4a92-938e-0e2ba7cada48,2024,second_quarter,"CORNERSTONE GOVERNMENT AFFAIRS, INC.",COBANK,AGR,"Reauthorization and Extension of the omnibus Farm Bill; Agriculture appropriations; Agriculture export programs, including export credit guarantees; Rural development; Investing in Rural Communities Act (H.R. 4736); Producer and Agricultural Credit Enhancement Act (PACE) Act (S. 2890/H.R. 5631); Farm Credit Administration Independent Authority Act (H.R. 2423) Expanding Agricultural Exports Act (S. 176/H.R 648)",1100000.0,https://lda.senate.gov/api/v1/filings/b91c8bd5-5ee8-4a92-938e-0e2ba7cada48/?format=json
38069,JAMES,RICHARDS,appropriations,"COS House Member Office (Pearce); Director IGA USDA, Appropriations Associate House Member Office (Skeen & Bonilla)",b91c8bd5-5ee8-4a92-938e-0e2ba7cada48,2024,second_quarter,"CORNERSTONE GOVERNMENT AFFAIRS, INC.",COBANK,BUD,"Reauthorization and Extension of the omnibus Farm Bill; Agriculture appropriations, including for rural water, energy, and telecommunications; Agriculture export programs, including export credit guarantees; Rural development",1100000.0,https://lda.senate.gov/api/v1/filings/b91c8bd5-5ee8-4a92-938e-0e2ba7cada48/?format=json
32467,FRED,CLARK,agriculture,"Chief Counsel, Senior Counsel, Senate Committee on Agriculture, Nutrition, and Forestry",b91c8bd5-5ee8-4a92-938e-0e2ba7cada48,2024,second_quarter,"CORNERSTONE GOVERNMENT AFFAIRS, INC.",COBANK,TRD,"Agriculture export finance, including export credit guarantees; Reauthorization and Extension of the omnibus Farm Bill; Agriculture appropriations; Expanding Agricultural Exports Act (S. 176/H.R 648)",1100000.0,https://lda.senate.gov/api/v1/filings/b91c8bd5-5ee8-4a92-938e-0e2ba7cada48/?format=json
38069,JAMES,RICHARDS,appropriations,"COS House Member Office (Pearce); Director IGA USDA, Appropriations Associate House Member Office (Skeen & Bonilla)",b91c8bd5-5ee8-4a92-938e-0e2ba7cada48,2024,second_quarter,"CORNERSTONE GOVERNMENT AFFAIRS, INC.",COBANK,BUD,"Reauthorization and Extension of the omnibus Farm Bill; Agriculture appropriations, including for rural water, energy, and telecommunications; Agriculture export programs, including export credit guarantees; Rural development",1100000.0,https://lda.senate.gov/api/v1/filings/b91c8bd5-5ee8-4a92-938e-0e2ba7cada48/?format=json
38069,JAMES,RICHARDS,appropriations,"COS House Member Office (Pearce); Director IGA USDA, Appropriations Associate House Member Office (Skeen & Bonilla)",b91c8bd5-5ee8-4a92-938e-0e2ba7cada48,2024,second_quarter,"CORNERSTONE GOVERNMENT AFFAIRS, INC.",COBANK,BUD,"Reauthorization and Extension of the omnibus Farm Bill; Agriculture appropriations, including for rural water, energy, and telecommunications; Agriculture export programs, including export credit guarantees; Rural development",1100000.0,https://lda.senate.gov/api/v1/filings/b91c8bd5-5ee8-4a92-938e-0e2ba7cada48/?format=json
32467,FRED,CLARK,agriculture,"Chief Counsel, Senior Counsel, Senate Committee on Agriculture, Nutrition, and Forestry",b91c8bd5-5ee8-4a92-938e-0e2ba7cada48,2024,second_quarter,"CORNERSTONE GOVERNMENT AFFAIRS, INC.",COBANK,AGR,"Reauthorization and Extension of the omnibus Farm Bill; Agriculture appropriations; Agriculture export programs, including export credit guarantees; Rural development; Investing in Rural Communities Act (H.R. 4736); Producer and Agricultural Credit Enhancement Act (PACE) Act (S. 2890/H.R. 5631); Farm Credit Administration Independent Authority Act (H.R. 2423) Expanding Agricultural Exports Act (S. 176/H.R 648)",1100000.0,https://lda.senate.gov/api/v1/filings/b91c8bd5-5ee8-4a92-938e-0e2ba7cada48/?format=json
38069,JAMES,RICHARDS,appropriations,COS House Member Office (Pearce); Director IGA USDA; Appropriations Associate House Mem Office (Skeen & Bonilla),b91c8bd5-5ee8-4a92-938e-0e2ba7cada48,2024,second_quarter,"CORNERSTONE GOVERNMENT AFFAIRS, INC.",COBANK,BUD,"Reauthorization and Extension of the omnibus Farm Bill; Agriculture appropriations, including for rural water, energy, and telecommunications; Agriculture export programs, including export credit guarantees; Rural development",1100000.0,https://lda.senate.gov/api/v1/filings/b91c8bd5-5ee8-4a92-938e-0e2ba7cada48/?format=json
32467,FRED,CLARK,agriculture,"Chief Counsel, Senior Counsel, Senate Committee on Agriculture, Nutrition, and Forestry",b91c8bd5-5ee8-4a92-938e-0e2ba7cada48,2024,second_quarter,"CORNERSTONE GOVERNMENT AFFAIRS, INC.",COBANK,AGR,"Reauthorization and Extension of the omnibus Farm Bill; Agriculture appropriations; Agriculture export programs, including export credit guarantees; Rural development; Investing in Rural Communities Act (H.R. 4736); Producer and Agricultural Credit Enhancement Act (PACE) Act (S. 2890/H.R. 5631); Farm Credit Administration Independent Authority Act (H.R. 2423) Expanding Agricultural Exports Act (S. 176/H.R 648)",1100000.0,https://lda.senate.gov/api/v1/filings/b91c8bd5-5ee8-4a92-938e-0e2ba7cada48/?format=json
67944,STEPHEN,RADEMAKER,foreign_affairs,"Policy Dir., National Security, Sr. Counsel, Sen. Maj. Leader; Asst. Secretary for Arms Control, Dept. of State; Chief Counsel, House Select Cmte. on Homeland Security; Chief Counsel, Dep. Staff Dir., House Cmte. on Foreign Affairs",202259d5-1ab5-4327-b251-1ba8902105db,2024,third_quarter,COVINGTON & BURLING LLP,QUALCOMM INCORPORATED,TRD,Export/Trade Controls; Outbound investment issues; National Defense Authorization Act (NDAA). *MATTHEW SHAPANKA DID NOT LOBBY THE SENATE UNTIL AFTER 3/09/24.,1010000.0,https://lda.senate.gov/api/v1/filings/202259d5-1ab5-4327-b251-1ba8902105db/?format=json
67944,STEPHEN,RADEMAKER,foreign_affairs,"Policy Dir., National Security, Sr. Counsel, Sen. Maj. Leader; Asst. Secretary for Arms Control, Dept. of State; Chief Counsel, House Select Cmte. on Homeland Security; Chief Counsel, Dep. Staff Dir., House Cmte. on Foreign Affairs",7d064146-580d-4858-af1e-55457eff219a,2024,second_quarter,COVINGTON & BURLING LLP,QUALCOMM INCORPORATED,TRD,Export/Trade Controls; Outbound investment issues; National Defense Authorization Act (NDAA). *MATTHEW SHAPANKA DID NOT LOBBY THE SENATE UNTIL AFTER 3/09/24.,950000.0,https://lda.senate.gov/api/v1/filings/7d064146-580d-4858-af1e-55457eff219a/?format=json
67944,STEPHEN,RADEMAKER,foreign_affairs,"Policy Dir., National Security, Sr. Counsel, Sen. Maj. Leader; Asst. Secretary for Arms Control, Dept. of State; Chief Counsel, House Select Cmte. on Homeland Security; Chief Counsel, Dep. Staff Dir., House Cmte. on Foreign Affairs",6a2a858a-f8e7-4cf4-b1ff-496f14244bf1,2024,fourth_quarter,COVINGTON & BURLING LLP,QUALCOMM INCORPORATED,TRD,Export/Trade Controls; Outbound investment issues; National Defense Authorization Act (NDAA). *MATTHEW SHAPANKA DID NOT LOBBY THE SENATE UNTIL AFTER 3/09/24.,870000.0,https://lda.senate.gov/api/v1/filings/6a2a858a-f8e7-4cf4-b1ff-496f14244bf1/?format=json
67944,STEPHEN,RADEMAKER,foreign_affairs,"Policy Dir., National Security, Sr. Counsel, Sen. Maj. Leader; Asst. Secretary for Arms Control, Dept. of State; Chief Counsel, House Select Cmte. on Homeland Security; Chief Counsel, Dep. Staff Dir., House Cmte. on Foreign Affairs",de4bc999-36ad-469c-80e4-b33b37105e72,2026,first_quarter,COVINGTON & BURLING LLP,QUALCOMM INCORPORATED,TRD,Export/Trade Controls; Outbound investment issues; National Defense Authorization Act (NDAA); Trade and intellectual property issues. *MATTHEW SHAPANKA DID NOT LOBBY THE SENATE UNTIL AFTER 3/09/24.,740000.0,https://lda.senate.gov/api/v1/filings/de4bc999-36ad-469c-80e4-b33b37105e72/?format=json
143850,CHRISTOPHER,TREANOR,energy_commerce,"Pol Analyst, Energy & Env, H Energy & Commerce Comm",caaec7ee-03e5-46dd-b7bb-7647e58b7f12,2024,first_quarter,AKIN GUMP STRAUSS HAUER & FELD,"PARTNERSHIP TO ADDRESS GLOBAL EMISSIONS, INC.",ENG,"Issues related to LNG exports, methane emissions reductions, climate solutions, energy transition and permitting reform.",640000.0,https://lda.senate.gov/api/v1/filings/caaec7ee-03e5-46dd-b7bb-7647e58b7f12/?format=json
143850,CHRISTOPHER,TREANOR,energy_commerce,"Pol Analyst, Energy & Env, H Energy & Commerce Comm.",caaec7ee-03e5-46dd-b7bb-7647e58b7f12,2024,first_quarter,AKIN GUMP STRAUSS HAUER & FELD,"PARTNERSHIP TO ADDRESS GLOBAL EMISSIONS, INC.",ENG,"Issues related to LNG exports, methane emissions reductions, climate solutions, energy transition and permitting reform.",640000.0,https://lda.senate.gov/api/v1/filings/caaec7ee-03e5-46dd-b7bb-7647e58b7f12/?format=json
143850,CHRISTOPHER,TREANOR,energy_commerce,"Pol Analyst, Energy & Env, H Energy & Commerce Comm",caaec7ee-03e5-46dd-b7bb-7647e58b7f12,2024,first_quarter,AKIN GUMP STRAUSS HAUER & FELD,"PARTNERSHIP TO ADDRESS GLOBAL EMISSIONS, INC.",ENG,"Issues related to LNG exports, methane emissions reductions, climate solutions, energy transition and permitting reform.",640000.0,https://lda.senate.gov/api/v1/filings/caaec7ee-03e5-46dd-b7bb-7647e58b7f12/?format=json
143850,CHRISTOPHER,TREANOR,energy_commerce,"Policy Analyst, Energy & Environment - House Energy & Commerce Committee",caaec7ee-03e5-46dd-b7bb-7647e58b7f12,2024,first_quarter,AKIN GUMP STRAUSS HAUER & FELD,"PARTNERSHIP TO ADDRESS GLOBAL EMISSIONS, INC.",ENG,"Issues related to LNG exports, methane emissions reductions, climate solutions, energy transition and permitting reform.",640000.0,https://lda.senate.gov/api/v1/filings/caaec7ee-03e5-46dd-b7bb-7647e58b7f12/?format=json
143850,CHRISTOPHER,TREANOR,energy_commerce,"Policy Analyst, Energy & Environment - House Energy & Commerce Committee",caaec7ee-03e5-46dd-b7bb-7647e58b7f12,2024,first_quarter,AKIN GUMP STRAUSS HAUER & FELD,"PARTNERSHIP TO ADDRESS GLOBAL EMISSIONS, INC.",ENG,"Issues related to LNG exports, methane emissions reductions, climate solutions, energy transition and permitting reform.",640000.0,https://lda.senate.gov/api/v1/filings/caaec7ee-03e5-46dd-b7bb-7647e58b7f12/?format=json
143850,CHRISTOPHER,TREANOR,energy_commerce,"Pol Analyst, Energy & Env, H Energy & Commerce Comm.",caaec7ee-03e5-46dd-b7bb-7647e58b7f12,2024,first_quarter,AKIN GUMP STRAUSS HAUER & FELD,"PARTNERSHIP TO ADDRESS GLOBAL EMISSIONS, INC.",ENG,"Issues related to LNG exports, methane emissions reductions, climate solutions, energy transition and permitting reform.",640000.0,https://lda.senate.gov/api/v1/filings/caaec7ee-03e5-46dd-b7bb-7647e58b7f12/?format=json
69972,RUSSELL,SULLIVAN,finance,"Staff Director, Senate Finance Committee; Chief Counsel, Senate FinanceCommittee; Leg. Director, Sen. Bob Graham",a1de82de-5c77-438a-85c6-7cd71dfa65ba,2025,third_quarter,"BROWNSTEIN HYATT FARBER SCHRECK, LLP",SUNRUN INC.,TAX,Energy tax issues H.R.1 implementation,550000.0,https://lda.senate.gov/api/v1/filings/a1de82de-5c77-438a-85c6-7cd71dfa65ba/?format=json
101239,MARK,WARREN,finance,"Chf Tax Counsel, Sen Fin Comm; Sr Tax Counsel, Sen Thune; Tax Counsel, Hs W&M Comm; Dep Asst Sec, Dept of Treas, Leg Affairs; Chf Counsel, Sen Repub Policy Comm; Staff Dir and Chf Counsel, Sen Small Bus Comm; TaxAndFinance Counsel, Sen Small Bus Comm",a1de82de-5c77-438a-85c6-7cd71dfa65ba,2025,third_quarter,"BROWNSTEIN HYATT FARBER SCHRECK, LLP",SUNRUN INC.,TAX,Energy tax issues H.R.1 implementation,550000.0,https://lda.senate.gov/api/v1/filings/a1de82de-5c77-438a-85c6-7cd71dfa65ba/?format=json
69972,RUSSELL,SULLIVAN,finance,"Staff Director, Senate Finance Committee; Chief Counsel, Senate Finance Committee; Leg. Director, Sen. Bob Graham",a1de82de-5c77-438a-85c6-7cd71dfa65ba,2025,third_quarter,"BROWNSTEIN HYATT FARBER SCHRECK, LLP",SUNRUN INC.,TAX,Energy tax issues H.R.1 implementation,550000.0,https://lda.senate.gov/api/v1/filings/a1de82de-5c77-438a-85c6-7cd71dfa65ba/?format=json
69159,HAROLD,HANCOCK,ways_means,"Tax Counsel, House Ways and Means Committee",a1de82de-5c77-438a-85c6-7cd71dfa65ba,2025,third_quarter,"BROWNSTEIN HYATT FARBER SCHRECK, LLP",SUNRUN INC.,TAX,Energy tax issues H.R.1 implementation,550000.0,https://lda.senate.gov/api/v1/filings/a1de82de-5c77-438a-85c6-7cd71dfa65ba/?format=json
101239,MARK,WARREN,finance,"Chf Tax Counsel, Sen Fin Comm; Sr Tax Counsel, Sen Thune; Tax Counsel, Hs W&M Comm; Dep Asst Sec, Dept of Treas, Leg Affairs; Chf Counsel, Sen Repub Policy Comm; Staff Dir and Chf Counsel, Sen Small Bus Comm; Tax & Finance Counsel, Sen Small Bus Comm",a1de82de-5c77-438a-85c6-7cd71dfa65ba,2025,third_quarter,"BROWNSTEIN HYATT FARBER SCHRECK, LLP",SUNRUN INC.,TAX,Energy tax issues H.R.1 implementation,550000.0,https://lda.senate.gov/api/v1/filings/a1de82de-5c77-438a-85c6-7cd71dfa65ba/?format=json
101239,MARK,WARREN,finance,"Chf TaxCounsel, Sen Fin Comm; Sr Tax Counsel, Sen Thune; TaxCounsel, Hs W&M Comm; Dep Asst Sec, Dept of Treas, Leg Affairs; Chf Counsel, Sen Repub Policy Comm; Staff Dir and Chf Counsel, Sen Small Bus Comm; Tax And Finance Counsel, Sen Small Bus Comm",a1de82de-5c77-438a-85c6-7cd71dfa65ba,2025,third_quarter,"BROWNSTEIN HYATT FARBER SCHRECK, LLP",SUNRUN INC.,TAX,Energy tax issues H.R.1 implementation,550000.0,https://lda.senate.gov/api/v1/filings/a1de82de-5c77-438a-85c6-7cd71dfa65ba/?format=json
101239,MARK,WARREN,finance,"ChfTaxCounsel, Sen Fin Comm; SrTaxCounsel, Sen Thune; TaxCounsel, Hs W&M Comm; DepAsstSec, Dept of Treas, Leg Affairs; ChfCounsel, Sen Repub Policy Comm; StaffDir and ChfCounsel, Sen Small Bus Comm; TaxAndFinanceCounsel, Sen Small Bus Comm",a1de82de-5c77-438a-85c6-7cd71dfa65ba,2025,third_quarter,"BROWNSTEIN HYATT FARBER SCHRECK, LLP",SUNRUN INC.,TAX,Energy tax issues H.R.1 implementation,550000.0,https://lda.senate.gov/api/v1/filings/a1de82de-5c77-438a-85c6-7cd71dfa65ba/?format=json
101239,MARK,WARREN,finance,"Chf Tax Counsel, Sen Fin Comm; Sr Tax Counsel, Sen Thune; Tax Counsel, Hs W&M Comm; Dep Asst Sec, Dept of Treas, Leg Affairs; Chf Counsel,Sen Repub Policy Comm; Staff Dir and Chf Counsel, Sen Small Bus Comm; Tax And FinanceCounsel, Sen Small Bus Comm",a1de82de-5c77-438a-85c6-7cd71dfa65ba,2025,third_quarter,"BROWNSTEIN HYATT FARBER SCHRECK, LLP",SUNRUN INC.,TAX,Energy tax issues H.R.1 implementation,550000.0,https://lda.senate.gov/api/v1/filings/a1de82de-5c77-438a-85c6-7cd71dfa65ba/?format=json
101239,MARK,WARREN,finance,"Chf TaxCounsel, Sen Fin Comm; Sr Tax Counsel, Sen Thune; Tax Counsel, Hs W&M Comm; Dep Asst Sec, Dept of Treas, Leg Affairs; Chf Counsel,Sen Repub Policy Comm; Staff Dir and Chf Counsel, Sen Small Bus Comm; Tax And Finance Counsel, Sen Small Bus Comm",a1de82de-5c77-438a-85c6-7cd71dfa65ba,2025,third_quarter,"BROWNSTEIN HYATT FARBER SCHRECK, LLP",SUNRUN INC.,TAX,Energy tax issues H.R.1 implementation,550000.0,https://lda.senate.gov/api/v1/filings/a1de82de-5c77-438a-85c6-7cd71dfa65ba/?format=json
123647,ROSEMARY,BECCHI,finance,"Tax Counsel, Senate Finance Committee",a1de82de-5c77-438a-85c6-7cd71dfa65ba,2025,third_quarter,"BROWNSTEIN HYATT FARBER SCHRECK, LLP",SUNRUN INC.,TAX,Energy tax issues H.R.1 implementation,550000.0,https://lda.senate.gov/api/v1/filings/a1de82de-5c77-438a-85c6-7cd71dfa65ba/?format=json
69972,RUSSELL,SULLIVAN,finance,"Staff Director, Senate Finance Committee",a1de82de-5c77-438a-85c6-7cd71dfa65ba,2025,third_quarter,"BROWNSTEIN HYATT FARBER SCHRECK, LLP",SUNRUN INC.,TAX,Energy tax issues H.R.1 implementation,550000.0,https://lda.senate.gov/api/v1/filings/a1de82de-5c77-438a-85c6-7cd71dfa65ba/?format=json
143850,CHRISTOPHER,TREANOR,energy_commerce,"Pol Analyst, Energy & Env, H Energy & Commerce Comm",6b6e9a90-00e0-4710-9b0e-7b461ad73811,2025,third_quarter,AKIN GUMP STRAUSS HAUER & FELD,"PARTNERSHIP TO ADDRESS GLOBAL EMISSIONS, INC.",ENG,"Issues related to LNG exports, methane emissions reductions, climate solutions, energy transition and permitting reform.",530000.0,https://lda.senate.gov/api/v1/filings/6b6e9a90-00e0-4710-9b0e-7b461ad73811/?format=json
143850,CHRISTOPHER,TREANOR,energy_commerce,"Pol Analyst, Energy & Env, H Energy & Commerce Comm.",6b6e9a90-00e0-4710-9b0e-7b461ad73811,2025,third_quarter,AKIN GUMP STRAUSS HAUER & FELD,"PARTNERSHIP TO ADDRESS GLOBAL EMISSIONS, INC.",ENG,"Issues related to LNG exports, methane emissions reductions, climate solutions, energy transition and permitting reform.",530000.0,https://lda.senate.gov/api/v1/filings/6b6e9a90-00e0-4710-9b0e-7b461ad73811/?format=json
143850,CHRISTOPHER,TREANOR,energy_commerce,"Pol Analyst, Energy & Env, H Energy & Commerce Comm",6b6e9a90-00e0-4710-9b0e-7b461ad73811,2025,third_quarter,AKIN GUMP STRAUSS HAUER & FELD,"PARTNERSHIP TO ADDRESS GLOBAL EMISSIONS, INC.",ENG,"Issues related to LNG exports, methane emissions reductions, climate solutions, energy transition and permitting reform.",530000.0,https://lda.senate.gov/api/v1/filings/6b6e9a90-00e0-4710-9b0e-7b461ad73811/?format=json
143850,CHRISTOPHER,TREANOR,energy_commerce,"Pol Analyst, Energy & Env, H Energy & Commerce Comm.",6b6e9a90-00e0-4710-9b0e-7b461ad73811,2025,third_quarter,AKIN GUMP STRAUSS HAUER & FELD,"PARTNERSHIP TO ADDRESS GLOBAL EMISSIONS, INC.",ENG,"Issues related to LNG exports, methane emissions reductions, climate solutions, energy transition and permitting reform.",530000.0,https://lda.senate.gov/api/v1/filings/6b6e9a90-00e0-4710-9b0e-7b461ad73811/?format=json
143850,CHRISTOPHER,TREANOR,energy_commerce,"Policy Analyst, Energy & Environment - House Energy & Commerce Committee",6b6e9a90-00e0-4710-9b0e-7b461ad73811,2025,third_quarter,AKIN GUMP STRAUSS HAUER & FELD,"PARTNERSHIP TO ADDRESS GLOBAL EMISSIONS, INC.",ENG,"Issues related to LNG exports, methane emissions reductions, climate solutions, energy transition and permitting reform.",530000.0,https://lda.senate.gov/api/v1/filings/6b6e9a90-00e0-4710-9b0e-7b461ad73811/?format=json
143850,CHRISTOPHER,TREANOR,energy_commerce,"Policy Analyst, Energy & Environment - House Energy & Commerce Committee",6b6e9a90-00e0-4710-9b0e-7b461ad73811,2025,third_quarter,AKIN GUMP STRAUSS HAUER & FELD,"PARTNERSHIP TO ADDRESS GLOBAL EMISSIONS, INC.",ENG,"Issues related to LNG exports, methane emissions reductions, climate solutions, energy transition and permitting reform.",530000.0,https://lda.senate.gov/api/v1/filings/6b6e9a90-00e0-4710-9b0e-7b461ad73811/?format=json
38177,GREGORY,NICKERSON,ways_means,Tax Counsel Committee on Ways and Means; Staff Director Ways and Means Select Revenue Measures Subcommittee,f85b5557-dc26-4b1e-b877-0e174629fd7d,2026,first_quarter,THE WASHINGTON TAX & PUBLIC POLICY GROUP,ALLIANCE FOR BIOPHARMACEUTICAL COMPETITIVENESS AND INNOVATION,TAX,"Issues related to corporate and international taxation. Issues related to OECD Pillar 1 and Pillar 2 negotiations and agreements on the taxation of global income and the potential impacts on financial reporting and on the tax base of the U.S. and its Territories. Issues related to the taxation of intellectual property income. Issues related to IRC sections 11, 41 and 174, 55, 56A, and 59, 59A, 163(j), 250, 951A.",500000.0,https://lda.senate.gov/api/v1/filings/f85b5557-dc26-4b1e-b877-0e174629fd7d/?format=json
38177,GREGORY,NICKERSON,ways_means,"Tax Counsel, Ways and Means Committee; Staff Director, Ways and Means Select Revenue Measures Subcommittee",f85b5557-dc26-4b1e-b877-0e174629fd7d,2026,first_quarter,THE WASHINGTON TAX & PUBLIC POLICY GROUP,ALLIANCE FOR BIOPHARMACEUTICAL COMPETITIVENESS AND INNOVATION,TAX,"Issues related to corporate and international taxation. Issues related to OECD Pillar 1 and Pillar 2 negotiations and agreements on the taxation of global income and the potential impacts on financial reporting and on the tax base of the U.S. and its Territories. Issues related to the taxation of intellectual property income. Issues related to IRC sections 11, 41 and 174, 55, 56A, and 59, 59A, 163(j), 250, 951A.",500000.0,https://lda.senate.gov/api/v1/filings/f85b5557-dc26-4b1e-b877-0e174629fd7d/?format=json
38177,GREGORY,NICKERSON,ways_means,"Tax Counsel, Committee on Ways and Means; Staff Director, Ways and Means Select Revenue Measures Subcommittee",f85b5557-dc26-4b1e-b877-0e174629fd7d,2026,first_quarter,THE WASHINGTON TAX & PUBLIC POLICY GROUP,ALLIANCE FOR BIOPHARMACEUTICAL COMPETITIVENESS AND INNOVATION,TAX,"Issues related to corporate and international taxation. Issues related to OECD Pillar 1 and Pillar 2 negotiations and agreements on the taxation of global income and the potential impacts on financial reporting and on the tax base of the U.S. and its Territories. Issues related to the taxation of intellectual property income. Issues related to IRC sections 11, 41 and 174, 55, 56A, and 59, 59A, 163(j), 250, 951A.",500000.0,https://lda.senate.gov/api/v1/filings/f85b5557-dc26-4b1e-b877-0e174629fd7d/?format=json
38177,GREGORY,NICKERSON,ways_means,"â€‹Tax Counsel, Ways and Means Committee; Staff Director, Ways and Means Select Revenue Measures Subcommittee",f85b5557-dc26-4b1e-b877-0e174629fd7d,2026,first_quarter,THE WASHINGTON TAX & PUBLIC POLICY GROUP,ALLIANCE FOR BIOPHARMACEUTICAL COMPETITIVENESS AND INNOVATION,TAX,"Issues related to corporate and international taxation. Issues related to OECD Pillar 1 and Pillar 2 negotiations and agreements on the taxation of global income and the potential impacts on financial reporting and on the tax base of the U.S. and its Territories. Issues related to the taxation of intellectual property income. Issues related to IRC sections 11, 41 and 174, 55, 56A, and 59, 59A, 163(j), 250, 951A.",500000.0,https://lda.senate.gov/api/v1/filings/f85b5557-dc26-4b1e-b877-0e174629fd7d/?format=json
67944,STEPHEN,RADEMAKER,foreign_affairs,"Policy Dir., National Security, Sr. Counsel, Sen. Maj. Leader; Asst. Secretary for Arms Control, Dept. of State; Chief Counsel, House Select Cmte. on Homeland Security; Chief Counsel, Dep. Staff Dir., House Cmte. on Foreign Affairs",1964cd85-792c-4ac4-9b28-d4c6855bfc75,2025,fourth_quarter,COVINGTON & BURLING LLP,QUALCOMM INCORPORATED,TRD,Export/Trade Controls; Outbound investment issues; National Defense Authorization Act (NDAA); Trade and intellectual property issues. *MATTHEW SHAPANKA DID NOT LOBBY THE SENATE UNTIL AFTER 3/09/24.,500000.0,https://lda.senate.gov/api/v1/filings/1964cd85-792c-4ac4-9b28-d4c6855bfc75/?format=json
143850,CHRISTOPHER,TREANOR,energy_commerce,"Pol Analyst, Energy & Env, H Energy & Commerce Comm",9fc7d3b4-40ab-42eb-8658-209715bae8b3,2024,fourth_quarter,AKIN GUMP STRAUSS HAUER & FELD,"PARTNERSHIP TO ADDRESS GLOBAL EMISSIONS, INC.",ENG,"Issues related to LNG exports, methane emissions reductions, climate solutions, energy transition and permitting reform.",480000.0,https://lda.senate.gov/api/v1/filings/9fc7d3b4-40ab-42eb-8658-209715bae8b3/?format=json
143850,CHRISTOPHER,TREANOR,energy_commerce,"Pol Analyst, Energy & Env, H Energy & Commerce Comm.",9fc7d3b4-40ab-42eb-8658-209715bae8b3,2024,fourth_quarter,AKIN GUMP STRAUSS HAUER & FELD,"PARTNERSHIP TO ADDRESS GLOBAL EMISSIONS, INC.",ENG,"Issues related to LNG exports, methane emissions reductions, climate solutions, energy transition and permitting reform.",480000.0,https://lda.senate.gov/api/v1/filings/9fc7d3b4-40ab-42eb-8658-209715bae8b3/?format=json
143850,CHRISTOPHER,TREANOR,energy_commerce,"Policy Analyst, Energy & Environment - House Energy & Commerce Committee",9fc7d3b4-40ab-42eb-8658-209715bae8b3,2024,fourth_quarter,AKIN GUMP STRAUSS HAUER & FELD,"PARTNERSHIP TO ADDRESS GLOBAL EMISSIONS, INC.",ENG,"Issues related to LNG exports, methane emissions reductions, climate solutions, energy transition and permitting reform.",480000.0,https://lda.senate.gov/api/v1/filings/9fc7d3b4-40ab-42eb-8658-209715bae8b3/?format=json
143850,CHRISTOPHER,TREANOR,energy_commerce,"Policy Analyst, Energy & Environment - House Energy & Commerce Committee",9fc7d3b4-40ab-42eb-8658-209715bae8b3,2024,fourth_quarter,AKIN GUMP STRAUSS HAUER & FELD,"PARTNERSHIP TO ADDRESS GLOBAL EMISSIONS, INC.",ENG,"Issues related to LNG exports, methane emissions reductions, climate solutions, energy transition and permitting reform.",480000.0,https://lda.senate.gov/api/v1/filings/9fc7d3b4-40ab-42eb-8658-209715bae8b3/?format=json
143850,CHRISTOPHER,TREANOR,energy_commerce,"Pol Analyst, Energy & Env, H Energy & Commerce Comm",9fc7d3b4-40ab-42eb-8658-209715bae8b3,2024,fourth_quarter,AKIN GUMP STRAUSS HAUER & FELD,"PARTNERSHIP TO ADDRESS GLOBAL EMISSIONS, INC.",ENG,"Issues related to LNG exports, methane emissions reductions, climate solutions, energy transition and permitting reform.",480000.0,https://lda.senate.gov/api/v1/filings/9fc7d3b4-40ab-42eb-8658-209715bae8b3/?format=json
143850,CHRISTOPHER,TREANOR,energy_commerce,"Policy Analyst, Energy & Environment - House Energy & Commerce Committee",9fc7d3b4-40ab-42eb-8658-209715bae8b3,2024,fourth_quarter,AKIN GUMP STRAUSS HAUER & FELD,"PARTNERSHIP TO ADDRESS GLOBAL EMISSIONS, INC.",ENG,"Issues related to LNG exports, methane emissions reductions, climate solutions, energy transition and permitting reform.",480000.0,https://lda.senate.gov/api/v1/filings/9fc7d3b4-40ab-42eb-8658-209715bae8b3/?format=json
143850,CHRISTOPHER,TREANOR,energy_commerce,"Pol Analyst, Energy & Env, H Energy & Commerce Comm.",9fc7d3b4-40ab-42eb-8658-209715bae8b3,2024,fourth_quarter,AKIN GUMP STRAUSS HAUER & FELD,"PARTNERSHIP TO ADDRESS GLOBAL EMISSIONS, INC.",ENG,"Issues related to LNG exports, methane emissions reductions, climate solutions, energy transition and permitting reform.",480000.0,https://lda.senate.gov/api/v1/filings/9fc7d3b4-40ab-42eb-8658-209715bae8b3/?format=json
143850,CHRISTOPHER,TREANOR,energy_commerce,"Pol Analyst, Energy & Env, H Energy & Commerce Comm.",9fc7d3b4-40ab-42eb-8658-209715bae8b3,2024,fourth_quarter,AKIN GUMP STRAUSS HAUER & FELD,"PARTNERSHIP TO ADDRESS GLOBAL EMISSIONS, INC.",ENG,"Issues related to LNG exports, methane emissions reductions, climate solutions, energy transition and permitting reform.",480000.0,https://lda.senate.gov/api/v1/filings/9fc7d3b4-40ab-42eb-8658-209715bae8b3/?format=json
143850,CHRISTOPHER,TREANOR,energy_commerce,"Pol Analyst, Energy & Env, H Energy & Commerce Comm",9fc7d3b4-40ab-42eb-8658-209715bae8b3,2024,fourth_quarter,AKIN GUMP STRAUSS HAUER & FELD,"PARTNERSHIP TO ADDRESS GLOBAL EMISSIONS, INC.",ENG,"Issues related to LNG exports, methane emissions reductions, climate solutions, energy transition and permitting reform.",480000.0,https://lda.senate.gov/api/v1/filings/9fc7d3b4-40ab-42eb-8658-209715bae8b3/?format=json
38177,GREGORY,NICKERSON,ways_means,Tax Counsel Committee on Ways and Means; Staff Director Ways and Means Select Revenue Measures Subcommittee,d78195d1-6544-4489-8f8f-51a660afc5e2,2024,first_quarter,THE WASHINGTON TAX & PUBLIC POLICY GROUP,ALLIANCE FOR BIOPHARMACEUTICAL COMPETITIVENESS AND INNOVATION,TAX,"Issues related to corporate and international taxation. Issues related to OECD Pillar 1 and Pillar 2 negotiations and agreements on the taxation of global income and the potential impacts on the tax base of the U.S. and its Territories. Issues related to IRC sections 11, 951A, 250, 163(j), 168, 55, 56A, 59, 174 and 41. (H.R. 2673, H.R. 7024).",460000.0,https://lda.senate.gov/api/v1/filings/d78195d1-6544-4489-8f8f-51a660afc5e2/?format=json
38177,GREGORY,NICKERSON,ways_means,"â€‹Tax Counsel, Ways and Means Committee; Staff Director, Ways and Means Select Revenue Measures Subcommittee",8cd68139-b993-4579-830b-b87b27a580aa,2024,third_quarter,THE WASHINGTON TAX & PUBLIC POLICY GROUP,ALLIANCE FOR BIOPHARMACEUTICAL COMPETITIVENESS AND INNOVATION,TAX,"Issues related to corporate and international taxation. Issues related to OECD Pillar 1 and Pillar 2 negotiations and agreements on the taxation of global income and the potential impacts on the tax base of the U.S. and its Territories. Issues related to IRC sections 11, 951A, 250, 163(j), 168, 55, 56A, 59, 174 and 41. (H.R. 2673, H.R. 7024, H.R. 8184).",460000.0,https://lda.senate.gov/api/v1/filings/8cd68139-b993-4579-830b-b87b27a580aa/?format=json
38177,GREGORY,NICKERSON,ways_means,"Tax Counsel, Committee on Ways and Means; Staff Director, Ways and Means Select Revenue Measures Subcommittee",d78195d1-6544-4489-8f8f-51a660afc5e2,2024,first_quarter,THE WASHINGTON TAX & PUBLIC POLICY GROUP,ALLIANCE FOR BIOPHARMACEUTICAL COMPETITIVENESS AND INNOVATION,TAX,"Issues related to corporate and international taxation. Issues related to OECD Pillar 1 and Pillar 2 negotiations and agreements on the taxation of global income and the potential impacts on the tax base of the U.S. and its Territories. Issues related to IRC sections 11, 951A, 250, 163(j), 168, 55, 56A, 59, 174 and 41. (H.R. 2673, H.R. 7024).",460000.0,https://lda.senate.gov/api/v1/filings/d78195d1-6544-4489-8f8f-51a660afc5e2/?format=json
38177,GREGORY,NICKERSON,ways_means,"Tax Counsel, Committee on Ways and Means; Staff Director, Ways and Means Select Revenue Measures Subcommittee",8cd68139-b993-4579-830b-b87b27a580aa,2024,third_quarter,THE WASHINGTON TAX & PUBLIC POLICY GROUP,ALLIANCE FOR BIOPHARMACEUTICAL COMPETITIVENESS AND INNOVATION,TAX,"Issues related to corporate and international taxation. Issues related to OECD Pillar 1 and Pillar 2 negotiations and agreements on the taxation of global income and the potential impacts on the tax base of the U.S. and its Territories. Issues related to IRC sections 11, 951A, 250, 163(j), 168, 55, 56A, 59, 174 and 41. (H.R. 2673, H.R. 7024, H.R. 8184).",460000.0,https://lda.senate.gov/api/v1/filings/8cd68139-b993-4579-830b-b87b27a580aa/?format=json
38177,GREGORY,NICKERSON,ways_means,Tax Counsel Committee on Ways and Means; Staff Director Ways and Means Select Revenue Measures Subcommittee,8cd68139-b993-4579-830b-b87b27a580aa,2024,third_quarter,THE WASHINGTON TAX & PUBLIC POLICY GROUP,ALLIANCE FOR BIOPHARMACEUTICAL COMPETITIVENESS AND INNOVATION,TAX,"Issues related to corporate and international taxation. Issues related to OECD Pillar 1 and Pillar 2 negotiations and agreements on the taxation of global income and the potential impacts on the tax base of the U.S. and its Territories. Issues related to IRC sections 11, 951A, 250, 163(j), 168, 55, 56A, 59, 174 and 41. (H.R. 2673, H.R. 7024, H.R. 8184).",460000.0,https://lda.senate.gov/api/v1/filings/8cd68139-b993-4579-830b-b87b27a580aa/?format=json
38177,GREGORY,NICKERSON,ways_means,"Tax Counsel, Ways and Means Committee; Staff Director, Ways and Means Select Revenue Measures Subcommittee",d78195d1-6544-4489-8f8f-51a660afc5e2,2024,first_quarter,THE WASHINGTON TAX & PUBLIC POLICY GROUP,ALLIANCE FOR BIOPHARMACEUTICAL COMPETITIVENESS AND INNOVATION,TAX,"Issues related to corporate and international taxation. Issues related to OECD Pillar 1 and Pillar 2 negotiations and agreements on the taxation of global income and the potential impacts on the tax base of the U.S. and its Territories. Issues related to IRC sections 11, 951A, 250, 163(j), 168, 55, 56A, 59, 174 and 41. (H.R. 2673, H.R. 7024).",460000.0,https://lda.senate.gov/api/v1/filings/d78195d1-6544-4489-8f8f-51a660afc5e2/?format=json
38177,GREGORY,NICKERSON,ways_means,"â€‹Tax Counsel, Ways and Means Committee; Staff Director, Ways and Means Select Revenue Measures Subcommittee",d78195d1-6544-4489-8f8f-51a660afc5e2,2024,first_quarter,THE WASHINGTON TAX & PUBLIC POLICY GROUP,ALLIANCE FOR BIOPHARMACEUTICAL COMPETITIVENESS AND INNOVATION,TAX,"Issues related to corporate and international taxation. Issues related to OECD Pillar 1 and Pillar 2 negotiations and agreements on the taxation of global income and the potential impacts on the tax base of the U.S. and its Territories. Issues related to IRC sections 11, 951A, 250, 163(j), 168, 55, 56A, 59, 174 and 41. (H.R. 2673, H.R. 7024).",460000.0,https://lda.senate.gov/api/v1/filings/d78195d1-6544-4489-8f8f-51a660afc5e2/?format=json
38177,GREGORY,NICKERSON,ways_means,"Tax Counsel, Ways and Means Committee; Staff Director, Ways and Means Select Revenue Measures Subcommittee",8cd68139-b993-4579-830b-b87b27a580aa,2024,third_quarter,THE WASHINGTON TAX & PUBLIC POLICY GROUP,ALLIANCE FOR BIOPHARMACEUTICAL COMPETITIVENESS AND INNOVATION,TAX,"Issues related to corporate and international taxation. Issues related to OECD Pillar 1 and Pillar 2 negotiations and agreements on the taxation of global income and the potential impacts on the tax base of the U.S. and its Territories. Issues related to IRC sections 11, 951A, 250, 163(j), 168, 55, 56A, 59, 174 and 41. (H.R. 2673, H.R. 7024, H.R. 8184).",460000.0,https://lda.senate.gov/api/v1/filings/8cd68139-b993-4579-830b-b87b27a580aa/?format=json
143850,CHRISTOPHER,TREANOR,energy_commerce,"Pol Analyst, Energy & Env, H Energy & Commerce Comm",4fdd32bf-f14d-4335-ad2e-1c5408e48b6c,2025,fourth_quarter,AKIN GUMP STRAUSS HAUER & FELD,"PARTNERSHIP TO ADDRESS GLOBAL EMISSIONS, INC.",ENG,"Issues related to LNG exports, methane emissions reductions, climate solutions, energy transition and permitting reform; Issues related to H.R. 4776/S. 1894 - SPEED Act; Issues related to H.R. 3898 - PERMIT Act.",450000.0,https://lda.senate.gov/api/v1/filings/4fdd32bf-f14d-4335-ad2e-1c5408e48b6c/?format=json
38177,GREGORY,NICKERSON,ways_means,"Tax Counsel, Committee on Ways and Means; Staff Director, Ways and Means Select Revenue Measures Subcommittee",66263399-4b5a-4028-9611-b6195f852a08,2025,third_quarter,THE WASHINGTON TAX & PUBLIC POLICY GROUP,ALLIANCE FOR BIOPHARMACEUTICAL COMPETITIVENESS AND INNOVATION,TAX,"Issues related to corporate and international taxation. Issues related to OECD Pillar 1 and Pillar 2 negotiations and agreements on the taxation of global income and the potential impacts on financial reporting and on the tax base of the U.S. and its Territories. Issues related to the taxation of intellectual property income. Issues related to IRC sections 11, 41 and 174, 59A, 163(j) 164(a), 168(k), 250, 951A (H.R. 1990, S. 1639, H.R. 1347, S. 559, S. 1688, H.R. 574, S. 187, H.R. 1062, S. 1605, S. 2021, H.R. 1 - Sections 70301, 70302, 70303, 70321, 70322, 70323, 70331, 70341, 70342, 70361.)",450000.0,https://lda.senate.gov/api/v1/filings/66263399-4b5a-4028-9611-b6195f852a08/?format=json
143850,CHRISTOPHER,TREANOR,energy_commerce,"Pol Analyst, Energy & Env, H Energy & Commerce Comm",4fdd32bf-f14d-4335-ad2e-1c5408e48b6c,2025,fourth_quarter,AKIN GUMP STRAUSS HAUER & FELD,"PARTNERSHIP TO ADDRESS GLOBAL EMISSIONS, INC.",ENG,"Issues related to LNG exports, methane emissions reductions, climate solutions, energy transition and permitting reform; Issues related to H.R. 4776/S. 1894 - SPEED Act; Issues related to H.R. 3898 - PERMIT Act.",450000.0,https://lda.senate.gov/api/v1/filings/4fdd32bf-f14d-4335-ad2e-1c5408e48b6c/?format=json
143850,CHRISTOPHER,TREANOR,energy_commerce,"Policy Analyst, Energy & Environment - House Energy & Commerce Committee",763462ce-7fa7-4b20-b873-80ecb7faf7b4,2025,second_quarter,AKIN GUMP STRAUSS HAUER & FELD,"PARTNERSHIP TO ADDRESS GLOBAL EMISSIONS, INC.",ENG,"Issues related to LNG exports, methane emissions reductions, climate solutions, energy transition and permitting reform.",450000.0,https://lda.senate.gov/api/v1/filings/763462ce-7fa7-4b20-b873-80ecb7faf7b4/?format=json
38177,GREGORY,NICKERSON,ways_means,"Tax Counsel, Ways and Means Committee; Staff Director, Ways and Means Select Revenue Measures Subcommittee",66263399-4b5a-4028-9611-b6195f852a08,2025,third_quarter,THE WASHINGTON TAX & PUBLIC POLICY GROUP,ALLIANCE FOR BIOPHARMACEUTICAL COMPETITIVENESS AND INNOVATION,TAX,"Issues related to corporate and international taxation. Issues related to OECD Pillar 1 and Pillar 2 negotiations and agreements on the taxation of global income and the potential impacts on financial reporting and on the tax base of the U.S. and its Territories. Issues related to the taxation of intellectual property income. Issues related to IRC sections 11, 41 and 174, 59A, 163(j) 164(a), 168(k), 250, 951A (H.R. 1990, S. 1639, H.R. 1347, S. 559, S. 1688, H.R. 574, S. 187, H.R. 1062, S. 1605, S. 2021, H.R. 1 - Sections 70301, 70302, 70303, 70321, 70322, 70323, 70331, 70341, 70342, 70361.)",450000.0,https://lda.senate.gov/api/v1/filings/66263399-4b5a-4028-9611-b6195f852a08/?format=json
143850,CHRISTOPHER,TREANOR,energy_commerce,"Policy Analyst, Energy & Environment - House Energy & Commerce Committee",4fdd32bf-f14d-4335-ad2e-1c5408e48b6c,2025,fourth_quarter,AKIN GUMP STRAUSS HAUER & FELD,"PARTNERSHIP TO ADDRESS GLOBAL EMISSIONS, INC.",ENG,"Issues related to LNG exports, methane emissions reductions, climate solutions, energy transition and permitting reform; Issues related to H.R. 4776/S. 1894 - SPEED Act; Issues related to H.R. 3898 - PERMIT Act.",450000.0,https://lda.senate.gov/api/v1/filings/4fdd32bf-f14d-4335-ad2e-1c5408e48b6c/?format=json
143850,CHRISTOPHER,TREANOR,energy_commerce,"Pol Analyst, Energy & Env, H Energy & Commerce Comm.",4fdd32bf-f14d-4335-ad2e-1c5408e48b6c,2025,fourth_quarter,AKIN GUMP STRAUSS HAUER & FELD,"PARTNERSHIP TO ADDRESS GLOBAL EMISSIONS, INC.",ENG,"Issues related to LNG exports, methane emissions reductions, climate solutions, energy transition and permitting reform; Issues related to H.R. 4776/S. 1894 - SPEED Act; Issues related to H.R. 3898 - PERMIT Act.",450000.0,https://lda.senate.gov/api/v1/filings/4fdd32bf-f14d-4335-ad2e-1c5408e48b6c/?format=json
38177,GREGORY,NICKERSON,ways_means,"Tax Counsel, Committee on Ways and Means; Staff Director, Ways and Means Select Revenue Measures Subcommittee",ce700d49-b8a6-4f42-be0c-8ed93495b9e1,2025,first_quarter,THE WASHINGTON TAX & PUBLIC POLICY GROUP,ALLIANCE FOR BIOPHARMACEUTICAL COMPETITIVENESS AND INNOVATION,TAX,"Issues related to corporate and international taxation. Issues related to OECD Pillar 1 and Pillar 2 negotiations and agreements on the taxation of global income and the potential impacts on the tax base of the U.S. and its Territories. Issues related to IRC sections 11, 164(a), 951A, 250, 163(j), 168, 174 and 41. (H.R.1990, H.R. 574, H.R. 1062, S. 187). Issues related to interest deductibility. (H.R. 1347, S. 559)",450000.0,https://lda.senate.gov/api/v1/filings/ce700d49-b8a6-4f42-be0c-8ed93495b9e1/?format=json
38177,GREGORY,NICKERSON,ways_means,Tax Counsel Committee on Ways and Means; Staff Director Ways and Means Select Revenue Measures Subcommittee,ce700d49-b8a6-4f42-be0c-8ed93495b9e1,2025,first_quarter,THE WASHINGTON TAX & PUBLIC POLICY GROUP,ALLIANCE FOR BIOPHARMACEUTICAL COMPETITIVENESS AND INNOVATION,TAX,"Issues related to corporate and international taxation. Issues related to OECD Pillar 1 and Pillar 2 negotiations and agreements on the taxation of global income and the potential impacts on the tax base of the U.S. and its Territories. Issues related to IRC sections 11, 164(a), 951A, 250, 163(j), 168, 174 and 41. (H.R.1990, H.R. 574, H.R. 1062, S. 187). Issues related to interest deductibility. (H.R. 1347, S. 559)",450000.0,https://lda.senate.gov/api/v1/filings/ce700d49-b8a6-4f42-be0c-8ed93495b9e1/?format=json
38177,GREGORY,NICKERSON,ways_means,"â€‹Tax Counsel, Ways and Means Committee; Staff Director, Ways and Means Select Revenue Measures Subcommittee",66263399-4b5a-4028-9611-b6195f852a08,2025,third_quarter,THE WASHINGTON TAX & PUBLIC POLICY GROUP,ALLIANCE FOR BIOPHARMACEUTICAL COMPETITIVENESS AND INNOVATION,TAX,"Issues related to corporate and international taxation. Issues related to OECD Pillar 1 and Pillar 2 negotiations and agreements on the taxation of global income and the potential impacts on financial reporting and on the tax base of the U.S. and its Territories. Issues related to the taxation of intellectual property income. Issues related to IRC sections 11, 41 and 174, 59A, 163(j) 164(a), 168(k), 250, 951A (H.R. 1990, S. 1639, H.R. 1347, S. 559, S. 1688, H.R. 574, S. 187, H.R. 1062, S. 1605, S. 2021, H.R. 1 - Sections 70301, 70302, 70303, 70321, 70322, 70323, 70331, 70341, 70342, 70361.)",450000.0,https://lda.senate.gov/api/v1/filings/66263399-4b5a-4028-9611-b6195f852a08/?format=json
143850,CHRISTOPHER,TREANOR,energy_commerce,"Pol Analyst, Energy & Env, H Energy & Commerce Comm",763462ce-7fa7-4b20-b873-80ecb7faf7b4,2025,second_quarter,AKIN GUMP STRAUSS HAUER & FELD,"PARTNERSHIP TO ADDRESS GLOBAL EMISSIONS, INC.",ENG,"Issues related to LNG exports, methane emissions reductions, climate solutions, energy transition and permitting reform.",450000.0,https://lda.senate.gov/api/v1/filings/763462ce-7fa7-4b20-b873-80ecb7faf7b4/?format=json
38177,GREGORY,NICKERSON,ways_means,"â€‹Tax Counsel, Ways and Means Committee; Staff Director, Ways and Means Select Revenue Measures Subcommittee",ce700d49-b8a6-4f42-be0c-8ed93495b9e1,2025,first_quarter,THE WASHINGTON TAX & PUBLIC POLICY GROUP,ALLIANCE FOR BIOPHARMACEUTICAL COMPETITIVENESS AND INNOVATION,TAX,"Issues related to corporate and international taxation. Issues related to OECD Pillar 1 and Pillar 2 negotiations and agreements on the taxation of global income and the potential impacts on the tax base of the U.S. and its Territories. Issues related to IRC sections 11, 164(a), 951A, 250, 163(j), 168, 174 and 41. (H.R.1990, H.R. 574, H.R. 1062, S. 187). Issues related to interest deductibility. (H.R. 1347, S. 559)",450000.0,https://lda.senate.gov/api/v1/filings/ce700d49-b8a6-4f42-be0c-8ed93495b9e1/?format=json
143850,CHRISTOPHER,TREANOR,energy_commerce,"Policy Analyst, Energy & Environment - House Energy & Commerce Committee",763462ce-7fa7-4b20-b873-80ecb7faf7b4,2025,second_quarter,AKIN GUMP STRAUSS HAUER & FELD,"PARTNERSHIP TO ADDRESS GLOBAL EMISSIONS, INC.",ENG,"Issues related to LNG exports, methane emissions reductions, climate solutions, energy transition and permitting reform.",450000.0,https://lda.senate.gov/api/v1/filings/763462ce-7fa7-4b20-b873-80ecb7faf7b4/?format=json
143850,CHRISTOPHER,TREANOR,energy_commerce,"Pol Analyst, Energy & Env, H Energy & Commerce Comm.",1d846f6d-3a5f-409f-a2c5-03b5f2dbe860,2026,first_quarter,AKIN GUMP STRAUSS HAUER & FELD,"PARTNERSHIP TO ADDRESS GLOBAL EMISSIONS, INC.",ENG,"Issues related to LNG exports, methane emissions reductions, climate solutions, energy transition and permitting reform.",450000.0,https://lda.senate.gov/api/v1/filings/1d846f6d-3a5f-409f-a2c5-03b5f2dbe860/?format=json
143850,CHRISTOPHER,TREANOR,energy_commerce,"Pol Analyst, Energy & Env, H Energy & Commerce Comm.",763462ce-7fa7-4b20-b873-80ecb7faf7b4,2025,second_quarter,AKIN GUMP STRAUSS HAUER & FELD,"PARTNERSHIP TO ADDRESS GLOBAL EMISSIONS, INC.",ENG,"Issues related to LNG exports, methane emissions reductions, climate solutions, energy transition and permitting reform.",450000.0,https://lda.senate.gov/api/v1/filings/763462ce-7fa7-4b20-b873-80ecb7faf7b4/?format=json
143850,CHRISTOPHER,TREANOR,energy_commerce,"Policy Analyst, Energy & Environment - House Energy & Commerce Committee",763462ce-7fa7-4b20-b873-80ecb7faf7b4,2025,second_quarter,AKIN GUMP STRAUSS HAUER & FELD,"PARTNERSHIP TO ADDRESS GLOBAL EMISSIONS, INC.",ENG,"Issues related to LNG exports, methane emissions reductions, climate solutions, energy transition and permitting reform.",450000.0,https://lda.senate.gov/api/v1/filings/763462ce-7fa7-4b20-b873-80ecb7faf7b4/?format=json
143850,CHRISTOPHER,TREANOR,energy_commerce,"Pol Analyst, Energy & Env, H Energy & Commerce Comm",763462ce-7fa7-4b20-b873-80ecb7faf7b4,2025,second_quarter,AKIN GUMP STRAUSS HAUER & FELD,"PARTNERSHIP TO ADDRESS GLOBAL EMISSIONS, INC.",ENG,"Issues related to LNG exports, methane emissions reductions, climate solutions, energy transition and permitting reform.",450000.0,https://lda.senate.gov/api/v1/filings/763462ce-7fa7-4b20-b873-80ecb7faf7b4/?format=json
143850,CHRISTOPHER,TREANOR,energy_commerce,"Pol Analyst, Energy & Env, H Energy & Commerce Comm",4fdd32bf-f14d-4335-ad2e-1c5408e48b6c,2025,fourth_quarter,AKIN GUMP STRAUSS HAUER & FELD,"PARTNERSHIP TO ADDRESS GLOBAL EMISSIONS, INC.",ENG,"Issues related to LNG exports, methane emissions reductions, climate solutions, energy transition and permitting reform; Issues related to H.R. 4776/S. 1894 - SPEED Act; Issues related to H.R. 3898 - PERMIT Act.",450000.0,https://lda.senate.gov/api/v1/filings/4fdd32bf-f14d-4335-ad2e-1c5408e48b6c/?format=json
143850,CHRISTOPHER,TREANOR,energy_commerce,"Policy Analyst, Energy & Environment - House Energy & Commerce Committee",4fdd32bf-f14d-4335-ad2e-1c5408e48b6c,2025,fourth_quarter,AKIN GUMP STRAUSS HAUER & FELD,"PARTNERSHIP TO ADDRESS GLOBAL EMISSIONS, INC.",ENG,"Issues related to LNG exports, methane emissions reductions, climate solutions, energy transition and permitting reform; Issues related to H.R. 4776/S. 1894 - SPEED Act; Issues related to H.R. 3898 - PERMIT Act.",450000.0,https://lda.senate.gov/api/v1/filings/4fdd32bf-f14d-4335-ad2e-1c5408e48b6c/?format=json
143850,CHRISTOPHER,TREANOR,energy_commerce,"Policy Analyst, Energy & Environment - House Energy & Commerce Committee",4fdd32bf-f14d-4335-ad2e-1c5408e48b6c,2025,fourth_quarter,AKIN GUMP STRAUSS HAUER & FELD,"PARTNERSHIP TO ADDRESS GLOBAL EMISSIONS, INC.",ENG,"Issues related to LNG exports, methane emissions reductions, climate solutions, energy transition and permitting reform; Issues related to H.R. 4776/S. 1894 - SPEED Act; Issues related to H.R. 3898 - PERMIT Act.",450000.0,https://lda.senate.gov/api/v1/filings/4fdd32bf-f14d-4335-ad2e-1c5408e48b6c/?format=json
143850,CHRISTOPHER,TREANOR,energy_commerce,"Pol Analyst, Energy & Env, H Energy & Commerce Comm",1d846f6d-3a5f-409f-a2c5-03b5f2dbe860,2026,first_quarter,AKIN GUMP STRAUSS HAUER & FELD,"PARTNERSHIP TO ADDRESS GLOBAL EMISSIONS, INC.",ENG,"Issues related to LNG exports, methane emissions reductions, climate solutions, energy transition and permitting reform.",450000.0,https://lda.senate.gov/api/v1/filings/1d846f6d-3a5f-409f-a2c5-03b5f2dbe860/?format=json
143850,CHRISTOPHER,TREANOR,energy_commerce,"Pol Analyst, Energy & Env, H Energy & Commerce Comm.",4fdd32bf-f14d-4335-ad2e-1c5408e48b6c,2025,fourth_quarter,AKIN GUMP STRAUSS HAUER & FELD,"PARTNERSHIP TO ADDRESS GLOBAL EMISSIONS, INC.",ENG,"Issues related to LNG exports, methane emissions reductions, climate solutions, energy transition and permitting reform; Issues related to H.R. 4776/S. 1894 - SPEED Act; Issues related to H.R. 3898 - PERMIT Act.",450000.0,https://lda.senate.gov/api/v1/filings/4fdd32bf-f14d-4335-ad2e-1c5408e48b6c/?format=json
143850,CHRISTOPHER,TREANOR,energy_commerce,"Pol Analyst, Energy & Env, H Energy & Commerce Comm.",763462ce-7fa7-4b20-b873-80ecb7faf7b4,2025,second_quarter,AKIN GUMP STRAUSS HAUER & FELD,"PARTNERSHIP TO ADDRESS GLOBAL EMISSIONS, INC.",ENG,"Issues related to LNG exports, methane emissions reductions, climate solutions, energy transition and permitting reform.",450000.0,https://lda.senate.gov/api/v1/filings/763462ce-7fa7-4b20-b873-80ecb7faf7b4/?format=json
38177,GREGORY,NICKERSON,ways_means,Tax Counsel Committee on Ways and Means; Staff Director Ways and Means Select Revenue Measures Subcommittee,66263399-4b5a-4028-9611-b6195f852a08,2025,third_quarter,THE WASHINGTON TAX & PUBLIC POLICY GROUP,ALLIANCE FOR BIOPHARMACEUTICAL COMPETITIVENESS AND INNOVATION,TAX,"Issues related to corporate and international taxation. Issues related to OECD Pillar 1 and Pillar 2 negotiations and agreements on the taxation of global income and the potential impacts on financial reporting and on the tax base of the U.S. and its Territories. Issues related to the taxation of intellectual property income. Issues related to IRC sections 11, 41 and 174, 59A, 163(j) 164(a), 168(k), 250, 951A (H.R. 1990, S. 1639, H.R. 1347, S. 559, S. 1688, H.R. 574, S. 187, H.R. 1062, S. 1605, S. 2021, H.R. 1 - Sections 70301, 70302, 70303, 70321, 70322, 70323, 70331, 70341, 70342, 70361.)",450000.0,https://lda.senate.gov/api/v1/filings/66263399-4b5a-4028-9611-b6195f852a08/?format=json
143850,CHRISTOPHER,TREANOR,energy_commerce,"Policy Analyst, Energy & Environment - House Energy & Commerce Committee",1d846f6d-3a5f-409f-a2c5-03b5f2dbe860,2026,first_quarter,AKIN GUMP STRAUSS HAUER & FELD,"PARTNERSHIP TO ADDRESS GLOBAL EMISSIONS, INC.",ENG,"Issues related to LNG exports, methane emissions reductions, climate solutions, energy transition and permitting reform.",450000.0,https://lda.senate.gov/api/v1/filings/1d846f6d-3a5f-409f-a2c5-03b5f2dbe860/?format=json
143850,CHRISTOPHER,TREANOR,energy_commerce,"Pol Analyst, Energy & Env, H Energy & Commerce Comm.",763462ce-7fa7-4b20-b873-80ecb7faf7b4,2025,second_quarter,AKIN GUMP STRAUSS HAUER & FELD,"PARTNERSHIP TO ADDRESS GLOBAL EMISSIONS, INC.",ENG,"Issues related to LNG exports, methane emissions reductions, climate solutions, energy transition and permitting reform.",450000.0,https://lda.senate.gov/api/v1/filings/763462ce-7fa7-4b20-b873-80ecb7faf7b4/?format=json
143850,CHRISTOPHER,TREANOR,energy_commerce,"Pol Analyst, Energy & Env, H Energy & Commerce Comm",763462ce-7fa7-4b20-b873-80ecb7faf7b4,2025,second_quarter,AKIN GUMP STRAUSS HAUER & FELD,"PARTNERSHIP TO ADDRESS GLOBAL EMISSIONS, INC.",ENG,"Issues related to LNG exports, methane emissions reductions, climate solutions, energy transition and permitting reform.",450000.0,https://lda.senate.gov/api/v1/filings/763462ce-7fa7-4b20-b873-80ecb7faf7b4/?format=json
38177,GREGORY,NICKERSON,ways_means,"Tax Counsel, Ways and Means Committee; Staff Director, Ways and Means Select Revenue Measures Subcommittee",ce700d49-b8a6-4f42-be0c-8ed93495b9e1,2025,first_quarter,THE WASHINGTON TAX & PUBLIC POLICY GROUP,ALLIANCE FOR BIOPHARMACEUTICAL COMPETITIVENESS AND INNOVATION,TAX,"Issues related to corporate and international taxation. Issues related to OECD Pillar 1 and Pillar 2 negotiations and agreements on the taxation of global income and the potential impacts on the tax base of the U.S. and its Territories. Issues related to IRC sections 11, 164(a), 951A, 250, 163(j), 168, 174 and 41. (H.R.1990, H.R. 574, H.R. 1062, S. 187). Issues related to interest deductibility. (H.R. 1347, S. 559)",450000.0,https://lda.senate.gov/api/v1/filings/ce700d49-b8a6-4f42-be0c-8ed93495b9e1/?format=json
143850,CHRISTOPHER,TREANOR,energy_commerce,"Pol Analyst, Energy & Env, H Energy & Commerce Comm.",4fdd32bf-f14d-4335-ad2e-1c5408e48b6c,2025,fourth_quarter,AKIN GUMP STRAUSS HAUER & FELD,"PARTNERSHIP TO ADDRESS GLOBAL EMISSIONS, INC.",ENG,"Issues related to LNG exports, methane emissions reductions, climate solutions, energy transition and permitting reform; Issues related to H.R. 4776/S. 1894 - SPEED Act; Issues related to H.R. 3898 - PERMIT Act.",450000.0,https://lda.senate.gov/api/v1/filings/4fdd32bf-f14d-4335-ad2e-1c5408e48b6c/?format=json
38177,GREGORY,NICKERSON,ways_means,Tax Counsel Committee on Ways and Means; Staff Director Ways and Means Select Revenue Measures Subcommittee,0944fcd0-c90f-497b-9066-9eee90bb55fc,2026,first_quarter,THE WASHINGTON TAX & PUBLIC POLICY GROUP,TAX REFORM COALITION,TAX,"Issues related to corporate and international taxation. Issues related to OECD Pillar 1 and Pillar 2 negotiations and agreements on the taxation of global income and the potential impacts on financial reporting and on the tax base of the U.S. Issues related to IRC sections 11, 41 and 174, 55, 56A, and 59, 59A, 163(j), 250, 951A, 954(d) and 954(e), and 960(d)(2). (S. 1605, S. 2976, H.R. 8101, S. 4221)",430000.0,https://lda.senate.gov/api/v1/filings/0944fcd0-c90f-497b-9066-9eee90bb55fc/?format=json
38177,GREGORY,NICKERSON,ways_means,"Tax Counsel, Committee on Ways and Means; Staff Director, Ways and Means Select Revenue Measures Subcommittee",0944fcd0-c90f-497b-9066-9eee90bb55fc,2026,first_quarter,THE WASHINGTON TAX & PUBLIC POLICY GROUP,TAX REFORM COALITION,TAX,"Issues related to corporate and international taxation. Issues related to OECD Pillar 1 and Pillar 2 negotiations and agreements on the taxation of global income and the potential impacts on financial reporting and on the tax base of the U.S. Issues related to IRC sections 11, 41 and 174, 55, 56A, and 59, 59A, 163(j), 250, 951A, 954(d) and 954(e), and 960(d)(2). (S. 1605, S. 2976, H.R. 8101, S. 4221)",430000.0,https://lda.senate.gov/api/v1/filings/0944fcd0-c90f-497b-9066-9eee90bb55fc/?format=json
38177,GREGORY,NICKERSON,ways_means,"â€‹Tax Counsel, Ways and Means Committee; Staff Director, Ways and Means Select Revenue Measures Subcommittee",0944fcd0-c90f-497b-9066-9eee90bb55fc,2026,first_quarter,THE WASHINGTON TAX & PUBLIC POLICY GROUP,TAX REFORM COALITION,TAX,"Issues related to corporate and international taxation. Issues related to OECD Pillar 1 and Pillar 2 negotiations and agreements on the taxation of global income and the potential impacts on financial reporting and on the tax base of the U.S. Issues related to IRC sections 11, 41 and 174, 55, 56A, and 59, 59A, 163(j), 250, 951A, 954(d) and 954(e), and 960(d)(2). (S. 1605, S. 2976, H.R. 8101, S. 4221)",430000.0,https://lda.senate.gov/api/v1/filings/0944fcd0-c90f-497b-9066-9eee90bb55fc/?format=json
38177,GREGORY,NICKERSON,ways_means,"Tax Counsel, Ways and Means Committee; Staff Director, Ways and Means Select Revenue Measures Subcommittee",0944fcd0-c90f-497b-9066-9eee90bb55fc,2026,first_quarter,THE WASHINGTON TAX & PUBLIC POLICY GROUP,TAX REFORM COALITION,TAX,"Issues related to corporate and international taxation. Issues related to OECD Pillar 1 and Pillar 2 negotiations and agreements on the taxation of global income and the potential impacts on financial reporting and on the tax base of the U.S. Issues related to IRC sections 11, 41 and 174, 55, 56A, and 59, 59A, 163(j), 250, 951A, 954(d) and 954(e), and 960(d)(2). (S. 1605, S. 2976, H.R. 8101, S. 4221)",430000.0,https://lda.senate.gov/api/v1/filings/0944fcd0-c90f-497b-9066-9eee90bb55fc/?format=json
38177,GREGORY,NICKERSON,ways_means,Tax Counsel Committee on Ways and Means; Staff Director Ways and Means Select Revenue Measures Subcommittee,0c9a4e17-5074-42bc-9c96-a7c44bf3a0aa,2025,third_quarter,THE WASHINGTON TAX & PUBLIC POLICY GROUP,TAX REFORM COALITION,TAX,"Issues related to corporate and international taxation. Issues related to OECD Pillar 1 and Pillar 2 negotiations and agreements on the taxation of global income and the potential impacts on financial reporting and on the tax base of the U.S. Issues related to IRC sections 11, 41 and 174, 59A, 163(j) 164(a), 168(k), 250, 951A, 954(c)(6) (H.R. 1990, S. 1639, H.R. 1347, S. 559, S. 1688, H.R. 574, S. 187, H.R. 1062, S. 1605, S. 2976, H.R. 1 - Sections 70301, 70302, 70303, 70321, 70322, 70323, 70331, 70341, 70342, 70351, 70361.)",420000.0,https://lda.senate.gov/api/v1/filings/0c9a4e17-5074-42bc-9c96-a7c44bf3a0aa/?format=json
38177,GREGORY,NICKERSON,ways_means,"â€‹Tax Counsel, Ways and Means Committee; Staff Director, Ways and Means Select Revenue Measures Subcommittee",0c9a4e17-5074-42bc-9c96-a7c44bf3a0aa,2025,third_quarter,THE WASHINGTON TAX & PUBLIC POLICY GROUP,TAX REFORM COALITION,TAX,"Issues related to corporate and international taxation. Issues related to OECD Pillar 1 and Pillar 2 negotiations and agreements on the taxation of global income and the potential impacts on financial reporting and on the tax base of the U.S. Issues related to IRC sections 11, 41 and 174, 59A, 163(j) 164(a), 168(k), 250, 951A, 954(c)(6) (H.R. 1990, S. 1639, H.R. 1347, S. 559, S. 1688, H.R. 574, S. 187, H.R. 1062, S. 1605, S. 2976, H.R. 1 - Sections 70301, 70302, 70303, 70321, 70322, 70323, 70331, 70341, 70342, 70351, 70361.)",420000.0,https://lda.senate.gov/api/v1/filings/0c9a4e17-5074-42bc-9c96-a7c44bf3a0aa/?format=json
38177,GREGORY,NICKERSON,ways_means,"Tax Counsel, Ways and Means Committee; Staff Director, Ways and Means Select Revenue Measures Subcommittee",0c9a4e17-5074-42bc-9c96-a7c44bf3a0aa,2025,third_quarter,THE WASHINGTON TAX & PUBLIC POLICY GROUP,TAX REFORM COALITION,TAX,"Issues related to corporate and international taxation. Issues related to OECD Pillar 1 and Pillar 2 negotiations and agreements on the taxation of global income and the potential impacts on financial reporting and on the tax base of the U.S. Issues related to IRC sections 11, 41 and 174, 59A, 163(j) 164(a), 168(k), 250, 951A, 954(c)(6) (H.R. 1990, S. 1639, H.R. 1347, S. 559, S. 1688, H.R. 574, S. 187, H.R. 1062, S. 1605, S. 2976, H.R. 1 - Sections 70301, 70302, 70303, 70321, 70322, 70323, 70331, 70341, 70342, 70351, 70361.)",420000.0,https://lda.senate.gov/api/v1/filings/0c9a4e17-5074-42bc-9c96-a7c44bf3a0aa/?format=json
63612,PARI,MODY,health,"Intern, HHS Office of General Counsel Public Health (2013)",9723f4a0-a4fa-4d3c-a860-496d94866094,2026,first_quarter,ARNOLD & PORTER KAYE SCHOLER LLP,PHARMACEUTICAL RESEARCH AND MANUFACTURERS OF AMERICA (PHRMA),HCR,Issues related to various healthcare reform and drug pricing.,420000.0,https://lda.senate.gov/api/v1/filings/9723f4a0-a4fa-4d3c-a860-496d94866094/?format=json
38177,GREGORY,NICKERSON,ways_means,"Tax Counsel, Committee on Ways and Means; Staff Director, Ways and Means Select Revenue Measures Subcommittee",0c9a4e17-5074-42bc-9c96-a7c44bf3a0aa,2025,third_quarter,THE WASHINGTON TAX & PUBLIC POLICY GROUP,TAX REFORM COALITION,TAX,"Issues related to corporate and international taxation. Issues related to OECD Pillar 1 and Pillar 2 negotiations and agreements on the taxation of global income and the potential impacts on financial reporting and on the tax base of the U.S. Issues related to IRC sections 11, 41 and 174, 59A, 163(j) 164(a), 168(k), 250, 951A, 954(c)(6) (H.R. 1990, S. 1639, H.R. 1347, S. 559, S. 1688, H.R. 574, S. 187, H.R. 1062, S. 1605, S. 2976, H.R. 1 - Sections 70301, 70302, 70303, 70321, 70322, 70323, 70331, 70341, 70342, 70351, 70361.)",420000.0,https://lda.senate.gov/api/v1/filings/0c9a4e17-5074-42bc-9c96-a7c44bf3a0aa/?format=json
38177,GREGORY,NICKERSON,ways_means,"Tax Counsel, Committee on Ways and Means; Staff Director, Ways and Means Select Revenue Measures Subcommittee",d05af1a8-0a85-44ab-b567-5d7ecbc6ace8,2024,first_quarter,THE WASHINGTON TAX & PUBLIC POLICY GROUP,TAX REFORM COALITION,TAX,"Issues related to corporate and international taxation. Issues related to OECD Pillar 1 and Pillar 2 negotiations and agreements on the taxation of global income. Issues related to IRC sections 11, 951A, 250, 163(j), 168, 55, 56A, 59, 174 and 41. (H.R. 2673, H.R. 7024).",410000.0,https://lda.senate.gov/api/v1/filings/d05af1a8-0a85-44ab-b567-5d7ecbc6ace8/?format=json
38177,GREGORY,NICKERSON,ways_means,Tax Counsel Committee on Ways and Means; Staff Director Ways and Means Select Revenue Measures Subcommittee,d05af1a8-0a85-44ab-b567-5d7ecbc6ace8,2024,first_quarter,THE WASHINGTON TAX & PUBLIC POLICY GROUP,TAX REFORM COALITION,TAX,"Issues related to corporate and international taxation. Issues related to OECD Pillar 1 and Pillar 2 negotiations and agreements on the taxation of global income. Issues related to IRC sections 11, 951A, 250, 163(j), 168, 55, 56A, 59, 174 and 41. (H.R. 2673, H.R. 7024).",410000.0,https://lda.senate.gov/api/v1/filings/d05af1a8-0a85-44ab-b567-5d7ecbc6ace8/?format=json
38177,GREGORY,NICKERSON,ways_means,"Tax Counsel, Ways and Means Committee; Staff Director, Ways and Means Select Revenue Measures Subcommittee",d05af1a8-0a85-44ab-b567-5d7ecbc6ace8,2024,first_quarter,THE WASHINGTON TAX & PUBLIC POLICY GROUP,TAX REFORM COALITION,TAX,"Issues related to corporate and international taxation. Issues related to OECD Pillar 1 and Pillar 2 negotiations and agreements on the taxation of global income. Issues related to IRC sections 11, 951A, 250, 163(j), 168, 55, 56A, 59, 174 and 41. (H.R. 2673, H.R. 7024).",410000.0,https://lda.senate.gov/api/v1/filings/d05af1a8-0a85-44ab-b567-5d7ecbc6ace8/?format=json
38177,GREGORY,NICKERSON,ways_means,"â€‹Tax Counsel, Ways and Means Committee; Staff Director, Ways and Means Select Revenue Measures Subcommittee",d05af1a8-0a85-44ab-b567-5d7ecbc6ace8,2024,first_quarter,THE WASHINGTON TAX & PUBLIC POLICY GROUP,TAX REFORM COALITION,TAX,"Issues related to corporate and international taxation. Issues related to OECD Pillar 1 and Pillar 2 negotiations and agreements on the taxation of global income. Issues related to IRC sections 11, 951A, 250, 163(j), 168, 55, 56A, 59, 174 and 41. (H.R. 2673, H.R. 7024).",410000.0,https://lda.senate.gov/api/v1/filings/d05af1a8-0a85-44ab-b567-5d7ecbc6ace8/?format=json
38177,GREGORY,NICKERSON,ways_means,"â€‹Tax Counsel, Ways and Means Committee; Staff Director, Ways and Means Select Revenue Measures Subcommittee",6e9e93bc-e0bb-46ce-89b0-f97d11d035ed,2025,first_quarter,THE WASHINGTON TAX & PUBLIC POLICY GROUP,TAX REFORM COALITION,TAX,"Issues related to corporate and international taxation. Issues related to OECD Pillar 1 and Pillar 2 negotiations and agreements on the taxation of global income. Issues related to IRC sections 11, 164(a), 951A, 250, 59A, 163(j), 168, and 41. (H.R.1990, H.R. 574, H.R. 1062, S. 187). Issues related to interest deductibility. (H.R. 1347, S. 559)",400000.0,https://lda.senate.gov/api/v1/filings/6e9e93bc-e0bb-46ce-89b0-f97d11d035ed/?format=json
38177,GREGORY,NICKERSON,ways_means,"Tax Counsel, Ways and Means Committee; Staff Director, Ways and Means Select Revenue Measures Subcommittee",6e9e93bc-e0bb-46ce-89b0-f97d11d035ed,2025,first_quarter,THE WASHINGTON TAX & PUBLIC POLICY GROUP,TAX REFORM COALITION,TAX,"Issues related to corporate and international taxation. Issues related to OECD Pillar 1 and Pillar 2 negotiations and agreements on the taxation of global income. Issues related to IRC sections 11, 164(a), 951A, 250, 59A, 163(j), 168, and 41. (H.R.1990, H.R. 574, H.R. 1062, S. 187). Issues related to interest deductibility. (H.R. 1347, S. 559)",400000.0,https://lda.senate.gov/api/v1/filings/6e9e93bc-e0bb-46ce-89b0-f97d11d035ed/?format=json
38177,GREGORY,NICKERSON,ways_means,Tax Counsel Committee on Ways and Means; Staff Director Ways and Means Select Revenue Measures Subcommittee,6e9e93bc-e0bb-46ce-89b0-f97d11d035ed,2025,first_quarter,THE WASHINGTON TAX & PUBLIC POLICY GROUP,TAX REFORM COALITION,TAX,"Issues related to corporate and international taxation. Issues related to OECD Pillar 1 and Pillar 2 negotiations and agreements on the taxation of global income. Issues related to IRC sections 11, 164(a), 951A, 250, 59A, 163(j), 168, and 41. (H.R.1990, H.R. 574, H.R. 1062, S. 187). Issues related to interest deductibility. (H.R. 1347, S. 559)",400000.0,https://lda.senate.gov/api/v1/filings/6e9e93bc-e0bb-46ce-89b0-f97d11d035ed/?format=json
38177,GREGORY,NICKERSON,ways_means,"Tax Counsel, Committee on Ways and Means; Staff Director, Ways and Means Select Revenue Measures Subcommittee",6e9e93bc-e0bb-46ce-89b0-f97d11d035ed,2025,first_quarter,THE WASHINGTON TAX & PUBLIC POLICY GROUP,TAX REFORM COALITION,TAX,"Issues related to corporate and international taxation. Issues related to OECD Pillar 1 and Pillar 2 negotiations and agreements on the taxation of global income. Issues related to IRC sections 11, 164(a), 951A, 250, 59A, 163(j), 168, and 41. (H.R.1990, H.R. 574, H.R. 1062, S. 187). Issues related to interest deductibility. (H.R. 1347, S. 559)",400000.0,https://lda.senate.gov/api/v1/filings/6e9e93bc-e0bb-46ce-89b0-f97d11d035ed/?format=json
38177,GREGORY,NICKERSON,ways_means,"Tax Counsel, Ways and Means Committee; Staff Director, Ways and Means Select Revenue Measures Subcommittee",b7fa4af9-4373-4eb0-b697-eef25008fe38,2024,third_quarter,THE WASHINGTON TAX & PUBLIC POLICY GROUP,TAX REFORM COALITION,TAX,"Issues related to corporate and international taxation. Issues related to OECD Pillar 1 and Pillar 2 negotiations and agreements on the taxation of global income. Issues related to IRC sections 11, 951A, 250, 59A, 163(j), 168, 55, 56A, 59, 174 and 41. (H.R. 2673, H.R. 7024, H.R. 8184).",390000.0,https://lda.senate.gov/api/v1/filings/b7fa4af9-4373-4eb0-b697-eef25008fe38/?format=json
38177,GREGORY,NICKERSON,ways_means,"â€‹Tax Counsel, Ways and Means Committee; Staff Director, Ways and Means Select Revenue Measures Subcommittee",b7fa4af9-4373-4eb0-b697-eef25008fe38,2024,third_quarter,THE WASHINGTON TAX & PUBLIC POLICY GROUP,TAX REFORM COALITION,TAX,"Issues related to corporate and international taxation. Issues related to OECD Pillar 1 and Pillar 2 negotiations and agreements on the taxation of global income. Issues related to IRC sections 11, 951A, 250, 59A, 163(j), 168, 55, 56A, 59, 174 and 41. (H.R. 2673, H.R. 7024, H.R. 8184).",390000.0,https://lda.senate.gov/api/v1/filings/b7fa4af9-4373-4eb0-b697-eef25008fe38/?format=json
38177,GREGORY,NICKERSON,ways_means,Tax Counsel Committee on Ways and Means; Staff Director Ways and Means Select Revenue Measures Subcommittee,b7fa4af9-4373-4eb0-b697-eef25008fe38,2024,third_quarter,THE WASHINGTON TAX & PUBLIC POLICY GROUP,TAX REFORM COALITION,TAX,"Issues related to corporate and international taxation. Issues related to OECD Pillar 1 and Pillar 2 negotiations and agreements on the taxation of global income. Issues related to IRC sections 11, 951A, 250, 59A, 163(j), 168, 55, 56A, 59, 174 and 41. (H.R. 2673, H.R. 7024, H.R. 8184).",390000.0,https://lda.senate.gov/api/v1/filings/b7fa4af9-4373-4eb0-b697-eef25008fe38/?format=json
38177,GREGORY,NICKERSON,ways_means,"Tax Counsel, Committee on Ways and Means; Staff Director, Ways and Means Select Revenue Measures Subcommittee",b7fa4af9-4373-4eb0-b697-eef25008fe38,2024,third_quarter,THE WASHINGTON TAX & PUBLIC POLICY GROUP,TAX REFORM COALITION,TAX,"Issues related to corporate and international taxation. Issues related to OECD Pillar 1 and Pillar 2 negotiations and agreements on the taxation of global income. Issues related to IRC sections 11, 951A, 250, 59A, 163(j), 168, 55, 56A, 59, 174 and 41. (H.R. 2673, H.R. 7024, H.R. 8184).",390000.0,https://lda.senate.gov/api/v1/filings/b7fa4af9-4373-4eb0-b697-eef25008fe38/?format=json
147219,PATRICIA,DELOATCHE,health,"Health Policy Director, Sen. Orrin Hatch; Chief of Staff, Legislative Director, Legislative Assistant, Rep. Mike Bilirakis",c79773f7-b06c-4268-a3cb-63f9ef8e110b,2025,first_quarter,SIDLEY AUSTIN LLP,"TAYLOR FRESH FOODS, INC",HCR,Food regulation,380000.0,https://lda.senate.gov/api/v1/filings/c79773f7-b06c-4268-a3cb-63f9ef8e110b/?format=json
149564,ABIGAIL,CARROLL,energy_commerce,"Detailee to the Energy and Commerce Committee, U.S. House of Representatives",c79773f7-b06c-4268-a3cb-63f9ef8e110b,2025,first_quarter,SIDLEY AUSTIN LLP,"TAYLOR FRESH FOODS, INC",HCR,Food regulation,380000.0,https://lda.senate.gov/api/v1/filings/c79773f7-b06c-4268-a3cb-63f9ef8e110b/?format=json
61584,AARON,CUTLER,energy_commerce,"Senior Policy Advisor, House Com. Nat Resources (2014); Senior Advisor for Policy and Outreach, Office of House Majority Leader Eric Cantor (2013 - 2014); Deputy Policy Director, House Committee on Energy and Commerce (2009 - 2013)",0e442ca8-619a-4b7d-bb41-07bda4080b5b,2025,fourth_quarter,HOGAN LOVELLS US LLP,INVENERGY LLC,ENG,Issues related to energy development and transmission,380000.0,https://lda.senate.gov/api/v1/filings/0e442ca8-619a-4b7d-bb41-07bda4080b5b/?format=json
147219,PATRICIA,DELOATCHE,health,"Health Policy Director, Sen. Orrin Hatch; Chief of Staff, Legislative Director, Legislative Assistant, Mike Bilirakis",c79773f7-b06c-4268-a3cb-63f9ef8e110b,2025,first_quarter,SIDLEY AUSTIN LLP,"TAYLOR FRESH FOODS, INC",HCR,Food regulation,380000.0,https://lda.senate.gov/api/v1/filings/c79773f7-b06c-4268-a3cb-63f9ef8e110b/?format=json
102193,BOBBY,MCMILLIN,health,"General Counsel, Senate Health, Education, Labor, & Pensions (HELP) Committee (2015-2019); Counsel, Senate HELP Committee (2015); Counsel, Sen. Chambliss (2013-2015); Regional Rep., Sen. Chambliss (2012-13); Press Intern, Sen. Chambliss (2007)",70e1be51-3245-4cea-94ac-b1350f7fd35f,2024,first_quarter,ARNOLD & PORTER KAYE SCHOLER LLP,PERRIGO COMPANY PLC,HCR,Issues related to the manufacturing of infant formula and issues related to over-the-counter birth control.,380000.0,https://lda.senate.gov/api/v1/filings/70e1be51-3245-4cea-94ac-b1350f7fd35f/?format=json
149564,ABIGAIL,CARROLL,energy_commerce,"Detailee to the Energy and Commerce Committee, U.S. House of Representatives",c79773f7-b06c-4268-a3cb-63f9ef8e110b,2025,first_quarter,SIDLEY AUSTIN LLP,"TAYLOR FRESH FOODS, INC",HCR,Food regulation,380000.0,https://lda.senate.gov/api/v1/filings/c79773f7-b06c-4268-a3cb-63f9ef8e110b/?format=json
147219,PATRICIA,DELOATCHE,health,"Health Policy Director, Sen. Orrin Hatch; Chief of Staff, Legislative Director, Legislative Assistant, Mike Bilirakis",c79773f7-b06c-4268-a3cb-63f9ef8e110b,2025,first_quarter,SIDLEY AUSTIN LLP,"TAYLOR FRESH FOODS, INC",HCR,Food regulation,380000.0,https://lda.senate.gov/api/v1/filings/c79773f7-b06c-4268-a3cb-63f9ef8e110b/?format=json
61584,AARON,CUTLER,energy_commerce,"Senior Policy Advisor, House Committee Natural Resources (2014); Senior Advisor for Policy and Outreach, Office of House Majority Leader Eric Cantor (2013-2014); Deputy Policy Director, House Committee on Energy and Commerce (2009-2013)",0e442ca8-619a-4b7d-bb41-07bda4080b5b,2025,fourth_quarter,HOGAN LOVELLS US LLP,INVENERGY LLC,ENG,Issues related to energy development and transmission,380000.0,https://lda.senate.gov/api/v1/filings/0e442ca8-619a-4b7d-bb41-07bda4080b5b/?format=json
147219,PATRICIA,DELOATCHE,health,"Health Policy Director, Sen. Orrin Hatch; Chief of Staff, Legislative Director, Legislative Assistant, Mike Bilirakis",c79773f7-b06c-4268-a3cb-63f9ef8e110b,2025,first_quarter,SIDLEY AUSTIN LLP,"TAYLOR FRESH FOODS, INC",HCR,Food regulation,380000.0,https://lda.senate.gov/api/v1/filings/c79773f7-b06c-4268-a3cb-63f9ef8e110b/?format=json
147219,PATRICIA,DELOATCHE,health,"Health Policy Director, Sen Orrin Hatch; Chief of Staff, Legislative Director, Legislative Assistant, Rep. Mike Bilirakis",c79773f7-b06c-4268-a3cb-63f9ef8e110b,2025,first_quarter,SIDLEY AUSTIN LLP,"TAYLOR FRESH FOODS, INC",HCR,Food regulation,380000.0,https://lda.senate.gov/api/v1/filings/c79773f7-b06c-4268-a3cb-63f9ef8e110b/?format=json
147219,PATRICIA,DELOATCHE,health,"Health Policy Director, Sen Orrin Hatch; Chief of Staff, Legislative Director, Legislative Assistant, Rep. Mike Bilirakis",c79773f7-b06c-4268-a3cb-63f9ef8e110b,2025,first_quarter,SIDLEY AUSTIN LLP,"TAYLOR FRESH FOODS, INC",HCR,Food regulation,380000.0,https://lda.senate.gov/api/v1/filings/c79773f7-b06c-4268-a3cb-63f9ef8e110b/?format=json
147219,PATRICIA,DELOATCHE,health,"Health Policy Director, Sen Orrin Hatch; Chief of Staff, Legislative Director, Legislative Assistant, Rep. Mike Bilirakis",c79773f7-b06c-4268-a3cb-63f9ef8e110b,2025,first_quarter,SIDLEY AUSTIN LLP,"TAYLOR FRESH FOODS, INC",HCR,Food regulation,380000.0,https://lda.senate.gov/api/v1/filings/c79773f7-b06c-4268-a3cb-63f9ef8e110b/?format=json
147219,PATRICIA,DELOATCHE,health,"Health Policy Director, Sen. Orrin Hatch; Chief of Staff, Legislative Director, Legislative Assistant, Rep. Mike Balirakis",c79773f7-b06c-4268-a3cb-63f9ef8e110b,2025,first_quarter,SIDLEY AUSTIN LLP,"TAYLOR FRESH FOODS, INC",HCR,Food regulation,380000.0,https://lda.senate.gov/api/v1/filings/c79773f7-b06c-4268-a3cb-63f9ef8e110b/?format=json
147219,PATRICIA,DELOATCHE,health,"Health Policy Director, Sen. Orrin Hatch; Chief of Staff, Legislative Director, Legislative Assistant, Rep. Mike Balirakis",c79773f7-b06c-4268-a3cb-63f9ef8e110b,2025,first_quarter,SIDLEY AUSTIN LLP,"TAYLOR FRESH FOODS, INC",HCR,Food regulation,380000.0,https://lda.senate.gov/api/v1/filings/c79773f7-b06c-4268-a3cb-63f9ef8e110b/?format=json
147219,PATRICIA,DELOATCHE,health,"Health Policy Director, Sen. Orrin Hatch; Chief of Staff, Legislative Director, Legislative Assistant, Rep. Mike Bilirakis",c79773f7-b06c-4268-a3cb-63f9ef8e110b,2025,first_quarter,SIDLEY AUSTIN LLP,"TAYLOR FRESH FOODS, INC",HCR,Food regulation,380000.0,https://lda.senate.gov/api/v1/filings/c79773f7-b06c-4268-a3cb-63f9ef8e110b/?format=json
102193,BOBBY,MCMILLIN,health,"General Counsel, Senate Committee on Health, Education, Labor, & Pensions (HELP) (2015-2019); Counsel, Senate HELP Committee (2015); Counsel, Sen. Chambliss (2013-2015); Regional Rep., Sen. Chambliss (2012-2013); Press Intern, Sen. Chambliss (2007)",70e1be51-3245-4cea-94ac-b1350f7fd35f,2024,first_quarter,ARNOLD & PORTER KAYE SCHOLER LLP,PERRIGO COMPANY PLC,HCR,Issues related to the manufacturing of infant formula and issues related to over-the-counter birth control.,380000.0,https://lda.senate.gov/api/v1/filings/70e1be51-3245-4cea-94ac-b1350f7fd35f/?format=json
147219,PATRICIA,DELOATCHE,health,"Health Policy Director, Sen. Orrin Hatch; Chief of Staff, Legislative Director, Legislative Assistant, Rep. Mike Bilirakis",c79773f7-b06c-4268-a3cb-63f9ef8e110b,2025,first_quarter,SIDLEY AUSTIN LLP,"TAYLOR FRESH FOODS, INC",HCR,Food regulation,380000.0,https://lda.senate.gov/api/v1/filings/c79773f7-b06c-4268-a3cb-63f9ef8e110b/?format=json
140808,SONJA,NESBIT,ways_means,"Sonja NesbitDeputy Assistant Secretary of Legislation, U.S. Dept. of Health & Human Services (2013-2016); Deputy Staff Director, Ways and Means Committee, Subcommittee on Income Security and Family Support, U.S. House of Representatives (2002-2013)",70e1be51-3245-4cea-94ac-b1350f7fd35f,2024,first_quarter,ARNOLD & PORTER KAYE SCHOLER LLP,PERRIGO COMPANY PLC,HCR,Issues related to the manufacturing of infant formula and issues related to over-the-counter birth control.,380000.0,https://lda.senate.gov/api/v1/filings/70e1be51-3245-4cea-94ac-b1350f7fd35f/?format=json
147219,PATRICIA,DELOATCHE,health,"Health Policy Director, Sen. Orrin Hatch; Chief of Staff, Legislative Direcor, Legislative Assistant, Rep. Mike Bilirakis",c79773f7-b06c-4268-a3cb-63f9ef8e110b,2025,first_quarter,SIDLEY AUSTIN LLP,"TAYLOR FRESH FOODS, INC",HCR,Food regulation,380000.0,https://lda.senate.gov/api/v1/filings/c79773f7-b06c-4268-a3cb-63f9ef8e110b/?format=json
140808,SONJA,NESBIT,ways_means,"Deputy Assistant Secretary of Legislation, U.S. Dept. of Health & Human Services (2013-16); Deputy Staff Director, Subcommittee on Income Security and Family Support, House Ways and Means Committee (2002-13)",70e1be51-3245-4cea-94ac-b1350f7fd35f,2024,first_quarter,ARNOLD & PORTER KAYE SCHOLER LLP,PERRIGO COMPANY PLC,HCR,Issues related to the manufacturing of infant formula and issues related to over-the-counter birth control.,380000.0,https://lda.senate.gov/api/v1/filings/70e1be51-3245-4cea-94ac-b1350f7fd35f/?format=json
147219,PATRICIA,DELOATCHE,health,"Health Policy Director, Sen. Orrin Hatch; Chief of Staff, Legislative Director, Legislative Assistant, Mike Bilirakis",c79773f7-b06c-4268-a3cb-63f9ef8e110b,2025,first_quarter,SIDLEY AUSTIN LLP,"TAYLOR FRESH FOODS, INC",HCR,Food regulation,380000.0,https://lda.senate.gov/api/v1/filings/c79773f7-b06c-4268-a3cb-63f9ef8e110b/?format=json
61584,AARON,CUTLER,energy_commerce,"Senior Policy Advisor, House Com. Nat Resources (2014); Senior Advisor for Policy and Outreach, Office of House Majority Leader Eric Cantor (2013-2014); Deputy Policy Director , House Committee on Energy and Commerce (2009-2013)",0e442ca8-619a-4b7d-bb41-07bda4080b5b,2025,fourth_quarter,HOGAN LOVELLS US LLP,INVENERGY LLC,ENG,Issues related to energy development and transmission,380000.0,https://lda.senate.gov/api/v1/filings/0e442ca8-619a-4b7d-bb41-07bda4080b5b/?format=json
147219,PATRICIA,DELOATCHE,health,"Health Policy Director, Sen. Orrin Hatch; Chief of Staff, Legislative Director, Legislative Assistant, Rep. Mike Balirakis",c79773f7-b06c-4268-a3cb-63f9ef8e110b,2025,first_quarter,SIDLEY AUSTIN LLP,"TAYLOR FRESH FOODS, INC",HCR,Food regulation,380000.0,https://lda.senate.gov/api/v1/filings/c79773f7-b06c-4268-a3cb-63f9ef8e110b/?format=json
61584,AARON,CUTLER,energy_commerce,"Senior Policy Advisor, House Com. Nat. Resources, 2014; Snr. Advsr. for Policy and Outreach, Off. of House Maj. Leader Eric Cantor, 2013-2014; Dep. Pol. Director, Hse. Committee on Energy and Commerce, 2009-2013",0e442ca8-619a-4b7d-bb41-07bda4080b5b,2025,fourth_quarter,HOGAN LOVELLS US LLP,INVENERGY LLC,ENG,Issues related to energy development and transmission,380000.0,https://lda.senate.gov/api/v1/filings/0e442ca8-619a-4b7d-bb41-07bda4080b5b/?format=json
61584,AARON,CUTLER,energy_commerce,"Senior Policy Advisor, House Com. Nat Resources (2014); Senior Advisor for Policy and Outreach, Office of House Majority Leader Eric Cantor (2013-2014); Deputy Policy Director, House Committee on Energy and Commerce (2009-2013)",0e442ca8-619a-4b7d-bb41-07bda4080b5b,2025,fourth_quarter,HOGAN LOVELLS US LLP,INVENERGY LLC,ENG,Issues related to energy development and transmission,380000.0,https://lda.senate.gov/api/v1/filings/0e442ca8-619a-4b7d-bb41-07bda4080b5b/?format=json
147219,PATRICIA,DELOATCHE,health,"Health Policy Director, Sen. Orrin Hatch; Chief of Staff; Legislative Director, Legislative Assistant, Rep. Mike Bilirakis",c79773f7-b06c-4268-a3cb-63f9ef8e110b,2025,first_quarter,SIDLEY AUSTIN LLP,"TAYLOR FRESH FOODS, INC",HCR,Food regulation,380000.0,https://lda.senate.gov/api/v1/filings/c79773f7-b06c-4268-a3cb-63f9ef8e110b/?format=json
147219,PATRICIA,DELOATCHE,health,"Health Policy Director, Sen. Orrin Hatch; Chief of Staff, Legislative Director,Legislative Assistant, Rep. Mike Bilirakis",c79773f7-b06c-4268-a3cb-63f9ef8e110b,2025,first_quarter,SIDLEY AUSTIN LLP,"TAYLOR FRESH FOODS, INC",HCR,Food regulation,380000.0,https://lda.senate.gov/api/v1/filings/c79773f7-b06c-4268-a3cb-63f9ef8e110b/?format=json
147219,PATRICIA,DELOATCHE,health,"Health Policy Director, Sen. Orrin Hatch; Chief of Staff, Legislative Director, Legislative Assistant, Rep. Mike Bilirakis",c79773f7-b06c-4268-a3cb-63f9ef8e110b,2025,first_quarter,SIDLEY AUSTIN LLP,"TAYLOR FRESH FOODS, INC",HCR,Food regulation,380000.0,https://lda.senate.gov/api/v1/filings/c79773f7-b06c-4268-a3cb-63f9ef8e110b/?format=json
147219,PATRICIA,DELOATCHE,health,"Health Policy Director, Sen. Orrin Hatch; Chief of Staff; Legislative Director, Legislative Assistant, Rep. Mike Bilirakis",c79773f7-b06c-4268-a3cb-63f9ef8e110b,2025,first_quarter,SIDLEY AUSTIN LLP,"TAYLOR FRESH FOODS, INC",HCR,Food regulation,380000.0,https://lda.senate.gov/api/v1/filings/c79773f7-b06c-4268-a3cb-63f9ef8e110b/?format=json
147219,PATRICIA,DELOATCHE,health,"Health Policy Director, Sen. Orrin Hatch; Chief of Staff; Legislative Director, Legislative Assistant, Rep. Mike Bilirakis",c79773f7-b06c-4268-a3cb-63f9ef8e110b,2025,first_quarter,SIDLEY AUSTIN LLP,"TAYLOR FRESH FOODS, INC",HCR,Food regulation,380000.0,https://lda.senate.gov/api/v1/filings/c79773f7-b06c-4268-a3cb-63f9ef8e110b/?format=json
147219,PATRICIA,DELOATCHE,health,"Health Policy Director, Sen. Orrin Hatch; Chief of Staff, Legislative Director,Legislative Assistant, Rep. Mike Bilirakis",c79773f7-b06c-4268-a3cb-63f9ef8e110b,2025,first_quarter,SIDLEY AUSTIN LLP,"TAYLOR FRESH FOODS, INC",HCR,Food regulation,380000.0,https://lda.senate.gov/api/v1/filings/c79773f7-b06c-4268-a3cb-63f9ef8e110b/?format=json
147219,PATRICIA,DELOATCHE,health,"Health Policy Director, Sen. Orrin Hatch; Chief of Staff, Legislative Director, Legislative Assistant, Rep. Mike Balirakis",c79773f7-b06c-4268-a3cb-63f9ef8e110b,2025,first_quarter,SIDLEY AUSTIN LLP,"TAYLOR FRESH FOODS, INC",HCR,Food regulation,380000.0,https://lda.senate.gov/api/v1/filings/c79773f7-b06c-4268-a3cb-63f9ef8e110b/?format=json
147219,PATRICIA,DELOATCHE,health,"Health Policy Director, Sen Orrin Hatch; Chief of Staff, Legislative Director, Legislative Assistant, Rep. Mike Bilirakis",c79773f7-b06c-4268-a3cb-63f9ef8e110b,2025,first_quarter,SIDLEY AUSTIN LLP,"TAYLOR FRESH FOODS, INC",HCR,Food regulation,380000.0,https://lda.senate.gov/api/v1/filings/c79773f7-b06c-4268-a3cb-63f9ef8e110b/?format=json
140808,SONJA,NESBIT,ways_means,"Sonja NesbitDeputy Assistant Secretary of Legislation, U.S. Dept. of Health & Human Services (2013-2016); Deputy Staff Director, Ways and Means Committee, Subcommittee on Income Security and Family Support, U.S. House of Representatives (2002-2013)",70e1be51-3245-4cea-94ac-b1350f7fd35f,2024,first_quarter,ARNOLD & PORTER KAYE SCHOLER LLP,PERRIGO COMPANY PLC,HCR,Issues related to the manufacturing of infant formula and issues related to over-the-counter birth control.,380000.0,https://lda.senate.gov/api/v1/filings/70e1be51-3245-4cea-94ac-b1350f7fd35f/?format=json
140808,SONJA,NESBIT,ways_means,"Deputy Assistant Secretary of Legislation, U.S. Dept. of Health & Human Services (2013-16); Deputy Staff Director, Subcommittee on Income Security and Family Support, House Ways and Means Committee (2002-13)",70e1be51-3245-4cea-94ac-b1350f7fd35f,2024,first_quarter,ARNOLD & PORTER KAYE SCHOLER LLP,PERRIGO COMPANY PLC,HCR,Issues related to the manufacturing of infant formula and issues related to over-the-counter birth control.,380000.0,https://lda.senate.gov/api/v1/filings/70e1be51-3245-4cea-94ac-b1350f7fd35f/?format=json
102193,BOBBY,MCMILLIN,health,"General Counsel, Senate Committee on Health, Education, Labor, & Pensions (HELP) (2015-2019); Counsel, Senate HELP Committee (2015); Counsel, Sen. Chambliss (2013-2015); Regional Rep., Sen. Chambliss (2012-13); Press Intern, Sen. Chambliss (2007)",70e1be51-3245-4cea-94ac-b1350f7fd35f,2024,first_quarter,ARNOLD & PORTER KAYE SCHOLER LLP,PERRIGO COMPANY PLC,HCR,Issues related to the manufacturing of infant formula and issues related to over-the-counter birth control.,380000.0,https://lda.senate.gov/api/v1/filings/70e1be51-3245-4cea-94ac-b1350f7fd35f/?format=json
102193,BOBBY,MCMILLIN,health,"General Counsel, Senate Committee on Health, Education, Labor, & Pensions (HELP) (2015-2019); Counsel, Senate HELP Committee (2015); Counsel, Sen. Chambliss (2013-2015); Regional Rep., Sen. Chambliss (2012-2013); Press Intern, Sen. Chambliss (2007)",70e1be51-3245-4cea-94ac-b1350f7fd35f,2024,first_quarter,ARNOLD & PORTER KAYE SCHOLER LLP,PERRIGO COMPANY PLC,HCR,Issues related to the manufacturing of infant formula and issues related to over-the-counter birth control.,380000.0,https://lda.senate.gov/api/v1/filings/70e1be51-3245-4cea-94ac-b1350f7fd35f/?format=json
102193,BOBBY,MCMILLIN,health,"General Counsel, Senate Committee on Health, Education, Labor, & Pensions (HELP) (2015-2019); Counsel, Senate HELP Committee (2015); Counsel, Sen. Chambliss (2013-2015); Regional Rep., Sen. Chambliss (2012-13); Press Intern, Sen. Chambliss (2007)",70e1be51-3245-4cea-94ac-b1350f7fd35f,2024,first_quarter,ARNOLD & PORTER KAYE SCHOLER LLP,PERRIGO COMPANY PLC,HCR,Issues related to the manufacturing of infant formula and issues related to over-the-counter birth control.,380000.0,https://lda.senate.gov/api/v1/filings/70e1be51-3245-4cea-94ac-b1350f7fd35f/?format=json
147219,PATRICIA,DELOATCHE,health,"Health Policy Director, Sen. Orrin Hatch; Chief of Staff, Legislative Direcor, Legislative Assistant, Rep. Mike Bilirakis",c79773f7-b06c-4268-a3cb-63f9ef8e110b,2025,first_quarter,SIDLEY AUSTIN LLP,"TAYLOR FRESH FOODS, INC",HCR,Food regulation,380000.0,https://lda.senate.gov/api/v1/filings/c79773f7-b06c-4268-a3cb-63f9ef8e110b/?format=json
102193,BOBBY,MCMILLIN,health,"General Counsel, Senate Health, Education, Labor, & Pensions (HELP) Committee (2015-2019); Counsel, Senate HELP Committee (2015); Counsel, Sen. Chambliss (2013-2015); Regional Rep., Sen. Chambliss (2012-13); Press Intern, Sen. Chambliss (2007)",70e1be51-3245-4cea-94ac-b1350f7fd35f,2024,first_quarter,ARNOLD & PORTER KAYE SCHOLER LLP,PERRIGO COMPANY PLC,HCR,Issues related to the manufacturing of infant formula and issues related to over-the-counter birth control.,380000.0,https://lda.senate.gov/api/v1/filings/70e1be51-3245-4cea-94ac-b1350f7fd35f/?format=json
147219,PATRICIA,DELOATCHE,health,"Health Policy Director, Sen. Orrin Hatch; Chief of Staff, Legislative Director,Legislative Assistant, Rep. Mike Bilirakis",c79773f7-b06c-4268-a3cb-63f9ef8e110b,2025,first_quarter,SIDLEY AUSTIN LLP,"TAYLOR FRESH FOODS, INC",HCR,Food regulation,380000.0,https://lda.senate.gov/api/v1/filings/c79773f7-b06c-4268-a3cb-63f9ef8e110b/?format=json
149564,ABIGAIL,CARROLL,energy_commerce,"Detailee to the Energy and Commerce Committee, U.S. House of Representatives",c79773f7-b06c-4268-a3cb-63f9ef8e110b,2025,first_quarter,SIDLEY AUSTIN LLP,"TAYLOR FRESH FOODS, INC",HCR,Food regulation,380000.0,https://lda.senate.gov/api/v1/filings/c79773f7-b06c-4268-a3cb-63f9ef8e110b/?format=json
63646,EUGENIA,PIERSON,energy_commerce,"Clerk, House Energy and Commerce Committee (2001-2005)",70e1be51-3245-4cea-94ac-b1350f7fd35f,2024,first_quarter,ARNOLD & PORTER KAYE SCHOLER LLP,PERRIGO COMPANY PLC,HCR,Issues related to the manufacturing of infant formula and issues related to over-the-counter birth control.,380000.0,https://lda.senate.gov/api/v1/filings/70e1be51-3245-4cea-94ac-b1350f7fd35f/?format=json
147219,PATRICIA,DELOATCHE,health,"Health Policy Director, Sen. Orrin Hatch; Chief of Staff; Legislative Director, Legislative Assistant, Rep. Mike Bilirakis",c79773f7-b06c-4268-a3cb-63f9ef8e110b,2025,first_quarter,SIDLEY AUSTIN LLP,"TAYLOR FRESH FOODS, INC",HCR,Food regulation,380000.0,https://lda.senate.gov/api/v1/filings/c79773f7-b06c-4268-a3cb-63f9ef8e110b/?format=json
147219,PATRICIA,DELOATCHE,health,"Health Policy Director, Sen. Orrin Hatch; Chief of Staff, Legislative Director, and Legislative Assistant, Rep. Mike Bilirakis",c79773f7-b06c-4268-a3cb-63f9ef8e110b,2025,first_quarter,SIDLEY AUSTIN LLP,"TAYLOR FRESH FOODS, INC",HCR,Food regulation,380000.0,https://lda.senate.gov/api/v1/filings/c79773f7-b06c-4268-a3cb-63f9ef8e110b/?format=json
61584,AARON,CUTLER,energy_commerce,"?Senior Policy Advisor, House Com. Nat Resources (2014); Senior Advisor for Policy and Outreach, Office of House Majority Leader Eric Cantor (2013-2014); Deputy Policy Director , House Committee on Energy and Commerce (2009-2013)",0e442ca8-619a-4b7d-bb41-07bda4080b5b,2025,fourth_quarter,HOGAN LOVELLS US LLP,INVENERGY LLC,ENG,Issues related to energy development and transmission,380000.0,https://lda.senate.gov/api/v1/filings/0e442ca8-619a-4b7d-bb41-07bda4080b5b/?format=json
147219,PATRICIA,DELOATCHE,health,"Health Policy Director, Sen. Orrin Hatch; Chief of Staff, Legislative Direcor, Legislative Assistant, Rep. Mike Bilirakis",c79773f7-b06c-4268-a3cb-63f9ef8e110b,2025,first_quarter,SIDLEY AUSTIN LLP,"TAYLOR FRESH FOODS, INC",HCR,Food regulation,380000.0,https://lda.senate.gov/api/v1/filings/c79773f7-b06c-4268-a3cb-63f9ef8e110b/?format=json
