lobbyist_id,first_name,last_name,sample_position,filings_with_lobbyist,distinct_positions,clients_lobbied_for
26124,JENNIFER,YOUNG,"Asst. Sec. for Leg.- HHS; Dep. Asst. Sec for Leg. - HHS; Cmte. Staff, House Cmte. on Ways and Means; Cmte. Staff. Sen. Cmte. on Finance",1064,4,"AMGEN INC | PHRMA | HEALTH GORILLA | EVERGREEN NEPHROLOGY | WHOOP | NOVOCURE INC. | TAKEDA PHARMACEUTICALS AMERICA, INC. | UNIQURE BIOPHARMA B.V. | 10X GENOMICS | ASTRAZENECA | BOEHRINGER INGELHEIM | BREAKTHROUGH T1D (FKA JUVENILE DIABETES RESEARCH FOUNDATION INTERNATIONAL) | ONE MEDICAL | SAREPTA THERAPEUTICS | HIMS & HERS HEALTH, INC. | OPEN PHILANTHROPY ACTION FUND | GILEAD SCIENCES, INC. | HEALTH CARE SERVICE CORPORATION | ELI LILLY AND COMPANY | LINCARE | ABBOTT (FORMERLY KNOWN AS ALERE INC.) | IDORSIA PHARMACEUTICALS US INC | CALIFORNIA PROTONS CANCER THERAPY CENTER | BLUE CROSS BLUE SHIELD ASSOCIATION | FLAGSHIP PIONEERING | MERCK | NATIONAL ELECTRICAL MANUFACTURERS ASSOCIATION (MITA) | VERTEX PHARMACEUTICALS INCORPORATED | ASTELLAS PHARMA US, INC | PRIORITY ON DEMAND | LOCAL HEALTH PLANS OF CALIFORNIA | HEALTHCARE DISTRIBUTION ALLIANCE (HEALTHCARE DISTRIBUTION MANAGMENT ASSN.) | NEUROCRINE BIOSCIENCES, INC. | AMERICAN INVESTMENT COUNCIL | AMERICAN COLLEGE OF PHYSICIANS | BAXTER | BRISTOL MYERS SQUIBB | QUEST DIAGNOSTICS | PHREESIA | ADVOCATES FOR COMMUNITY HEALTH | JAZZ PHARMACEUTICALS INC. | GENTIVA (FORMERLY REPORTED AS HUMANA & KINDRED AT HOME) | VALNEVA USA, INC | AMERICAN ACADEMY OF PEDIATRICS | AMAZON.COM SERVICES LLC | UNITED NETWORK FOR ORGAN SHARING | MEDICAL FACULTY ASSOCIATES, INC. | OTSUKA AMERICA PHARMACEUTICAL, INC. | ACCENTURE FEDERAL SERVICES | AMYLYX PHARMACEUTICALS | AMERICAN OSTEOPATHIC ASSOCIATION | H2 HEALTH | MALLINCKRODT PHARMACEUTICALS | LONGEVITY HEALTH PLAN | AMNEAL PHARMACEUTICALS, INC. | VERTANICAL | THORN RUN PARTNERS (ON BEHALF OF THE PARTNERSHIP TO IMPROVE PATIENT CARE) | AVAILITY | CARDINAL HEALTH (F.K.A. THE GLOVER PARK GROUP) | GAINWELL TECHNOLOGIES (FKA HEALTH MANAGEMENT SYSTEMS) | SAS | NATIONAL SEATING & MOBILITY | BLUEPRINT BIOSECURITY ACTION | BD (BECTON, DICKINSON AND COMPANY) | MEDICALLY HOME | TRIPLE-S MANAGEMENT CORPORATION | EXCELLUS HEALTH PLAN, INC. | AMERICAN CANCER SOCIETY CANCER ACTION NETWORK (ACSCAN) | ABBVIE INC. | THE AMPUTEE COALITION | SANOFI US SERVICES INC (FORMERLY KNOWN AS GENZYME CORPORATION) | NOVARTIS | ADVAMED | NATIONAL COMPREHENSIVE CANCER NETWORK | SIGNIFY (F.K.A. REMEDY BPCI PARTNERS, LLC) | AIS HEALTHCARE | ALZHEIMER'S ASSOCIATION | BIOTECHNOLOGY INDUSTRY ORGANIZATION | ELEVANCE HEALTH, INC (F.K.A. ANTHEM, INC. & WELLPOINT, INC.) | HEALTHCARE LEADERSHIP COUNCIL | NOVO NORDISK INC. | OPTION CARE HEALTH | OCTAVIANT FINANCIAL INC. | FOUNDATION MEDICINE | GENENTECH, INC. | HANSA BIOPHARMA | REPLIMUNE INC. | TERSERA THERAPEUTICS"
64513,CHARLOTTE,IVANCIC,"Leg. Counsel, Sen. Jim DeMint; Health Counsel, Maj. Leader Bill Frist; Counsel and Budget Analyst, House Budget Cmte.; Asst. to the Speaker for Policy, Speaker John Boehner",1055,5,"10X GENOMICS | ASTRAZENECA | BOEHRINGER INGELHEIM | BREAKTHROUGH T1D (FKA JUVENILE DIABETES RESEARCH FOUNDATION INTERNATIONAL) | ONE MEDICAL | SAREPTA THERAPEUTICS | HIMS & HERS HEALTH, INC. | OPEN PHILANTHROPY ACTION FUND | AIS HEALTHCARE | ALZHEIMER'S ASSOCIATION | BIOTECHNOLOGY INDUSTRY ORGANIZATION | ELEVANCE HEALTH, INC (F.K.A. ANTHEM, INC. & WELLPOINT, INC.) | HEALTHCARE LEADERSHIP COUNCIL | NOVO NORDISK INC. | OCTAVIANT FINANCIAL INC. | OPTION CARE HEALTH | ADULT VACCINE ACCESS COALITION | AMGEN INC | PHRMA | HEALTH GORILLA | EVERGREEN NEPHROLOGY | ADVOCATES FOR COMMUNITY HEALTH | JAZZ PHARMACEUTICALS INC. | GENTIVA (FORMERLY REPORTED AS HUMANA & KINDRED AT HOME) | VALNEVA USA, INC | AMERICAN ACADEMY OF PEDIATRICS | AMAZON.COM SERVICES LLC | MEDICAL FACULTY ASSOCIATES, INC. | OTSUKA AMERICA PHARMACEUTICAL, INC. | FOUNDATION MEDICINE | GENENTECH, INC. | HANSA BIOPHARMA | AMERICAN CANCER SOCIETY CANCER ACTION NETWORK (ACSCAN) | ABBVIE INC. | THE AMPUTEE COALITION | SANOFI US SERVICES INC (FORMERLY KNOWN AS GENZYME CORPORATION) | NOVARTIS | ADVAMED | LANTHEUS | MATHEMATICA, INC | NATIONAL ASSOCIATION OF ACCOUNTABLE CARE ORGANIZATIONS | AMERICAN ACADEMY OF HOME CARE MEDICINE | SIGNIFY (F.K.A. REMEDY BPCI PARTNERS, LLC) | BD (BECTON, DICKINSON AND COMPANY) | MEDICALLY HOME | TRIPLE-S MANAGEMENT CORPORATION | EXCELLUS HEALTH PLAN, INC. | COTIVITI, INC. | GILEAD SCIENCES, INC. | HEALTH CARE SERVICE CORPORATION | ELI LILLY AND COMPANY | LINCARE | ABBOTT (FORMERLY KNOWN AS ALERE INC.) | CALIFORNIA PROTONS CANCER THERAPY CENTER | CARDINAL HEALTH (F.K.A. THE GLOVER PARK GROUP) | GAINWELL TECHNOLOGIES (FKA HEALTH MANAGEMENT SYSTEMS) | SAS | NATIONAL SEATING & MOBILITY | THORN RUN PARTNERS (ON BEHALF OF THE PARTNERSHIP TO IMPROVE PATIENT CARE) | AVAILITY | LONGEVITY HEALTH PLAN | AMNEAL PHARMACEUTICALS, INC. | ACCENTURE FEDERAL SERVICES | AMYLYX PHARMACEUTICALS | AMERICAN OSTEOPATHIC ASSOCIATION | SPARX GROUP INC. | H2 HEALTH | MALLINCKRODT PHARMACEUTICALS | BRISTOL MYERS SQUIBB | QUEST DIAGNOSTICS | PHREESIA | HEALTHCARE DISTRIBUTION ALLIANCE (HEALTHCARE DISTRIBUTION MANAGMENT ASSN.) | NEUROCRINE BIOSCIENCES, INC. | AMERICAN INVESTMENT COUNCIL | CRINETICS PHARMACEUTICALS | AMERICAN COLLEGE OF PHYSICIANS | SWORD HEALTH, INC. | CULINA HEALTH | BAXTER | NOVOCURE INC. | TAKEDA PHARMACEUTICALS AMERICA, INC. | BLUE CROSS BLUE SHIELD ASSOCIATION | FLAGSHIP PIONEERING | MERCK | NATIONAL ELECTRICAL MANUFACTURERS ASSOCIATION (MITA) | VERTEX PHARMACEUTICALS INCORPORATED | ASTELLAS PHARMA US, INC"
71297,EMILY,MURRY,"Staff Dir., Sub. Cmte. on Helath, Ways and Means Cmte; Sr. Policy Adivsor, Maj. Leader McCarthy; Policy Advisor, Maj. Whip McCarthy; Prof. Staff, Republicans Study Cmte.; Leg. Aide, Rep. Ken Calvert; Leg. Asst., Rep. Tom Price",1047,4,"GILEAD SCIENCES, INC. | HEALTH CARE SERVICE CORPORATION | ELI LILLY AND COMPANY | LINCARE | ABBOTT (FORMERLY KNOWN AS ALERE INC.) | IDORSIA PHARMACEUTICALS US INC | CALIFORNIA PROTONS CANCER THERAPY CENTER | BD (BECTON, DICKINSON AND COMPANY) | MEDICALLY HOME | TRIPLE-S MANAGEMENT CORPORATION | EXCELLUS HEALTH PLAN, INC. | ADVOCATES FOR COMMUNITY HEALTH | JAZZ PHARMACEUTICALS INC. | GENTIVA (FORMERLY REPORTED AS HUMANA & KINDRED AT HOME) | VALNEVA USA, INC | AMERICAN ACADEMY OF PEDIATRICS | AMAZON.COM SERVICES LLC | MEDICAL FACULTY ASSOCIATES, INC. | OTSUKA AMERICA PHARMACEUTICAL, INC. | AMGEN INC | PHRMA | HEALTH GORILLA | EVERGREEN NEPHROLOGY | WHOOP | ACCENTURE FEDERAL SERVICES | AMYLYX PHARMACEUTICALS | AMERICAN OSTEOPATHIC ASSOCIATION | ACTUM ON BEHALF OF HEALTHEQUITY, INC. | SPARX GROUP INC. | H2 HEALTH | MALLINCKRODT PHARMACEUTICALS | LONGEVITY HEALTH PLAN | AMNEAL PHARMACEUTICALS, INC. | AIS HEALTHCARE | ALZHEIMER'S ASSOCIATION | BIOTECHNOLOGY INDUSTRY ORGANIZATION | ELEVANCE HEALTH, INC (F.K.A. ANTHEM, INC. & WELLPOINT, INC.) | HEALTHCARE LEADERSHIP COUNCIL | NOVO NORDISK INC. | OCTAVIANT FINANCIAL INC. | OPTION CARE HEALTH | ADULT VACCINE ACCESS COALITION | 10X GENOMICS | ASTRAZENECA | BOEHRINGER INGELHEIM | BREAKTHROUGH T1D (FKA JUVENILE DIABETES RESEARCH FOUNDATION INTERNATIONAL) | ONE MEDICAL | SAREPTA THERAPEUTICS | HIMS & HERS HEALTH, INC. | OPEN PHILANTHROPY ACTION FUND | BLUE CROSS BLUE SHIELD ASSOCIATION | FLAGSHIP PIONEERING | MERCK | NATIONAL ELECTRICAL MANUFACTURERS ASSOCIATION (MITA) | VERTEX PHARMACEUTICALS INCORPORATED | ASTELLAS PHARMA US, INC | PRIORITY ON DEMAND | LOCAL HEALTH PLANS OF CALIFORNIA | HEALTHCARE DISTRIBUTION ALLIANCE (HEALTHCARE DISTRIBUTION MANAGMENT ASSN.) | NEUROCRINE BIOSCIENCES, INC. | AMERICAN INVESTMENT COUNCIL | AMERICAN COLLEGE OF PHYSICIANS | SWORD HEALTH, INC. | CULINA HEALTH | BAXTER | AMERICAN CANCER SOCIETY CANCER ACTION NETWORK (ACSCAN) | ABBVIE INC. | THE AMPUTEE COALITION | SANOFI US SERVICES INC (FORMERLY KNOWN AS GENZYME CORPORATION) | NOVARTIS | ADVAMED | NATIONAL ASSOCIATION OF ACCOUNTABLE CARE ORGANIZATIONS | AMERICAN ACADEMY OF HOME CARE MEDICINE | SIGNIFY (F.K.A. REMEDY BPCI PARTNERS, LLC) | FOUNDATION MEDICINE | GENENTECH, INC. | HANSA BIOPHARMA | NOVOCURE INC. | TAKEDA PHARMACEUTICALS AMERICA, INC. | THORN RUN PARTNERS (ON BEHALF OF THE PARTNERSHIP TO IMPROVE PATIENT CARE) | BRISTOL MYERS SQUIBB | QUEST DIAGNOSTICS | PHREESIA | CARDINAL HEALTH (F.K.A. THE GLOVER PARK GROUP) | GAINWELL TECHNOLOGIES (FKA HEALTH MANAGEMENT SYSTEMS) | SAS | NATIONAL SEATING & MOBILITY"
50849,JASON,MCKITRICK,"Analyst, House Budget, L.A. Rep. John Kasich",1011,10,"LIFELINE VASCULAR CARE (FKA LIFELINE VASCULAR ACCESS) (CARDIOVASCULAR COALITION) | LIFELINE VASCULAR CARE (FKA ACCESS) (DIALYSIS VASCULAR ACCESS COALITION) | BALBOA NEPHROLOGY MEDICAL GROUP (DVAC REF) | NEPHROLOGY ASSOCIATES OF NORTHERN ILLINOIS AND INDIANA (DVAC REF) | RC BILLING (AMERICANS FOR FAIR HEALTH CARE) | AZURA VASCULAR CARE (FKA FRESENIUS VASCULAR)(DIALYSIS VASCULAR ACCESS COALITION) | NORTHWEST RENAL CLINIC, INC. (DVAC REF) | TELEFLEX (OFFICE-BASED FACILITY ASSN OBFA) (FKA USPA) | ALLIANCE FOR AMERICA'S PROMISE, INC. | DAVITA, INC. | SCP HEALTH (AMERICANS FOR FAIR HEALTH CARE) | AMERICAN COLLEGE OF RADIATION ONCOLOGY | AUSTIN KIDNEY ASSOCIATES (DVAC REF) | AZURA VASCULAR CARE (OBFA) FKA AZURA VASCULAR CARE-NCP (OBFA FKA USPA) | CARDIOVASCULAR INSTITUTE OF THE SOUTH (CARDIOVASCULAR COALITION) | ARIZONA KIDNEY DISEASE AND HYPERTENSION CENTER (DIALYSIS VASCULAR ACCESS COALITI | LEE HEALTH (FKA LEE MEMORIAL HEALTH SYSTEM) | SOUND PHYSICIANS (FKA SOUND INPATIENT PHYSICIANS, INC.) | BOSTON SCIENTIFIC (OFFICE-BASED FACILITY ASSN OBFA) (FKA USPA) | BD PERIPHERAL INTERVENTION (CARDIOVASCULAR COALITION) | PROVIDENCE ANESTHESIOLOGY ASSOCIATES (AMERICANS FOR FAIR HEALTH CARE) | RAMPART IC [IMAGE SAFELY 360] | NATIONAL CARDIOVASCULAR PARTNERS (CARDIOVASCULAR COALITION) | REVENUE CYCLE CODING STRATEGIES (OFFICE-BASED FACILITY ASSN OBFA) (FKA USPA) | BROWN, GOLDSTEIN & LEVY | NATIONAL ENDOVASCULAR ASSOCIATES (OFFICE-BASED FACILITY ASSN OBFA) | RADIOLOGY PARTNERS (AMERICANS FOR FAIR HEALTH CARE) | PHILIPS IMAGE GUIDED THERAPY/VOLCANO CORPORATION (CARDIOVASCULAR COALITION) | THE VASCULAR CARE GROUP (CARDIOVASCULAR COALITION) | PACIFIC DENTAL SERVICES LLC | MEDTRONIC (OFFICE-BASED FACILITY ASSN OBFA) (FKA USPA) | BAYADA HEARTS FOR HOME CARE, INC. (FKA BAYADA HOME HEALTH CARE) | HENRY SCHEIN | REVENUE CYCLE CODING STRATEGIES AND RC BILLING | MID-ATLANTIC NEPHROLOGY ASSOCIATES, P.A. (DVAC REF) | NSPC BRAIN & SPINE SURGERY (AMERICANS FOR FAIR HEALTH CARE) | CENTERS FOR VEIN RESTORATION | CANON MEDICAL SYSTEMS USA [IMAGE SAFELY 360] | GOTTLIEB & GREENSPAN [AMERICANS FOR FAIR HEALTH CARE] | AZURA VASCULAR CARE (FKA FRESENIUS VASCULAR CARE) (CARDIOVASCULAR COALITION) | MEDTRONIC (CARDIOVASCULAR COALITION) | PHILIPS IMAGE GUIDED THERAPY (OFFICE-BASED FACILITY ASSN OBFA) (FKA USPA) | HEART TO HEART HOSPICE | PIVOTAL HEALTH (AFHC) [FKA RADIX HEALTH (AMERICANS FOR FAIR HEALTH CARE)] | HALOMD [AMERICANS FOR FAIR HEALTH CARE] | ENVISION HEALTHCARE (AMERICANS FOR FAIR HEALTH CARE) | QUANTUM RADIOLOGY (AMERICANS FOR FAIR HEALTH CARE) | RADIOLOGY OF INDIANA (AMERICANS FOR FAIR HEALTH CARE) | WORLDWIDE INNOVATIONS & TECHNOLOGIES [IMAGE SAFELY 360] | MEDFLOW | OUTPATIENT ENDOVASCULAR AND INTERVENTIONAL SOCIETY (CARDIOVASCULAR COALITION) | SANTA FE GROUP | JANSSEN PHARMACEUTICALS, INC. (CARDIOVASCULAR COALILTION) | VESPER MEDICAL, INC. (CARDIOVASCULAR COALITION) | ANGIOSAFE (CARDIOVASCULAR COALITION) | CARDIOVASCULAR COALITION | PULSE VASCULAR (CARDIOVASCULAR COALITION) | AMERICAN VEIN & LYMPHATIC SOCIETY (OFFICE-BASED FACILITY ASSN OBFA) (FKA USPA) | ABBOTT FKA CSI (OFFICE-BASED FACILITY ASSN OBFA) (FKA USPA) | ALLIANCE FOR PHYSICAL THERAPY QUALITY AND INNOVATION | ALLIANCE FOR PHYSICAL THERAPY QUALITY AND INNOVATION (OBFA FKA USPA) | AMERICAN VASCULAR ASSOCIATES (OFFICE-BASED FACILITY ASSN OBFA) (FKA USPA) | HOUSTON RADIOLOGY (AMERICANS FOR FAIR HEALTH CARE) | AMERICAN VASCULAR ACCESS, LLC (CARDIOVASCULAR COALITION) | NEPHROLOGY ASSOCIATES, P.A. (DVAC REF) | THE FIBROID COALITION | RADIOLOGY PARTNERS (OFFICE-BASED FACILITY ASSN OBFA) (FKA USPA) | RADIOLOGY IMAGING ASSOCIATES LLC (AFHC) | COALITION FOR ORAL HEALTH POLICY | TEAMHEALTH, INC. (AMERICANS FOR FAIR HEALTH CARE) | ABBOTT (CVC) (FKA CARDIOVASCULAR SYSTEMS, INC, CARDIOVASCULAR COALITION) | DALLAS NEPHROLOGY ASSOCIATES (DVAC REF) | RADIX HEALTH (AMERICANS FOR FAIR HEALTH CARE) | SPECIALTYCARE (AMERICANS FOR FAIR HEALTH CARE) FKA SPECIALTYCARE | APOLLOMD (AMERICANS FOR FAIR HEALTH CARE) | ARISE VASCULAR (CARDIOVASCULAR COALITION) | GRAY SPACE STRATEGIES | ATLAS HEALTHCARE PARTNERS (C-ASC COALITION) | SAN ANTONIO KIDNEY DISEASE CENTER (DVAC REF) | AMERICAN VASCULAR ACCESS LLC (DIALYSIS VASCULAR ACCESS COALITION) | ALBERT VEIN INSTITUTE (OFFICE-BASED FACILITY ASSN OBFA)"
65984,DANIEL,MCFAUL,Legislative Director to U.S. Representative Joe Scarborough; Chief of Staff to U.S. Representatives Jeff Miller and Matt Gaetz.,989,3,"FLAGLER HEALTH+ | RENEWABLE ENERGY AGGREGATORS, INC. | COMPUTER & COMMUNICATIONS INDUSTRY ASSOCIATION | JACOBS ENGINEERING GROUP INC. | TIKTOK INC. | PAUL M. HARDEN (ON BEHALF OF THE CITY OF JACKSONVILLE) | SABER HEALTHCARE GROUP | HARD ROCK JAPAN K.K. | OKALOOSA COUNTY, FL | CARESOURCE MISSION | UNIVERSITY OF WASHINGTON | COMCAST CORPORATION | PRIME VENTURE CAPITAL, LLC | LEONARDO DRS, INC. | MANATEE COUNTY | RAI SERVICES COMPANY (FKA- RAISC) | TAMPA-HILLSBOROUGH EXPRESSWAY AUTHORITY | WALGREEN CO. | PENSACOLA STATE COLLEGE FOUNDATION, INC. | IGAS USA, INC. | TIGER BIOSCIENCES | AECOM | AXINN, VELTROP & HARKRIDER LLP ON BEHALF OF WORLDPAY, INC. | BIOCARE DONOR TISSUE NETWORK, LLC | JEA | CITY OF MIAMI | CITY OF PENSACOLA | MCDERMOTT+ CONSULTING (ON BEHALF OF THE AMERICAN ACADEMY OF OPHTHALMOLOGY) | SWIRE PROPERTIES, INC. | CITY OF WINTER HAVEN | MAJOR COUNTY SHERIFFS OF AMERICA, INC. | AXINN, VELTROP & HARKRIDER LLP ON BEHALF OF ASSUREDPARTNERS | THE MOSAIC COMPANY | SINGANI 63 | SOCURE INC. | AMAZON.COM | DAIMLER TRUCK NORTH AMERICA LLC | VIZ.AI | SKY BOAT LLC | BLUE ORIGIN, LLC | FALCON COPPER CORP. | MIAMI-DADE TRANSPORTATION PLANNING ORGANIZATION | PINELLAS COUNTY | GAPINGVOID CULTURE DESIGN GROUP | NOVA SOUTHEASTERN UNIVERSITY | COLONIAL MANAGEMENT GROUP, LP | SAVANTAGE SOLUTIONS, INC. | MHP FOOD TRADING LLC | BRAIN ANEURYSM FOUNDATION | AMERICAN CHEMISTRY COUNCIL | FLORIDA ATLANTIC UNIVERSITY | TAMPA GENERAL HOSPITAL | TRULIEVE | RIVERSIDE RECOVERY OF TAMPA | TOTALENERGIES EP MOZAMBIQUE AREA 1 | UNITED AIRLINES, INC. | PALM BEACH COUNTY | IGUANA INVESTMENTS FLORIDA LLC | FARMACEUTICALRX OF PA, LLC | LEE COUNTY BOARD OF COUNTY COMMISSIONERS | WALTON COUNTY, FLORIDA | AKIN GUMP STRAUSS HAUER & FELD (ON BEHALF OF NIPPON STEEL CORPORATION) | POTOMAC CENTER NORTH, INC. | VIZIENT, INC. | HOPE HEALTHCARE | SAFETY NET HOSPITAL ALLIANCE OF FLORIDA | U.S SUGAR CORPORATION | SAINT LEO UNIVERSITY | SCALE AI, INC. | HARBOR BREEZE CORP. | SOUTHERN GLAZER'S WINE AND SPIRITS, LLC | PRESIDENT AND FELLOWS OF HARVARD COLLEGE | ROLLS-ROYCE NORTH AMERICA | SEMINOLE HARD ROCK ENTERTAINMENT, INC. | UNIVERSITY OF FLORIDA HEALTH CORPORATION | MAINSTREAM ENGINEERING CORPORATION | SUNCOKE ENERGY | MOUNT SINAI MEDICAL CENTER | MIAMI-DADE COUNTY | AMERICAN HEALTH CARE ASSOCIATION | GETAROUND, INC. | PUBLIX SUPER MARKETS, INC. | SENIOR CARE PHARMACY, INC. | PERNOD RICARD USA., LLC | PUBLIC HEALTH TRUST OF MIAMI-DADE COUNTY (ON BEHALF OF JACKSON HEALTH SYSTEMS) | UNIVERSITY OF MIAMI | NEW COLLEGE FOUNDATION | ASSURED GUARANTY, INC. | BAYER U.S. LLC | F.E.B. CORP. | ZSCALER INC. | 3M COMPANY | CAPITOL HILL CONSULTING GROUP (ON BEHALF OF LHC GROUP) | NEXTERA ENERGY, INC./FLORIDA POWER AND LIGHT COMPANY | LOS ANGELES ORGANIZING COMMITTEE FOR THE OLYMPIC AND PARALYMPIC GAMES 2028 | MIAMI DADE COLLEGE FOUNDATION (F.K.A. FRIENDS OF MIAMI DADE COLLEGE) | ACCENTURE LLP | BELLINI BETTER WORLD FOUNDATION | SUPERIOR OPTICAL LABS, INC. | CONTINENTAL STRATEGY, LLC ON BEHALF OF THE STATE UNIVERSITY SYSTEM OF FLORIDA | THE SCHOOL BOARD OF LEE COUNTY, FLORIDA | THE ELECTRONIC PAYMENTS COALITION | THE REGENTS OF THE UNIVERSITY OF MICHIGAN | EXTREMITY CARE LLC | SR TECHNOLOGIES, INC. | CARBONFUND.ORG FOUNDATION | THE BOEING COMPANY | DBL VENTURES | GENMAB US, INC. | AIRLINES FOR AMERICA | BOOZ ALLEN HAMILTON INC. | OFFICE OF THE UNITED NATIONS HIGH COMMISSIONER FOR REFUGEES | VANDERBILT UNIVERSITY | WILDLANDSCAPES INTERNATIONAL | LEONARDO S.P.A. | MARTIN COUNTY, FLORIDA | MCDERMOTT+ CONSULTING (ON BEHALF OF ABBOTT DIABETES CARE) | SEPRO CORPORATION | PASCO COUNTY, FLORIDA | CITY OF NORTH MIAMI BEACH"
7749,RAISSA,DOWNS,"Prin. Dep. Asst. Sec for Leg.-HHS; Dep. Asst. Sec. for Leg.-HSS; Staff Dir., Sub Cmte. on Employment, Sen. HELP Cmte.",975,6,"CARDINAL HEALTH (F.K.A. THE GLOVER PARK GROUP) | GAINWELL TECHNOLOGIES (FKA HEALTH MANAGEMENT SYSTEMS) | SAS | NATIONAL SEATING & MOBILITY | LONGEVITY HEALTH PLAN | AMNEAL PHARMACEUTICALS, INC. | VERTANICAL | ACCENTURE FEDERAL SERVICES | AMYLYX PHARMACEUTICALS | AMERICAN OSTEOPATHIC ASSOCIATION | H2 HEALTH | MALLINCKRODT PHARMACEUTICALS | FOUNDATION MEDICINE | GENENTECH, INC. | HANSA BIOPHARMA | REPLIMUNE INC. | ADVOCATES FOR COMMUNITY HEALTH | JAZZ PHARMACEUTICALS INC. | GENTIVA (FORMERLY REPORTED AS HUMANA & KINDRED AT HOME) | VALNEVA USA, INC | AMAZON.COM SERVICES LLC | MEDICAL FACULTY ASSOCIATES, INC. | OTSUKA AMERICA PHARMACEUTICAL, INC. | BD (BECTON, DICKINSON AND COMPANY) | MEDICALLY HOME | TRIPLE-S MANAGEMENT CORPORATION | EXCELLUS HEALTH PLAN, INC. | AMERICAN CANCER SOCIETY CANCER ACTION NETWORK (ACSCAN) | ABBVIE INC. | THE AMPUTEE COALITION | SANOFI US SERVICES INC (FORMERLY KNOWN AS GENZYME CORPORATION) | NOVARTIS | ADVAMED | SIGNIFY (F.K.A. REMEDY BPCI PARTNERS, LLC) | BLUE CROSS BLUE SHIELD ASSOCIATION | FLAGSHIP PIONEERING | MERCK | NATIONAL ELECTRICAL MANUFACTURERS ASSOCIATION (MITA) | VERTEX PHARMACEUTICALS INCORPORATED | ASTELLAS PHARMA US, INC | 10X GENOMICS | ASTRAZENECA | BOEHRINGER INGELHEIM | BREAKTHROUGH T1D (FKA JUVENILE DIABETES RESEARCH FOUNDATION INTERNATIONAL) | ONE MEDICAL | SAREPTA THERAPEUTICS | HIMS & HERS HEALTH, INC. | OPEN PHILANTHROPY ACTION FUND | NOVOCURE INC. | UNIQURE BIOPHARMA B.V. | TAKEDA PHARMACEUTICALS AMERICA, INC. | AIS HEALTHCARE | ALZHEIMER'S ASSOCIATION | BIOTECHNOLOGY INDUSTRY ORGANIZATION | ELEVANCE HEALTH, INC (F.K.A. ANTHEM, INC. & WELLPOINT, INC.) | HEALTHCARE LEADERSHIP COUNCIL | NOVO NORDISK INC. | OCTAVIANT FINANCIAL INC. | ADULT VACCINE ACCESS COALITION | OPTION CARE HEALTH | AMGEN INC | PHRMA | EVERGREEN NEPHROLOGY | WHOOP | HEALTH GORILLA | HEALTHCARE DISTRIBUTION ALLIANCE (HEALTHCARE DISTRIBUTION MANAGMENT ASSN.) | NEUROCRINE BIOSCIENCES, INC. | AMERICAN INVESTMENT COUNCIL | BAXTER | BRISTOL MYERS SQUIBB | QUEST DIAGNOSTICS | IMMIX BIOPHARMA INC | THORN RUN PARTNERS (ON BEHALF OF THE PARTNERSHIP TO IMPROVE PATIENT CARE) | GILEAD SCIENCES, INC. | HEALTH CARE SERVICE CORPORATION | ELI LILLY AND COMPANY | LINCARE | ABBOTT (FORMERLY KNOWN AS ALERE INC.) | IDORSIA PHARMACEUTICALS US INC | CALIFORNIA PROTONS CANCER THERAPY CENTER"
65078,PAMELA,SMITH,"Leg. Dir., Sen. Tom Harkin; Dep. Staff Dir., Sen. HELP Cmte.; Staff Dir., Sen. HELP Cmte.; Counsel to Asst. AG, Civil Div., Dept. of Justice; Spec. Counsel, Ofc of Leg. Affairs, Dept. of Justice; Counsel and LA, Sen. Carol Moseley-Braun",975,8,"AMGEN INC | PHRMA | EVERGREEN NEPHROLOGY | WHOOP | HEALTH GORILLA | NOVOCURE INC. | UNIQURE BIOPHARMA B.V. | TAKEDA PHARMACEUTICALS AMERICA, INC. | 10X GENOMICS | ASTRAZENECA | BOEHRINGER INGELHEIM | BREAKTHROUGH T1D (FKA JUVENILE DIABETES RESEARCH FOUNDATION INTERNATIONAL) | ONE MEDICAL | SAREPTA THERAPEUTICS | HIMS & HERS HEALTH, INC. | OPEN PHILANTHROPY ACTION FUND | GILEAD SCIENCES, INC. | HEALTH CARE SERVICE CORPORATION | ELI LILLY AND COMPANY | LINCARE | ABBOTT (FORMERLY KNOWN AS ALERE INC.) | IDORSIA PHARMACEUTICALS US INC | CALIFORNIA PROTONS CANCER THERAPY CENTER | BLUE CROSS BLUE SHIELD ASSOCIATION | FLAGSHIP PIONEERING | MERCK | NATIONAL ELECTRICAL MANUFACTURERS ASSOCIATION (MITA) | VERTEX PHARMACEUTICALS INCORPORATED | ASTELLAS PHARMA US, INC | HEALTHCARE DISTRIBUTION ALLIANCE (HEALTHCARE DISTRIBUTION MANAGMENT ASSN.) | NEUROCRINE BIOSCIENCES, INC. | AMERICAN INVESTMENT COUNCIL | BAXTER | BRISTOL MYERS SQUIBB | QUEST DIAGNOSTICS | IMMIX BIOPHARMA INC | ADVOCATES FOR COMMUNITY HEALTH | JAZZ PHARMACEUTICALS INC. | GENTIVA (FORMERLY REPORTED AS HUMANA & KINDRED AT HOME) | VALNEVA USA, INC | AMAZON.COM SERVICES LLC | UNITED NETWORK FOR ORGAN SHARING | MEDICAL FACULTY ASSOCIATES, INC. | OTSUKA AMERICA PHARMACEUTICAL, INC. | ACCENTURE FEDERAL SERVICES | AMYLYX PHARMACEUTICALS | AMERICAN OSTEOPATHIC ASSOCIATION | H2 HEALTH | MALLINCKRODT PHARMACEUTICALS | LONGEVITY HEALTH PLAN | AMNEAL PHARMACEUTICALS, INC. | VERTANICAL | THORN RUN PARTNERS (ON BEHALF OF THE PARTNERSHIP TO IMPROVE PATIENT CARE) | CARDINAL HEALTH (F.K.A. THE GLOVER PARK GROUP) | GAINWELL TECHNOLOGIES (FKA HEALTH MANAGEMENT SYSTEMS) | SAS | NATIONAL SEATING & MOBILITY | BLUEPRINT BIOSECURITY ACTION | BD (BECTON, DICKINSON AND COMPANY) | MEDICALLY HOME | TRIPLE-S MANAGEMENT CORPORATION | EXCELLUS HEALTH PLAN, INC. | AMERICAN CANCER SOCIETY CANCER ACTION NETWORK (ACSCAN) | ABBVIE INC. | THE AMPUTEE COALITION | SANOFI US SERVICES INC (FORMERLY KNOWN AS GENZYME CORPORATION) | NOVARTIS | ADVAMED | SIGNIFY (F.K.A. REMEDY BPCI PARTNERS, LLC) | AIS HEALTHCARE | ALZHEIMER'S ASSOCIATION | BIOTECHNOLOGY INDUSTRY ORGANIZATION | ELEVANCE HEALTH, INC (F.K.A. ANTHEM, INC. & WELLPOINT, INC.) | HEALTHCARE LEADERSHIP COUNCIL | NOVO NORDISK INC. | OCTAVIANT FINANCIAL INC. | OPTION CARE HEALTH | FOUNDATION MEDICINE | GENENTECH, INC. | HANSA BIOPHARMA"
61537,ELIZABETH,MURRAY,"Senior Policy Advisor, Democratic Whip Steny Hoyer; Leg. Asst., Rep. Mike Thompson, Rep. Bob Matsui, and Sen. Bob Graham",966,4,"ACCENTURE FEDERAL SERVICES | AMYLYX PHARMACEUTICALS | AMERICAN OSTEOPATHIC ASSOCIATION | H2 HEALTH | MALLINCKRODT PHARMACEUTICALS | THORN RUN PARTNERS (ON BEHALF OF THE PARTNERSHIP TO IMPROVE PATIENT CARE) | CARDINAL HEALTH (F.K.A. THE GLOVER PARK GROUP) | GAINWELL TECHNOLOGIES (FKA HEALTH MANAGEMENT SYSTEMS) | SAS | NATIONAL SEATING & MOBILITY | BLUE CROSS BLUE SHIELD ASSOCIATION | FLAGSHIP PIONEERING | MERCK | NATIONAL ELECTRICAL MANUFACTURERS ASSOCIATION (MITA) | VERTEX PHARMACEUTICALS INCORPORATED | ASTELLAS PHARMA US, INC | PRIORITY ON DEMAND | LOCAL HEALTH PLANS OF CALIFORNIA | GILEAD SCIENCES, INC. | HEALTH CARE SERVICE CORPORATION | ELI LILLY AND COMPANY | LINCARE | ABBOTT (FORMERLY KNOWN AS ALERE INC.) | CALIFORNIA PROTONS CANCER THERAPY CENTER | BRISTOL MYERS SQUIBB | QUEST DIAGNOSTICS | PHREESIA | HEALTHCARE DISTRIBUTION ALLIANCE (HEALTHCARE DISTRIBUTION MANAGMENT ASSN.) | NEUROCRINE BIOSCIENCES, INC. | AMERICAN INVESTMENT COUNCIL | AMERICAN COLLEGE OF PHYSICIANS | CULINA HEALTH | BAXTER | FOUNDATION MEDICINE | GENENTECH, INC. | HANSA BIOPHARMA | AMGEN INC | PHRMA | HEALTH GORILLA | EVERGREEN NEPHROLOGY | AIS HEALTHCARE | ALZHEIMER'S ASSOCIATION | BIOTECHNOLOGY INDUSTRY ORGANIZATION | ELEVANCE HEALTH, INC (F.K.A. ANTHEM, INC. & WELLPOINT, INC.) | HEALTHCARE LEADERSHIP COUNCIL | NOVO NORDISK INC. | OCTAVIANT FINANCIAL INC. | OPTION CARE HEALTH | NOVOCURE INC. | TAKEDA PHARMACEUTICALS AMERICA, INC. | 10X GENOMICS | ASTRAZENECA | BOEHRINGER INGELHEIM | BREAKTHROUGH T1D (FKA JUVENILE DIABETES RESEARCH FOUNDATION INTERNATIONAL) | ONE MEDICAL | SAREPTA THERAPEUTICS | HIMS & HERS HEALTH, INC. | OPEN PHILANTHROPY ACTION FUND | AMERICAN CANCER SOCIETY CANCER ACTION NETWORK (ACSCAN) | ABBVIE INC. | THE AMPUTEE COALITION | SANOFI US SERVICES INC (FORMERLY KNOWN AS GENZYME CORPORATION) | NOVARTIS | ADVAMED | NATIONAL COMPREHENSIVE CANCER NETWORK | SIGNIFY (F.K.A. REMEDY BPCI PARTNERS, LLC) | BD (BECTON, DICKINSON AND COMPANY) | MEDICALLY HOME | TRIPLE-S MANAGEMENT CORPORATION | EXCELLUS HEALTH PLAN, INC. | LONGEVITY HEALTH PLAN | AMNEAL PHARMACEUTICALS, INC. | ADVOCATES FOR COMMUNITY HEALTH | JAZZ PHARMACEUTICALS INC. | GENTIVA (FORMERLY REPORTED AS HUMANA & KINDRED AT HOME) | VALNEVA USA, INC | AMAZON.COM SERVICES LLC | UNITED NETWORK FOR ORGAN SHARING | MEDICAL FACULTY ASSOCIATES, INC. | OTSUKA AMERICA PHARMACEUTICAL, INC."
69314,PAUL,EDATTEL,"Chief Health Counsel, House Energy & Commerce Committee; Policy Assistant, Office of the Speaker; Professional Staff Member for the Majority at the House Energy & Commerce Committee; Legislative Assistant & Legislative Director, Rep. John Shadegg",936,2,"EMD SERONO INC. | NOVARTIS, INC. | CORMEDIX INC. | BRISTOL-MYERS SQUIBB COMPANY | VANTIVE US HEALTHCARE LLC | NCTA - THE INTERNET & TELEVISION ASSOCIATION | ORGANIZE.ORG | FLOW THERAPY | MED CLAIMS COMPLIANCE CORPORATION | OTSUKA AMERICA PHARMACEUTICAL, INC. | UCB, INC. | THE ORTHOFORUM | ALKERMES, INC. | BAYER CORPORATION | GENMAB | HORIZON THERAPEUTICS USA, INC. | JOHNSON & JOHNSON SERVICES, INC. | ADULT VACCINE ACCESS COALITION | ASTRAZENECA PHARMACEUTICALS LP | NOVO NORDISK INC. | ASTELLAS PHARMA US, INC. | VALISURE | CALYXO, INC. | COMPASS PATHWAYS INC. | KARIUS, INC. | MUTUAL OF OMAHA | CAREDX, INC. | EMD MILLIPORE | TEXAS A&M HEALTH SCIENCE CENTER | VAXESS TECHNOLOGIES INC. | AMERICAN POLICY VENTURES ACTION | KALDEROS, INC. | ALEXION PHARMACEUTICALS, INC. | BIOTECHNOLOGY INNOVATION ORGANIZATION | HOSPICE COMPASSUS | FERRING PHARMACEUTICALS INC. | NETLIST, INC. | BRIDGEBIO PHARMA | PFIZER INC. | DELFI DIAGNOSTICS | KALEO | VIFOR PHARMA, INC. | TAKEDA PHARMACEUTICALS AMERICA, INC. | EXELIXIS, INC. | AMERICAN MEDICAL ASSOCIATION | HEALTH SUPPLY US LLC | ALNYLAM PHARMACEUTICALS, INC. | BIODESIX, INC. | GRAIL, INC. | GRAND RIVER ASEPTIC MANUFACTURING | TRUIST FINANCIAL CORPORATION | GLAXOSMITHKLINE LLC | SYNTHETIC BIOLOGY COALITION | ALLIANCE FOR CELL THERAPY NOW | PUERTO RICO FINANCIAL AND FISCAL AUTHORITY | SIEMENS HEALTHINEERS | THE COALITION FOR 21ST CENTURY MEDICINE | GENENTECH, INC. | PHARMACEUTICAL RESEARCH AND MANUFACTURERS OF AMERICA | PMI US CORPORATE SERVICES INC. | SOUTHWEST TRANSPLANT ALLIANCE | FLEXCARE | GENEOSCOPY, INC. | MILLIPORESIGMA | PUERTO RICO DEPARTMENT OF HEALTH | SIDECAR HEALTH | AVS BIO | GINKGO BIOSECURITY | MEDICAL COUNTERMEASURES COALITION | U.S. CHAMBER OF COMMERCE GLOBAL INNOVATION POLICY CENTER | VAXART INC. | MCKESSON CORPORATION | OSRX PHARMACEUTICALS | FOX CORPORATION | APOLLO GLOBAL MANAGEMENT | ILLUMINA, INC. | VERACYTE, INC. | NOMI HEALTH, INC. | ALLIANCE FOR AMERICA'S PROMISE, INC. | BLUE NOTE THERAPEUTICS | ELI LILLY AND COMPANY | GILEAD SCIENCES, INC. | MYRIAD GENETICS, INC. | WINE & SPIRITS WHOLESALERS OF AMERICA | EMERGENT BIOSOLUTIONS INC. | LYNCH REGENERATIVE MEDICINE, LLC | VIAL HEALTH TECHNOLOGY, INC. | AMERICAN COLLEGE OF RADIOLOGY | AMGEN INC. | BIOGEN, INC. | MERCK & CO., INC. | CEPHEID | AMERICAN SOCIETY OF NEPHROLOGY | DH DIAGNOSTICS LLC | GUARDANT HEALTH, INC. | CRISPR THERAPEUTICS, INC."
53650,JOHN,HERZOG,"Health Aide, Sen. Lamar Alexander; Special Assistant to the Assistant to the President for Legislative Affairs, Executive Office of the President",861,3,"ARDELYX, INC. | GENUS MEDICAL TECHNOLOGIES | WE WORK FOR HEALTH | SUMMIT BEHAVIORAL HEALTHCARE | OPUS GENETICS, INC | AVALON HEALTHCARE SOLUTIONS | VAXART INC. | U.S. RENAL CARE | IOR PARTNERS | MEDICAL DEVICE MANUFACTURERS ASSOCIATION | HEALGEN SCIENTIFIC | THE ALLERGY & ASTHMA ALLIANCE | INDIVIOR INC. | NOVOZYMES NORTH AMERICA, INC. | REVANCE THERAPEUTICS INC. | GENUS LIFESCIENCES | ACELRX PHARMACEUTICALS, INC. | CUBBY BEDS | ENZYVANT THERAPEUTICS GMBH | AMGEN INC. | AVITA MEDICAL, INC. | TENNESSEE RURAL HEALTH IMPROVEMENT ASSOCIATION (FKN TENNESSEE FARM BR. ASSN.) | TERUMO BCT | SUMITOMO PHARMA CO., LTD. (FORMERLY SUNOVION PHARMACEUTICALS, INC.) | NEUROTECH PHARMACEUTICALS | CIDR | RAYNER INTRAOCULAR LENSES LIMITED | CATALYST PHARMACEUTICALS | ILLUMINA, INC. | PHATHOM PHARMACEUTICALS | GENETIX BIOTHERAPEUTICS | AGIOS PHARMACEUTICALS, INC. | CODAGENIX, INC. | EAGLE PHARMACEUTICALS INC. | ENDO USA, INC., A MALLINCKRODT-ENDO COMPANY | ACCURAY INCORPORATED | HR HEALTHCARE | NEVRO CORPORATION | SKY MARKETING CORPORATION | ACME UNITED CORPORATION | SUPERNUS PHARMACEUTICALS INC | LIVANOVA USA INC | COLLEGIUM PHARMACEUTICAL | TEK84 | MASIMO | NEUSPERA MEDICAL | BOEHRINGER INGELHEIM PHARMACEUTICALS, INC. | BROOKDALE SENIOR LIVING INC. | MOMENTOUS | ANIVIVE LIFESCIENCES | AVELLINO LABS USA | GILEAD SCIENCES, INC. | SPARK THERAPEUTICS, INC. | THE ALLERGY, ASTHMA & SINUS CENTER | ASTELLAS PHARMA US | SI-BONE, INC. | RECOR MEDICAL | CAPRICOR | ORCHARD THERAPEUTICS NORTH AMERICA | ATEA PHARMACEUTICALS, INC. | THE AMERICAN REGISTRY OF RADIOLOGIC TECHNOLOGISTS | JCYTE, INC. | BIOGEN INC. | NOVAVAX | MICROTRANSPONDER | HARROW INC. | THERAGEN, INC. | HARMONY BIOSCIENCES, LLC | HORIZON THERAPEUTICS USA, INC. (FKA HORIZON PHARMA USA, INC.) | STERIS CORPORATION | INSMED, INC. | NYMOX PHARMACEUTICAL CORPORATION | BIODELIVERY SCIENCES INTERNATIONAL | QUORUM HEALTH CORP. | PHARMING HEALTHCARE, INC. | LIFEWARD (FORMERLY REWALK ROBOTICS, INC.) | AURION BIOTECH | SPARC | SCPHARMACEUTICALS, INC. | KENDAL NUTRICARE LTD | PAR HEALTH USA, LLC | INTRINSIC THERAPEUTICS | HEART FAILURE ADVOCATES OF AMERICA LLC | INNOVAGE | ALEXION PHARMACEUTICALS | GALVANIZE THERAPEUTICS, INC. | DIGITAL ALPHA ADVISORS LLC | MEDICARE ALLIANCE FOR BENEFICIARY ACCESS, INC. | ORGANON & CO. | GLAUKOS CORPORATION (FKA AVEDRO, INC.) | SSI GROUP | BIOTISSUE | ONE CALL, CORP | COLOPLAST CORP | RAPID THERAPEUTIC SCIENCE LABORATORIES | AXOGEN CORPORATION"
67296,JOHN,RAY,"Legislative Assistant, Rep. Mike Kelly",861,1,"BOEHRINGER INGELHEIM PHARMACEUTICALS, INC. | BROOKDALE SENIOR LIVING INC. | MOMENTOUS | ANIVIVE LIFESCIENCES | AVELLINO LABS USA | BIOGEN INC. | NOVAVAX | MICROTRANSPONDER | HARROW INC. | THERAGEN, INC. | GILEAD SCIENCES, INC. | SPARK THERAPEUTICS, INC. | THE ALLERGY, ASTHMA & SINUS CENTER | ASTELLAS PHARMA US | SI-BONE, INC. | RECOR MEDICAL | CAPRICOR | ORCHARD THERAPEUTICS NORTH AMERICA | ATEA PHARMACEUTICALS, INC. | THE AMERICAN REGISTRY OF RADIOLOGIC TECHNOLOGISTS | JCYTE, INC. | CATALYST PHARMACEUTICALS | ILLUMINA, INC. | PHATHOM PHARMACEUTICALS | GENETIX BIOTHERAPEUTICS | AGIOS PHARMACEUTICALS, INC. | CODAGENIX, INC. | EAGLE PHARMACEUTICALS INC. | ENDO USA, INC., A MALLINCKRODT-ENDO COMPANY | ACCURAY INCORPORATED | HR HEALTHCARE | ENZYVANT THERAPEUTICS GMBH | AMGEN INC. | AVITA MEDICAL, INC. | TENNESSEE RURAL HEALTH IMPROVEMENT ASSOCIATION (FKN TENNESSEE FARM BR. ASSN.) | TERUMO BCT | SUMITOMO PHARMA CO., LTD. (FORMERLY SUNOVION PHARMACEUTICALS, INC.) | NEUROTECH PHARMACEUTICALS | CIDR | RAYNER INTRAOCULAR LENSES LIMITED | PHARMING HEALTHCARE, INC. | LIFEWARD (FORMERLY REWALK ROBOTICS, INC.) | AURION BIOTECH | SPARC | SCPHARMACEUTICALS, INC. | KENDAL NUTRICARE LTD | PAR HEALTH USA, LLC | INTRINSIC THERAPEUTICS | HEART FAILURE ADVOCATES OF AMERICA LLC | INNOVAGE | ALEXION PHARMACEUTICALS | GALVANIZE THERAPEUTICS, INC. | DIGITAL ALPHA ADVISORS LLC | MEDICARE ALLIANCE FOR BENEFICIARY ACCESS, INC. | ARDELYX, INC. | GENUS MEDICAL TECHNOLOGIES | WE WORK FOR HEALTH | SUMMIT BEHAVIORAL HEALTHCARE | OPUS GENETICS, INC | AVALON HEALTHCARE SOLUTIONS | VAXART INC. | NOVOZYMES NORTH AMERICA, INC. | REVANCE THERAPEUTICS INC. | GENUS LIFESCIENCES | ACELRX PHARMACEUTICALS, INC. | CUBBY BEDS | U.S. RENAL CARE | IOR PARTNERS | MEDICAL DEVICE MANUFACTURERS ASSOCIATION | HEALGEN SCIENTIFIC | THE ALLERGY & ASTHMA ALLIANCE | INDIVIOR INC. | ORGANON & CO. | GLAUKOS CORPORATION (FKA AVEDRO, INC.) | SSI GROUP | BIOTISSUE | ONE CALL, CORP | COLOPLAST CORP | RAPID THERAPEUTIC SCIENCE LABORATORIES | AXOGEN CORPORATION | NEVRO CORPORATION | SKY MARKETING CORPORATION | ACME UNITED CORPORATION | SUPERNUS PHARMACEUTICALS INC | LIVANOVA USA INC | COLLEGIUM PHARMACEUTICAL | TEK84 | MASIMO | NEUSPERA MEDICAL | HARMONY BIOSCIENCES, LLC | HORIZON THERAPEUTICS USA, INC. (FKA HORIZON PHARMA USA, INC.) | STERIS CORPORATION | INSMED, INC. | NYMOX PHARMACEUTICAL CORPORATION | BIODELIVERY SCIENCES INTERNATIONAL | QUORUM HEALTH CORP."
60159,KEITH,STUDDARD,"Legislative Director, Rep. Marsha Blackburn",861,1,"PHARMING HEALTHCARE, INC. | LIFEWARD (FORMERLY REWALK ROBOTICS, INC.) | AURION BIOTECH | SPARC | SCPHARMACEUTICALS, INC. | KENDAL NUTRICARE LTD | PAR HEALTH USA, LLC | TENNESSEE RURAL HEALTH IMPROVEMENT ASSOCIATION (FKN TENNESSEE FARM BR. ASSN.) | TERUMO BCT | SUMITOMO PHARMA CO., LTD. (FORMERLY SUNOVION PHARMACEUTICALS, INC.) | NEUROTECH PHARMACEUTICALS | CIDR | RAYNER INTRAOCULAR LENSES LIMITED | CATALYST PHARMACEUTICALS | ILLUMINA, INC. | PHATHOM PHARMACEUTICALS | GENETIX BIOTHERAPEUTICS | AGIOS PHARMACEUTICALS, INC. | CODAGENIX, INC. | GILEAD SCIENCES, INC. | SPARK THERAPEUTICS, INC. | THE ALLERGY, ASTHMA & SINUS CENTER | ASTELLAS PHARMA US | SI-BONE, INC. | RECOR MEDICAL | CAPRICOR | ORCHARD THERAPEUTICS NORTH AMERICA | ATEA PHARMACEUTICALS, INC. | THE AMERICAN REGISTRY OF RADIOLOGIC TECHNOLOGISTS | JCYTE, INC. | U.S. RENAL CARE | IOR PARTNERS | MEDICAL DEVICE MANUFACTURERS ASSOCIATION | HEALGEN SCIENTIFIC | THE ALLERGY & ASTHMA ALLIANCE | INDIVIOR INC. | NOVOZYMES NORTH AMERICA, INC. | REVANCE THERAPEUTICS INC. | GENUS LIFESCIENCES | ACELRX PHARMACEUTICALS, INC. | CUBBY BEDS | BIOGEN INC. | NOVAVAX | MICROTRANSPONDER | HARROW INC. | THERAGEN, INC. | BOEHRINGER INGELHEIM PHARMACEUTICALS, INC. | BROOKDALE SENIOR LIVING INC. | MOMENTOUS | ANIVIVE LIFESCIENCES | AVELLINO LABS USA | HARMONY BIOSCIENCES, LLC | HORIZON THERAPEUTICS USA, INC. (FKA HORIZON PHARMA USA, INC.) | STERIS CORPORATION | INSMED, INC. | NYMOX PHARMACEUTICAL CORPORATION | BIODELIVERY SCIENCES INTERNATIONAL | QUORUM HEALTH CORP. | NEVRO CORPORATION | SKY MARKETING CORPORATION | ACME UNITED CORPORATION | ENZYVANT THERAPEUTICS GMBH | AMGEN INC. | AVITA MEDICAL, INC. | EAGLE PHARMACEUTICALS INC. | ENDO USA, INC., A MALLINCKRODT-ENDO COMPANY | ACCURAY INCORPORATED | HR HEALTHCARE | SUPERNUS PHARMACEUTICALS INC | LIVANOVA USA INC | COLLEGIUM PHARMACEUTICAL | TEK84 | MASIMO | NEUSPERA MEDICAL | ARDELYX, INC. | GENUS MEDICAL TECHNOLOGIES | WE WORK FOR HEALTH | SUMMIT BEHAVIORAL HEALTHCARE | OPUS GENETICS, INC | AVALON HEALTHCARE SOLUTIONS | VAXART INC. | ORGANON & CO. | GLAUKOS CORPORATION (FKA AVEDRO, INC.) | SSI GROUP | BIOTISSUE | ONE CALL, CORP | COLOPLAST CORP | RAPID THERAPEUTIC SCIENCE LABORATORIES | AXOGEN CORPORATION | INTRINSIC THERAPEUTICS | HEART FAILURE ADVOCATES OF AMERICA LLC | INNOVAGE | ALEXION PHARMACEUTICALS | GALVANIZE THERAPEUTICS, INC. | DIGITAL ALPHA ADVISORS LLC | MEDICARE ALLIANCE FOR BENEFICIARY ACCESS, INC."
62564,DANIEL,TODD,"Senior Health Counsel, Senate Finance Committee; Special Assistant, Office of Admin. Ct. - Medicare & Medicaid",859,4,"ADULT VACCINE ACCESS COALITION | ASTRAZENECA PHARMACEUTICALS LP | NOVO NORDISK INC. | ASTELLAS PHARMA US, INC. | MCKESSON CORPORATION | OSRX PHARMACEUTICALS | FOX CORPORATION | APOLLO GLOBAL MANAGEMENT | ILLUMINA, INC. | VERACYTE, INC. | TAKEDA PHARMACEUTICALS AMERICA, INC. | EXELIXIS, INC. | AMERICAN MEDICAL ASSOCIATION | HEALTH SUPPLY US LLC | INSULET CORPORATION | EMD SERONO INC. | NOVARTIS, INC. | CORMEDIX INC. | BRISTOL-MYERS SQUIBB COMPANY | VANTIVE US HEALTHCARE LLC | NCTA - THE INTERNET & TELEVISION ASSOCIATION | ORGANIZE.ORG | ALNYLAM PHARMACEUTICALS, INC. | BIODESIX, INC. | GRAIL, INC. | GRAND RIVER ASEPTIC MANUFACTURING | TRUIST FINANCIAL CORPORATION | GLAXOSMITHKLINE LLC | SYNTHETIC BIOLOGY COALITION | ALLIANCE FOR CELL THERAPY NOW | SIEMENS HEALTHINEERS | ELI LILLY AND COMPANY | GILEAD SCIENCES, INC. | MYRIAD GENETICS, INC. | WINE & SPIRITS WHOLESALERS OF AMERICA | VIAL HEALTH TECHNOLOGY, INC. | ALKERMES, INC. | BAYER CORPORATION | GENMAB | JOHNSON & JOHNSON SERVICES, INC. | HORIZON THERAPEUTICS USA, INC. | MUTUAL OF OMAHA | CAREDX, INC. | KARIUS, INC. | EMD MILLIPORE | TEXAS A&M HEALTH SCIENCE CENTER | VAXESS TECHNOLOGIES INC. | AMERICAN POLICY VENTURES ACTION | KALDEROS, INC. | NOMI HEALTH, INC. | ALLIANCE FOR AMERICA'S PROMISE, INC. | AMERICAN COLLEGE OF RADIOLOGY | AMGEN INC. | BIOGEN, INC. | MERCK & CO., INC. | CEPHEID | AMERICAN SOCIETY OF NEPHROLOGY | DH DIAGNOSTICS LLC | GUARDANT HEALTH, INC. | CRISPR THERAPEUTICS, INC. | MED CLAIMS COMPLIANCE CORPORATION | OTSUKA AMERICA PHARMACEUTICAL, INC. | UCB, INC. | THE ORTHOFORUM | THE COALITION FOR 21ST CENTURY MEDICINE | GENENTECH, INC. | PHARMACEUTICAL RESEARCH AND MANUFACTURERS OF AMERICA | PMI US CORPORATE SERVICES INC. | SOUTHWEST TRANSPLANT ALLIANCE | FLEXCARE | GENEOSCOPY, INC. | ALEXION PHARMACEUTICALS, INC. | BIOTECHNOLOGY INNOVATION ORGANIZATION | HOSPICE COMPASSUS | NETLIST, INC. | FERRING PHARMACEUTICALS INC. | BRIDGEBIO PHARMA | PFIZER INC. | DELFI DIAGNOSTICS | VIFOR PHARMA, INC. | SIDECAR HEALTH | AVS BIO | GINKGO BIOSECURITY | PUERTO RICO DEPARTMENT OF HEALTH | MEDICAL COUNTERMEASURES COALITION | U.S. CHAMBER OF COMMERCE GLOBAL INNOVATION POLICY CENTER | VAXART INC."
72632,ROBERT,CHAMBERLIN,"Chief Counsel, US Senate Commerce Committee; Senior Counsel, US Senate Commerce Committee; Assistant Counsel, House Transportation and Infrastructure Committee.",822,3,"CHARTER COMMUNICATIONS OPERATING, LLC | CRRC MA CORPORATION | MICROSOFT CORPORATION | INKIT WORLDWIDE LLC | GENERAL MOTORS LLC | UNITED STATES CONTRACT WEATHER OBSERVING ASSOCIATION | APPLIED DIGITAL | META PLATFORMS, INC. | NATIONAL BASKETBALL PLAYERS ASSOCIATION | RENEWABLE WATER RESOURCES | EMBRAER AIRCRAFT HOLDING, INC. | THE GORDIAN GROUP, LLC | REGIONAL AIRLINE ASSOCIATION | FOXTROT SIERRA | THE DONOHOE COMPANIES, INC. | MARATHON PETROLEUM CORPORATION | INTEGRATED DATA SERVICES | THE NORTHWEST SEAPORT ALLIANCE | THE HAWTHORN GROUP, L.C. ON BEHALF OF ORIGIS ENERGY | EXCELLA CO. | KITTY HAWK CORPORATION | FEDEX | GENERAL ELECTRIC COMPANY | SAN DIEGO COUNTY REGIONAL AIRPORT AUTHORITY | SSAB ENTERPRISES, LLC | SOLAMERICA ENERGY | AIR METHODS CORPORATION | NATIONAL TOUR ASSOCIATION | CIRRUS DESIGN CORPORATION | GATX CORPORATION | SUN CHEMICAL CORPORATION | LYTX, INC. | SIGNATURE FLIGHT SUPPORT | SPOKANE AIRPORT BOARD | GARRETT ADVANCING MOTION | MAJOR LEAGUE BASEBALL PLAYERS ASSOCIATION | MAJOR LEAGUE SOCCER PLAYERS ASSOCIATION | ZEROAVIA | RESOURCE PUBLIC AFFAIRS (ON BEHALF OF SUPPLY BUILD CANADA) | GONZAGA UNIVERSITY | ASSOCIATION FOR UNMANNED VEHICLES SYSTEMS INTL. | PORT OF SEATTLE | WIRELESS INFRASTRUCTURE ASSOCIATION | NO SURPRISE BILL, LLC | MANAGEMENT SOLUTIONS, LLC | NETJETS, INC. | BRISTOW GROUP, INC. | INTERNATIONAL WAREHOUSE LOGISTICS ASSOCIATION | JACKSON MUNICIPAL AIRPORT AUTHORITY | THE VILLAGE OF OSWEGO | ENTERTAINMENT SOFTWARE ASSOCIATION | WAGGONER ENGINEERING | SOCIETY OF CHEMICAL MANUFACTURERS & AFFILIATES | JOBY AERO, INC. | COOLEY, LLP ON BEHALF OF EAST HAMPTON | NATIONAL FOOTBALL LEAGUE PLAYERS ASSOCIATION | AECOM TECHNICAL SERVICES, INC. | ADB SAFEGATE AMERICAS LLC | AMERICAN AIRLINES, INC. | AMERICAN TRUCKING ASSOCIATION | BABCOCK & WILCOX ENTERPRISES, INC. | NEXTEON TECHNOLOGIES | UNITED STATES TOUR OPERATORS ASSOCIATION | NATIONAL HOCKEY LEAGUE PLAYERS ASSOCIATION | NCTA-THE INTERNET AND TELEVISION ASSOCIATION | PEAK POWER | AIRSIDE MOBILE, INC. | AIRPORT RESTAURANT & RETAIL ASSOCIATION | OFFSHORE MARINE SERVICES ASSOCIATION | PIASECKI AIRCRAFT CORPORATION | ATOMIC MACHINES, INC."
71625,SAMUEL,WHITEHORN,"Deputy SD/GC, US Senate Commerce Committee; Acting SD, US Senate Commerce Committee; Sr. Counsel, US Senate Commerce Committee.",809,2,"GONZAGA UNIVERSITY | ASSOCIATION FOR UNMANNED VEHICLES SYSTEMS INTL. | PORT OF SEATTLE | WIRELESS INFRASTRUCTURE ASSOCIATION | JACKSON MUNICIPAL AIRPORT AUTHORITY | THE VILLAGE OF OSWEGO | INTERNATIONAL WAREHOUSE LOGISTICS ASSOCIATION | SOCIETY OF CHEMICAL MANUFACTURERS & AFFILIATES | CITY OF HILLSBORO | NETJETS, INC. | BRISTOW GROUP, INC. | FEDEX | GENERAL ELECTRIC COMPANY | SAN DIEGO COUNTY REGIONAL AIRPORT AUTHORITY | SSAB ENTERPRISES, LLC | SOLAMERICA ENERGY | AIR METHODS CORPORATION | NATIONAL TOUR ASSOCIATION | CIRRUS DESIGN CORPORATION | SUN CHEMICAL CORPORATION | EMBRAER AIRCRAFT HOLDING, INC. | THE GORDIAN GROUP, LLC | REGIONAL AIRLINE ASSOCIATION | FOXTROT SIERRA | THE DONOHOE COMPANIES, INC. | MARATHON PETROLEUM CORPORATION | THE NORTHWEST SEAPORT ALLIANCE | THE HAWTHORN GROUP, L.C. ON BEHALF OF ORIGIS ENERGY | EXCELLA CO. | KITTY HAWK CORPORATION | ADB SAFEGATE AMERICAS LLC | AMERICAN AIRLINES, INC. | AMERICAN TRUCKING ASSOCIATION | BABCOCK & WILCOX ENTERPRISES, INC. | NEXTEON TECHNOLOGIES | UNITED STATES TOUR OPERATORS ASSOCIATION | NATIONAL HOCKEY LEAGUE PLAYERS ASSOCIATION | NCTA-THE INTERNET AND TELEVISION ASSOCIATION | PEAK POWER | AIRSIDE MOBILE, INC. | CHARTER COMMUNICATIONS OPERATING, LLC | CRRC MA CORPORATION | MICROSOFT CORPORATION | META PLATFORMS, INC. | NATIONAL BASKETBALL PLAYERS ASSOCIATION | APPLIED DIGITAL | RENEWABLE WATER RESOURCES | GENERAL MOTORS LLC | UNITED STATES CONTRACT WEATHER OBSERVING ASSOCIATION | AIRPORT RESTAURANT & RETAIL ASSOCIATION | OFFSHORE MARINE SERVICES ASSOCIATION | PIASECKI AIRCRAFT CORPORATION | LYTX, INC. | SIGNATURE FLIGHT SUPPORT | SPOKANE AIRPORT BOARD | GARRETT ADVANCING MOTION | MAJOR LEAGUE BASEBALL PLAYERS ASSOCIATION | MAJOR LEAGUE SOCCER PLAYERS ASSOCIATION | ZEROAVIA | RESOURCE PUBLIC AFFAIRS (ON BEHALF OF SUPPLY BUILD CANADA) | JOBY AERO, INC. | AECOM TECHNICAL SERVICES, INC. | COOLEY, LLP ON BEHALF OF EAST HAMPTON | NATIONAL FOOTBALL LEAGUE PLAYERS ASSOCIATION"
73551,DANIEL,FARMER,"Intern, Staff Asst, Leg. Corr./Leg. Asst. for Rep. Debbie Wasserman Schultz; Leg. Asst., Sr. Leg. Asst., Leg. Dir. for Zack Space",807,4,"KIDNEY CARE PARTNERS | LOCKTON MANAGEMENT, LLC | MLK COMMUNITY HEALTHCARE | ACADEMY OF NUTRITION AND DIETETICS | SENIOR CARE PHARMACY COALITION | PTC THERAPEUTICS | NYU LANGONE HEALTH | STAMFORD HEALTH | GLAXOSMITHKLINE, INC | CHILDREN'S HOSPITAL AND HEALTH SYSTEM, INC. | U.S. ANESTHESIA PARTNERS, INC. | AKEBIA THERAPEUTICS, INC. | PHARMA & BIOPHARMA OUTSOURCING ASSOCIATION | SHIFTKEY, LLC | CDR MAGUIRE | FRESENIUS MEDICAL CARE | RADIOLOGY PARTNERS | FINDHELP | QUOTE VELOCITY | PROLACTA BIOSCIENCE, INC. | IOWA PRIMARY CARE ASSOCIATION (NATIONAL PRIMARY CARE ASSOCIATION HUB) | HORIZON PHARMA | ZOGENIX, INC. | AMGEN INC. | U.S. ACUTE CARE SOLUTIONS, LLC | SCP-HEALTH | REAL TIME MEDICAL SYSTEMS | ALLIANCE FOR REGENERATIVE MEDICINE | NATIONAL ALLIANCE FOR CARE AT HOME | LYNDRA THERAPEUTICS | ASSOCIATION OF DENTAL SUPPORT ORGANIZATIONS | ALG SENIOR LLC | AMERICAN ASSOCIATION OF NURSE ANESTHESIOLOGY | NASSAU HEALTH SYSTEM CORP. | SELLERS DORSEY | BIOTECHNOLOGY INNOVATION ORGANIZATION | WALGREEN CO. | HELLO HEART, INC | BECTON, DICKINSON AND COMPANY | PHARMACEUTICAL RESEARCH AND MANUFACTURERS OF AMERICA | UROGEN PHARMA, INC. | BREAKTHROUGH T1D (F/K/A JDRF) | EDWARDS LIFESCIENCES LLC | NOVARTIS | TEXAS ESSENTIAL HEALTHCARE PARTNERSHIPS | FEDERATION OF AMERICAN HOSPITALS | NEUROCRINE BIOSCIENCES, INC. | STRYKER CORPORATION | EPIGENOMICS, INC. | BIOMARIN PHARMACEUTICAL INC. | AMEDISYS, INC. | SIEMENS HEALTHINEERS | MIND SPRINGS HEALTH | GRADY HEALTH SYSTEM | REGENERON PHARMACEUTICALS, INC. | ADVANCED DIAGNOSTICS HEALTHCARE SYSTEM | LARKIN HEALTH SYSTEM | ABIOMED INC | AMERICAN HEALTH CARE ASSOCIATION | LUMEXA IMAGING, INC. (FKA US RADIOLOGY SPECIALISTS) | ADVOCATE HEALTH | APPLIED BIOLOGICS | NEKTAR THERAPEUTICS | BIOMERIEUX, INC. | CENTENE CORPORATION | BAYER CORPORATION | MATRIX MEDICAL NETWORK | OAK STREET HEALTH D/B/A CVS HEALTH | BAUDAX BIO, INC. (FORMERLY KNOWN AS RECRO PHARMA, INC.) | PFIZER, INC | AMERICAN SOCIETY OF GENE AND CELL THERAPY | MASS GENERAL BRIGHAM (FORMERLY KNOWN AS PARTNERS HEALTHCARE) | THE ASSISTANCE FUND | CARLSMED, INC."
121840,JOEL,BAILEY,"COS Rep. Panetta; LD Rep. Ashford; LD Rep. Matheson; Sr. LA Rep. Matsui; LA, Sr. LA Rep. Baron Hill; Intern Rep. Rahall",805,4,"FINDHELP | RIGETTI & CO., LLC | QUOTE VELOCITY | TARGET ALS FOUNDATION INC. | ADVANCED DIAGNOSTICS HEALTHCARE SYSTEM | DIGNITY AND WELLNESS PATIENT SOLUTIONS, LLC | BIOTECHNOLOGY INNOVATION ORGANIZATION | WALGREEN CO. | CASA SYSTEMS, INC. | DEVOLLI CORPORATION | THE CHILDREN'S HOSPITAL OF PHILADELPHIA | DHL EXPRESS (USA), INC. | LOCKTON MANAGEMENT, LLC | MLK COMMUNITY HEALTHCARE | BLACKSEA TECHNOLOGIES | COLORECTAL CANCER ALLIANCE | PHARMACEUTICAL RESEARCH AND MANUFACTURERS OF AMERICA | NATIONAL LIFELINE ASSOCIATION | MOTION PICTURE ASSOCIATION | EDWARDS LIFESCIENCES LLC | OROS | NOVARTIS | MARQUIS MANAGEMENT | CENTENE CORPORATION | BAYER CORPORATION | MATRIX MEDICAL NETWORK | UIPATH | THE TRANSPORT PROJECT | DECISION LENS INC. | GLAXOSMITHKLINE, INC | CHILDREN'S HOSPITAL AND HEALTH SYSTEM, INC. | AKEBIA THERAPEUTICS, INC. | GRUBHUB HOLDINGS, INC. | QUALTRICS LLC | CDR MAGUIRE | HORIZON PHARMA | GREATER ORLANDO AVIATION AUTHORITY | EMOVIS TECHNOLOGIES US, INC. | ZOGENIX, INC. | AMGEN INC. | SCP-HEALTH | ALLIANCE FOR REGENERATIVE MEDICINE | CUISINE SOLUTIONS, INC. | CNX RESOURCES CORPORATION | OREGON INLET FISHING CENTER | NATIONAL RESILIENCE, INC. | BIOMERIEUX, INC. | FUSE ENERGY TECHNOLOGIES CORP. | ECS | METHODIST CHILDREN'S HOME SOCIETY FAMILY OF SERVICES | NEKTAR THERAPEUTICS | PFIZER, INC | AMERICAN SOCIETY OF GENE AND CELL THERAPY | ESSILORLUXOTTICA (FKA ESSILOR OF AMERICA, INC.) | POLARIS INDUSTRIES | MASS GENERAL BRIGHAM (FORMERLY KNOWN AS PARTNERS HEALTHCARE) | HCBS ADVOCACY, LLC | THE ASSISTANCE FUND | CARLSMED, INC. | IMPOSSIBLE FOODS INC. | PTC THERAPEUTICS | HEARTLAND FOOD PRODUCTS GROUP | NYU LANGONE HEALTH | NEUROCRINE BIOSCIENCES, INC. | STRYKER CORPORATION | TRANSMEDICS | EPIGENOMICS, INC. | ALG SENIOR LLC | SAS INSTITUTE INC. | VALERO SERVICES, INC. | REPUBLIC OF INDIA | ASSOCIATION OF DENTAL SUPPORT ORGANIZATIONS | NASSAU HEALTH SYSTEM CORP. | BIOMARIN PHARMACEUTICAL INC. | SIEMENS HEALTHINEERS | RECESS | WK KELLOGG CO (FKA KELLOGG COMPANY) | YORK SPACE SYSTEMS | ADARGA | E.J. SAAD LAW FIRM | UNDIAGNOSED DISEASE NETWORK FOUNDATION"
5474,JEFFERY,GREEN,"Counsel, House Armed Services Committee",792,10,"ALLEGHENY TECHNOLOGIES INC. | HOWMET AEROSPACE INC FORMALLY KNOWN AS ARCONIC INC | ADAPTIVE SURFACE TECHNOLOGIES, INC. | SEURAT TECHNOLOGIES | MAGNETIC HOLDINGS, LLC | BIOLARGO, INC | SCOLA | KODIAK ROBOTICS | SAFIRE TECHNOLOGY GROUP, INC. | TTM TECHNOLOGIES, INC. | WORLD FUEL (FKA WORLD FUEL SERVICES) | NATHAN TROTTER & CO | Q30 INNOVATIONS | CARAHSOFT TECHNOLOGY CORPORATION ON BEHALF OF ZSCALER (CARAHSOFT TECH CORP) | URSA MAJOR | STEMRAD LTD. | GELSIGHT, INC. | ARCTOS | AMERICAN PACIFIC | GAMBIT | ZSCALER, INC. AND AFFILIATES | AMERICAN CENTER FOR MANUFACTURING & INNOVATION FEDERAL GENERAL LLC | BIOFLYTE | MATERION BRUSH INC. | ROLLS-ROYCE NORTH AMERICA | STRIVEWORKS | TOMAHAWK ROBOTICS | COMPOTECH, INC. | ARMAMENTS RESEARCH COMPANY | AMERICAN RHEINMETALL SYSTEMS, LLC | GKN AEROSPACE | MAGPUL INDUSTRIES CORPORATION, INC. | PRIVATE TECH, INC. | AVIO USA | HASHICORP | AXON ENTERPRISE INC. | GECKO ROBOTICS | GENERAL RADAR CORPORATION | KLAS GOVERNMENT, INC. | NOVEON MAGNETICS, INC | TIMET - TITANIUM METALS CORPORATION | TRUE ANOMALY | US ORDNANCE | SALVO TECHNOLOGIES, INC. | OURARING INC. | ARGO SPACE | ACALVIO TECHNOLOGIES | NOBELCLAD US MANUFACTURING | SOUTHSTAR BATTERY METALS | UMICORE OPTICAL MATERIALS USA, INC. | MAGRATHEA METALS | VARONIS PUBLIC SECTOR LLC | GARTNER, INC. | RS TECHNOLOGIES INC. | LYNX SOFTWARE TECHNOLOGIES | TANIUM INC. | CACI INTERNATIONAL INC. | RTX CORPORATION AND AFFILIATES (FKA RAYTHEON TECHNOLOGIES CORPORATION AND AFFIL | PRIMERAI | GLOBALFOUNDRIES U.S. INC. | AMERICAN DEFENSE INTERNATIONAL ON BEHALF OF MP MATERIALS | METALS AFFORDABILITY INITIATIVE ASSOCIATION | SPECIALTY STEEL INDUSTRY OF NORTH AMERICA | BLACK BUFFALO 3D CORPORATION | CONSORTIUM MANAGEMENT GROUP | ROBOTIC RESEARCH | RESIN SOLUTIONS, LLC | DEEPSIG INC. | TEAMWORKS | CALIFORNIA FOREVER LP | PEAK NANO | MODERN TECHNOLOGY SOLUTIONS, INC. | THE SUMMIT GROUP DBA ALLOCORE | ELBIT SYSTEMS OF AMERICA | GLOBAL ADVANCED METALS | MILLENNIUM CORPORATION | UCORE RARE METALS | WELLMAN DYNAMICS | WARRIOR PROTECTION & READINESS COALITION | EXPRESSION NETWORKS, LLC | CROSS DOMAIN SYSTEMS | CHARTER COMMUNICATIONS INC. | EUTELSAT AMERICA CORP. | OSHKOSH CORPORATION | SAYARI | SHIFT5 | PLASAN NORTH AMERICA | NATIONAL SPECTRUM CONSORTIUM | WESTWIN ELEMENTS | NATURES TOOLBOX, INC. | RAFT LLC | ARKTOS | ADYTON PBC | GLOBAL TUNGSTEN & POWDERS | PALANTIR TECHNOLOGIES INC. | SHIELD AI | SPACEX | ELEVANCE HEALTH, INC. | SOLAR STIK DBA SENERGY POWER SOLUTIONS"
115643,CHARLIE,SCHREIBER,"Senior Counsel, House Financial Services Committee",789,4,"PRETIUM PARTNERS | NEW YORK LIFE INSURANCE COMPANY | BETTERMENT LLC | CERTIFIED FINANCIAL PLANNER BOARD OF STANDARDS, INC. | LPL FINANCIAL LLC | PARADIGM OPERATIONS, LP | OTC MARKETS GROUP | ARCH CAPITAL GROUP (U.S.) INC. | PONTERA, INC. | THE AUTO CLUB GROUP | INVESTMENT ADVISER ASSOCIATION (IAA) | ZILLOW GROUP, INC. | PRUDENTIAL FINANCIAL, INC. | PURPOSE FINANCIAL, INC. | THE GOLDMAN SACHS GROUP, INC. | CQ MEDICAL | REMITLY | THE CAPITAL GROUP COMPANIES, INC. & ITS AFFILIATES | NATIONWIDE INSURANCE | ALLSTATE INSURANCE COMPANY | PFS INVESTMENTS, INC. | SIXTH STREET PARTNERS, LLC | B.S.D. CAPITAL, INC. DBA LENDISTRY | NOMURA HOLDING AMERICA, INC. | TIAA | SOFI TECHNOLOGIES, INC. | PAYCHEX, INC. | INTUIT, INC. AND AFFILIATES | PAYPAL, INC. | FAIR ISAAC CORPORATION (DBA FICO) | AFLAC, INC. | AMERICAN INVESTMENT COUNCIL | CELO FOUNDATION | COURIER PLUS, INC. DBA DUTCHIE | METROPOLITAN LIFE INSURANCE COMPANY | COMMERCIAL REAL ESTATE EXCHANGE, INC. | COPENHAGEN INFRASTRUCTURE PARTNERS INC. | ROCKET LIMITED PARTNERSHIP | CLEANER ECONOMY COALITION, INC. | EQUITABLE | MUNICIPAL SECURITIES RULEMAKING BOARD | KLARNA INC. | JANUARY TECHNOLOGIES, INC. | ROCK CENTRAL | HSBC TECHNOLOGY & SERVICES (USA) INC. | SUN LIFE FINANCIAL (U.S.) SERVICES COMPANY INC. | FINANCIAL TECHNOLOGY ASSOCIATION (FTA) | MIDFIRST BANK | PLAID INC. | MUTUAL OF OMAHA INSURANCE COMPANY | BILT TECHNOLOGIES, INC. | ZESTFINANCE, INC. DBA ZEST AI | VESTWELL HOLDINGS, INC | INVESCO LTD | INTERCONTINENTALEXCHANGE, INC. | KROLL BOND RATING AGENCY, INC. | PROTECTIVE LIFE CORPORATION | SOLO FUNDS | STATE FARM INSURANCE COMPANIES | WELLS FARGO & COMPANY | LEDGER SAS | AMERIPRISE FINANCIAL | SOLANA FOUNDATION | UNITED SERVICES AUTOMOBILE ASSOCIATION (USAA) | CEDAR INNOVATION FOUNDATION | STELLAR DEVELOPMENT FOUNDATION | STRIPE, INC. | KEYCORP | READYCAP LENDING LLC | PAXOS TRUST COMPANY, LLC | THE NORTHWESTERN MUTUAL LIFE INSURANCE COMPANY | STABLE VALUE INVESTMENT ASSOCIATION (SVIA) | REGIONS BANK | MANUFACTURED HOUSING INSTITUTE"
66796,ANTHONY,LAZARSKI,"Senior Legislative Advisor, Senate Member Office (Inhofe); Professional Staff Member, Senate Armed Services Committee; Military Legislative Assistant, Senate Member Office (Inhofe)",780,4,"NORTH WIND TEST, LLC (FKA CALSPAN AERO SYSTEMS ENGINEERING, INC.) | AUGUSTA UNIVERSITY RESEARCH INSTITUTE | ARCONIC CORPORATION | ZEROFOX, INC. | BOARD OF COMMISSIONERS OF LOWNDES COUNTY | THE CHEROKEE NATION | HIDDEN LEVEL, INC. | FIRESTORM LABS INC. | TACTICAL RESOURCES, CORP. | CAPEWELL AERIAL SYSTEMS | THE BOEING COMPANY | GOOGLE CLIENT SERVICES | ADVANCED NAVIGATION AND POSITIONING CORPORATION | GREATER OKLAHOMA CITY CHAMBER | UNIVERSITY OF KENTUCKY | SHIFT5, INC. | TRUE ANOMALY, INC. | ZERO - THE END OF PROSTATE CANCER | SAAB | GENERAL DYNAMICS | UNITED LAUNCH ALLIANCE | LYTEN, INC. | SCALE AI, INC. | BOSSIER PARISH POLICE JURY | MARTINS POINT HEALTH CARE, INC. | RAJANT CORPORATION | CITADEL DEFENSE COMPANY | RESPOND-US | MARAVAI INTERMEDIATE HOLDINGS, LLC | IRIDIUM SATELLITE LLC | FISTA DEVELOPMENT TRUST AUTHORITY | KRATOS DEFENSE & SECURITY SOLUTIONS | MEDICAL TECHNOLOGY ENTERPRISE CONSORTIUM | ANDURIL INDUSTRIES, INC. | ADOBE INC. | MERLIN INTERNATIONAL, INC. | OCTAPHARMA USA, INC. | RTX CORPORATION (FKA RAYTHEON TECHNOLOGIES CORPORATION) | BERRY AVIATION, INC. | SMITH & NEPHEW | ULTRA FKA ULTRA ELECTRONICS - FLIGHTLINE SYSTEMS | EAGLE ENERGY METALS CORP. | THE GENEVA FOUNDATION | U.S. MERCHANT MARINE ACADEMY ALUMNI ASSOCIATION AND FOUNDATION | AVIATION TRAINING CONSULTING, LLC | SMX (FKA SMARTRONIX) | PONCA TRIBE OF NEBRASKA | ASSOCIATION FOR UNCREWED VEHICLE SYSTEMS INTERNATIONAL | SOUTHERN MILLS, INC., D/B/A TENCATE PROTECTIVE FABRICS | HYPERSONIC GROUND TEST CENTER INC | NIRSENSE, LLC (FKA BIONICA LABS) | HANCOCK COUNTY PORT AND HARBOR COMMISSION | KELLOGG BROWN & ROOT LLC | MAMMOTH FREIGHTERS LLC | CRITICAL METALS CORP. | PSIQUANTUM | FORTRESS INFORMATION SECURITY, LLC | EPIRUS, INC. | GINKGO BIOWORKS, INC. | ENVIRI CORPORATION FKA HARSCO CORPORATION | ASSOCIATED UNIVERSITIES, INC. | STARFIGHTERS SPACE, INC. | CUBIC CORPORATION | CACI INTERNATIONAL, INC. | CAMGIAN CORPORATION (FKA CAMGIAN MICROSYSTEMS CORPORATION) | RICE UNIVERSITY | AMERICAN VETERINARY MEDICAL ASSOCIATION | JR AUTOMATION | THE UNIVERSITY OF ARIZONA | R4 TECHNOLOGIES, INC. | APPLIED INTUITION, INC. | NUTANIX, INC. AND ITS AFFILIATES | CURIUM US LLC | UNITED STATES MANUFACTURING INNOVATION COUNCIL | UNITED AIRLINES INC | ENVISION TECHNOLOGY, LLC | QUANTUM TECHNOLOGY SCIENCES, INC. | HUNT DEVELOPMENT GROUP LLC | LUMEN TECHNOLOGIES | ANALOG DEVICES, INC. | CROWDSTRIKE, INC. | GARMIN INTERNATIONAL, INC. | RAIN SCIENTIFIC INC. | GM DEFENSE, LLC | BLUE WATER AUTONOMY, INC. | SCIPERIO INC. | OU MEDICINE, INC. | WICHITA FALLS CHAMBER OF COMMERCE OBO SHEPPARD MILITARY AFFAIRS COMMITTEE | BIONTECH US INC. | UNIVERSITY OF MAINE SYSTEM | TSS SOLUTIONS"
141160,MARGARET,JOSEPH,"CoS for Sen. Kyrsten Sinema, CoS for Rep. Kyrsten Sinema, CoS for Rep. Bobby Bright, CoS for Rep. Jim Matheson, Clerk for House Rules Cmte.",770,1,"AIS HEALTHCARE | ALZHEIMER'S ASSOCIATION | BIOTECHNOLOGY INDUSTRY ORGANIZATION | ELEVANCE HEALTH, INC (F.K.A. ANTHEM, INC. & WELLPOINT, INC.) | HEALTHCARE LEADERSHIP COUNCIL | NOVO NORDISK INC. | OCTAVIANT FINANCIAL INC. | OPTION CARE HEALTH | 10X GENOMICS | ASTRAZENECA | BOEHRINGER INGELHEIM | BREAKTHROUGH T1D (FKA JUVENILE DIABETES RESEARCH FOUNDATION INTERNATIONAL) | ONE MEDICAL | SAREPTA THERAPEUTICS | HIMS & HERS HEALTH, INC. | NOVOCURE INC. | BRISTOL MYERS SQUIBB | QUEST DIAGNOSTICS | HEALTHCARE DISTRIBUTION ALLIANCE (HEALTHCARE DISTRIBUTION MANAGMENT ASSN.) | NEUROCRINE BIOSCIENCES, INC. | AMERICAN INVESTMENT COUNCIL | CULINA HEALTH | BAXTER | BLUE CROSS BLUE SHIELD ASSOCIATION | FLAGSHIP PIONEERING | MERCK | NATIONAL ELECTRICAL MANUFACTURERS ASSOCIATION (MITA) | VERTEX PHARMACEUTICALS INCORPORATED | ASTELLAS PHARMA US, INC | GILEAD SCIENCES, INC. | HEALTH CARE SERVICE CORPORATION | ELI LILLY AND COMPANY | LINCARE | ABBOTT (FORMERLY KNOWN AS ALERE INC.) | BD (BECTON, DICKINSON AND COMPANY) | MEDICALLY HOME | TRIPLE-S MANAGEMENT CORPORATION | EXCELLUS HEALTH PLAN, INC. | LONGEVITY HEALTH PLAN | AMNEAL PHARMACEUTICALS, INC. | RAYNER SURGICAL INC. | ACCENTURE FEDERAL SERVICES | AMYLYX PHARMACEUTICALS | AMERICAN OSTEOPATHIC ASSOCIATION | MALLINCKRODT PHARMACEUTICALS | CARDINAL HEALTH (F.K.A. THE GLOVER PARK GROUP) | GAINWELL TECHNOLOGIES (FKA HEALTH MANAGEMENT SYSTEMS) | SAS | NATIONAL SEATING & MOBILITY | BLUEPRINT BIOSECURITY ACTION | THORN RUN PARTNERS (ON BEHALF OF THE PARTNERSHIP TO IMPROVE PATIENT CARE) | ADVOCATES FOR COMMUNITY HEALTH | JAZZ PHARMACEUTICALS INC. | GENTIVA (FORMERLY REPORTED AS HUMANA & KINDRED AT HOME) | VALNEVA USA, INC | AMERICAN ACADEMY OF PEDIATRICS | AMAZON.COM SERVICES LLC | OTSUKA AMERICA PHARMACEUTICAL, INC. | FOUNDATION MEDICINE | GENENTECH, INC. | HANSA BIOPHARMA | AMGEN INC | PHRMA | EVERGREEN NEPHROLOGY | WHOOP | HEALTH GORILLA | AMERICAN CANCER SOCIETY CANCER ACTION NETWORK (ACSCAN) | ABBVIE INC. | THE AMPUTEE COALITION | SANOFI US SERVICES INC (FORMERLY KNOWN AS GENZYME CORPORATION) | NOVARTIS | ADVAMED | LANTHEUS | SIGNIFY (F.K.A. REMEDY BPCI PARTNERS, LLC)"
67799,ANDREW,LEWIN,"Leg Asst/Dir., Rep. Dennis Moore; Leg Asst/Dir., Rep. Max Sandlin; Intern, House Min. Leader Richard Gephardt",767,5,"NATIONAL LIFELINE ASSOCIATION | LIBERTY MEDIA CORPORATION | ANALYTICAL AI | AMERICAN CITIZENS ABROAD, INC. | AMERESCO, INC. | HYPERLIQUID POLICY CENTER | WORLDVU DEVELOPMENT, LLC | YELLOW CORPORATION | MATTRESS FIRM | A16Z CAPITAL MANAGEMENT, L.L.C. (D/B/A ANDREESSEN HOROWITZ) FKA AH CAPITAL MGMT | CENTIVA CAPITAL, LP | STANDARD CRYPTO | THE TRAVELERS COMPANIES, INC. AND SUBSIDIARIES | SAMSUNG ELECTRONICS AMERICA | AMEDISYS, INC. | RECESS | E.J. SAAD LAW FIRM | ICF CONSULTING GROUP, INC. | PHANTOM | SOFI TECHNOLOGIES, INC. | CONSUMER ACCESS TO REPAIR (CAR) COALITION | COGNIZANT TECHNOLOGY SOLUTIONS | GREATER ORLANDO AVIATION AUTHORITY | GALAXY DIGITAL HOLDINGS LP | MOONPAY USA LLC | ZOGENIX, INC. | TUSK PHILANTHROPIES | FORTINET, INC. | SNAP INC. | SELECT MEDICAL CORPORATION | HUNTINGTON INGALLS INDUSTRIES, INC. (FKA HUNTINGTON INGALLS INCORPORATED) | BRIGHTLINE HOLDINGS LLC (FORMERLY VIRGIN TRAINS USA) | S&P GLOBAL | PRUDENTIAL FINANCIAL, INC. | DECENTRALIZATION RESEARCH CENTER | CAESARS ENTERPRISE SERVICES LLC | GEOCOMPLY SOLUTIONS INC. | BLACKROCK FUND SERVICES GROUP, LLC | AMERICAN ASSOCIATION OF NURSE ANESTHESIOLOGY | XACTUS | AMERICAN LAND TITLE ASSOCIATION | NUCLEAR ENERGY INSTITUTE | NCTA-THE INTERNET & TELEVISION ASSOCIATION | WIREGRASS ECONOMIC DEVELOPMENT CORPORATION | ROCKWELL AUTOMATION | DO & CO NEW YORK CATERING, INC. | CAPTOR CAPITAL CORP. | WESTERN DIGITAL CORPORATION | POLARIS INDUSTRIES | HCBS ADVOCACY, LLC | MASTERCARD INTERNATIONAL INCORPORATED | AMERICAN BEVERAGE ASSOCIATION | LOCKTON MANAGEMENT, LLC | OPTICA (FKA THE OPTICAL SOCIETY) | SMBC AMERICAS HOLDINGS, INC. | BLUE CORAL INC. | CREDIT SUISSE SECURITIES (USA) LLC | ONTARIO TEACHERS' PENSION PLAN | THE TRANSPORT PROJECT | NOMURA HOLDING AMERICA INC. | NATIONAL ASSOCIATION OF VISION CARE PLANS | FLAGSTAR BANK | ALABAMA STATE UNIVERSITY | MARCUM LLP | TRANSAMERICA COMPANIES | THE DEPOSITORY TRUST & CLEARING CORPORATION | ALBEMARLE CORPORATION | MILLENNIUM MANAGEMENT LLC | SPIE | AKEBIA THERAPEUTICS, INC. | DEUTSCHE BANK USA | CTIA | FRIENDS OF FORT NOVOSEL (FKA FRIENDS OF FORT RUCKER) | METLIFE GROUP, INC. (FKA METLIFE SERVICES AND SOLUTIONS, LLC) | EOS DEFENSE SYSTEMS USA, INC. | DRAGONFLY DIGITAL MANAGEMENT, LLC | COMCAST CORPORATION | CRESCO LABS | RECYCLING INFRASTRUCTURE NOW | VERANO HOLDINGS, LLC | MOTION PICTURE ASSOCIATION | FRANKLIN RESOURCES, INC. | UNIVERSAL NAVIGATION INC. | TOPSOE A/S | DAVE INC. | ENSTRUCTURE, LLC | DHL EXPRESS (USA), INC."
69840,CHRISTOPHER,WILCOX,"Regional Staff Asst & Staff Asst, Sen. Moynihan; LA, Leg Counsel, LD & Counsel, Rep. Arcuri; LD & Counsel, Rep. Demings",764,14,"FEDERAL HOME LOAN BANK OF CINCINNATI | COMCAST CORPORATION | BLOOMBERG LP | HICKEY FREEMAN TAILORED CLOTHING, INC | NOVO NORDISK INC. | ZOETIS | AFFORDABLE HOUSING TAX CREDIT COALITION | STANLEY BLACK & DECKER INC | FIBER INDUSTRIES LLC (DBA DARLING FIBERS) | VEEAM SOFTWARE CORP | W DIAMOND GROUP CORPORATION | ABBVIE, INC. | COLORADO NONPROFIT DEVELOPMENT CENTER ON BEHALF OF ONE CHANCE TO GROW UP | IRHYTHM TECHNOLOGIES | SANOFI, U.S. | FEDERATION OF EXCHANGE ACCOMODATORS, INC. | REINSURANCE ASSOCIATION OF AMERICA | BRISTOL-MYERS SQUIBB COMPANY | KANSAS STATE UNIVERSITY | AMGEN, INC. | ADVANCED MEDICAL TECHNOLOGY ASSOCIATION (ADVAMED) | NEW ENGLAND SHIRT CO | MITRA FUTURE TECHNOLOGIES, INC. | RIPPLE LABS, INC. | VISA | GCOM SOFTWARE LLC D/B/A VOYATEK | PLASMA PROTEIN THERAPEUTICS ASSOCIATION | INDIVIOR, INC. | SUPIMA | NORFOLK SOUTHERN CORPORATION | NEWS MEDIA ALLIANCE | CENTENE CORPORATION | I SQUARED CAPITAL ADVISORS (US) LLC | BIOBOT ANALYTICS | ELEVANCE HEALTH, INC. (FORMERLY REPORTED AS ANTHEM, INC.) | POARCH BAND OF CREEK INDIANS | EXIGER | LIFESCIENCE LOGISTICS | THE INTERNET & TELEVISION ASSN (FORMERLY NTL CABLE & TELECOMMUNICATIONS ASSN) | BUHLER QUALITY YARNS CORPORATION | HAMILTON SHIRTS, LTD. | MAUS & HOFFMAN | SOUTHWESTERN COMPANY | US GUATEMALA BUSINESS COUNCIL | SKYTOP STRATEGIES | THE VANGUARD GROUP, INC. | TOM JAMES COMPANY | PFIZER | JOSEPH ABBOUD MANUFACTURING CORP (FKA J.A. APPAREL CORP) | ELI LILLY & COMPANY | IMPERATIVE EXECUTION, INC. | DELL INC | NATIONAL ASSN OF STATE TREASURERS (NAST) | ROCHESTER TAILORED CLOTHING, INC. | SECURITY TRADERS ASSOCIATION | FIDELITY NATIONAL FINANCIAL | SYNEOS HEALTH, INC. | FORD MOTOR COMPANY | HARDWICK CLOTHES | NATIONAL ASSOCIATION OF REHABILITATION PROVIDERS AND AGENCIES | OWENS & MINOR, INC. | AMERICAN AIRLINES, INC. | CUBE YADKIN GENERATION, LLC | UNISON SOFTWARE, INC."
141752,PETER,FISE,"Health Counsel for Sen. Cmte on Finance, Health Counsel for Sen. Jeanne Shaheen, Staff Assistant for House Cmte on Oversight & Government Reform",758,1,"ACCENTURE FEDERAL SERVICES | AMYLYX PHARMACEUTICALS | AMERICAN OSTEOPATHIC ASSOCIATION | SPARX GROUP INC. | THORN RUN PARTNERS (ON BEHALF OF THE PARTNERSHIP TO IMPROVE PATIENT CARE) | AVAILITY | CARDINAL HEALTH (F.K.A. THE GLOVER PARK GROUP) | GAINWELL TECHNOLOGIES (FKA HEALTH MANAGEMENT SYSTEMS) | SAS | NATIONAL SEATING & MOBILITY | BLUE CROSS BLUE SHIELD ASSOCIATION | FLAGSHIP PIONEERING | MERCK | NATIONAL ELECTRICAL MANUFACTURERS ASSOCIATION (MITA) | VERTEX PHARMACEUTICALS INCORPORATED | ASTELLAS PHARMA US, INC | PRIORITY ON DEMAND | GILEAD SCIENCES, INC. | HEALTH CARE SERVICE CORPORATION | ELI LILLY AND COMPANY | LINCARE | ABBOTT (FORMERLY KNOWN AS ALERE INC.) | CALIFORNIA PROTONS CANCER THERAPY CENTER | BRISTOL MYERS SQUIBB | QUEST DIAGNOSTICS | PHREESIA | HEALTHCARE DISTRIBUTION ALLIANCE (HEALTHCARE DISTRIBUTION MANAGMENT ASSN.) | NEUROCRINE BIOSCIENCES, INC. | AMERICAN INVESTMENT COUNCIL | CRINETICS PHARMACEUTICALS | AMERICAN COLLEGE OF PHYSICIANS | SWORD HEALTH, INC. | FOUNDATION MEDICINE | GENENTECH, INC. | HANSA BIOPHARMA | AMGEN INC | PHRMA | HEALTH GORILLA | EVERGREEN NEPHROLOGY | AIS HEALTHCARE | ALZHEIMER'S ASSOCIATION | BIOTECHNOLOGY INDUSTRY ORGANIZATION | ELEVANCE HEALTH, INC (F.K.A. ANTHEM, INC. & WELLPOINT, INC.) | HEALTHCARE LEADERSHIP COUNCIL | NOVO NORDISK INC. | OPTION CARE HEALTH | OCTAVIANT FINANCIAL INC. | NOVOCURE INC. | 10X GENOMICS | ASTRAZENECA | BOEHRINGER INGELHEIM | BREAKTHROUGH T1D (FKA JUVENILE DIABETES RESEARCH FOUNDATION INTERNATIONAL) | ONE MEDICAL | SAREPTA THERAPEUTICS | HIMS & HERS HEALTH, INC. | AMERICAN CANCER SOCIETY CANCER ACTION NETWORK (ACSCAN) | ABBVIE INC. | THE AMPUTEE COALITION | SANOFI US SERVICES INC (FORMERLY KNOWN AS GENZYME CORPORATION) | NOVARTIS | ADVAMED | LANTHEUS | MATHEMATICA, INC | NATIONAL ASSOCIATION OF ACCOUNTABLE CARE ORGANIZATIONS | AMERICAN ACADEMY OF HOME CARE MEDICINE | BD (BECTON, DICKINSON AND COMPANY) | MEDICALLY HOME | TRIPLE-S MANAGEMENT CORPORATION | EXCELLUS HEALTH PLAN, INC. | LONGEVITY HEALTH PLAN | AMNEAL PHARMACEUTICALS, INC. | RAYNER SURGICAL INC. | ADVOCATES FOR COMMUNITY HEALTH | JAZZ PHARMACEUTICALS INC. | GENTIVA (FORMERLY REPORTED AS HUMANA & KINDRED AT HOME) | VALNEVA USA, INC | AMAZON.COM SERVICES LLC"
107267,KIMBERLY,BRANDT,"Sr. Counsel and Dir. External Affairs - HHS OIG; Prin. Dep. Administrator for Policy and Operations, and Dir. of Medicare Program Integrity - CMS; Chief Oversight and General Counsel, Sen. Cmte. on Finance",748,3,"ACCENTURE FEDERAL SERVICES | AMYLYX PHARMACEUTICALS | AMERICAN OSTEOPATHIC ASSOCIATION | H2 HEALTH | MALLINCKRODT PHARMACEUTICALS | THORN RUN PARTNERS (ON BEHALF OF THE PARTNERSHIP TO IMPROVE PATIENT CARE) | AVAILITY | CARDINAL HEALTH (F.K.A. THE GLOVER PARK GROUP) | GAINWELL TECHNOLOGIES (FKA HEALTH MANAGEMENT SYSTEMS) | SAS | NATIONAL SEATING & MOBILITY | BLUE CROSS BLUE SHIELD ASSOCIATION | FLAGSHIP PIONEERING | MERCK | NATIONAL ELECTRICAL MANUFACTURERS ASSOCIATION (MITA) | VERTEX PHARMACEUTICALS INCORPORATED | ASTELLAS PHARMA US, INC | GILEAD SCIENCES, INC. | HEALTH CARE SERVICE CORPORATION | ELI LILLY AND COMPANY | LINCARE | ABBOTT (FORMERLY KNOWN AS ALERE INC.) | CALIFORNIA PROTONS CANCER THERAPY CENTER | BRISTOL MYERS SQUIBB | QUEST DIAGNOSTICS | HEALTHCARE DISTRIBUTION ALLIANCE (HEALTHCARE DISTRIBUTION MANAGMENT ASSN.) | NEUROCRINE BIOSCIENCES, INC. | AMERICAN INVESTMENT COUNCIL | CRINETICS PHARMACEUTICALS | BAXTER | FOUNDATION MEDICINE | GENENTECH, INC. | HANSA BIOPHARMA | AMGEN INC | PHRMA | HEALTH GORILLA | EVERGREEN NEPHROLOGY | AIS HEALTHCARE | ALZHEIMER'S ASSOCIATION | BIOTECHNOLOGY INDUSTRY ORGANIZATION | ELEVANCE HEALTH, INC (F.K.A. ANTHEM, INC. & WELLPOINT, INC.) | HEALTHCARE LEADERSHIP COUNCIL | NOVO NORDISK INC. | OPTION CARE HEALTH | OCTAVIANT FINANCIAL INC. | NOVOCURE INC. | TAKEDA PHARMACEUTICALS AMERICA, INC. | 10X GENOMICS | ASTRAZENECA | BOEHRINGER INGELHEIM | BREAKTHROUGH T1D (FKA JUVENILE DIABETES RESEARCH FOUNDATION INTERNATIONAL) | ONE MEDICAL | SAREPTA THERAPEUTICS | HIMS & HERS HEALTH, INC. | OPEN PHILANTHROPY ACTION FUND | AMERICAN CANCER SOCIETY CANCER ACTION NETWORK (ACSCAN) | ABBVIE INC. | THE AMPUTEE COALITION | SANOFI US SERVICES INC (FORMERLY KNOWN AS GENZYME CORPORATION) | NOVARTIS | ADVAMED | SIGNIFY (F.K.A. REMEDY BPCI PARTNERS, LLC) | BD (BECTON, DICKINSON AND COMPANY) | MEDICALLY HOME | TRIPLE-S MANAGEMENT CORPORATION | EXCELLUS HEALTH PLAN, INC. | LONGEVITY HEALTH PLAN | AMNEAL PHARMACEUTICALS, INC. | ADVOCATES FOR COMMUNITY HEALTH | JAZZ PHARMACEUTICALS INC. | GENTIVA (FORMERLY REPORTED AS HUMANA & KINDRED AT HOME) | VALNEVA USA, INC | AMAZON.COM SERVICES LLC | MEDICAL FACULTY ASSOCIATES, INC. | OTSUKA AMERICA PHARMACEUTICAL, INC."
72234,CHRIS,BROWN,"Senior Professional Staff, House Financial Services Committee",747,1,"MELLON FINANCIAL SERVICES CORPORTATION #1 | MUTUAL OF OMAHA INSURANCE COMPANY | ROCK CENTRAL | HSBC TECHNOLOGY & SERVICES (USA) INC. | SUN LIFE FINANCIAL (U.S.) SERVICES COMPANY INC. | CORELOGIC DBA COTALITY | FINANCIAL TECHNOLOGY ASSOCIATION (FTA) | CHIME FINANCIAL, INC. | MIDFIRST BANK | PIPELINE HEALTH SYSTEM | UNITED SERVICES AUTOMOBILE ASSOCIATION (USAA) | POULTON ASSOCIATES, LLC | AMERIPRISE FINANCIAL | INSTITUTE FOR PORTFOLIO ALTERNATIVES (IPA) | CITIGROUP WASHINGTON INC | EQUITABLE | MUNICIPAL SECURITIES RULEMAKING BOARD | PAXOS TRUST COMPANY, LLC | THE NORTHWESTERN MUTUAL LIFE INSURANCE COMPANY | REGIONS BANK | BARCLAYS US GPF INC. | MANUFACTURED HOUSING INSTITUTE | AMAZON WEB SERVICES | MID-SIZED BANK COALITION OF AMERICA | PAYPAL, INC. | FAIR ISAAC CORPORATION (DBA FICO) | AMERICAN INVESTMENT COUNCIL | RENAISSANCE RE NORTH AMERICA | STANDARD CHARTERED BANK | AFLAC, INC. | OTC MARKETS GROUP | VISA USA, INC. | PONTERA, INC. | THE AUTO CLUB GROUP | THE GOLDMAN SACHS GROUP, INC. | ZILLOW GROUP, INC. | PRUDENTIAL FINANCIAL, INC. | REMITLY | WASHINGTON COMMANDERS FOOTBALL TEAM | ABIR | PWC US GROUP LLP | NEW YORK LIFE INSURANCE COMPANY | STELLAR DEVELOPMENT FOUNDATION | STRIPE, INC. | KEYCORP | TIAA | THE BLACKSTONE GROUP INC. | SOFI TECHNOLOGIES, INC. | PAYCHEX, INC. | INTUIT, INC. AND AFFILIATES | CORELOGIC DBA COTALITY (FKA CORELOGIC) | THE CAPITAL GROUP COMPANIES, INC. & ITS AFFILIATES | NATIONWIDE INSURANCE | 2U, INC. | SIXTH STREET PARTNERS, LLC | ALLSTATE INSURANCE COMPANY | KROLL BOND RATING AGENCY, INC. | PROTECTIVE LIFE CORPORATION | B. RILEY FINANCIAL, INC. | STATE FARM INSURANCE COMPANIES | WELLS FARGO & COMPANY | VERIZON COMMUNICATIONS INC | WESTERN ALLIANCE BANK | CONTINENTAL CASUALTY COMPANY | COURIER PLUS, INC. DBA DUTCHIE | METROPOLITAN LIFE INSURANCE COMPANY | ROCKET LIMITED PARTNERSHIP | FEDERAL HOME LOAN BANK OF NEW YORK (FHLBNY) | CLEANER ECONOMY COALITION, INC."
67822,MATT,BRAVO,"Director of Floor Operations, Majority Whip Steve Scalise; Deputy Floor Director, Majority Whip Scalise; Majority Professional Staff, House E&C, Rep. Fred Upton; Floor/Special/Staff Asst., Majority Leader/(R) Whip Eric Cantor",743,4,"MORRISON COHEN, LLP OBO REXMARK HOLDINGS, LLC | ACTUM OBO ILLUMINA, INC. | TELNYX | HASLAM SPORTS GROUP | ROCK CENTRAL | RTX CORPORATION AND AFFILIATES | ALLIANCE TO MODERNIZE PRESCRIBING INFORMATION | MCKINSEY & COMPANY | INTEGRAL AD SCIENCE | LVMH MOET HENNESSY LOUIS VUITTON INC. | COMMONWEALTH LNG | LKQ CORPORATION | T-MOBILE USA, INC. | GOOGLE CLIENT SERVICES, LLC | JPMORGAN CHASE HOLDINGS LLC | AUSTAL USA | H&R BLOCK | AMERICAN EXPLORATION & PRODUCTION COUNCIL | U.S. SUGAR CORPORATION | KAYRROS, INC. | SWISHER INTERNATIONAL INC. | COUNCIL FOR INVESTOR RIGHTS AND CORPORATE ACCOUNTABILITY, INC. | XCEL ENERGY SERVICES, INC. | FIRST FIVE ACTION FUND | AIR LINE PILOTS ASSOCIATION | AMERICAN FREE ENTERPRISE CHAMBER OF COMMERCE | NELNET | RECYCLING LEADERSHIP COUNCIL | HAULHUB TECHNOLOGIES | TIN CAN UNTECHNOLOGIES, INC. | KPMG LLP | NATIONAL ASSOCIATION OF LETTER CARRIERS | VERAX BIOMEDICAL | NATIONAL ELECTRICAL MANUFACTURERS ASSOCIATION | PARSONS CORPORATION | LOWE'S COMPANIES INC. | PNC FINANCIAL INC. | AMERICAN PETROLEUM INSTITUTE | META PLATFORMS, INC. (FORMERLY FACEBOOK, INC. AND VARIOUS SUBSIDIARIES) | TELGOO5 | SOUTHWEST AIRLINES CO. | GEA MECHANICAL EQUIPMENT US, INC. | ROCKET LIMITED PARTNERSHIP F/K/A RKT HOLDINGS, LLC | MONDELEZ INTERNATIONAL | THE BOEING COMPANY | JUUL LABS | SCHNEIDER ELECTRIC | CTIA THE WIRELESS ASSOCIATION | LIVE EARTH IMAGING INC. | WAYMO LLC | S&P GLOBAL | NATIONAL FOOTBALL LEAGUE | WINCHESTER AMMUNITION | ASSOCIATION OF HOME APPLIANCE MANUFACTURERS | U.S. TRAVEL ASSOCIATION | NATIONAL AIR TRAFFIC CONTROLLERS ASSOCIATION | PITNEY BOWES | DOORDASH | SHIELD AI | ALZHEIMER'S ASSOCIATION | SYNOPSYS, INC. | MICRON TECHNOLOGY, INC. | INTEL CORPORATION | ABBOTT LABORATORIES | FORIS DAX, INC. D/B/A CRYPTO.COM | NATIONAL BUSINESS AVIATION ASSOCIATION | KOCH GOVERNMENT AFFAIRS, LLC FKA KOCH COMPANIES PUBLIC SECTOR, LLC | SAZERAC COMPANY, INC. | TEXTRON INC. | NETCHOICE | EASTMAN CHEMICAL COMPANY | AMERICAN OPTOMETRIC ASSOCIATION | HEALTH INDUSTRY DISTRIBUTORS ASSOCIATION | FANDUEL GROUP | DUKE ENERGY CORPORATION | HOLISTIC INDUSTRIES | STANDARD INDUSTRIES LTD. | COALTION FOR ADULT BEVERAGE ALTERNATIVES | LIGADO NETWORKS | NATIONAL INSURANCE CRIME BUREAU | CONSUMER TECHNOLOGY ASSOCIATION | CONSUMER BRANDS ASSOCIATION | THE BUSINESS ROUNDTABLE, INC. | GENERAL MOTORS"
143823,REMY,MASON,Senior FDA Policy Advisor to Senate HELP Committee Ranking Member Patty Murray; Senior Health Policy Advisor Sen. Elizabeth Warren; Intern to Rep. Allyson Schwartz,739,3,"BIOTECHNOLOGY INNOVATION ORGANIZATION | WALGREEN CO. | THE CHILDREN'S HOSPITAL OF PHILADELPHIA | FAIRMOUNT FUNDS MANAGEMENT LLC | BLUEBIRD BIO | SAS INSTITUTE INC. | CARDINAL HEALTH | UNILEVER | ASSOCIATION OF DENTAL SUPPORT ORGANIZATIONS | NASSAU HEALTH SYSTEM CORP. | FINDHELP | PROLACTA BIOSCIENCE, INC. | CATALYST PHARMACEUTICALS | GLAXOSMITHKLINE, INC | PHARMA & BIOPHARMA OUTSOURCING ASSOCIATION | BIOMARIN PHARMACEUTICAL INC. | SIEMENS HEALTHINEERS | RECESS | UNDIAGNOSED DISEASE NETWORK FOUNDATION | GRADY HEALTH SYSTEM | WK KELLOGG CO (FKA KELLOGG COMPANY) | ASSOCIATION FOR RESPONSIBLE HEALTHCARE INVESTMENT | REGENERON PHARMACEUTICALS, INC. | NEUROCRINE BIOSCIENCES, INC. | STRYKER CORPORATION | THE REGENTS OF THE UNIVERSITY OF MICHIGAN | EPIGENOMICS, INC. | SENIOR CARE PHARMACY COALITION | ADVANCED MEDICAL TECHNOLOGY ASSOCIATION | PTC THERAPEUTICS | NYU LANGONE HEALTH | ACCUMULUS SYNERGY, INC. | STAMFORD HEALTH | HEARTLAND FOOD PRODUCTS GROUP | LOCKTON MANAGEMENT, LLC | MLK COMMUNITY HEALTHCARE | CHARLES RIVER LABORATORIES | ACADEMY OF NUTRITION AND DIETETICS | AMERICAN BEVERAGE ASSOCIATION | PFIZER, INC | AMERICAN SOCIETY OF GENE AND CELL THERAPY | MASS GENERAL BRIGHAM (FORMERLY KNOWN AS PARTNERS HEALTHCARE) | THE ASSISTANCE FUND | CARLSMED, INC. | IMPOSSIBLE FOODS INC. | GLOBAL KRATOM COALITION | ABIOMED INC | NATIONAL RESILIENCE, INC. | METLIFE GROUP, INC. (FKA METLIFE SERVICES AND SOLUTIONS, LLC) | BIOMERIEUX, INC. | ADVOCATE HEALTH | NEKTAR THERAPEUTICS | AMGEN INC. | ALLIANCE FOR REGENERATIVE MEDICINE | REAL TIME MEDICAL SYSTEMS | SCP-HEALTH | LYNDRA THERAPEUTICS | CAPTOR CAPITAL CORP. | HORIZON PHARMA | A PLACE FOR MOM, INC. | ZOGENIX, INC. | BAYER CORPORATION | ALKERMES, INC. | BAUDAX BIO, INC. (FORMERLY KNOWN AS RECRO PHARMA, INC.) | MATRIX MEDICAL NETWORK | OAK STREET HEALTH D/B/A CVS HEALTH | EDWARDS LIFESCIENCES LLC | NOVARTIS | FEDERATION OF AMERICAN HOSPITALS | TARGET ALS FOUNDATION INC. | EVERYONE MEDICINES | VIAL | THE PROCTER & GAMBLE COMPANY | PHARMACEUTICAL RESEARCH AND MANUFACTURERS OF AMERICA | UROGEN PHARMA, INC. | ADVANCING MENTAL HEALTH FOR MILITARY FAMILIES, LLC | BREAKTHROUGH T1D (F/K/A JDRF) | VAXCYTE, INC. | THE TRUSTEES OF THE UNIVERSITY OF PENNSYLVANIA"
23860,ROBERT,WOOD,Chief of Staff to HHS Secretary; Intern to Rep. Scott Klug,739,3,"KIDNEY CARE PARTNERS | AMERICAN BEVERAGE ASSOCIATION | NATIONAL ASSOCIATION OF VISION CARE PLANS | SENIOR CARE PHARMACY COALITION | DELTA AIRLINES | NYU LANGONE HEALTH | HEARTLAND FOOD PRODUCTS GROUP | GLAXOSMITHKLINE, INC | CHILDREN'S HOSPITAL AND HEALTH SYSTEM, INC. | U.S. ANESTHESIA PARTNERS, INC. | AKEBIA THERAPEUTICS, INC. | SELECT MEDICAL CORPORATION | FRESENIUS MEDICAL CARE | BRIGHTLINE HOLDINGS LLC (FORMERLY VIRGIN TRAINS USA) | RADIOLOGY PARTNERS | FINDHELP | COGNIZANT TECHNOLOGY SOLUTIONS | PEPSICO, INC. | AMGEN INC. | U.S. ACUTE CARE SOLUTIONS, LLC | SCP-HEALTH | REAL TIME MEDICAL SYSTEMS | ROCKWELL AUTOMATION | NATIONAL ALLIANCE FOR CARE AT HOME | FORS MARSH GROUP | LYNDRA THERAPEUTICS | ASSOCIATION OF DENTAL SUPPORT ORGANIZATIONS | ALG SENIOR LLC | SAS INSTITUTE INC. | SELLERS DORSEY | INTERSYSTEMS PUBLIC SECTOR CORPORATION | PHARMACEUTICAL RESEARCH AND MANUFACTURERS OF AMERICA | WE ENERGIES | UROGEN PHARMA, INC. | BREAKTHROUGH T1D (F/K/A JDRF) | SH 130 CONCESSION COMPANY, LLC | THE TRUSTEES OF THE UNIVERSITY OF PENNSYLVANIA | LIBERTY MEDIA CORPORATION | DIRECT SUPPLY, INC. | UTAH CITY | NEUROCRINE BIOSCIENCES, INC. | EPIGENOMICS, INC. | HNTB CORPORATION | AMEDISYS, INC. | MIND SPRINGS HEALTH | UNIVERSITY OF WISCONSIN-MADISON | WELBEHEALTH | SWORD HEALTH | AAPAN | ABIOMED INC | AMERICAN HEALTH CARE ASSOCIATION | LUMEXA IMAGING, INC. (FKA US RADIOLOGY SPECIALISTS) | CENTENE CORPORATION | MATRIX MEDICAL NETWORK | OAK STREET HEALTH D/B/A CVS HEALTH | RXO | PFIZER, INC | MASS GENERAL BRIGHAM (FORMERLY KNOWN AS PARTNERS HEALTHCARE)"
63678,JEFF,MACKINNON,LD & LA Rep. Joe Barton (RTexas),738,6,"COMMUNITY ONCOLOGY ALLIANCE | SOUTHERN COMPANY | COMCAST CORPORATION | CHARTER BROKERAGE | PAIR TEAM | SPECTRUM PHARMACEUTICALS, INC | ELISABETH POTTER MD PLLC | INTUITY MEDICAL | FAMILIES AGAINST MANDATORY MINIMUMS | 21ST CENTURY PRIVACY COALITION | GENENTECH | HONEYWELL INTERNATIONAL | DIGESTIVE HEALTH PHYSICIANS ASSOCIATION | PIERRE FABRE PHARMACEUTICALS, INC. | AMBULATORY SURGERY CENTER ASSOCIATION | ALTRIA CLIENT SERVICES LLC | NATIONAL CABLE AND TELECOMMUNICATIONS ASSOCIATION | DAIICHI SANKYO INC | ORGANIZE ACTION NETWORK | CYTOKINETICS INC. | PHARMACOSMOS THERAPEUTICS INC. | JOHNSON & JOHNSON SERVICES INC | PATIENTPOINT | SALUDA MEDICAL | ACTIO HEALTH, INC | RSBIX CO | SANCTUARY SYSTEMS | CONNECT HOLDING LLC | DIRECTV | BTG INTERNATIONAL INC. | FULLSCRIPT | EVERMORE | U.S. WOMEN'S HEALTH ALLIANCE | AMERICAN INDEPENDENT MEDICAL PRACTICE ASSOCIATION | NEURAL FEDERAL INC | AMERICAN SOCIETY OF INTERVENTIONAL PAIN PHYSICIANS | LIVE NATION ENTERTAINMENT | PATCHRX | REPLIMUNE | HERON THERAPEUTICS, INC. | GILEAD SCIENCES INC. | NEURALACE MEDICAL, INC. | ALLIED OMS | IDEVELOPMENT AND ECONOMIC ASSOCIATION | NANTWORKS | BRIDGEBIO | ELECTROCORE | DTE ENERGY | ASSERTIO HOLDINGS, INC | ENTERPRISE MOBILITY | LIFE CONNECTION OF OHIO | AMAG PHARMACEUTICALS, INC. | OMEGA FLEX | T-MOBILE ASSOCIATION | ONEONCOLOGY INC. | BEYONDSPRING INC. | LANTHEUS MEDICAL IMAGING, INC. | ILLUMINA | DEXCOM, INC. | COX ENTERPRISES, INC | PHARMACEUTICAL RESEARCH AND MANUFACTURERS OF AMERICA | UNIQURE INC. | AT&T SERVICES INC | EDWARDS LIFESCIENCES, LLC | CAREVISO (FORMERLY KNOWN AS CMT SOLUTIONS) | NOVAVAX, INC. | SPR THERAPEUTICS | ANIMAL WELLNESS ACTION | TECHNET THE VOICE OF INNOVATION ECONOMY"
64574,JEFFERY,MORTIER,"Prof Staff on E&C Cmte, LA Rep Whitfield and Intern Devin Nunes",733,5,"SANCTUARY SYSTEMS | CONNECT HOLDING LLC | DIRECTV | BTG INTERNATIONAL INC. | FULLSCRIPT | EVERMORE | EDWARDS LIFESCIENCES, LLC | CAREVISO (FORMERLY KNOWN AS CMT SOLUTIONS) | NOVAVAX, INC. | SPR THERAPEUTICS | ANIMAL WELLNESS ACTION | TECHNET THE VOICE OF INNOVATION ECONOMY | INTUIT INC. AND AFFILIATES | PHARMACEUTICAL RESEARCH AND MANUFACTURERS OF AMERICA | UNIQURE INC. | NANTWORKS | BRIDGEBIO | ELECTROCORE | AT&T SERVICES INC | COMMUNITY ONCOLOGY ALLIANCE | SOUTHERN COMPANY | COMCAST CORPORATION | CHARTER BROKERAGE | PAIR TEAM | HERON THERAPEUTICS, INC. | GILEAD SCIENCES INC. | NEURALACE MEDICAL, INC. | ALLIED OMS | IDEVELOPMENT AND ECONOMIC ASSOCIATION | DTE ENERGY | ASSERTIO HOLDINGS, INC | ENTERPRISE MOBILITY | LIFE CONNECTION OF OHIO | AMAG PHARMACEUTICALS, INC. | U.S. WOMEN'S HEALTH ALLIANCE | AMERICAN INDEPENDENT MEDICAL PRACTICE ASSOCIATION | NEURAL FEDERAL INC | ALTRIA CLIENT SERVICES LLC | NATIONAL CABLE AND TELECOMMUNICATIONS ASSOCIATION | DAIICHI SANKYO INC | ORGANIZE ACTION NETWORK | CYTOKINETICS INC. | PHARMACOSMOS THERAPEUTICS INC. | AMERICAN SOCIETY OF INTERVENTIONAL PAIN PHYSICIANS | LIVE NATION ENTERTAINMENT | PATCHRX | REPLIMUNE | COX ENTERPRISES, INC | OMEGA FLEX | T-MOBILE ASSOCIATION | ONEONCOLOGY INC. | BEYONDSPRING INC. | LANTHEUS MEDICAL IMAGING, INC. | ILLUMINA | DEXCOM, INC. | 21ST CENTURY PRIVACY COALITION | GENENTECH | DIGESTIVE HEALTH PHYSICIANS ASSOCIATION | PIERRE FABRE PHARMACEUTICALS, INC. | AMBULATORY SURGERY CENTER ASSOCIATION | JOHNSON & JOHNSON SERVICES INC | PATIENTPOINT | SALUDA MEDICAL | ACTIO HEALTH, INC | RSBIX CO | SPECTRUM PHARMACEUTICALS, INC | ELISABETH POTTER MD PLLC | INTUITY MEDICAL | FAMILIES AGAINST MANDATORY MINIMUMS"
70490,JONATHAN,SLEMROD,"Associate Director, Legislative Affairs, Office of Management and Budget, '17-'18, Policy Advisor, Office of the Sen. Republican Whip, '12-'17, Legislative Assistant, Sen. Marco Rubio '11-'12",729,4,"META PLATFORMS, INC. | AMERICAN INVESTMENT COUNCIL | AGRIPPA INDUSTRIES INC. | CONSTELLATION BRANDS, INC. | GENENTECH, INC. | INTERNATIONAL FRANCHISE ASSOCIATION | CARGILL, INC. | S&P GLOBAL INC. | AMERICAN BANKERS ASSOCIATION'S CARD POLICY COUNCIL | AMERICAN EXPLORATION & PRODUCTION COUNCIL (AXPC) | MICROSOFT CORPORATION | LINKEDIN CORPORATION | BIPARTISAN POLICY CENTER ACTION | TAH OPERATIONS LLC | MAPLEBEAR INC. D/B/A INSTACART | THE HOME DEPOT | COMCAST CORPORATION | SPACEX | THE BLACKSTONE GROUP | INSIGHT TERMINAL SOLUTIONS, LLC | ADVANCED MANUFACTURING COMPANY OF AMERICA, INC. | DRAKEN INTERNATIONAL, LLC | PFIZER INC. | PRINCIPAL FINANCIAL GROUP | FEDEX CORPORATION | RYAN, INC. | GSO CAPITAL PARTNERS | MAXAR INTELLIGENCE INC. | EDISON ELECTRIC INSTITUTE | CENCORA, INC. | ADVENT INTERNATIONAL CORP. LLC | CRYSTALLEX | IRON MOUNTAIN | MCKINSEY & COMPANY | 1X TECHNOLOGIES | THE BROADWAY LEAGUE | CITIGROUP WASHINGTON INC. | GENERAL DYNAMICS | T-MOBILE | MERCK & CO., INC. | HESS CORPORATION | SECURITIES INDUSTRY AND FINANCIAL MARKETS ASSOCIATION (SIFMA) | ALTRIA CLIENT SERVICES LLC | SOUTHERN COMPANY SERVICES, INC. | THE GOLDMAN SACHS GROUP, INC | SK HYNIX AMERICA, INC. | AMERICAN BANKERS ASSOCIATION | CHURCHILL DOWNS, INCORPORATED | FORETREX, INC. LTD (FORMERLY PACKERS SANITATION SERVICES, INC., LTD.) | J3D LABS, INC. | ID.ME, INC. | MGM RESORTS INTERNATIONAL | HSBC TECHNOLOGY & SERVICES USA, INC. | CSL BEHRING LLC | SORENSON COMMUNICATIONS | STARBUCKS | CROWLEY MARITIME CORPORATION | NEW YORK LIFE | HISTORIC TAX CREDIT COALITION | PROCTER & GAMBLE | EXXON MOBIL CORPORATION | GE AEROSPACE | PRUDENTIAL FINANCIAL, INC. | DIAGEO NORTH AMERICA, INC. | INVESTMENT COMPANY INSTITUTE | NEXTERA ENERGY, INC. | AMERICAN INNOVATION: THE AI PROJECT, INC | PETSMART LLC | AMERICAN CLEAN POWER ASSOCIATION | THE PNC FINANCIAL SERVICES GROUP | CRUISE LINES INTERNATIONAL ASSOCIATION | SPARK THERAPEUTICS | RECORDING INDUSTRY ASSOCIATION OF AMERICA | HILTON WORLDWIDE | TEAMHEALTH | AIRLINES FOR AMERICA | H&R BLOCK, INC. | CAPITAL ONE FINANCIAL CORPORATION | NORTHWESTERN UNIVERSITY"
38858,MARK,LIMBAUGH,"Asst Secretary for Water & Science, DOI, 9/05-7/07 Deputy Commissioner for BOR at DOI 1/02-9/05",727,14,"ROSEVILLE-CA CITY OF | EL DORADO COUNTY WATER AGENCY | THE FRESHWATER TRUST | GERING FT. LARAMIE IRRIGATION DISTRICT | RECLAMATION DISTRICT 108 | SAN JOAQUIN COUNTY FLOOD CONTROL AND WATER CONSERVATION DISTRICT | HAMILTON COUNTY | AG WATER BOARD OF WHATCOM COUNTY | CITY OF WOODLAND CA | GLENN-COLUSA IRRIGATION DISTRICT-CA | KLAMATH WATER USERS ASSOCIATION | TURLOCK IRRIGATION DISTRICT | SOLANO IRRIGATION DISTRICT | OREGON WATER RESOURCES CONGRESS | NORTHERN CALIFORNIA WATER ASSOCIATION | MERCED IRRIGATION DISTRICT | CENTRAL ARIZONA IRRIGATION & DRAINAGE DISTRICT | YAKIMA BASIN JOINT BOARD | DESCHUTES BASIN BOARD OF CONTROL | SWYFT, INC. | IDAHO WATER RESOURCE BOARD | CALIFORNIA VALLEY MIWOK TRIBE | MONTEREY PENINSULA WATER MANAGEMENT DISTRICT | FAMILY FARM ALLIANCE | SAN JUAN WATER DISTRICT | YUMA COUNTY AGRICULTURE WATER COALITION | SCEYE, INC. | WESTERN MUNICIPAL WATER DISTRICT | SACRAMENTO COUNTY, CA | SITES PROJECT AUTHORITY | THE ORLAND UNIT WATER USERS ASSOCIATION | MARICOPA STANFIELD IRRIGATION & DRAINAGE DISTRICT | LAKE CASCADE AGRICULTURAL EASEMENT HOLDERS | COLORADO RIVER DISTRICT | FOLSOM-CA CITY OF | IDAHO WATER USERS ASSOCIATION | WASHINGTON STATE WATER RESOURCES ASSOCIATION | CDM SMITH | MODESTO IRRIGATION DISTRICT | CITY OF FORT WAYNE, IN | OCEANSIDE-CA CITY OF | FRIANT WATER AUTHORITY (FORMERLY FRIANT WATER USERS AUTHORITY) | SCOUT CLEAN ENERGY | TULE RIVER IMPROVEMENT JPA (FORMERLY LOWER TULE RIVER IRRIGATION DISTRICT) | CAT CREEK ENERGY, LLC | CITY OF MORRO BAY, CA | SOMACH SIMMONS & DUNN ON BEHALF OF STATE OF TEXAS | RIVER GARDEN FARMS, CA | SUTTER MUTUAL WATER COMPANY AND RECLAMATION DISTRICT 1500 | NORTH UNIT IRRIGATION DISTRICT | TRUCKEE CARSON IRRIGATION DISTRICT"
65427,ROBB,WALTON,"Senior Health Policy Advisor and Counsel Sen Cassidy; Advisor Rep. Cassidy; Research Asst., Staff Asst., Intern on Senate HELP, Ranking Member, Sen. Enzi; Intern to Rep. Nunes",722,4,"CENTENE CORPORATION | BAYER CORPORATION | OAK STREET HEALTH D/B/A CVS HEALTH | GLAXOSMITHKLINE, INC | CHILDREN'S HOSPITAL AND HEALTH SYSTEM, INC. | U.S. ANESTHESIA PARTNERS, INC. | AKEBIA THERAPEUTICS, INC. | SHIFTKEY, LLC | SENIOR CARE PHARMACY COALITION | PTC THERAPEUTICS | NYU LANGONE HEALTH | SAS INSTITUTE INC. | NASSAU HEALTH SYSTEM CORP. | AMGEN INC. | U.S. ACUTE CARE SOLUTIONS, LLC | SCP-HEALTH | ALLIANCE FOR REGENERATIVE MEDICINE | REAL TIME MEDICAL SYSTEMS | NATIONAL ALLIANCE FOR CARE AT HOME | HORIZON PHARMA | ZOGENIX, INC. | SELECT MEDICAL CORPORATION | FRESENIUS MEDICAL CARE | RADIOLOGY PARTNERS | FINDHELP | PROLACTA BIOSCIENCE, INC. | SWORD HEALTH | EDWARDS LIFESCIENCES LLC | NOVARTIS | FEDERATION OF AMERICAN HOSPITALS | PHARMACEUTICAL RESEARCH AND MANUFACTURERS OF AMERICA | UROGEN PHARMA, INC. | VAXCYTE, INC. | BIOMARIN PHARMACEUTICAL INC. | AMEDISYS, INC. | SIEMENS HEALTHINEERS | GRADY HEALTH SYSTEM | ASSOCIATION FOR RESPONSIBLE HEALTHCARE INVESTMENT | INDUCTIVEHEALTH INFORMATICS | NEUROCRINE BIOSCIENCES, INC. | STRYKER CORPORATION | EPIGENOMICS, INC. | BIOTECHNOLOGY INNOVATION ORGANIZATION | WALGREEN CO. | THE CHILDREN'S HOSPITAL OF PHILADELPHIA | INTERSYSTEMS PUBLIC SECTOR CORPORATION | AMERICAN SOCIETY OF GENE AND CELL THERAPY | MASS GENERAL BRIGHAM (FORMERLY KNOWN AS PARTNERS HEALTHCARE) | THE ASSISTANCE FUND | CARLSMED, INC. | IMPOSSIBLE FOODS INC. | KIDNEY CARE PARTNERS | LOCKTON MANAGEMENT, LLC | ACADEMY OF NUTRITION AND DIETETICS | COLORECTAL CANCER ALLIANCE | ABIOMED INC | AMERICAN HEALTH CARE ASSOCIATION | LUMEXA IMAGING, INC. (FKA US RADIOLOGY SPECIALISTS) | ADVOCATE HEALTH | NEKTAR THERAPEUTICS"
31921,DANE,CHRISTIANSEN,Legislative Consultant,718,2,"DIGESTIVE DISEASE NATIONAL COALITION | AMERICAN THORACIC SOCIETY | SLEEP RESEARCH SOCIETY | HOPE CHARITIES | INTERSTITIAL CYSTITIS ASSOCIATION | ORASURE TECHNOLOGIES INC | CHOOSE HEALTHY LIFE | PULMONARY HYPERTENSION ASSOCIATION | RESTLESS LEGS SYNDROME FOUNDATION, INC | PF CARRUS CAREERS, LLC | FOUNDATION FOR SARCOIDOSIS RESEARCH | CAIPHI, INC | COALITON OF SKIN DISEASES | GAUCHER COMMUNITY ALLIANCE | COALITION FOR HEMOPHILIA B | THE NATIONAL PANCREAS FOUNDATION | DYSTONIA MEDICAL RESEARCH FOUNDATION | NATIONAL AHEC ORGANIZATION | LYMPHATIC EDUCATION & RESEARCH NETWORK | UNIVERSITY OF ST AUGUSTINE FOR HEALTH SCIENCES | AMERICAN ASSOCIATION OF NEUROMUSCULAR & ELECTRODIAGNOSTIC MEDICINE | AMERICAN LIVER FOUNDATION | ACCESSIA HEALTH (FORMERLY PATIENT SERVICES INCORPORATED) | NATIONAL COUNCIL FOR DIVERSITY IN HEALTH PROFESSIONS | NATIONAL SCLERODERMA FOUNDATION | TUFT'S FOOD IS MEDICINE INSTITUTE | MISSION MSA | NATIONAL ECZEMA ASSOCIATION | PREVENT BLINDNESS | NATIONAL ALOPECIA AREATA FOUNDATION | GBS/CIDP FOUNDATION INTERNATIONAL | INTERNATIONAL FOUNDATION FOR GASTROINTESTINAL DISORDERS (FRMRLY INT'L FDTN FUN) | THE REE WYNN FOUNDATION | METAVIVOR RESEARCH AND SUPPORT, INC. | ASSOCIATION OF MINORITY HEALTH PROFESSIONS SCHOOLS | HEAD FOR THE CURE | U.S. HEREDITARY ANGIOEDEMA ASSOCIATION | EPILEPSY FOUNDATION | CHRONIC DISEASE DAY/CHRONIC DISEASE ALLIANCE | PLATELET DISORDER SUPPORT ASSOCIATION | NEPHURE | ALPHA-1 FOUNDATION | VOICES AGAINST BRAIN CANCER | MOREHOUSE SCHOOL OF MEDICINE | ST GEORGE'S UNIVERSITY SCHOOL OF MEDICINE | NUTRITION & MED. FOODS COALITION (FORMERLY ENTERA HEALTH, INC.) | PROJECT SLEEP | TUSKEGEE UNIVERSITY COLLEGE OF VETERINARY MEDICINE | COALITION FOR CLINICAL & TRANSLATIONAL SCIENCE (FORMERLY JOINT ADVOCACY COALIT.) | PERIODIC PARALYSIS ASSOCIATION | AMERICAN LUNG ASSOCIATION | WAIHA WARRIORS"
63565,PHILIP,GOGLAS,Legislative Consultant,717,3,"METAVIVOR RESEARCH AND SUPPORT, INC. | ASSOCIATION OF MINORITY HEALTH PROFESSIONS SCHOOLS | HEAD FOR THE CURE | MOREHOUSE SCHOOL OF MEDICINE | U.S. HEREDITARY ANGIOEDEMA ASSOCIATION | EPILEPSY FOUNDATION | CHRONIC DISEASE DAY/CHRONIC DISEASE ALLIANCE | PLATELET DISORDER SUPPORT ASSOCIATION | NEPHURE | ALPHA-1 FOUNDATION | VOICES AGAINST BRAIN CANCER | ACCESSIA HEALTH (FORMERLY PATIENT SERVICES INCORPORATED) | NATIONAL COUNCIL FOR DIVERSITY IN HEALTH PROFESSIONS | NATIONAL SCLERODERMA FOUNDATION | TUFT'S FOOD IS MEDICINE INSTITUTE | MISSION MSA | THE NATIONAL PANCREAS FOUNDATION | DYSTONIA MEDICAL RESEARCH FOUNDATION | NATIONAL AHEC ORGANIZATION | LYMPHATIC EDUCATION & RESEARCH NETWORK | AMERICAN ASSOCIATION OF NEUROMUSCULAR & ELECTRODIAGNOSTIC MEDICINE | UNIVERSITY OF ST AUGUSTINE FOR HEALTH SCIENCES | AMERICAN LIVER FOUNDATION | COALITION FOR CLINICAL & TRANSLATIONAL SCIENCE (FORMERLY JOINT ADVOCACY COALIT.) | PERIODIC PARALYSIS ASSOCIATION | DIGESTIVE DISEASE NATIONAL COALITION | AMERICAN THORACIC SOCIETY | SLEEP RESEARCH SOCIETY | HOPE CHARITIES | INTERSTITIAL CYSTITIS ASSOCIATION | COALITON OF SKIN DISEASES | GAUCHER COMMUNITY ALLIANCE | COALITION FOR HEMOPHILIA B | ORASURE TECHNOLOGIES INC | CHOOSE HEALTHY LIFE | PULMONARY HYPERTENSION ASSOCIATION | RESTLESS LEGS SYNDROME FOUNDATION, INC | FOUNDATION FOR SARCOIDOSIS RESEARCH | PF CARRUS CAREERS, LLC | CAIPHI, INC | AMERICAN LUNG ASSOCIATION | WAIHA WARRIORS | NATIONAL ECZEMA ASSOCIATION | PREVENT BLINDNESS | NATIONAL ALOPECIA AREATA FOUNDATION | GBS/CIDP FOUNDATION INTERNATIONAL | INTERNATIONAL FOUNDATION FOR GASTROINTESTINAL DISORDERS (FRMRLY INT'L FDTN FUN) | THE REE WYNN FOUNDATION | ST GEORGE'S UNIVERSITY SCHOOL OF MEDICINE | NUTRITION & MED. FOODS COALITION (FORMERLY ENTERA HEALTH, INC.) | PROJECT SLEEP | TUSKEGEE UNIVERSITY COLLEGE OF VETERINARY MEDICINE"
65005,SARAH,WALTER,"Former Legislative Director/Chief Counsel, Sen. John Breaux",711,4,"SPECTRUM PHARMACEUTICALS, INC | ELISABETH POTTER MD PLLC | INTUITY MEDICAL | FAMILIES AGAINST MANDATORY MINIMUMS | COMMUNITY ONCOLOGY ALLIANCE | SOUTHERN COMPANY | COMCAST CORPORATION | CHARTER BROKERAGE | PAIR TEAM | COX ENTERPRISES, INC | PHARMACEUTICAL RESEARCH AND MANUFACTURERS OF AMERICA | UNIQURE INC. | EDWARDS LIFESCIENCES, LLC | CAREVISO (FORMERLY KNOWN AS CMT SOLUTIONS) | NOVAVAX, INC. | SPR THERAPEUTICS | ANIMAL WELLNESS ACTION | TECHNET THE VOICE OF INNOVATION ECONOMY | INTUIT INC. AND AFFILIATES | AMERICAN SOCIETY OF INTERVENTIONAL PAIN PHYSICIANS | LIVE NATION ENTERTAINMENT | PATCHRX | REPLIMUNE | U.S. WOMEN'S HEALTH ALLIANCE | AMERICAN INDEPENDENT MEDICAL PRACTICE ASSOCIATION | NEURAL FEDERAL INC | DTE ENERGY | ASSERTIO HOLDINGS, INC | ENTERPRISE MOBILITY | LIFE CONNECTION OF OHIO | AMAG PHARMACEUTICALS, INC. | OMEGA FLEX | T-MOBILE ASSOCIATION | ONEONCOLOGY INC. | BEYONDSPRING INC. | LANTHEUS MEDICAL IMAGING, INC. | ILLUMINA | DEXCOM, INC. | HERON THERAPEUTICS, INC. | GILEAD SCIENCES INC. | NEURALACE MEDICAL, INC. | ALLIED OMS | IDEVELOPMENT AND ECONOMIC ASSOCIATION | NANTWORKS | BRIDGEBIO | ELECTROCORE | ALTRIA CLIENT SERVICES LLC | NATIONAL CABLE AND TELECOMMUNICATIONS ASSOCIATION | DAIICHI SANKYO INC | ORGANIZE ACTION NETWORK | CYTOKINETICS INC. | PHARMACOSMOS THERAPEUTICS INC. | JOHNSON & JOHNSON SERVICES INC | PATIENTPOINT | SALUDA MEDICAL | RSBIX CO | 21ST CENTURY PRIVACY COALITION | GENENTECH | DIGESTIVE HEALTH PHYSICIANS ASSOCIATION | PIERRE FABRE PHARMACEUTICALS, INC. | AMBULATORY SURGERY CENTER ASSOCIATION | SANCTUARY SYSTEMS | CONNECT HOLDING LLC | DIRECTV | BTG INTERNATIONAL INC. | FULLSCRIPT | EVERMORE"
107322,OLIVIA,KURTZ,"Chief of Staff, Leg Director, Dep Leg Director, Sr Leg Asst, US Sen Susan Collins; Dep Staff Dir, Sen Special Comm on Aging; Leg Director, Sr Leg Asst, Leg Asst, Exec Asst, Rep Mike Castle",700,3,"S&P GLOBAL | NATIONAL FOOTBALL LEAGUE | ANOMALY SIX | PATTERN ENERGY GROUP SERVICES LP | NATIONAL AIR TRAFFIC CONTROLLERS ASSOCIATION | PITNEY BOWES | DOORDASH | URSA MAJOR TECHNOLOGIES, INC. | ALZHEIMER'S ASSOCIATION | U.S. TRAVEL ASSOCIATION | FOUNDATION STACK AI, INC. | CENTERLINE ACTION, INC. | WINCHESTER AMMUNITION | AMERICAN COUNCIL FOR CAPITAL FORMATION | AMGEN, INC. FKA HORIZON THERAPEUTICS USA, INC. | BLACKWATCH INTERNATIONAL | CUE HEALTH INC. | SCALE | TELGOO5 | FIRST FIVE ACTION FUND | GENEVANT SCIENCES, INC. | AIR LINE PILOTS ASSOCIATION | SANDOZ INC. | ALKERMES, INC. | ADVANCED THERMOPLASTIC COMPOSITES | NATIONAL ELECTRICAL MANUFACTURERS ASSOCIATION | LEGO SYSTEMS, INC. | AMERICAN UNITY FUND | SAZERAC COMPANY, INC. | TEXTRON INC. | NETCHOICE | EASTMAN CHEMICAL COMPANY | AMERICAN OPTOMETRIC ASSOCIATION | JAPAN TOBACCO INTERNATIONAL USA INC. | BAXTER HEALTHCARE CORPORATION | STANDARD INDUSTRIES LTD. | FORGE GROUP, LLC | UNITED LAUNCH ALLIANCE | ACTUM OBO ILLUMINA, INC. | GOOGLE CLIENT SERVICES, LLC | JPMORGAN CHASE HOLDINGS LLC | AUSTAL USA | H&R BLOCK | T-MOBILE USA, INC. | KAYRROS, INC. | LVMH MOET HENNESSY LOUIS VUITTON INC. | ROCK CENTRAL | RTX CORPORATION AND AFFILIATES | MCKINSEY & COMPANY | ALLIANCE TO MODERNIZE PRESCRIBING INFORMATION | CONSUMER TECHNOLOGY ASSOCIATION | CONSUMER BRANDS ASSOCIATION | CITIZENS FOR RESPONSIBLE ENERGY SOLUTIONS | THE BUSINESS ROUNDTABLE, INC. | THE BOEING COMPANY | ROCKET LIMITED PARTNERSHIP F/K/A RKT HOLDINGS, LLC | MONDELEZ INTERNATIONAL | GEA MECHANICAL EQUIPMENT US, INC. | NOVO NORDISK, INC. | JUUL LABS | SCHNEIDER ELECTRIC | NATIONAL CAPITOL CONTRACTING LLC | NATIONAL BUSINESS AVIATION ASSOCIATION | FORIS DAX, INC. D/B/A CRYPTO.COM | SYNOPSYS, INC. | MICRON TECHNOLOGY, INC."
61627,KYLE,NEVINS,"Deputy Chief of Staff, House Majority Leader 11-13; Floor Director, Rep. Eric Cantor 09-10; Floor Director, Rep. Roy Blunt 07-08; Floor Assistant, Rep. Roy Blunt 03-06",699,5,"CONSTELLATION BRANDS, INC. | GENENTECH, INC. | CARGILL, INC. | S&P GLOBAL INC. | META PLATFORMS, INC. | AMERICAN INVESTMENT COUNCIL | AGRIPPA INDUSTRIES INC. | AMERICAN CLEAN POWER ASSOCIATION | THE PNC FINANCIAL SERVICES GROUP | CRUISE LINES INTERNATIONAL ASSOCIATION | SPARK THERAPEUTICS | NEW YORK LIFE | HISTORIC TAX CREDIT COALITION | PROCTER & GAMBLE | EXXON MOBIL CORPORATION | GE AEROSPACE | PRUDENTIAL FINANCIAL, INC. | DIAGEO NORTH AMERICA, INC. | INVESTMENT COMPANY INSTITUTE | NEXTERA ENERGY, INC. | AMERICAN INNOVATION: THE AI PROJECT, INC | PETSMART LLC | WASHINGTON COMMANDERS FOOTBALL TEAM | RECORDING INDUSTRY ASSOCIATION OF AMERICA | HILTON WORLDWIDE | TEAMHEALTH | AIRLINES FOR AMERICA | H&R BLOCK, INC. | CAPITAL ONE FINANCIAL CORPORATION | NORTHWESTERN UNIVERSITY | THE BROADWAY LEAGUE | CITIGROUP WASHINGTON INC. | GENERAL DYNAMICS | T-MOBILE | MERCK & CO., INC. | CENCORA, INC. | ADVENT INTERNATIONAL CORP. LLC | CRYSTALLEX | IRON MOUNTAIN | MCKINSEY & COMPANY | 1X TECHNOLOGIES | ID.ME, INC. | MGM RESORTS INTERNATIONAL | HSBC TECHNOLOGY & SERVICES USA, INC. | CSL BEHRING LLC | SORENSON COMMUNICATIONS | STARBUCKS | CROWLEY MARITIME CORPORATION | HESS CORPORATION | SECURITIES INDUSTRY AND FINANCIAL MARKETS ASSOCIATION (SIFMA) | ALTRIA CLIENT SERVICES LLC | SOUTHERN COMPANY SERVICES, INC. | THE GOLDMAN SACHS GROUP, INC | SK HYNIX AMERICA, INC. | AMERICAN BANKERS ASSOCIATION | CHURCHILL DOWNS, INCORPORATED | J3D LABS, INC. | BIPARTISAN POLICY CENTER ACTION | TAH OPERATIONS LLC | MAPLEBEAR INC. D/B/A INSTACART | THE HOME DEPOT | COMCAST CORPORATION | THE BLACKSTONE GROUP | INSIGHT TERMINAL SOLUTIONS, LLC | ADVANCED MANUFACTURING COMPANY OF AMERICA, INC. | DRAKEN INTERNATIONAL, LLC | AMERICAN BANKERS ASSOCIATION'S CARD POLICY COUNCIL | AMERICAN EXPLORATION & PRODUCTION COUNCIL (AXPC) | MICROSOFT CORPORATION | LINKEDIN CORPORATION | PFIZER INC. | PRINCIPAL FINANCIAL GROUP | FEDEX CORPORATION | RYAN, INC. | GSO CAPITAL PARTNERS | MAXAR INTELLIGENCE INC. | EDISON ELECTRIC INSTITUTE"
61629,STEVE,STOMBRES,"Chief of Staff, Office of the Majority Leader 10-14; Chief of Staff, Office of the Minority Whip 08-09; Chief of Staff, Office of the Chief DeputyMajorityWhip04-07; Chief of Staff, Congressman Eric Cantor 01-03",698,23,"BIPARTISAN POLICY CENTER ACTION | TAH OPERATIONS LLC | NEW YORK LIFE | HISTORIC TAX CREDIT COALITION | PROCTER & GAMBLE | THE BROADWAY LEAGUE | CITIGROUP WASHINGTON INC. | GENERAL DYNAMICS | T-MOBILE | MERCK & CO., INC. | META PLATFORMS, INC. | AMERICAN INVESTMENT COUNCIL | AGRIPPA INDUSTRIES INC. | HESS CORPORATION | ALTRIA CLIENT SERVICES LLC | SOUTHERN COMPANY SERVICES, INC. | THE GOLDMAN SACHS GROUP, INC | SK HYNIX AMERICA, INC. | AMERICAN BANKERS ASSOCIATION | CHURCHILL DOWNS, INCORPORATED | FORETREX, INC. LTD (FORMERLY PACKERS SANITATION SERVICES, INC., LTD.) | J3D LABS, INC. | AMERICAN CLEAN POWER ASSOCIATION | THE PNC FINANCIAL SERVICES GROUP | CRUISE LINES INTERNATIONAL ASSOCIATION | SPARK THERAPEUTICS | AMERICAN BANKERS ASSOCIATION'S CARD POLICY COUNCIL | AMERICAN EXPLORATION & PRODUCTION COUNCIL (AXPC) | MICROSOFT CORPORATION | LINKEDIN CORPORATION | MAPLEBEAR INC. D/B/A INSTACART | THE HOME DEPOT | COMCAST CORPORATION | SPACEX | THE BLACKSTONE GROUP | INSIGHT TERMINAL SOLUTIONS, LLC | ADVANCED MANUFACTURING COMPANY OF AMERICA, INC. | DRAKEN INTERNATIONAL, LLC | PFIZER INC. | PRINCIPAL FINANCIAL GROUP | FEDEX CORPORATION | RYAN, INC. | GSO CAPITAL PARTNERS | MAXAR INTELLIGENCE INC. | EDISON ELECTRIC INSTITUTE | EXXON MOBIL CORPORATION | GE AEROSPACE | PRUDENTIAL FINANCIAL, INC. | DIAGEO NORTH AMERICA, INC. | INVESTMENT COMPANY INSTITUTE | NEXTERA ENERGY, INC. | AMERICAN INNOVATION: THE AI PROJECT, INC | PETSMART LLC | RECORDING INDUSTRY ASSOCIATION OF AMERICA | HILTON WORLDWIDE | TEAMHEALTH | AIRLINES FOR AMERICA | H&R BLOCK, INC. | CAPITAL ONE FINANCIAL CORPORATION | NORTHWESTERN UNIVERSITY | CONSTELLATION BRANDS, INC. | GENENTECH, INC. | CARGILL, INC. | S&P GLOBAL INC. | ID.ME, INC. | MGM RESORTS INTERNATIONAL | HSBC TECHNOLOGY & SERVICES USA, INC. | CSL BEHRING LLC | SORENSON COMMUNICATIONS | CENCORA, INC. | ADVENT INTERNATIONAL CORP. LLC | CRYSTALLEX | IRON MOUNTAIN | MCKINSEY & COMPANY | 1X TECHNOLOGIES | STARBUCKS | CROWLEY MARITIME CORPORATION"
61630,MANNY,ROSSMAN,"Chief of Staff, Office of the Senate Republican Whip 07-09; Senior Policy Advisor, Office of Sen. Trent Lott 05-06; Legislative Director, Rep. Phil Crane 03-04; Legislative Assistant, Rep. Phil Crane 01-02",688,22,"BIPARTISAN POLICY CENTER ACTION | TAH OPERATIONS LLC | NEW YORK LIFE | HISTORIC TAX CREDIT COALITION | PROCTER & GAMBLE | THE BROADWAY LEAGUE | CITIGROUP WASHINGTON INC. | GENERAL DYNAMICS | T-MOBILE | MERCK & CO., INC. | META PLATFORMS, INC. | AMERICAN INVESTMENT COUNCIL | AGRIPPA INDUSTRIES INC. | HESS CORPORATION | SECURITIES INDUSTRY AND FINANCIAL MARKETS ASSOCIATION (SIFMA) | ALTRIA CLIENT SERVICES LLC | SOUTHERN COMPANY SERVICES, INC. | THE GOLDMAN SACHS GROUP, INC | SK HYNIX AMERICA, INC. | AMERICAN BANKERS ASSOCIATION | CHURCHILL DOWNS, INCORPORATED | J3D LABS, INC. | AMERICAN CLEAN POWER ASSOCIATION | THE PNC FINANCIAL SERVICES GROUP | CRUISE LINES INTERNATIONAL ASSOCIATION | SPARK THERAPEUTICS | AMERICAN BANKERS ASSOCIATION'S CARD POLICY COUNCIL | AMERICAN EXPLORATION & PRODUCTION COUNCIL (AXPC) | MICROSOFT CORPORATION | LINKEDIN CORPORATION | MAPLEBEAR INC. D/B/A INSTACART | THE HOME DEPOT | COMCAST CORPORATION | THE BLACKSTONE GROUP | INSIGHT TERMINAL SOLUTIONS, LLC | ADVANCED MANUFACTURING COMPANY OF AMERICA, INC. | DRAKEN INTERNATIONAL, LLC | PFIZER INC. | PRINCIPAL FINANCIAL GROUP | FEDEX CORPORATION | RYAN, INC. | GSO CAPITAL PARTNERS | MAXAR INTELLIGENCE INC. | EDISON ELECTRIC INSTITUTE | EXXON MOBIL CORPORATION | GE AEROSPACE | PRUDENTIAL FINANCIAL, INC. | DIAGEO NORTH AMERICA, INC. | INVESTMENT COMPANY INSTITUTE | NEXTERA ENERGY, INC. | AMERICAN INNOVATION: THE AI PROJECT, INC | PETSMART LLC | RECORDING INDUSTRY ASSOCIATION OF AMERICA | HILTON WORLDWIDE | TEAMHEALTH | AIRLINES FOR AMERICA | H&R BLOCK, INC. | CAPITAL ONE FINANCIAL CORPORATION | NORTHWESTERN UNIVERSITY | CONSTELLATION BRANDS, INC. | GENENTECH, INC. | CARGILL, INC. | S&P GLOBAL INC. | ID.ME, INC. | MGM RESORTS INTERNATIONAL | HSBC TECHNOLOGY & SERVICES USA, INC. | CSL BEHRING LLC | SORENSON COMMUNICATIONS | CENCORA, INC. | ADVENT INTERNATIONAL CORP. LLC | CRYSTALLEX | IRON MOUNTAIN | MCKINSEY & COMPANY | 1X TECHNOLOGIES | STARBUCKS | CROWLEY MARITIME CORPORATION"
66364,EDWARD,WHITFIELD,U.S. Representative (21 yrs.),684,3,"EDWARDS LIFESCIENCES, LLC | CAREVISO (FORMERLY KNOWN AS CMT SOLUTIONS) | NOVAVAX, INC. | SPR THERAPEUTICS | ANIMAL WELLNESS ACTION | TECHNET THE VOICE OF INNOVATION ECONOMY | SANCTUARY SYSTEMS | CONNECT HOLDING LLC | DIRECTV | BTG INTERNATIONAL INC. | FULLSCRIPT | JOHNSON & JOHNSON SERVICES INC | PATIENTPOINT | SALUDA MEDICAL | RSBIX CO | OMEGA FLEX | T-MOBILE ASSOCIATION | ONEONCOLOGY INC. | BEYONDSPRING INC. | LANTHEUS MEDICAL IMAGING, INC. | ILLUMINA | DEXCOM, INC. | 21ST CENTURY PRIVACY COALITION | GENENTECH | DIGESTIVE HEALTH PHYSICIANS ASSOCIATION | AMBULATORY SURGERY CENTER ASSOCIATION | SPECTRUM PHARMACEUTICALS, INC | ELISABETH POTTER MD PLLC | INTUITY MEDICAL | FAMILIES AGAINST MANDATORY MINIMUMS | DTE ENERGY | ASSERTIO HOLDINGS, INC | ENTERPRISE MOBILITY | AMAG PHARMACEUTICALS, INC. | HERON THERAPEUTICS, INC. | GILEAD SCIENCES INC. | NEURALACE MEDICAL, INC. | IDEVELOPMENT AND ECONOMIC ASSOCIATION | AMERICAN SOCIETY OF INTERVENTIONAL PAIN PHYSICIANS | LIVE NATION ENTERTAINMENT | PATCHRX | REPLIMUNE | COX ENTERPRISES, INC | U.S. WOMEN'S HEALTH ALLIANCE | AMERICAN INDEPENDENT MEDICAL PRACTICE ASSOCIATION | NEURAL FEDERAL INC | NATIONAL CABLE AND TELECOMMUNICATIONS ASSOCIATION | DAIICHI SANKYO INC | ORGANIZE ACTION NETWORK | CYTOKINETICS INC. | PHARMACOSMOS THERAPEUTICS INC. | NANTWORKS | BRIDGEBIO | ELECTROCORE | PHARMACEUTICAL RESEARCH AND MANUFACTURERS OF AMERICA | UNIQURE INC. | COMMUNITY ONCOLOGY ALLIANCE | SOUTHERN COMPANY | COMCAST CORPORATION | CHARTER BROKERAGE | PAIR TEAM"
109746,NICHOLAS,UEHLECKE,"Senior Advisor, Dept. of Health and Human Services; Professional Staff/Sr. Legislative Assistant, House Ways and Means Subcommittee",681,1,"MED CLAIMS COMPLIANCE CORPORATION | OTSUKA AMERICA PHARMACEUTICAL, INC. | THE ORTHOFORUM | UCB, INC. | EMD SERONO INC. | NOVARTIS, INC. | CORMEDIX INC. | VANTIVE US HEALTHCARE LLC | NCTA - THE INTERNET & TELEVISION ASSOCIATION | BRISTOL-MYERS SQUIBB COMPANY | ORGANIZE.ORG | FLOW THERAPY | ELI LILLY AND COMPANY | MYRIAD GENETICS, INC. | GILEAD SCIENCES, INC. | EMERGENT BIOSOLUTIONS INC. | LYNCH REGENERATIVE MEDICINE, LLC | VIAL HEALTH TECHNOLOGY, INC. | MCKESSON CORPORATION | FOX CORPORATION | APOLLO GLOBAL MANAGEMENT | ILLUMINA, INC. | OSRX PHARMACEUTICALS | NOMI HEALTH, INC. | ALLIANCE FOR AMERICA'S PROMISE, INC. | AMERICAN COLLEGE OF RADIOLOGY | AMGEN INC. | MERCK & CO., INC. | BIOGEN, INC. | CEPHEID | AMERICAN SOCIETY OF NEPHROLOGY | DH DIAGNOSTICS LLC | GUARDANT HEALTH, INC. | TAKEDA PHARMACEUTICALS AMERICA, INC. | AMERICAN MEDICAL ASSOCIATION | EXELIXIS, INC. | HEALTH SUPPLY US LLC | INSULET CORPORATION | ALEXION PHARMACEUTICALS, INC. | HOSPICE COMPASSUS | BIOTECHNOLOGY INNOVATION ORGANIZATION | FERRING PHARMACEUTICALS INC. | NETLIST, INC. | BRIDGEBIO PHARMA | PFIZER INC. | DELFI DIAGNOSTICS | KALEO | VIFOR PHARMA, INC. | THE COALITION FOR 21ST CENTURY MEDICINE | GENENTECH, INC. | PHARMACEUTICAL RESEARCH AND MANUFACTURERS OF AMERICA | PMI US CORPORATE SERVICES INC. | SOUTHWEST TRANSPLANT ALLIANCE | FLEXCARE | GENEOSCOPY, INC. | PUERTO RICO DEPARTMENT OF HEALTH | SIDECAR HEALTH | AVS BIO | GINKGO BIOSECURITY | MEDICAL COUNTERMEASURES COALITION | U.S. CHAMBER OF COMMERCE GLOBAL INNOVATION POLICY CENTER | ALNYLAM PHARMACEUTICALS, INC. | BIODESIX, INC. | GRAIL, INC. | TRUIST FINANCIAL CORPORATION | GLAXOSMITHKLINE LLC | SYNTHETIC BIOLOGY COALITION | ALLIANCE FOR CELL THERAPY NOW | PUERTO RICO FINANCIAL AND FISCAL AUTHORITY | SIEMENS HEALTHINEERS | ADULT VACCINE ACCESS COALITION | NOVO NORDISK INC. | ASTELLAS PHARMA US, INC. | CALYXO, INC. | COMPASS PATHWAYS INC. | KARIUS, INC. | MUTUAL OF OMAHA | CAREDX, INC. | EMD MILLIPORE | ALKERMES, INC. | BAYER CORPORATION | HORIZON THERAPEUTICS USA, INC. | GENMAB | JOHNSON & JOHNSON SERVICES, INC. | VAXESS TECHNOLOGIES INC. | AMERICAN POLICY VENTURES ACTION | KALDEROS, INC."
101291,LISA,PETO,"Chief Counsel, House Financial Services Committee Majority Staff",665,2,"B.S.D. CAPITAL, INC. DBA LENDISTRY | TIAA | SOFI TECHNOLOGIES, INC. | INTUIT, INC. AND AFFILIATES | UNITED SERVICES AUTOMOBILE ASSOCIATION (USAA) | POULTON ASSOCIATES, LLC | PAXOS TRUST COMPANY, LLC | THE NORTHWESTERN MUTUAL LIFE INSURANCE COMPANY | REGIONS BANK | MANUFACTURED HOUSING INSTITUTE | BARCLAYS US GPF INC. | ROCK CENTRAL | SUN LIFE FINANCIAL (U.S.) SERVICES COMPANY INC. | CORELOGIC DBA COTALITY | HCBS ADVOCACY, LLC | ABIR | PWC US GROUP LLP | PRETIUM PARTNERS | NEW YORK LIFE INSURANCE COMPANY | BETTERMENT LLC | STELLAR DEVELOPMENT FOUNDATION | ARNALL GOLDEN GREGORY, LLP | STRIPE, INC. | READYCAP LENDING LLC | FINANCIAL TECHNOLOGY ASSOCIATION (FTA) | CHIME FINANCIAL, INC. | MIDFIRST BANK | PLAID INC. | PIPELINE HEALTH SYSTEM | INSURANCE STABILIZATION COALITION | INTERCONTINENTALEXCHANGE, INC. | KROLL BOND RATING AGENCY, INC. | PROTECTIVE LIFE CORPORATION | SOLO FUNDS | STATE FARM INSURANCE COMPANIES | LAFAYETTE SQUARE FOUNDATION, INC. | CORELOGIC DBA COTALITY (FKA CORELOGIC) | THE CAPITAL GROUP COMPANIES, INC. & ITS AFFILIATES | NATIONWIDE INSURANCE | ALLSTATE INSURANCE COMPANY | SIXTH STREET PARTNERS, LLC | COURIER PLUS, INC. DBA DUTCHIE | METROPOLITAN LIFE INSURANCE COMPANY | ROCKET LIMITED PARTNERSHIP | LEDGER SAS | AMERIPRISE FINANCIAL | INSTITUTE FOR PORTFOLIO ALTERNATIVES (IPA) | AMERICAN WOOD COUNCIL | EQUITABLE | MUNICIPAL SECURITIES RULEMAKING BOARD | KLARNA INC. | MELLON FINANCIAL SERVICES CORPORTATION #1 | MUTUAL OF OMAHA INSURANCE COMPANY | BILT TECHNOLOGIES, INC. | ZESTFINANCE, INC. DBA ZEST AI | ARCH CAPITAL GROUP (U.S.) INC. | OTC MARKETS GROUP | PARADIGM OPERATIONS, LP | RENAISSANCE RE NORTH AMERICA | AFLAC, INC. | FAIR ISAAC CORPORATION (DBA FICO) | ADVANTAGE CAPITAL | PRUDENTIAL FINANCIAL, INC. | REMITLY | THE GOLDMAN SACHS GROUP, INC. | ZILLOW GROUP, INC."
53996,OMAR,FRANCO,"Chief of Staff, Rep. Mario Diaz-Balart",663,25,"VOLUSIA COUNTY, FLORIDA | CITY OF CORAL GABLES | FLORIDA GULF COAST UNIVERSITY FOUNDATION, INC. | INDIAN RIVER COUNTY, FL | AMERICAN HEALTHY ALTERNATIVES ASSOCIATION, INC. | GLOBALMED | EMERGENCY SANDBAG RESPONSE, INC. | FLORIDA MEMORIAL UNIVERSITY | CITY OF MIAMI GARDENS FLORIDA | PARAMOUNT GLOBAL (FORMERLY VIACOMCBS) | PALM BEACH COUNTY, FLORIDA | ADVANCED GREEN TECHNOLOGIES, INC. | UNITED HOMECARE | GOLD COAST FLORIDA REGIONAL CENTER | RUBIN TURNBULL & ASSOCIATES (ON BEHALF OF NORTH BAY VILLAGE, FL) | C4 RECOVERY FOUNDATION | BACARDI NORTH AMERICA CORPORATION | MILLSAPPS, BALLINGER & ASSOCIATES, LLC | TERUMO BLOOD AND CELL TECHNOLOGIES | CADE MUSEUM FOR CREATIVITY & INVENTION | SARASOTA COUNTY FLORIDA | FOX CORPORATION | A&J CAPITAL | IHEARTMEDIA, INC. | CITY OF MIAMI, FLORIDA | HITACHI, LTD. | MNO-BMADSEN | VITELLO CONSULTING (ON BEHALF OF BEATBOX BEVERAGES) | GULF SHELLFISH INSTITUTE | PARTICIPATE LEARNING | ST. JOHNS SHIP BUILDING | BUTTERFLY NETWORK, INC. | DETENTE CENTER FOR PEACE AND FREEDOM | CIGAR ASSOCIATION OF AMERICA, INC. | NATIONAL ASSOCIATION OF BROADCASTERS | CITY OF HIALEAH, FLORIDA | NATIONAL ASSOCIATION OF PROFESSIONAL INSURANCE AGENTS | CITY OF PALATKA, FLORIDA | CITY OF LIGHTHOUSE POINT, FL | TERRAPOWER, LLC | TOWN OF SOUTH PALM BEACH, FL | NORFOLK AIRPORT AUTHORITY | EZ-RX PHARMACY | REWORLD WASTE, LLC | CHALDEAN COMMUNITY COUNCIL | HISPANIC NATIONAL BAR ASSOCIATION | TROPICAL ROOFING PRODUCTS, LLC | BONUS HOMES | CITY OF ALEXANDRIA, VA | UPS (UNITED PARCEL SERVICE) | OKEECHOBEE COUNTY, FL | PAUL MARKO | MOTION PICTURE ASSOCIATION | TOWN OF BAY HARBOR ISLANDS, FL | ECOSPEARS | THE CHILES GROUP, LLC | OZINGA READY MADE CONCRETE, INC. | CITY OF HOMESTEAD, FL | FLORIDA LEAGUE OF CITIES, INC. | CITY OF ST. PETE BEACH, FL | JOSEPH HAYKOV | CITY OF NORTH MIAMI | HP INC. | CITY OF BARTOW, FL | THE FARLEY GROUP (OBO NATIVE CDFI NETWORK) | GAPINGVOID CULTURE DESIGN GROUP LLC | SOCIETY FOR HUMAN RESOURCES MANAGEMENT | CENTRE HAITIEN DE RECHERCHE EN AMENAGEMENT ET EN DEVELOPPEMENT (CHRAD) | AIANDYOU | THE WALT DISNEY COMPANY | ANFIELD CONSULTING, INC. (ON BEHALF OF CITY OF FLAGLER BEACH, FL) | BLUETERRA | ADAPTIVE CONSTRUCTION SOLUTIONS, INC. | FIREFIGHTERS HEALTH COALITION INC. | TOWN OF DAVIE FLORIDA | CITY OF WEST PARK, FLORIDA | AMERICA'S SBDC | HITACHI RAIL | TOWN OF MANALAPAN, FL | UNIVISION COMMUNICATIONS INC. | BELL DANCY INDUSTRIES | COUNTY OF HENNEPIN, MN | CITY OF PLANTATION, FLORIDA | CITY OF SOUTH MIAMI | NATIONAL ASSOCIATION OF WATERFRONT EMPLOYERS | TOWN OF MEDLEY, FL | NATIONAL ASSOCIATION OF HISPANIC PUBLICATIONS, INC. | COLLIER COUNTY, FLORIDA | NATIONAL ASSOCIATION OF HISPANIC REAL ESTATE PROFESSIONALS | EASTERN SHIPBUILDING GROUP, INC. | OST, INC. | SEA & SHORELINE, LLC | BROWARD METROPOLITAN PLANNING ORGANIZATION | JOHNSON & JOHNSON SERVICES, INC. | TAMPA PORT AUTHORITY | LANGTON ASSOCIATES INC. (ON BEHALF OF CITY OF JACKSONVILLE, FL | ARROW GROUP (ON BEHALF OF CITY OF WINTER GARDEN, FL) | UNIVERSITY OF MIAMI | 3M COMPANY | FLORIDA CRYSTALS CORPORATION | THE LATINO COALITION | FLORIDA RURAL ECONOMIC DEVELOPMENT ASSOCIATION, INC. | VIRGINIA UNION UNIVERSITY | RIGHT ENERGY SERVICES | AMERICAN CLEAN RESOURCES GROUP INC."
38069,JAMES,RICHARDS,COS House Member Office (Pearce); Director IGA USDA; Appropriations Associate House Member Office (Skeen & Bonilla),663,3,"CHILDHELP | SIERRA SPACE CORPORATION | YAYASAN BERBAKTI SEMANGAT INDONESIA | WICHITA FALLS CHAMBER OF COMMERCE OBO SHEPPARD MILITARY AFFAIRS COMMITTEE | TSS SOLUTIONS | MMR GROUP, INC. | UNITED NATURAL FOODS, INC. | KRATOS DEFENSE & SECURITY SOLUTIONS | ANDURIL INDUSTRIES, INC. | FAMILIES AGAINST MANDATORY MINIMUMS | SAN JACINTO RIVER AUTHORITY | GUNDERSEN LUTHERAN ADMINISTRATIVE SERVICES, INC. | SHAZAM, INC. | INTEGRATED ENERGY MATERIALS LLC | WORKDAY, INC. | NEW MEXICO STATE UNIVERSITY | LAND O'LAKES, INC. | SHIFT5, INC. | THE BOEING COMPANY | GOOGLE CLIENT SERVICES | ADVANCED MATERIALS AND DEVICES, INC. | RTI INTERNATIONAL | SECURE DEMOCRACY | SAC & FOX TRIBE OF THE MISSISSIPPI IN IOWA | ZERO - THE END OF PROSTATE CANCER | SEMINOLE TRIBE OF FLORIDA | MR. DAN DOCTOROFF OBO TARGET ALS FOUNDATION INC. | AMERICAN SOCIETY OF ADDICTION MEDICINE, INC. | CITY OF CEDAR RAPIDS, IOWA | 3 PROTON LITHIUM INC. | ACT FOR NIH: ADVANCING CURES TODAY | THE CHEROKEE NATION | COALITION FOR WORKFORCE INNOVATION | THE UNIVERSITY OF TEXAS AT SAN ANTONIO | FOUNDATION TO ERADICATE DUCHENNE | CHILDRENS HOSPITAL LOS ANGELES | FORTRESS INFORMATION SECURITY, LLC | EPIRUS, INC. | PROFESSIONAL RODEO COWBOYS ASSOCIATION | IDAHO FOREST GROUP, LLC | NATIONAL HOCKEY LEAGUE | HABERMATOLEL POMO OF UPPER LAKE TRIBE | PONCA TRIBE OF NEBRASKA | SALLIE MAE BANK | TUNICA BILOXI TRIBE OF LOUISIANA | UNIVERSITY OF NOTRE DAME | BNSF RAILWAY COMPANY | BDR SOLUTIONS, LLC | AMERICA'S VETDOGS | MAINE COAST FISHERMANS ASSOCIATION | U.S. MERCHANT MARINE ACADEMY ALUMNI ASSOCIATION AND FOUNDATION | CUBIC CORPORATION | AMERICAN SHEEP INDUSTRY ASSOCIATION | AMERICAN VETERINARY MEDICAL ASSOCIATION | UNIVERSITY OF MINNESOTA | CITY OF DES MOINES | PINDROP SECURITY, INC. | RICE UNIVERSITY | MIDAMERICAN ENERGY | RTX CORPORATION (FKA RAYTHEON TECHNOLOGIES CORPORATION) | COBANK | IHEARTMEDIA, INC. | WASHINGTON STATE UNIVERSITY | ULTRA FKA ULTRA ELECTRONICS - FLIGHTLINE SYSTEMS | JBS USA FOOD COMPANY | SAAB | UNITED LAUNCH ALLIANCE | LYTEN, INC. | VETERANS GUARDIAN | WINE AND SPIRITS WHOLESALERS OF AMERICA | AMERICAN FOREST FOUNDATION | MR. JAY ALIX | FLORIDA SUGAR CANE LEAGUE | MAMMOTH FREIGHTERS LLC | HUNT DEVELOPMENT GROUP LLC | SEMICONDUCTOR INDUSTRY ASSOCIATION | LUMEN TECHNOLOGIES | UNITED AIRLINES INC | UNITED STATES MANUFACTURING INNOVATION COUNCIL | NEBRASKA HOSPITAL ASSOCIATION | APPLIED INTUITION, INC. | UNITED EGG PRODUCERS"
109739,JEFF,LUCAS,"Health Policy Advisor, Senator Bill Cassidy; Legislative Assistant/Sr. Legislative Assistant/Legislative Correspondent, Representative Larry Bucshon",656,1,"OTSUKA AMERICA PHARMACEUTICAL, INC. | UCB, INC. | THE ORTHOFORUM | MED CLAIMS COMPLIANCE CORPORATION | NOVARTIS, INC. | CORMEDIX INC. | EMD SERONO INC. | BRISTOL-MYERS SQUIBB COMPANY | VANTIVE US HEALTHCARE LLC | ORGANIZE.ORG | BLUE NOTE THERAPEUTICS | GILEAD SCIENCES, INC. | MYRIAD GENETICS, INC. | ELI LILLY AND COMPANY | MCKESSON CORPORATION | OSRX PHARMACEUTICALS | APOLLO GLOBAL MANAGEMENT | FOX CORPORATION | ILLUMINA, INC. | VERACYTE, INC. | NOMI HEALTH, INC. | AMGEN INC. | BIOGEN, INC. | MERCK & CO., INC. | AMERICAN COLLEGE OF RADIOLOGY | CEPHEID | DH DIAGNOSTICS LLC | AMERICAN SOCIETY OF NEPHROLOGY | AMERICAN MEDICAL ASSOCIATION | EXELIXIS, INC. | HEALTH SUPPLY US LLC | TAKEDA PHARMACEUTICALS AMERICA, INC. | HOSPICE COMPASSUS | FERRING PHARMACEUTICALS INC. | ALEXION PHARMACEUTICALS, INC. | BIOTECHNOLOGY INNOVATION ORGANIZATION | NETLIST, INC. | PFIZER INC. | VIFOR PHARMA, INC. | THE COALITION FOR 21ST CENTURY MEDICINE | GENENTECH, INC. | PMI US CORPORATE SERVICES INC. | PHARMACEUTICAL RESEARCH AND MANUFACTURERS OF AMERICA | SOUTHWEST TRANSPLANT ALLIANCE | FLEXCARE | PUERTO RICO DEPARTMENT OF HEALTH | SIDECAR HEALTH | AVS BIO | GINKGO BIOSECURITY | MEDICAL COUNTERMEASURES COALITION | U.S. CHAMBER OF COMMERCE GLOBAL INNOVATION POLICY CENTER | ALNYLAM PHARMACEUTICALS, INC. | BIODESIX, INC. | GRAIL, INC. | TRUIST FINANCIAL CORPORATION | GLAXOSMITHKLINE LLC | SYNTHETIC BIOLOGY COALITION | ALLIANCE FOR CELL THERAPY NOW | PUERTO RICO FINANCIAL AND FISCAL AUTHORITY | SIEMENS HEALTHINEERS | ADULT VACCINE ACCESS COALITION | ASTRAZENECA PHARMACEUTICALS LP | NOVO NORDISK INC. | ASTELLAS PHARMA US, INC. | KARIUS, INC. | MUTUAL OF OMAHA | CAREDX, INC. | EMD MILLIPORE | ALKERMES, INC. | BAYER CORPORATION | GENMAB | JOHNSON & JOHNSON SERVICES, INC. | HORIZON THERAPEUTICS USA, INC. | VAXESS TECHNOLOGIES INC. | AMERICAN POLICY VENTURES ACTION | KALDEROS, INC."
139224,DYLAN,MOORE,"Intern/Staff Assistant, Speaker John Boehner (OH-8); Legislative Assistant/Legislative Director/Deputy Chief of Staff, Rep. Larry Bucshon (IN-8); Intern, Rep. Mike Turner (OH-10)",655,3,"OMEGA FLEX | T-MOBILE ASSOCIATION | ONEONCOLOGY INC. | BEYONDSPRING INC. | LANTHEUS MEDICAL IMAGING, INC. | ILLUMINA | DEXCOM, INC. | NANTWORKS | BRIDGEBIO | HERON THERAPEUTICS, INC. | GILEAD SCIENCES INC. | NEURALACE MEDICAL, INC. | ALLIED OMS | EDWARDS LIFESCIENCES, LLC | CAREVISO (FORMERLY KNOWN AS CMT SOLUTIONS) | NOVAVAX, INC. | SPR THERAPEUTICS | ANIMAL WELLNESS ACTION | TECHNET THE VOICE OF INNOVATION ECONOMY | INTUIT INC. AND AFFILIATES | AMERICAN SOCIETY OF INTERVENTIONAL PAIN PHYSICIANS | LIVE NATION ENTERTAINMENT | PATCHRX | REPLIMUNE | COX ENTERPRISES, INC | PHARMACEUTICAL RESEARCH AND MANUFACTURERS OF AMERICA | UNIQURE INC. | JOHNSON & JOHNSON SERVICES INC | PATIENTPOINT | SALUDA MEDICAL | ACTIO HEALTH, INC | 21ST CENTURY PRIVACY COALITION | GENENTECH | DIGESTIVE HEALTH PHYSICIANS ASSOCIATION | PIERRE FABRE PHARMACEUTICALS, INC. | SPECTRUM PHARMACEUTICALS, INC | ELISABETH POTTER MD PLLC | INTUITY MEDICAL | COMMUNITY ONCOLOGY ALLIANCE | SOUTHERN COMPANY | COMCAST CORPORATION | CHARTER BROKERAGE | PAIR TEAM | SANCTUARY SYSTEMS | CONNECT HOLDING LLC | DIRECTV | BTG INTERNATIONAL INC. | FULLSCRIPT | EVERMORE | U.S. WOMEN'S HEALTH ALLIANCE | AMERICAN INDEPENDENT MEDICAL PRACTICE ASSOCIATION | NEURAL FEDERAL INC | DTE ENERGY | ASSERTIO HOLDINGS, INC | ENTERPRISE MOBILITY | LIFE CONNECTION OF OHIO | AMAG PHARMACEUTICALS, INC. | NATIONAL CABLE AND TELECOMMUNICATIONS ASSOCIATION | DAIICHI SANKYO INC | ORGANIZE ACTION NETWORK | CYTOKINETICS INC. | PHARMACOSMOS THERAPEUTICS INC."
17397,BILL,VINEY,See prior filing,644,2,"WE ENERGIES | NATIONAL LIFELINE ASSOCIATION | LIBERTY MEDIA CORPORATION | SH 130 CONCESSION COMPANY, LLC | ADVANCING MENTAL HEALTH FOR MILITARY FAMILIES, LLC | SPECTRA | U.S. HIGH SPEED RAIL ASSOCIATION | THE REGENTS OF THE UNIVERSITY OF MICHIGAN | NEAL LANDON COMMUNITIES | CORNING INCORPORATED | HNTB CORPORATION | PGP INVESTORS, LLC | AMEDISYS, INC. | CJ AMERICA, INC. | QUALCOMM INCORPORATED | WK KELLOGG CO (FKA KELLOGG COMPANY) | ANCERA | UNDIAGNOSED DISEASE NETWORK FOUNDATION | ICF CONSULTING GROUP, INC. | UNIVERSITY OF WISCONSIN-MADISON | SNAP INC. | GREATER ORLANDO AVIATION AUTHORITY | UNIVERSITY OF WISCONSIN-MILWAUKEE | EMOVIS TECHNOLOGIES US, INC. | CITY OF BOCA RATON | CINTRA US SERVICES LLC | U.S. MANUFACTURING INNOVATION COUNCIL | OPEN POLICY ASSOCIATION | TYR TACTICAL | SELECT MEDICAL CORPORATION | BRIGHTLINE HOLDINGS LLC (FORMERLY VIRGIN TRAINS USA) | GLOBALSTAR | ALG SENIOR LLC | SAS INSTITUTE INC. | COACH USA | ASSOCIATION OF DENTAL SUPPORT ORGANIZATIONS | BLACKROCK FUND SERVICES GROUP, LLC | ENSCO | 160 DRIVING ACADEMY | ROCKWELL AUTOMATION | DC WATER | FORS MARSH GROUP | BLINKLY, INC. | MISSISSIPPI HOSPITAL ASSOCIATION | HELISERVICE USA LLC | MAJOR CITIES CHIEFS ASSOCIATION | HRP GROUP, LLC | NATIONAL SCHOOL BOARDS ASSOCIATION | AAR GOVERNMENT SERVICES, INC. | UNIVERSITY OF NOTRE DAME | RXO | AMERIFREIGHT SYSTEMS LLC | TRUST FOR THE NATIONAL MALL | DUPAGE COUNTY | CHILDREN'S HOSPITAL AND HEALTH SYSTEM, INC. | ARMIS | AEGILYS | CENTRAL OHIO TRANSIT AUTHORITY | OREGON INLET FISHING CENTER | AMERICAN HEALTH CARE ASSOCIATION | METLIFE GROUP, INC. (FKA METLIFE SERVICES AND SOLUTIONS, LLC) | VERSITI | ADVOCATE HEALTH | IAG CAPITAL MANAGEMENT, LLC | METHODIST CHILDREN'S HOME SOCIETY FAMILY OF SERVICES | NEW INDY CATAWBA LLC | UPCODES | PALLET PBC | ST ENERGY | WATER UTILITY CITY OF WAUKESHA | KELLANOVA | BENTLEY SYSTEMS, INCORPORATED | DIRECT SUPPLY, INC. | THE METROPOLITAN GOVERNMENT OF NASHVILLE AND DAVIDSON COUNTY | RELATIVITY SPACE | UTAH CITY | COLONY BRANDS, INC. | KARSUN SOLUTIONS | ENSTRUCTURE, LLC"
54245,JOHN,SCOFIELD,"Comm Dir, House Approps, Press Sec, Rep. LoBiondo",637,8,"CONVERGENT SOLUTIONS, INC. DBA EXIGER FEDERAL SOLUTIONS | SCALE | TELGOO5 | SOUTHWEST AIRLINES CO. | THE BOEING COMPANY | NATIONAL ALLIANCE FOR BETTER NUTRITION | GEA MECHANICAL EQUIPMENT US, INC. | NATIONAL BUSINESS AVIATION ASSOCIATION | SYNOPSYS, INC. | INTEL CORPORATION | LIGADO NETWORKS | HOLISTIC INDUSTRIES | PARATEK PHARMACEUTICALS | ANOMALY SIX | PATTERN ENERGY GROUP SERVICES LP | S&P GLOBAL | NATIONAL FOOTBALL LEAGUE | HARMAN INTERNATIONAL INDUSTRIES, INC. | GENERAL ATOMICS AERONAUTICAL SYSTEMS, INC. | NATIONAL CAPITOL CONTRACTING LLC | JUUL LABS | HMS HOLDING LIMITED PARTNERSHIP | UNITED LAUNCH ALLIANCE | WILDCAT DISCOVERY TECHNOLOGIES, INC. | HEALTH SUPPLY US | MORRISON COHEN, LLP OBO REXMARK HOLDINGS, LLC | MASSACHUSETTS INSTITUTE OF TECHNOLOGY | VIASAT, INC. | HASLAM SPORTS GROUP | RTX CORPORATION AND AFFILIATES | ALLIANCE TO MODERNIZE PRESCRIBING INFORMATION | LKQ CORPORATION | FLORIDA SUGAR CANE LEAGUE | CUE HEALTH INC. | PET FOOD INSTITUTE | BLACKWATCH INTERNATIONAL | ALKERMES, INC. | PARSONS CORPORATION | LEGO SYSTEMS, INC. | ADVANCED THERMOPLASTIC COMPOSITES | SNCF AMERICA INC | TEXTRON INC. | EASTMAN CHEMICAL COMPANY | GOOGLE CLIENT SERVICES, LLC | AUSTAL USA | H&R BLOCK | T-MOBILE USA, INC. | JPMORGAN CHASE HOLDINGS LLC | U.S. SUGAR CORPORATION | TELEPHONE SYSTEMS INTERNATIONAL | U.S. TRAVEL ASSOCIATION | NATIONAL AIR TRAFFIC CONTROLLERS ASSOCIATION | DOORDASH | URSA MAJOR TECHNOLOGIES, INC. | SHIELD AI | ALZHEIMER'S ASSOCIATION | COUNCIL FOR INVESTOR RIGHTS AND CORPORATE ACCOUNTABILITY, INC. | FIRST FIVE ACTION FUND | AIR LINE PILOTS ASSOCIATION | SANDOZ INC. | AMERICAN FREE ENTERPRISE CHAMBER OF COMMERCE | TURNING POINT BRANDS | BLUE ORIGIN, LLC | XCEL ENERGY SERVICES, INC. | RECYCLING LEADERSHIP COUNCIL | HAULHUB TECHNOLOGIES | INNOVATIVE DEFENSE TECHNOLOGIES | WINCHESTER AMMUNITION | ASSOCIATION OF HOME APPLIANCE MANUFACTURERS | FOUNDATION STACK AI, INC. | NATIONAL RIFLE ASSOCIATION, INSTITUTE FOR LEGISLATIVE ACTION"
143712,JEFFREY,MARKEY,"LD/Deputy Chief of Staff, Representative Doc Hastings.",631,3,"EMBRAER AIRCRAFT HOLDING, INC. | THE GORDIAN GROUP, LLC | MARATHON PETROLEUM CORPORATION | INTEGRATED DATA SERVICES | AECOM TECHNICAL SERVICES, INC. | NATIONAL FOOTBALL LEAGUE PLAYERS ASSOCIATION | LYTX, INC. | SPOKANE AIRPORT BOARD | CRRC MA CORPORATION | MICROSOFT CORPORATION | INKIT WORLDWIDE LLC | GARRETT ADVANCING MOTION | MAJOR LEAGUE BASEBALL PLAYERS ASSOCIATION | MAJOR LEAGUE SOCCER PLAYERS ASSOCIATION | ZEROAVIA | RESOURCE PUBLIC AFFAIRS (ON BEHALF OF SUPPLY BUILD CANADA) | GONZAGA UNIVERSITY | PORT OF SEATTLE | WIRELESS INFRASTRUCTURE ASSOCIATION | MANAGEMENT SOLUTIONS, LLC | NATIONAL HOCKEY LEAGUE PLAYERS ASSOCIATION | PEAK POWER | PORT OF EDMONDS | NATIONAL BASKETBALL PLAYERS ASSOCIATION | RENEWABLE WATER RESOURCES | THE NORTHWEST SEAPORT ALLIANCE | EXCELLA CO. | CENTRAL PUGET SOUND REGIONAL TRANSIT | GENERAL ELECTRIC COMPANY | SAN DIEGO COUNTY REGIONAL AIRPORT AUTHORITY | SSAB ENTERPRISES, LLC | CITY OF MOSES LAKE | ADB SAFEGATE AMERICAS LLC | AMERICAN TRUCKING ASSOCIATION | BABCOCK & WILCOX ENTERPRISES, INC. | CHELAN DOUGLAS REGIONAL PORT AUTHORITY | NEXTEON TECHNOLOGIES | UNITED STATES TOUR OPERATORS ASSOCIATION | AIRPORT RESTAURANT & RETAIL ASSOCIATION | OFFSHORE MARINE SERVICES ASSOCIATION | ATOMIC MACHINES, INC. | GENERAL MOTORS LLC | CITY OF HILLSBORO | NETJETS, INC. | NATIONAL TOUR ASSOCIATION | CIRRUS DESIGN CORPORATION | GATX CORPORATION | SUN CHEMICAL CORPORATION | INTERNATIONAL WAREHOUSE LOGISTICS ASSOCIATION | THE VILLAGE OF OSWEGO | SOCIETY OF CHEMICAL MANUFACTURERS & AFFILIATES | ALASKA INDUSTRIAL DEVELOPMENT AND EXPORT AUTHORITY | JACKSON MUNICIPAL AIRPORT AUTHORITY | WAGGONER ENGINEERING | AMENTUM SERVICES, INC."
142860,KATHERINE,COTTON,"Staff Assistant, Legislative Correspondent, Legislative Assistant - U.S. Representative Brett Guthrie",629,1,"ADULT VACCINE ACCESS COALITION | NOVO NORDISK INC. | ASTELLAS PHARMA US, INC. | ASTRAZENECA PHARMACEUTICALS LP | CALYXO, INC. | COMPASS PATHWAYS INC. | FOX CORPORATION | APOLLO GLOBAL MANAGEMENT | ILLUMINA, INC. | MCKESSON CORPORATION | OSRX PHARMACEUTICALS | AMERICAN MEDICAL ASSOCIATION | EXELIXIS, INC. | HEALTH SUPPLY US LLC | TAKEDA PHARMACEUTICALS AMERICA, INC. | INSULET CORPORATION | CORMEDIX INC. | EMD SERONO INC. | NOVARTIS, INC. | BRISTOL-MYERS SQUIBB COMPANY | NCTA - THE INTERNET & TELEVISION ASSOCIATION | ALNYLAM PHARMACEUTICALS, INC. | BIODESIX, INC. | TRUIST FINANCIAL CORPORATION | GLAXOSMITHKLINE LLC | GRAIL, INC. | SIEMENS HEALTHINEERS | GILEAD SCIENCES, INC. | MYRIAD GENETICS, INC. | ELI LILLY AND COMPANY | VIAL HEALTH TECHNOLOGY, INC. | HORIZON THERAPEUTICS USA, INC. | ALKERMES, INC. | GENMAB | JOHNSON & JOHNSON SERVICES, INC. | BAYER CORPORATION | KARIUS, INC. | MUTUAL OF OMAHA | CAREDX, INC. | EMD MILLIPORE | VAXESS TECHNOLOGIES INC. | AMERICAN POLICY VENTURES ACTION | KALDEROS, INC. | PEARSON EDUCATION, INC. | NOMI HEALTH, INC. | CEPHEID | AMERICAN COLLEGE OF RADIOLOGY | AMGEN INC. | BIOGEN, INC. | MERCK & CO., INC. | AMERICAN SOCIETY OF NEPHROLOGY | DH DIAGNOSTICS LLC | NATIONAL EDUCATION ASSOCIATION | DC CHARTER SCHOOLS ACTION | OTSUKA AMERICA PHARMACEUTICAL, INC. | THE ORTHOFORUM | UCB, INC. | MED CLAIMS COMPLIANCE CORPORATION | PMI US CORPORATE SERVICES INC. | THE COALITION FOR 21ST CENTURY MEDICINE | GENENTECH, INC. | PHARMACEUTICAL RESEARCH AND MANUFACTURERS OF AMERICA | SOUTHWEST TRANSPLANT ALLIANCE | FLEXCARE | GENEOSCOPY, INC. | ALEXION PHARMACEUTICALS, INC. | BIOTECHNOLOGY INNOVATION ORGANIZATION | FERRING PHARMACEUTICALS INC. | HOSPICE COMPASSUS | BRIDGEBIO PHARMA | NETLIST, INC. | DELFI DIAGNOSTICS | PFIZER INC. | AVS BIO | GINKGO BIOSECURITY | PUERTO RICO DEPARTMENT OF HEALTH | SIDECAR HEALTH | MEDICAL COUNTERMEASURES COALITION | U.S. CHAMBER OF COMMERCE GLOBAL INNOVATION POLICY CENTER"
24056,JOEL,RUBIN,LD to former Rep. Brian Baird,625,16,"CITY OF LONGVIEW WASHINGTON | OCLD SUMMIT, LLC | PORTLAND JAPANESE GARDEN | CITY OF SHERWOOD, OREGON | PORT OF MORROW | SKAGIT TRANSIT | CITY OF BATTLE GROUND WASHINGTON | CITY OF BEAVERTON | PORT OF LONGVIEW | LA CENTER | TILLAMOOK COUNTY CREAMERY ASSOCIATION | THE BUS COALITION | ROGUE VALLEY TRANSIT | CLARK REGIONAL WASTEWATER DISTRICT | SKAMANIA COUNTY ECONOMIC DEVELOPMENT COUNCIL | MT. HOOD COMMUNITY COLLEGE | CITY OF DAYTON, OREGON | PEACE HEALTH | YWCA CLARK COUNTY | DISCOVERY CLEAN WATER ALLIANCE | CITY OF TUKWILA | COLLEGE HOUSING NORTHWEST | MARION COUNTY OREGON | SANTA CRUZ METRO | CITY OF KLAMATH FALLS | CITY OF VANCOUVER WASHINGTON | CITY OF FOREST GROVE | TIDEWATER | CITY OF CANBY | CITY OF MEDFORD, OREGON | CITY OF FERNDALE | CITY OF INDEPENDENCE | BENTON COUNTY | NAPA VALLEY TRANSPORTATION AUTHORITY | SALEM KEIZER TRANSIT | SEH AMERICA | CITY OF WILSONVILLE | CITY OF MONMOUTH | CITY OF RIDGEFIELD | UNITED GRAIN CORPORATION | COWLITZ COUNTY | CITY OF CARLTON | CITY OF STAYTON | PORT OF BELLINGHAM | CITY OF CAMAS | HOYT ARBORETUM FRIENDS | CITY OF PENDLETON | TUALATIN VALLEY WATER DISTRICT | CITY OF LYNDEN | COWLITZ PUBLIC UTILITY DISTRICT | CITY OF LACEY WASHINGTON | COLUMBIA RIVER MENTAL HEALTH | DAMERA BUS SALES CANADA | CITY OF TIGARD OREGON | NATIVE AMERICAN YOUTH AND FAMILY CENTER (NAYA)"
141954,LAURA,FRIEDEL,"Leg. Asst., Sen. Zell Miller, Leg. Dir., Sen. Richard Shelby, Clerk, Staff Dir., Sen. Appropriations Committee",622,2,"ACCENTURE FEDERAL SERVICES | AMYLYX PHARMACEUTICALS | AMERICAN OSTEOPATHIC ASSOCIATION | THORN RUN PARTNERS (ON BEHALF OF THE PARTNERSHIP TO IMPROVE PATIENT CARE) | CARDINAL HEALTH (F.K.A. THE GLOVER PARK GROUP) | GAINWELL TECHNOLOGIES (FKA HEALTH MANAGEMENT SYSTEMS) | SAS | NATIONAL SEATING & MOBILITY | BLUEPRINT BIOSECURITY ACTION | BLUE CROSS BLUE SHIELD ASSOCIATION | FLAGSHIP PIONEERING | MERCK | NATIONAL ELECTRICAL MANUFACTURERS ASSOCIATION (MITA) | VERTEX PHARMACEUTICALS INCORPORATED | ASTELLAS PHARMA US, INC | GILEAD SCIENCES, INC. | HEALTH CARE SERVICE CORPORATION | ELI LILLY AND COMPANY | LINCARE | ABBOTT (FORMERLY KNOWN AS ALERE INC.) | IDORSIA PHARMACEUTICALS US INC | BRISTOL MYERS SQUIBB | QUEST DIAGNOSTICS | HEALTHCARE DISTRIBUTION ALLIANCE (HEALTHCARE DISTRIBUTION MANAGMENT ASSN.) | NEUROCRINE BIOSCIENCES, INC. | AMERICAN INVESTMENT COUNCIL | CRINETICS PHARMACEUTICALS | FOUNDATION MEDICINE | GENENTECH, INC. | HANSA BIOPHARMA | AMGEN INC | PHRMA | HEALTH GORILLA | EVERGREEN NEPHROLOGY | AIS HEALTHCARE | ALZHEIMER'S ASSOCIATION | BIOTECHNOLOGY INDUSTRY ORGANIZATION | ELEVANCE HEALTH, INC (F.K.A. ANTHEM, INC. & WELLPOINT, INC.) | HEALTHCARE LEADERSHIP COUNCIL | NOVO NORDISK INC. | OCTAVIANT FINANCIAL INC. | OPTION CARE HEALTH | ADULT VACCINE ACCESS COALITION | NOVOCURE INC. | 10X GENOMICS | ASTRAZENECA | BOEHRINGER INGELHEIM | BREAKTHROUGH T1D (FKA JUVENILE DIABETES RESEARCH FOUNDATION INTERNATIONAL) | ONE MEDICAL | SAREPTA THERAPEUTICS | HIMS & HERS HEALTH, INC. | AMERICAN CANCER SOCIETY CANCER ACTION NETWORK (ACSCAN) | ABBVIE INC. | THE AMPUTEE COALITION | SANOFI US SERVICES INC (FORMERLY KNOWN AS GENZYME CORPORATION) | NOVARTIS | ADVAMED | BD (BECTON, DICKINSON AND COMPANY) | MEDICALLY HOME | TRIPLE-S MANAGEMENT CORPORATION | EXCELLUS HEALTH PLAN, INC. | LONGEVITY HEALTH PLAN | AMNEAL PHARMACEUTICALS, INC. | ADVOCATES FOR COMMUNITY HEALTH | JAZZ PHARMACEUTICALS INC. | GENTIVA (FORMERLY REPORTED AS HUMANA & KINDRED AT HOME) | VALNEVA USA, INC | AMAZON.COM SERVICES LLC | UNITED NETWORK FOR ORGAN SHARING"
140826,TED,LEHMAN,"Chief of Staff, Senator Tillis; Senate Judiciary Committee-Counsel, then Chief Counsel for Nominations and Senior Counsel; Senate Judiciary Committee-Staff Assistant and Legislative Assistant",619,1,"SIEMENS HEALTHINEERS | AVS BIO | GINKGO BIOSECURITY | PUERTO RICO DEPARTMENT OF HEALTH | SIDECAR HEALTH | MEDICAL COUNTERMEASURES COALITION | U.S. CHAMBER OF COMMERCE GLOBAL INNOVATION POLICY CENTER | PMI US CORPORATE SERVICES INC. | THE COALITION FOR 21ST CENTURY MEDICINE | GENENTECH, INC. | PHARMACEUTICAL RESEARCH AND MANUFACTURERS OF AMERICA | SOUTHWEST TRANSPLANT ALLIANCE | FLEXCARE | VAXESS TECHNOLOGIES INC. | AMERICAN POLICY VENTURES ACTION | KALDEROS, INC. | NETLIST, INC. | ALEXION PHARMACEUTICALS, INC. | BIOTECHNOLOGY INNOVATION ORGANIZATION | FERRING PHARMACEUTICALS INC. | HOSPICE COMPASSUS | PFIZER INC. | ADULT VACCINE ACCESS COALITION | NOVO NORDISK INC. | ASTELLAS PHARMA US, INC. | ASTRAZENECA PHARMACEUTICALS LP | MUTUAL OF OMAHA | CAREDX, INC. | KARIUS, INC. | EMD MILLIPORE | NOMI HEALTH, INC. | ALLIANCE FOR AMERICA'S PROMISE, INC. | GILEAD SCIENCES, INC. | MYRIAD GENETICS, INC. | ELI LILLY AND COMPANY | WINE & SPIRITS WHOLESALERS OF AMERICA | LYNCH REGENERATIVE MEDICINE, LLC | VIAL HEALTH TECHNOLOGY, INC. | CORMEDIX INC. | EMD SERONO INC. | NOVARTIS, INC. | BRISTOL-MYERS SQUIBB COMPANY | NCTA - THE INTERNET & TELEVISION ASSOCIATION | GENMAB | ALKERMES, INC. | JOHNSON & JOHNSON SERVICES, INC. | BAYER CORPORATION | HORIZON THERAPEUTICS USA, INC. | OTSUKA AMERICA PHARMACEUTICAL, INC. | THE ORTHOFORUM | UCB, INC. | MED CLAIMS COMPLIANCE CORPORATION | AMERICAN COLLEGE OF RADIOLOGY | AMGEN INC. | BIOGEN, INC. | CEPHEID | MERCK & CO., INC. | DH DIAGNOSTICS LLC | AMERICAN SOCIETY OF NEPHROLOGY | AMERICAN MEDICAL ASSOCIATION | EXELIXIS, INC. | HEALTH SUPPLY US LLC | TAKEDA PHARMACEUTICALS AMERICA, INC. | INSULET CORPORATION | TRUIST FINANCIAL CORPORATION | ALNYLAM PHARMACEUTICALS, INC. | BIODESIX, INC. | GRAIL, INC. | APOLLO GLOBAL MANAGEMENT | OSRX PHARMACEUTICALS | FOX CORPORATION | ILLUMINA, INC. | MCKESSON CORPORATION"
53590,SUSAN,SWEAT,"LC, LA & LD House Office (Wicker); LD Senate Member Office (Wicker)",612,7,"ANDURIL INDUSTRIES, INC. | MICROGEM INTERNATIONAL PLC | MEDICAL TECHNOLOGY ENTERPRISE CONSORTIUM | OCTAPHARMA USA, INC. | CHILDREN'S NATIONAL MEDICAL CENTER | UNIVERSITY OF MAINE SYSTEM | CHILDHELP | BIONTECH US INC. | INOVIO PHARMACEUTICALS, INC. | HEALTH CARE ALLIANCE FOR PATIENT SAFETY | HORN CREEK LAKE BASIN INTERCEPTOR SEWER DISTRICT | YAYASAN BERBAKTI SEMANGAT INDONESIA | TSS SOLUTIONS | SCIPERIO INC. | CANOPY CHILDREN'S SOLUTIONS | CURIUM US LLC | TRIBAL SOLUTIONS GROUP | UNITED AIRLINES INC | SYRACUSE UNIVERSITY | UNIVERSITY OF NEBRASKA | APPLIED RESEARCH ASSOCIATES, INC. | WINE AND SPIRITS WHOLESALERS OF AMERICA | HYPERSONIC GROUND TEST CENTER INC | WISCOSEOUL, LLC DBA COSO HEALTH | GREAT CITY MISSISSIPPI FOUNDATION | NIRSENSE, LLC (FKA BIONICA LABS) | SIRIUSIQ OBO CLX HEALTH, LLC | NERVGEN PHARMA CORP. | HANCOCK COUNTY PORT AND HARBOR COMMISSION | HUNT DEVELOPMENT GROUP LLC | LUMEN TECHNOLOGIES | RADIATRIC, INC. | AUGUSTA UNIVERSITY RESEARCH INSTITUTE | THE MICHAEL J. FOX FOUNDATION FOR PARKINSON'S RESEARCH | LIVINGUARD AG | AVIATION TRAINING CONSULTING, LLC | UNIVERSITY OF ARKANSAS FOR MEDICAL SCIENCES | UNIVERSITY OF NOTRE DAME | STUDENT FREEDOM INITIATIVE | DESOTO COUNTY REGIONAL UTILITY AUTHORITY | PSIQUANTUM | GINKGO BIOWORKS, INC. | INFANT SAFETY COMMITTEE, LLC | WASHINGTON STATE UNIVERSITY | SMITH & NEPHEW | THE GENEVA FOUNDATION | UNIVERSITY OF ARKANSAS | MMV MEDICINES FOR MALARIA VENTURE | PALANTIR | MARAVAI INTERMEDIATE HOLDINGS, LLC | VOCXI HEALTH | MARTINS POINT HEALTH CARE, INC. | LYTEN, INC. | RESPOND-US | BDR SOLUTIONS, LLC | AMERICA'S VETDOGS | CITY OF MONROE, LOUISIANA | TARGET ALS FOUNDATION, INC. | RICE UNIVERSITY | PANOLA PARTNERSHIP, INC. | ADVANCED MEDICAL TECHNOLOGY ASSOCIATION | GUNDERSEN LUTHERAN ADMINISTRATIVE SERVICES, INC. | TRIBAL SOLUTIONS MEDICAL LLC | THE WASHINGTON CENTER | INTEGRATED ENERGY MATERIALS LLC | JOHNSON & JOHNSON SERVICES INC | FRANCISCAN MISSIONARIES OF OUR LADY HEALTH SYSTEM | GOOGLE CLIENT SERVICES | ADVANCED MATERIALS AND DEVICES, INC. | THE REGENTS OF THE UNIVERSITY OF COLORADO OBO UNIVERSITY OF COLORADO ANSCHUTZ | THE UNIVERSITY OF TEXAS SYSTEM | UNIVERSITY OF KENTUCKY | ZERO - THE END OF PROSTATE CANCER | ARMR SYSTEMS INC | THE BOEING COMPANY | MR. DAN DOCTOROFF OBO TARGET ALS FOUNDATION INC. | RTI INTERNATIONAL | RINNAI AMERICA CORPORATION | FOUNDATION FOR MISSISSIPPI HISTORY | WESTERN ENVIRONMENTAL LAW CENTER | PULMONARY FIBROSIS FOUNDATION | NEW YORK UNIVERSITY | MISSISSIPPI COLLEGE | FOUNDATION TO ERADICATE DUCHENNE | BOWDOIN COLLEGE | MEDICAL CREATIONS, INC. | THE UNIVERSITY OF TEXAS AT SAN ANTONIO"
67702,THOMAS,KOONCE,"Legislative Director, Rep. Brad Miller; Legislative Assistant, Rep. Stephen Neal.",608,5,"AMERICAN EXPRESS COMPANY | COINBASE, INC. | CHIME FINANCIAL INC. | COMMONWEALTH FUSION SYSTEMS | SMBC AMERICAS HOLDINGS, INC. | NATIONAL INSTALLMENT LENDERS ASSOCIATION | TD BANK, N.A. | THE DEPOSITORY TRUST & CLEARING CORPORATION | INSTITUTE OF INTERNATIONAL BANKERS | APPRAISAL INSTITUTE | CENTER FOR CAPITAL MARKETS COMPETITIVENESS, U.S. CHAMBER OF COMMERCE | ANT GROUP CO., LTD. | FMR LLC | MELLON FINANCIAL SERVICES CORPORATE #1 (FORMERLY BANK OF NEW YORK MELLON CORP.) | SIDEPRIZE LLC, D/B/A PRIZEPICKS | BLACKROCK FUNDS SERVICES GROUP LLC (FORMERLY BLACKROCK CAPITAL MANAGEMENT INC.) | AMERICAN PROPERTY CASUALTY INSURERS ASSOCIATION | NATIONAL CREDITORS BAR ASSOCIATION | LONDON STOCK EXCHANGE GROUP PLC | FEDERAL HOME LOAN BANK OF SAN FRANCISCO | LIFE INSURANCE SETTLEMENT ASSOCIATION | WEST REALM SHIRES SERVICES, INC. D/B/A FTX US | SOCIAL FINANCE, INC. | AMAZON CORPORATE, LLC | FREEDOM MORTGAGE CORPORATION | FINANCIAL INDUSTRY REGULATORY AUTHORITY (""FINRA"" FORMERLY NASD) | WISE US INC. | THE HARTFORD FINANCIAL SERVICES GROUP, INC. | KERN OIL AND REFINING COMPANY D/B/A KERN ENERGY | EARLY WARNING SERVICES, LLC | SENTILINK | AMERICAN INVESTMENT COUNCIL | FAIR ISAAC CORPORATION (DBA FICO) | ZIP CO US INC | GUARDIAN LIFE INSURANCE COMPANY | MISSIONSQUARE RETIREMENT | FRANKLIN SQUARE HOLDINGS, L.P. | SWIFT, INC. | JPMORGAN CHASE HOLDINGS LLC | FISERV, INC. | CRYPTO COUNCIL FOR INNOVATION | KALSHI INC. | ENACT HOLDINGS, INC. | TWO SIGMA INVESTMENTS, LP | GEN DIGITAL INC (FORMERLY REPORTED AS MONEYLION TECHNOLOGIES INC. (MONEYLION)"
55168,ERSKINE,WELLS,Dep COS Sen. Wicker; COS Rep. Palazzo; Leg Asst Sen Wicker; Intern Sen. Cochran,603,3,"OVERSEAS SHIPHOLDING GROUP, INC. | SPIE | FORTRESS INFORMATION SECURITY, LLC | GRUBHUB HOLDINGS, INC. | QUALTRICS LLC | SHIFTKEY, LLC | STEPHEN SILLER TUNNEL TO TOWERS FOUNDATION | RTX CORPORATION AND AFFILIATES (FKA RAYTHEON TECHNOLOGIES CORP. AND AFFILIATES) | CAREER EDUCATION COLLEGES AND UNIVERSITIES | REGENT CRAFT INC. | UIPATH | DECISION LENS INC. | TEXTRON, INC. | OPTICA (FKA THE OPTICAL SOCIETY) | EUTELSAT NETWORK SOLUTIONS (F/K/A EACOWT) | BLACKSEA TECHNOLOGIES | ULSE INC. D/B/A UL STANDARDS & ENGAGEMENT | ALLIANCE STRATEGIES | DATABRICKS, INC. | WESTERN DIGITAL CORPORATION | HCBS ADVOCACY, LLC | AE INDUSTRIAL PARTNERS, LP | SMART GLOVE CORPORATION SDN. BHD. | CTIA | LUCID CIRCUIT | NVIDIA CORPORATION | FUSE ENERGY TECHNOLOGIES CORP. | ECS | UNIVERSITY OF MISSISSIPPI | COMCAST CORPORATION | COX ENTERPRISES, INC. | ANGEL LUX HOLDCO S.A R.L. | HUNTINGTON INGALLS INDUSTRIES, INC. (FKA HUNTINGTON INGALLS INCORPORATED) | BRIGHTLINE HOLDINGS LLC (FORMERLY VIRGIN TRAINS USA) | RIGETTI & CO., LLC | HNTB CORPORATION | THE TRAVELERS COMPANIES, INC. AND SUBSIDIARIES | SAMSUNG ELECTRONICS AMERICA | CONSUMER ACCESS TO REPAIR (CAR) COALITION | CJ AMERICA, INC. | QUALCOMM INCORPORATED | YORK SPACE SYSTEMS | ADARGA | FLOCK SAFETY | ASSOCIATION FOR RESPONSIBLE HEALTHCARE INVESTMENT | YELLOW CORPORATION | MOTION PICTURE ASSOCIATION | OROS | VOYAGER TECHNOLOGIES, INC. (FKA VOYAGER SPACE HOLDINGS, INC.) | SIRIUSXM | CONVERGENT SOLUTIONS LLC D/B/A EXIGER GOVERNMENT SOLUTIONS | INTRAX INC. | WORLDVU DEVELOPMENT, LLC | PIPER NETWORKS | STRIDER TECHNOLOGIES, INC. | SEMPRE, INC. | SOUTHERN COMPANY SERVICES INC | NUCLEAR ENERGY INSTITUTE | NCTA-THE INTERNET & TELEVISION ASSOCIATION | LIGADO NETWORKS LLC | INKIT INC. | PRAIRIE BAND LLC | ENTERTAINMENT SOFTWARE ASSOCIATION | SANDISK CORPORATION | ADVANCED MEDICAL TECHNOLOGY ASSOCIATION | VERIZON COMMUNICATIONS INC | VITOL INC. | TUSK PHILANTHROPIES | FORTINET, INC. | SNAP INC."
43397,MICHAEL,MEROLA,"Deputy CoS, Sen. Torricelli",600,5,"CANON FINANCIAL SERVICES, INC. | HOSPITAL ALLIANCE OF NEW JERSEY | INCLUSIVITY STRATEGIC CONSULTING | VOLUNTEERS OF AMERICA DELAWARE VALLEY | THE ACADEMY ADVISORS, INC. | ML STRATEGIES ON BEHALF OF NORTHERN LIGHT HEALTH | TRAUMA CENTER ASSOCIATION OF AMERICA | INSPIRA HEALTH NETWORK | FAIRLEIGH DICKINSON UNIVERSITY | HEALTHCARE INSTITUTE OF NEW JERSEY | COYA THERAPEUTICS | AMERICANS FOR TRANSPARENCY & ACCOUNTABILITY | UNION COUNTY | HUDSON COUNTY IMPROVEMENT AUTHORITY | MAROTTA CONTROLS | ST. JOSEPH'S REGIONAL MEDICAL CENTER | DREW UNIVERSITY | SUPPLY CHAIN FEDERATION | DETECTION INNOVATION GROUP | KEAN UNIVERSITY | PROLOGIS, L.P. | VUZIX CORPORATION | PARA TACTICS LLC | DEBORAH HEART AND LUNG CENTER | DECODE HEALTH | GREEN BROOK FLOOD CONTROL COMMISSION | KALEO | MINTZ LEVIN (ON BEHALF OF FULGENT GENETICS, INC.) | SYNDERYS LLC | PERSONNEL DECISIONS RESEARCH INSTITUTE, LLC | JOHNSON AND JOHNSON SERVICES, INC. | DR. LORNA BREEN HEROES FOUNDATION | TECHUNITED:NJ | WEST NEW YORK HOUSING AUTHORITY | 180 TURNING LIVES AROUND, INC | CITY OF NEWARK | COUNTY OF MERCER | OMNIPROPHIS CORPORATION | PRUDENTIAL | STEVENS INSTITUTE OF TECHNOLOGY | TOWNSHIP OF SOUTH BRUNSWICK NJ | ZOLL | AMERICAN HOMES 4 RENT, LP | NATIONAL FRAGILE X FOUNDATION | MIDDLESEX COUNTY, NEW JERSEY | TIDALHEALTH (FKA NANTICOKE PENINSULA HEALTH) | PREMIER MEDICAL CORPORATION | BROOKDALE COMMUNITY COLLEGE | I AM ALS | ACADEMY OF DOCTORS OF AUDIOLOGY | MASS GENERAL BRIGHAM | BETH MEDRASH GOVOHA | SIMS STRATEGIES (ON BEHALF OF CREIGHTON UNIVERSITY) | FRONTIER POLYMERS | ITILITI HEALTH, INC. | MONROE COUNTY WATER AUTHORITY | TOWNSHIP OF BERKELEY HEIGHTS | NEW JERSEY INSTITUTE OF TECHNOLOGY | OPPORTUNITIES INDUSTRIALIZATION CENTERS OF AMERICA, INC. | RWJ BARNABAS HEALTH - FKA BARNABAS HEALTH | VALLEY HOSPITAL (VALLEY HEALTH SYSTEMS) | DBV TECHNOLOGIES | SPINAL STABILIZATION TECHNOLOGIES, LTD"
139662,JARED,SAWYER,"Deputy Assistant Secretary, Treasury Department; Senior Counsel, Senate Banking Committee; Professional Staff Member, House Financial Services Committee.",595,9,"SOCIAL FINANCE, INC. | FREEDOM MORTGAGE CORPORATION | SENTILINK | AMERICAN INVESTMENT COUNCIL | FAIR ISAAC CORPORATION (DBA FICO) | GUARDIAN LIFE INSURANCE COMPANY | THE GLOBAL ATLANTIC FINANCIAL GROUP LLC | MISSIONSQUARE RETIREMENT | BLACKROCK FUNDS SERVICES GROUP LLC (FORMERLY BLACKROCK CAPITAL MANAGEMENT INC.) | AMERICAN PROPERTY CASUALTY INSURERS ASSOCIATION | LONDON STOCK EXCHANGE GROUP PLC | MELLON FINANCIAL SERVICES CORPORATE #1 (FORMERLY BANK OF NEW YORK MELLON CORP.) | FEDERAL HOME LOAN BANK OF SAN FRANCISCO | LIFE INSURANCE SETTLEMENT ASSOCIATION | NOMURA AMERICA HOLDING INC. | AMERICAN EXPRESS COMPANY | COINBASE, INC. | CHIME FINANCIAL INC. | TREASURE INVESTMENT MANAGEMENT, LLC | COMMONWEALTH FUSION SYSTEMS | SMBC AMERICAS HOLDINGS, INC. | TD BANK, N.A. | ENACT HOLDINGS, INC. | GEN DIGITAL INC (FORMERLY REPORTED AS MONEYLION TECHNOLOGIES INC. (MONEYLION) | THE DEPOSITORY TRUST & CLEARING CORPORATION | INSTITUTE OF INTERNATIONAL BANKERS | MERCURY TECHNOLOGIES, INC. | CENTER FOR CAPITAL MARKETS COMPETITIVENESS, U.S. CHAMBER OF COMMERCE | GUSTO | ANT GROUP CO., LTD. | FMR LLC | ALLIANCE FOR BUSINESS PARTNERSHIPS | AMERICAN BANKERS ASSOCIATION | JPMORGAN CHASE HOLDINGS LLC | ZURICH AMERICAN INSURANCE COMPANY | FISERV, INC. | CRYPTO COUNCIL FOR INNOVATION | KALSHI INC. | EREBOR GROUP, INC. | FRANKLIN SQUARE HOLDINGS, L.P. | ONTARIO SYSTEMS, LLC D/B/A FINVI | THE HARTFORD FINANCIAL SERVICES GROUP, INC. | EARLY WARNING SERVICES, LLC | MORTGAGE BANKERS ASSOCIATION"
144898,ERIC,BERGREN,"Chief of Staff, Rep. Brett Guthrie; Staff Assistant, Legislative Correspondent, Legislative Assistant, Senior Legislative Assistant, Legislative Director, Chief of Staff - Rep. Ron Lewis; Intern, Rep. Bill Baker",590,1,"ALEXION PHARMACEUTICALS, INC. | BIOTECHNOLOGY INNOVATION ORGANIZATION | FERRING PHARMACEUTICALS INC. | HOSPICE COMPASSUS | NETLIST, INC. | DELFI DIAGNOSTICS | PFIZER INC. | AMERICAN MEDICAL ASSOCIATION | EXELIXIS, INC. | HEALTH SUPPLY US LLC | TAKEDA PHARMACEUTICALS AMERICA, INC. | INSULET CORPORATION | APOLLO GLOBAL MANAGEMENT | FOX CORPORATION | ILLUMINA, INC. | MCKESSON CORPORATION | OSRX PHARMACEUTICALS | GILEAD SCIENCES, INC. | MYRIAD GENETICS, INC. | ELI LILLY AND COMPANY | VIAL HEALTH TECHNOLOGY, INC. | SIEMENS HEALTHINEERS | ALNYLAM PHARMACEUTICALS, INC. | BIODESIX, INC. | TRUIST FINANCIAL CORPORATION | GLAXOSMITHKLINE LLC | GRAIL, INC. | CORMEDIX INC. | EMD SERONO INC. | NOVARTIS, INC. | BRISTOL-MYERS SQUIBB COMPANY | VANTIVE US HEALTHCARE LLC | NCTA - THE INTERNET & TELEVISION ASSOCIATION | OTSUKA AMERICA PHARMACEUTICAL, INC. | THE ORTHOFORUM | UCB, INC. | MED CLAIMS COMPLIANCE CORPORATION | VAXESS TECHNOLOGIES INC. | AMERICAN POLICY VENTURES ACTION | KALDEROS, INC. | MUTUAL OF OMAHA | KARIUS, INC. | AMERICAN COLLEGE OF RADIOLOGY | AMGEN INC. | BIOGEN, INC. | CEPHEID | MERCK & CO., INC. | AMERICAN SOCIETY OF NEPHROLOGY | DH DIAGNOSTICS LLC | NOMI HEALTH, INC. | ALLIANCE FOR AMERICA'S PROMISE, INC. | ALKERMES, INC. | GENMAB | JOHNSON & JOHNSON SERVICES, INC. | BAYER CORPORATION | HORIZON THERAPEUTICS USA, INC. | AVS BIO | GINKGO BIOSECURITY | PUERTO RICO DEPARTMENT OF HEALTH | SIDECAR HEALTH | MEDICAL COUNTERMEASURES COALITION | U.S. CHAMBER OF COMMERCE GLOBAL INNOVATION POLICY CENTER | ADULT VACCINE ACCESS COALITION | NOVO NORDISK INC. | ASTELLAS PHARMA US, INC. | VALISURE | ASTRAZENECA PHARMACEUTICALS LP | CALYXO, INC. | COMPASS PATHWAYS INC. | THE COALITION FOR 21ST CENTURY MEDICINE | GENENTECH, INC. | PHARMACEUTICAL RESEARCH AND MANUFACTURERS OF AMERICA | SOUTHWEST TRANSPLANT ALLIANCE | FLEXCARE | PMI US CORPORATE SERVICES INC. | GENEOSCOPY, INC."
59995,MARTIN,DELGADO,"Staff Dir, House Ag Approps, Prof Staff, Milcon/VA approps",589,11,"CONSUMER BRANDS ASSOCIATION | GENERAL MOTORS | FLORIDA SUGAR CANE LEAGUE | PET FOOD INSTITUTE | BLACKWATCH INTERNATIONAL | AMGEN, INC. FKA HORIZON THERAPEUTICS USA, INC. | COHESITY, INC. | ALKERMES, INC. | VERAX BIOMEDICAL | NATIONAL ELECTRICAL MANUFACTURERS ASSOCIATION | PARSONS CORPORATION | NATIONAL AIR TRAFFIC CONTROLLERS ASSOCIATION | KELLER POSTMAN | URSA MAJOR TECHNOLOGIES, INC. | GOOGLE CLIENT SERVICES, LLC | AUSTAL USA | H&R BLOCK | AMERICAN EXPLORATION & PRODUCTION COUNCIL | JPMORGAN CHASE HOLDINGS LLC | HANGAR ALPHA LLC | SWISHER INTERNATIONAL INC. | LVMH MOET HENNESSY LOUIS VUITTON INC. | RTX CORPORATION AND AFFILIATES | ALLIANCE TO MODERNIZE PRESCRIBING INFORMATION | MCKINSEY & COMPANY | NATIONAL RIFLE ASSOCIATION, INSTITUTE FOR LEGISLATIVE ACTION | JUUL LABS | SCHNEIDER ELECTRIC | NATIONAL CAPITOL CONTRACTING LLC | THE BOEING COMPANY | NATIONAL ALLIANCE FOR BETTER NUTRITION | MONDELEZ INTERNATIONAL | NATIONAL BUSINESS AVIATION ASSOCIATION | KATAHDIN IMPACT INC. | AMERICAN PETROLEUM INSTITUTE | CONVERGENT SOLUTIONS, INC. DBA EXIGER FEDERAL SOLUTIONS | META PLATFORMS, INC. (FORMERLY FACEBOOK, INC. AND VARIOUS SUBSIDIARIES) | SCALE | TELGOO5 | XCEL ENERGY SERVICES, INC. | SANDOZ INC. | TURNING POINT BRANDS | NELNET | S&P GLOBAL | NATIONAL FOOTBALL LEAGUE | HOLISTIC INDUSTRIES | STANDARD INDUSTRIES LTD. | COALTION FOR ADULT BEVERAGE ALTERNATIVES | PARATEK PHARMACEUTICALS | KOCH GOVERNMENT AFFAIRS, LLC FKA KOCH COMPANIES PUBLIC SECTOR, LLC | SAZERAC COMPANY, INC. | EASTMAN CHEMICAL COMPANY | ORCHARD THERAPEUTICS NORTH AMERICA | UNITED LAUNCH ALLIANCE | WILDCAT DISCOVERY TECHNOLOGIES, INC. | HEALTH SUPPLY US"
57691,JOHN,WILLIAMS,"Press Secretary, House Committee on Government Reform and Oversight; Policy Advisor, Rep. Dan Burton.",574,9,"EISENHOWER HEALTH | COMMUNITY HEALTH NETWORK, INC. INDIANAPOLIS | THEDACARE HEALTH SYSTEM | THE INTERMED GROUP | HALL RENDER 340B COLLABORATIVE (INFORMAL COALITION OF HOSPITALS AND PROVIDERS) | ALLIANCE FOR AMERICA'S PROMISE | LOGANSPORT MEMORIAL HOSPITAL | GUTHRIE CLINIC | LIBERTY PARTNERS GROUP | CAMERON MEMORIAL COMMUNITY HOSPITAL | ABM HEALTHCARE | SSM HEALTH CARE CORPORATION | CROTHALL HEALTHCARE | MAJOR HEALTH PARTNERS | MERIDIAN HEALTH SERVICES | BON SECOURS MERCY HEALTH | HALL RENDER STARK LAW CORRECTION COALITION | SODEXO CLINICAL TECHNOLOGY MANAGEMENT | ALLIANCE FOR QUALITY MEDICAL DEVICE SERVICING | RIVERVIEW HEALTH | AGILITI | TRIMEDX, LLC | GOSHEN HEALTH | ASPIRE INDIANA | DISPATCH HEALTH | TKA AND ASSOCIATES | INDIANA HOSPITAL ASSOCIATION | NATIONAL ORGANIZATION OF STATE OFFICES OF RURAL HEALTH | LEE HEALTH SYSTEM | MARION GENERAL HOSPITAL | DECATUR COUNTY MEMORIAL HOSPITAL | INDIANA COUNCIL OF COMMUNITY MENTAL HEALTH CENTERS, INC. | TELIX PHARMACEUTICALS, INC. | NINESTAR CONNECT | SUBURBAN HEALTH ORGANIZATION | JANE PAULEY COMMUNITY CENTER | HANCOCK REGIONAL HOSPITAL | RUSH MEMORIAL HOSPITAL | TEXAS HEALTH RESOURCES | WITHAM HOSPITAL | OCHSNER LAFAYETTE GENERAL F/N/A LAFAYETTE GENERAL HEALTH | HENDRICKS REGIONAL HEALTH | MARGARET MARY HEALTH | HENRY COUNTY HOSPITAL | JOHNSON MEMORIAL HOSPITAL | MERCY HEALTH SYSTEM"
144733,WILLIAM,GWINN,"Associate Staff Member at House Committee on Appropriations and Legislative Director for Rep. Vic Fazio, 1987-1993.",567,10,"MONTEREY PENINSULA WATER MANAGEMENT DISTRICT | ABTECH INDUSTRIES | DALY CITY, CA | SACRAMENTO COUNTY, CA | SITES PROJECT AUTHORITY | THE ORLAND UNIT WATER USERS ASSOCIATION | LEE COUNTY, FL | MIDPENINSULA REGIONAL OPEN SPACE DISTRICT | SOUTH SUTTER WATER DISTRICT | CITY OF WOODLAND CA | CENTERVILLE, UT-CITY OF | GLENN-COLUSA IRRIGATION DISTRICT-CA | WARD AND SMITH ON BEHALF OF THE CARTERET COUNTY BEACH COMMISSION | WARD AND SMITH ON BEHALF OF THE VILLAGE OF BALD HEAD ISLAND, NC | CITY OF TAMARAC | EPHRAIM CITY, UT | NORTHERN CALIFORNIA WATER ASSOCIATION | MERCED IRRIGATION DISTRICT | CITY OF NEW ROCHELLE, NY | SANTA MONICA-CA, CITY OF | SUTTER MUTUAL WATER COMPANY AND RECLAMATION DISTRICT 1500 | EL DORADO COUNTY WATER AGENCY | THE FRESHWATER TRUST | WARD & SMITH ON BEHALF OF HOLDEN BEACH | SUTTER COUNTY-CA | CITY OF MORRO BAY, CA | RIVER GARDEN FARMS, CA | WARD & SMITH ON BEHALF OF THE TOWN OF CAROLINA BEACH, NC | TOWN OF CARY NC | RECLAMATION DISTRICT 108 | WARD & SMITH ON BEHALF OF TOPSAIL ISLAND SHORELINE PROTECTION COMMISSION | SAN JOAQUIN COUNTY FLOOD CONTROL AND WATER CONSERVATION DISTRICT | HAMILTON COUNTY | WARD & SMITH ON BEHALF OF THE TOWN OF TOPSAIL BEACH | OCEANSIDE-CA CITY OF | WARD & SMITH ON BEHALF OF BRUNSWICK COUNTY, NC | CDM SMITH | CITY OF FORT WAYNE, IN | TOWN OF MOUNT PLEASANT, SC"
65759,PETE,LANDRUM,Senior Defense Policy Advisor Sen. Session,564,3,"HNTB CORPORATION | YORK SPACE SYSTEMS | ADARGA | UNIVERSITY OF WISCONSIN-MADISON | MOTION PICTURE ASSOCIATION | OROS | VOYAGER TECHNOLOGIES, INC. (FKA VOYAGER SPACE HOLDINGS, INC.) | ORBIT FAB | CONVERGENT SOLUTIONS LLC D/B/A EXIGER GOVERNMENT SOLUTIONS | ANALYTICAL AI | ADVANCING MENTAL HEALTH FOR MILITARY FAMILIES, LLC | COMBINED ARMS | WORLDVU DEVELOPMENT, LLC | HCBS ADVOCACY, LLC | FIRE SECURITY INC. | BLINKLY, INC. | NOBLEREACH FOUNDATION | AE INDUSTRIAL PARTNERS, LP | SUSTAINMENT | LOCKHEED MARTIN CORPORATION | NANOGRAF CORPORATION | CRESCO LABS | CTIA | FRIENDS OF FORT NOVOSEL (FKA FRIENDS OF FORT RUCKER) | EOS DEFENSE SYSTEMS USA, INC. | LUCID CIRCUIT | ADVOCATE HEALTH | FUSE ENERGY TECHNOLOGIES CORP. | ECS | IAG CAPITAL MANAGEMENT, LLC | ARENA TECHNOLOGIES, INC. | EMBASSY OF THE REPUBLIC OF AZERBAIJAN | TYR TACTICAL | CONTI FEDERAL SERVICES | FORTINET, INC. | HYPERION METALS LIMITED | OVERSEAS SHIPHOLDING GROUP, INC. | SPIE | FORTRESS INFORMATION SECURITY, LLC | QUALTRICS LLC | SHIFTKEY, LLC | FLAGSTAR BANK | ALABAMA STATE UNIVERSITY | RTX CORPORATION AND AFFILIATES (FKA RAYTHEON TECHNOLOGIES CORP. AND AFFILIATES) | REGENT CRAFT INC. | UIPATH | DECISION LENS INC. | AAR GOVERNMENT SERVICES, INC. | NOVA TECHNOLOGIES | OPTICA (FKA THE OPTICAL SOCIETY) | EUTELSAT NETWORK SOLUTIONS (F/K/A EACOWT) | TEXTRON, INC. | BLACKSEA TECHNOLOGIES | SABEL SYSTEMS TECHNOLOGY SOLUTIONS LLC | NUCLEAR ENERGY INSTITUTE | WIREGRASS ECONOMIC DEVELOPMENT CORPORATION | INKIT INC. | INVERIS TRAINING SOLUTIONS | TIBERIUS AEROSPACE, INC. | CAPTOR CAPITAL CORP. | REPUBLIC OF INDIA | GLOBE SPECIALTY METALS, INC. | STRIDER TECHNOLOGIES, INC. | ARMAMENT RESEARCH COMPANY | KURDISTAN REGIONAL GOVERNMENT | HUNTINGTON INGALLS INDUSTRIES, INC. (FKA HUNTINGTON INGALLS INCORPORATED) | ENVIROTECH VEHICLES, INC. | RIGETTI & CO., LLC"
72994,ANDREW,BARBOUR,"Dep. Asst. USTR for Congressional Affairs, USTR Legislative Assistant, U.S. Rep. Bart Stupak Legislative Assistant, U.S. Rep. Bill Ford",555,3,"FREE SPEECH COALITION, INC. | H STREET LAW | ALLSTATE | BLOCK INC FORMERLY REPORTED AS SQUARE INC | CITIZENS BANK, N.A. | ELECTRONIC TRANSACTIONS ASSOCIATION | COVENTRY DIRECT, LLC | ZAYZOON US INC. | IOHK USA LLC | BAM TRADING SERVICES, INC./BINANCE.US | EUCLID MORTGAGE INSURANCE SERVICES, LLC | DAYFORCE US, INC (FKA CERIDIAN HCM, INC.) | COLLEGE AVENUE STUDENT LOANS LLC | DTH SATELLITE SERVICES, LLC | STRUCTURED FINANCE ASSOCIATION | CHIME FINANCIAL, INC. | INCREASE TECHNOLOGIES, INC. D/B/A INCREASE | ANCHORAGE DIGITAL | MATONEE INC. (D/B/A APTOS LABS) | PAYMENTS LEADERSHIP COUNCIL | DIGITAL ENERGY COUNCIL | LEGALZOOM, INC. | CHAMBER OF DIGITAL COMMERCE | TASSATPAY (FKA PERICLES GROUP LLC) | DAVE, INC. | MORNINGSTAR DBRS, INC. | INVESTMENT COMPANY INSTITUTE | WYOMING DEPOSIT & TRANSFER CORP. DBA BANKWYSE | BILL.COM LLC | MATONEE INC. (D/B/A APTOS LABS | PALM FINANCE, INC. | ALLY FINANCIAL INC. | VARO BANK, N.A. | OSCILAR INC. | TRANSUNION | UNIT FINANCE, INC. | FIDELITY NATIONAL INFORMATION SERVICES, INC. (""FIS"") | KILN USA INC | ORCHID LABS, INC. | PINWHEEL API | ALLIANCE FOR INNOVATIVE REGULATION (AIR) | LEAD BANK | ASSOCIATION OF INTERNATIONAL CERTIFIED PROFESSIONAL ACCOUNTANTS (AICPA) | AON SERVICE CORPORATION | INTEL CORP | INTUIT, INC. AND AFFILIATES (FORMERLY INTUIT, INC.) | AVA LABS, INC. | SMARTCONTRACT INC. | MX TECHNOLOGIES INC. | NAVY FEDERAL CREDIT UNION | AMERICAN LAND TITLE ASSOCIATION | BANK POLICY INSTITUTE | FILECOIN FOUNDATION | DAPPER LABS INC. | POINT DIGITAL FINANCE, INC. | HEDERA HASHGRAPH, LLC | AUDENZIA ADVISORS LLC"
67545,JOHN,STONE,"Counsel, House E&C Cmte, Oversight Subcommittee; Senior Counsel, House E&C Cmte, Health Subcommittee; Intern, House E&C",552,4,"AMGEN INC. | ALLIANCE FOR REGENERATIVE MEDICINE | FORS MARSH GROUP | LYNDRA THERAPEUTICS | PFIZER, INC | AMERICAN SOCIETY OF GENE AND CELL THERAPY | THE ASSISTANCE FUND | IMPOSSIBLE FOODS INC. | GLOBAL KRATOM COALITION | ABIOMED INC | NATIONAL RESILIENCE, INC. | BIOMERIEUX, INC. | NEKTAR THERAPEUTICS | RAI SERVICES COMPANY | EDWARDS LIFESCIENCES LLC | NOVARTIS | BAYER CORPORATION | MATRIX MEDICAL NETWORK | ALKERMES, INC. | BAUDAX BIO, INC. (FORMERLY KNOWN AS RECRO PHARMA, INC.) | CHARLES RIVER LABORATORIES | AMERICAN BEVERAGE ASSOCIATION | PHARMACEUTICAL RESEARCH AND MANUFACTURERS OF AMERICA | VAXCYTE, INC. | BREAKTHROUGH T1D (F/K/A JDRF) | NEUROCRINE BIOSCIENCES, INC. | STRYKER CORPORATION | NUVATION BIO INC. | CARDINAL HEALTH | UNILEVER | PROLACTA BIOSCIENCE, INC. | KRAFT HEINZ COMPANY | BIOTECHNOLOGY INNOVATION ORGANIZATION | WALGREEN CO. | BECTON, DICKINSON AND COMPANY | FAIRMOUNT FUNDS MANAGEMENT LLC | EVERYONE MEDICINES | DIGNITY AND WELLNESS PATIENT SOLUTIONS, LLC | THE PROCTER & GAMBLE COMPANY | DELCATH SYSTEMS, INC. | BIOMARIN PHARMACEUTICAL INC. | SIEMENS HEALTHINEERS | RECESS | WK KELLOGG CO (FKA KELLOGG COMPANY) | REGENERON PHARMACEUTICALS, INC. | UNDIAGNOSED DISEASE NETWORK FOUNDATION | GLAXOSMITHKLINE, INC | PHARMA & BIOPHARMA OUTSOURCING ASSOCIATION | AKEBIA THERAPEUTICS, INC. | HORIZON PHARMA | ZOGENIX, INC. | SENIOR CARE PHARMACY COALITION | ADVANCED MEDICAL TECHNOLOGY ASSOCIATION | PTC THERAPEUTICS | ACCUMULUS SYNERGY, INC. | HEARTLAND FOOD PRODUCTS GROUP"
62729,BRENT,DEL MONTE,See prior filing,551,2,"GLAXOSMITHKLINE, INC | PHARMA & BIOPHARMA OUTSOURCING ASSOCIATION | AKEBIA THERAPEUTICS, INC. | BAYER CORPORATION | ALKERMES, INC. | CENTENE CORPORATION | BAUDAX BIO, INC. (FORMERLY KNOWN AS RECRO PHARMA, INC.) | OAK STREET HEALTH D/B/A CVS HEALTH | LOCKTON MANAGEMENT, LLC | ACADEMY OF NUTRITION AND DIETETICS | CHARLES RIVER LABORATORIES | BIOTECHNOLOGY INNOVATION ORGANIZATION | WALGREEN CO. | FAIRMOUNT FUNDS MANAGEMENT LLC | PFIZER, INC | AMERICAN SOCIETY OF GENE AND CELL THERAPY | ESSILORLUXOTTICA (FKA ESSILOR OF AMERICA, INC.) | THE ASSISTANCE FUND | IMPOSSIBLE FOODS INC. | GLOBAL KRATOM COALITION | ABIOMED INC | NATIONAL RESILIENCE, INC. | BIOMERIEUX, INC. | NEKTAR THERAPEUTICS | TARGET ALS FOUNDATION INC. | EVERYONE MEDICINES | WELBEHEALTH | IOWA PRIMARY CARE ASSOCIATION (NATIONAL PRIMARY CARE ASSOCIATION HUB) | BIOMARIN PHARMACEUTICAL INC. | AMEDISYS, INC. | SIEMENS HEALTHINEERS | CJ AMERICA, INC. | REGENERON PHARMACEUTICALS, INC. | NEUROCRINE BIOSCIENCES, INC. | STRYKER CORPORATION | TRANSMEDICS | RAI SERVICES COMPANY | EDWARDS LIFESCIENCES LLC | NOVARTIS | TEXAS ESSENTIAL HEALTHCARE PARTNERSHIPS | PHARMACEUTICAL RESEARCH AND MANUFACTURERS OF AMERICA | BREAKTHROUGH T1D (F/K/A JDRF) | VAXCYTE, INC. | ALG SENIOR LLC | AMGEN INC. | ALLIANCE FOR REGENERATIVE MEDICINE | LYNDRA THERAPEUTICS | NATIONAL ASSOCIATION OF VISION CARE PLANS | PTC THERAPEUTICS | NYU LANGONE HEALTH | HORIZON PHARMA | ZOGENIX, INC."
65518,WILLIAM,SMITH,"Staff Director, House Approps Cmte; Deputy Staff Director, House Approps Cmte; Chief of Staff, Legislative Director, Senior Legislative Assist, House Member Office (Rogers); Staff Assistant, Senate Approps Cmte",543,6,"THE ESOP ASSOCIATION | KENTUCKY STATE UNIVERSITY | APPLIED INTUITION, INC. | UNITED AIRLINES INC | CURIUM US LLC | APPLIED RESEARCH ASSOCIATES, INC. | SAVE THE CHILDREN FEDERATION INC. | UNITED STATES MANUFACTURING INNOVATION COUNCIL | SOMERSET-PULASKI ECONOMIC DEVELOPMENT AUTHORITY | PUERTO RICO PUBLIC PRIVATE PARTNERSHIPS AUTHORITY | THOMAS JEFFERSON UNIVERSITY | SCIPERIO INC. | CHILDREN'S NATIONAL MEDICAL CENTER | SIERRA SPACE CORPORATION | UNIVERSITY OF ARKANSAS FOR MEDICAL SCIENCES | BNSF RAILWAY COMPANY | BEER INSTITUTE | TENNESSEE TECHNOLOGICAL UNIVERSITY | UNIVERSITY OF NOTRE DAME | SOUTHERN MILLS, INC., D/B/A TENCATE PROTECTIVE FABRICS | AMERICAN PRINTING HOUSE FOR THE BLIND | HUNT DEVELOPMENT GROUP LLC | SEMICONDUCTOR INDUSTRY ASSOCIATION | GENENTECH, INC. | DOUGHERTY COUNTY COMMISSION | GM DEFENSE, LLC | SHELBY COUNTY, TN | WINE AND SPIRITS WHOLESALERS OF AMERICA | COMMUNITY ASSOCIATIONS INSTITUTE | KELLOGG BROWN & ROOT LLC | SATELLES, INC. | THE WASHINGTON CENTER | STARFIGHTERS SPACE, INC. | POLK COUNTY, IOWA | GENERAL DYNAMICS | RAJANT CORPORATION | SCALE AI, INC. | SOLARI INC. | SIGMA DEFENSE SYSTEMS LLC | RESPOND-US | ULTRA FKA ULTRA ELECTRONICS - FLIGHTLINE SYSTEMS | UNIVERSITY OF ARKANSAS | THE GENEVA FOUNDATION | WASHINGTON STATE UNIVERSITY | AMERICAN FOUNDATION FOR SUICIDE PREVENTION | SMITH & NEPHEW | RTX CORPORATION (FKA RAYTHEON TECHNOLOGIES CORPORATION) | CUBIC CORPORATION | BIG BROTHERS BIG SISTERS OF AMERICA | RICE UNIVERSITY | FORTRESS INFORMATION SECURITY, LLC | GINKGO BIOWORKS, INC. | SERVICENOW, INC. | EPIRUS, INC. | ACT FOR NIH: ADVANCING CURES TODAY | MEDICAL CREATIONS, INC. | INTUIT, INC. AND AFFILIATES | HIDDEN LEVEL, INC. | FIRESTORM LABS INC. | THE ALUMINUM ASSOCIATION | FOUNDATION TO ERADICATE DUCHENNE | MEDICAL TECHNOLOGY ENTERPRISE CONSORTIUM | ANDURIL INDUSTRIES, INC. | THE REGENTS OF THE UNIVERSITY OF CALIFORNIA | THE BOEING COMPANY | UNIVERSITY OF KENTUCKY | SECURE DEMOCRACY | ADVANCED NAVIGATION AND POSITIONING CORPORATION | SAC & FOX TRIBE OF THE MISSISSIPPI IN IOWA | AMERICAN SOCIETY OF ADDICTION MEDICINE, INC. | BATON ROUGE AREA FOUNDATION | EDWARD M. KENNEDY INSTITUTE | SHIFT5, INC. | ZERO - THE END OF PROSTATE CANCER"
141909,SCOTT,SHEWCRAFT,"Chief of Staff, Rep. Bill Foster",542,1,"PAXOS TRUST COMPANY, LLC | THE NORTHWESTERN MUTUAL LIFE INSURANCE COMPANY | MANUFACTURED HOUSING INSTITUTE | BARCLAYS US GPF INC. | AFLAC, INC. | STANDARD CHARTERED BANK | TIAA | SOFI TECHNOLOGIES, INC. | PAYCHEX, INC. | THE BLACKSTONE GROUP INC. | INTUIT, INC. AND AFFILIATES | PROTECTIVE LIFE CORPORATION | STATE FARM INSURANCE COMPANIES | WESTERN ALLIANCE BANK | B. RILEY FINANCIAL, INC. | INVESCO LTD | INTERCONTINENTALEXCHANGE, INC. | KROLL BOND RATING AGENCY, INC. | PRUDENTIAL FINANCIAL, INC. | REMITLY | THE GOLDMAN SACHS GROUP, INC. | PARADIGM OPERATIONS, LP | OTC MARKETS GROUP | VISA USA, INC. | ARCH CAPITAL GROUP (U.S.) INC. | PONTERA, INC. | MELLON FINANCIAL SERVICES CORPORTATION #1 | MUTUAL OF OMAHA INSURANCE COMPANY | INTERNATIONAL COUNCIL OF SHOPPING CENTERS, INC. DBA ICSC | BILT TECHNOLOGIES, INC. | VESTWELL HOLDINGS, INC | HSBC TECHNOLOGY & SERVICES (USA) INC. | HCBS ADVOCACY, LLC | SUN LIFE FINANCIAL (U.S.) SERVICES COMPANY INC. | WILLIS NORTH AMERICA INC. | EQUITABLE | MUNICIPAL SECURITIES RULEMAKING BOARD | NATIONAL COORDINATING COMMITTEE FOR MULTIEMPLOYER PLANS (NCCMP) | LEDGER SAS | SOLANA FOUNDATION | AMERIPRISE FINANCIAL | METROPOLITAN LIFE INSURANCE COMPANY | BITCOIN DEPOT OPERATING LLC | COURIER PLUS, INC. DBA DUTCHIE | FEDERAL HOME LOAN BANK OF NEW YORK (FHLBNY) | NATIONWIDE INSURANCE | ALLSTATE INSURANCE COMPANY | PFS INVESTMENTS, INC. | THE CAPITAL GROUP COMPANIES, INC. & ITS AFFILIATES | SIXTH STREET PARTNERS, LLC | MIDFIRST BANK | PLAID INC. | STRIPE, INC. | STELLAR DEVELOPMENT FOUNDATION | ARNALL GOLDEN GREGORY, LLP | UNITED SERVICES AUTOMOBILE ASSOCIATION (USAA) | CEDAR INNOVATION FOUNDATION | PWC US GROUP LLP | NEW YORK LIFE INSURANCE COMPANY | BETTERMENT LLC | FACTSET RESEARCH SYSTEMS INC. | CERTIFIED FINANCIAL PLANNER BOARD OF STANDARDS, INC."
68314,CHRISTOPHER,MATTHIESEN,"Chief of Staff, Rep. Kosmas; LD, Rep. Lampson; Staff Assistant, Minority Leader Pelosi",539,10,"GLOBAL TRADING SYSTEMS, LLC | ARNOLD & ITKIN | SOLANA POLICY INSTITUTE | FERMAT CAPITAL MANAGEMENT | HARRIS COUNTY SHERIFF'S OFFICE | ECONOMIC SECURITY PROJECT ACTION | HARRIS COUNTY PRECINCT 4 | NATIONAL RENTAL HOME COUNCIL | NATIXIS INVESTMENT MANAGERS, LLC | SNAPDOCS, INC. | PENNYMAC FINANCIAL SERVICES | EXPERIAN NORTH AMERICA | WESTCOR LAND TITLE INSURANCE COMPANY | BANCO AZTECA, SA | CLEO | NETFLIX | UNITED STATES CHAMBER OF COMMERCE/CENTER FOR CAPITAL MARKETS COMPETITIVENESS | MOODY'S CORPORATION | THE MAJORITY GROUP, LLC (ON BEHALF OF PENNYMAC) | THE MAJORITY GROUP, LLC (ON BEHALF OF SAGENT) | INVESCO HOLDING COMPANY (US), INC. | ELECTRONX | INVESTMENT COMPANY INSTITUTE | CAPITAL ONE FINANCIAL CORPORATION | WEBBANK | AUCTION.COM | CLINE STRATEGIC CONSULTING, LLC (OBO METRO TRANSIT AUTHORITY OF HARRIS COUNTY) | HARRIS COUNTY PRECINCT 2 | DISCOVER FINANCIAL SERVICES, INC. | INSURANCE SERVICES OFFICE, INC. | VANTAGESCORE SOLUTIONS, LLC | MEMBERS EXCHANGE | PADSPLIT | PRETIUM | ALLSTATE INSURANCE COMPANY | MANAGED FUNDS ASSOCIATION | FIR TREE PARTNERS | ICEYE | BIPARTISAN POLICY CENTER ACTION | BA SECURITIES, LLC | LOAN SYNDICATIONS AND TRADING ASSOCIATION | MARSH & MCLENNAN COMPANIES, INC. | MONARCH ALTERNATIVE CAPITAL LP | NATIONAL ASSOCIATION OF MUTUAL INSURANCE COMPANIES | INVICTUS GLOBAL MANAGEMENT | DEFI EDUCATION FUND | AIR WORLDWIDE"
107393,BENJAMIN,GOLDEEN,"Rep. Jim Costa LD, LA; Rep. Dennis Cardoza LA",539,3,"CITY OF ANAHEIM | CITY OF SAN PABLO | CITY OF TURLOCK | CITY OF LAFAYETTE | COUNTY OF MARIPOSA | CITY OF HESPERIA | COUNTY OF ORANGE | CITY OF UNION CITY | CITY OF COMPTON | CITY OF FARMERSVILLE | CITY OF LIVERMORE | CITY OF MURRIETA | CITY OF AGOURA HILLS | CITY OF PALM SPRINGS | GOLDEN STATE NATURAL RESOURCES, INC. | CITY OF EL MONTE | CITY OF PASO ROBLES | SANTA CLARA VALLEY OPEN SPACE AUTHORITY | DISCOVERY SCIENCE FOUNDATION | CITY OF MERCED | SANTA ANA PUBLIC WORKS | CITY OF MISSION VIEJO | CITY OF BEAUMONT | CITY OF HALF MOON BAY | CITY OF PALO ALTO | CITY OF GARDENA | CITY OF DOS PALOS | COAST COMMUNITY COLLEGE DISTRICT | LONG BEACH COMMUNITY COLLEGE DISTRICT | COUNTY OF KERN | TOWN OF DANVILLE | CITY OF DINUBA | RANCHO SANTIAGO COMMUNITY COLLEGE DISTRICT | CITY OF ATASCADERO | CALIFORNIA ACADEMY OF SCIENCES | CITY OF HUNTINGTON BEACH | CITY OF STANTON | MERCED COUNTY ASSOCIATION OF GOVERNMENTS | SUNLINE TRANSIT AGENCY | YORBA LINDA WATER DISTRICT | GLOBAL CLEAN ENERGY | CITY OF CHINO HILLS | CITY OF OAKLAND | NORTH COUNTY TRANSIT DISTRICT | CITY OF ONTARIO | CITY OF DUBLIN | CITY OF EMERYVILLE | CITY OF PALMDALE | CITY OF PLACENTIA | CITY OF SAN RAMON | CITY OF MENDOTA | CITY OF PARLIER | ALL HOME, A PROJECT OF TIDES CENTER | CITY OF PLEASANTON | CITY OF SANTA CLARA | COUNTY OF FRESNO | CITY OF AVALON | CITY OF REEDLEY | CONTRA COSTA FIRE PROTECTION DISTRICT | EAST ORANGE COUNTY WATER DISTRICT | GUADALUPE UNION SCHOOL DISTRICT"
70188,MICHAEL,GOODMAN,"Chief of Staff House Member Office (Kind), Legislative Staff House Member Office (Braley, Barrow)",538,5,"SEMICONDUCTOR INDUSTRY ASSOCIATION | LUMEN TECHNOLOGIES | GARMIN INTERNATIONAL, INC. | GENENTECH, INC. | THE BOEING COMPANY | GOOGLE CLIENT SERVICES | NATIONAL ASSOCIATION OF TRUCK STOP OPERATORS | AMERICAN PORTABLE DIAGNOSTICS ASSOCIATION | SECURE DEMOCRACY | ZERO - THE END OF PROSTATE CANCER | ADVANCED NAVIGATION AND POSITIONING CORPORATION | AMERICAN SOCIETY FOR RADIATION ONCOLOGY | THE ALUMINUM ASSOCIATION | AMERICAN CLEAN POWER ASSOCIATION | ACT FOR NIH: ADVANCING CURES TODAY | COALITION FOR WORKFORCE INNOVATION | FOUNDATION TO ERADICATE DUCHENNE | AVANGRID MANAGEMENT COMPANY, LLC | IHEARTMEDIA, INC. | RTX CORPORATION (FKA RAYTHEON TECHNOLOGIES CORPORATION) | MAINSPRING ENERGY INC | NATIONAL WASTE & RECYCLING ASSOCIATION | NATIONAL KIDNEY FOUNDATION | VALERO SERVICES, INC. | SOCIETY OF INDEPENDENT GASOLINE MARKETERS OF AMERICA | POLK COUNTY, IOWA | MARAVAI INTERMEDIATE HOLDINGS, LLC | SCALE AI, INC. | NATIONAL ASSOCIATION OF HOME BUILDERS | AMERICAN VETERINARY MEDICAL ASSOCIATION | NURSE-FAMILY PARTNERSHIP DBA CHANGENT (FKA NURSE-FAMILY PARTNERSHIP) | THE MADISON GROUP, LLC OBO COMMUNITY NEWS MEDIA | CITY OF AURORA, COLORADO | WINE AND SPIRITS WHOLESALERS OF AMERICA | UNITED PARCEL SERVICE | SAMSUNG SEMICONDUCTOR, INC. | BEER INSTITUTE | CITIGROUP WASHINGTON INC | SALLIE MAE BANK | UNIVERSITY OF NOTRE DAME | ADVANCED MEDICAL TECHNOLOGY ASSOCIATION | NIKE, INC | GUNDERSEN LUTHERAN ADMINISTRATIVE SERVICES, INC. | CATHOLIC HEALTH ASSOCIATION | LAND O'LAKES, INC. | THE PEW CHARITABLE TRUSTS | NEW MEXICO STATE UNIVERSITY | ENVIRI CORPORATION FKA HARSCO CORPORATION | NORSK HYDRO USA, LLC | TATE, INC. | TARGET CORPORATION | CARE IN ACTION | UNITED NATURAL FOODS, INC. | AMPERE COMPUTING LLC | EXXONMOBIL | HOOVER CIRCULAR SOLUTIONS | CHILDREN'S NATIONAL MEDICAL CENTER | HEALTH CARE ALLIANCE FOR PATIENT SAFETY | BAKER HUGHES COMPANY | ABBVIE INC. | ARCONIC CORPORATION | INITIATIVE FOR HEALTH CARE AFFORDABILITY | UNITED AIRLINES INC | APPLIED RESEARCH ASSOCIATES, INC. | NEBRASKA HOSPITAL ASSOCIATION"
92746,ZACHARY,OSTRO,"Legislative Director, Rep. Robin Kelly",533,1,"LPL FINANCIAL LLC | VISA USA, INC. | AMERICANS FOR RESPONSIBLE INNOVATION | ABIR | EMERSON ELECTRIC CO. | NEW YORK LIFE INSURANCE COMPANY | EVGO SERVICES LLC | STRIPE, INC. | MARK FOODS LLC | AMERIPRISE FINANCIAL | SOLANA FOUNDATION | ZERO ABUSE PROJECT | UNITED SERVICES AUTOMOBILE ASSOCIATION (USAA) | FLUENCE ENERGY, LLC | THE NORTHWESTERN MUTUAL LIFE INSURANCE COMPANY | AMAZON WEB SERVICES | EQUITABLE | KLARNA INC. | COURIER PLUS, INC. DBA DUTCHIE | METROPOLITAN LIFE INSURANCE COMPANY | COMMERCIAL REAL ESTATE EXCHANGE, INC. | COPENHAGEN INFRASTRUCTURE PARTNERS INC. | MUTUAL OF OMAHA INSURANCE COMPANY | ZESTFINANCE, INC. DBA ZEST AI | CONTINENTAL CASUALTY COMPANY | PROTECTIVE LIFE CORPORATION | B. RILEY FINANCIAL, INC. | STATE FARM INSURANCE COMPANIES | VERIZON COMMUNICATIONS INC | COMMERCIAL METALS COMPANY | WELLS FARGO & COMPANY | SUN LIFE FINANCIAL (U.S.) SERVICES COMPANY INC. | TYSON SHARED SERVICES, INC. | US CHASSIS MANUFACTURERS COALITION (UCMC) | FINANCIAL TECHNOLOGY ASSOCIATION (FTA) | CLIMAVISION OPERATING, LLC | PIPELINE HEALTH SYSTEM | NATIONWIDE INSURANCE | ALLSTATE INSURANCE COMPANY | PFS INVESTMENTS, INC. | SIXTH STREET PARTNERS, LLC | TIAA | THE BLACKSTONE GROUP INC. | SHELL USA, INC. | INTUIT, INC. AND AFFILIATES | PRUDENTIAL FINANCIAL, INC. | REMITLY | CQ MEDICAL | ZILLOW GROUP, INC. | AFLAC, INC. | META PLATFORMS, INC. | AMERICAN TRAILER MANUFACTURERS COALITION"
56689,TIMOTHY,HANNEGAN,U.S. General Accounting Office,526,1,"ACTION NOW INITIATIVE, LLC | LOCKHEED MARTIN CORPORATION | AMERICAN AIRLINES, INC. | LIFEWAY FOODS, INC. | DIGIMARC | ELLIOTT MANAGEMENT CORPORATION | BRIGHTHOUSE FINANCIAL, INC. | CARNIVAL CORPORATION | A. O. SMITH CORPORATION | CITY OF WESTON FLORIDA | FRESENIUS MEDICAL CARE NORTH AMERICA | EXXON MOBIL CORPORATION | FEDERAL EXPRESS CORPORATION | NEXTERA ENERGY, INC. | UNITEDHEALTH GROUP, INC. | SIDEPRIZE LLC, D/B/A PRIZEPICKS | ATI, INC. | PL+US: PAID LEAVE FOR THE UNITED STATES | TSMC ARIZONA | FUELCELL ENERGY, INC. | HOSPICE ACTION NETWORK | BLACKROCK FUNDS SERVICES GROUP LLC | COSTAR GROUP, INC. | NATIONAL CABLE AND TELECOMMUNICATIONS ASSOCIATION | GENERAL DYNAMICS CORPORATION | USA EB5 IMMIGRATION, LLC | WESTERN UNION | GECKO ROBOTICS, INC. | CITY OF MCALLEN, TEXAS | UNITED STATES TELECOMMUNICATIONS TRAINING INSTITUTE | CHARTER COMMUNICATIONS, INC. | PALANTIR TECHNOLOGIES, INC. | ENERGYRE, LLC | CANAL EDGE LLC | WALMART INC | FERRERO USA, INC. | ALKERMES, INC. | FLEET PORTFOLIO, LLC | PEACHTREE HEALTH GROUP, LLC | FOODID | COMCAST CORPORATION | ENBRIDGE ENERGY COMPANY, INC. | FORTUNE BRANDS INNOVATIONS, INC. | ROLLS-ROYCE NORTH AMERICA AND ITS AFFILATES | TERADYNE, INC. | WRAP TECHNOLOGIES, INC. | DARDEN RESTAURANTS, INC. | JUSTICE ACTION NETWORK | HAAS, INCORPORATED"
35009,ELIZABETH,POWELL,Legislative Director for Rep. Jim Langevin 2001-2002 and Legislative Director for Rep. Juanita Millender-McDonald 1997-2001,519,5,"VIRGINIA BIO | BREAST CANCER RUCKUS | ORBITAL RESEARCH INC | CDX DIAGNOSTICS | MEGGITT-USA SERVICES | GIRL SCOUTS OF NORTH EAST OHIO | HEALTH & ENVIRONMENTAL FUNDERS NETWORK LEAD FUNDERS ACTION NETWORK | RADPAD/WORLDWIDE INNOVATIONS & TECHNOLOGIES | JENNINGS CENTER FOR OLDER ADULTS | MAYNE PHARMA | MASSCHALLENGE, INC | AMERICAVIEW | THE CHILDHOOD LEAGUE CENTER | HYPERLOOP TRANSPORTATION TECHNOLOGIES | WOMENS HEALTH ACCESS MATTERS | AUSTINPX | BIOSIG TECHNOLOGIES | CENTERLINE BIOMEDICAL | CITY OF SHAKER HEIGHTS | COMMUNITIES IN SCHOOLS OF OHIO | NORTH CAROLINA BIOTECHNOLOGY CENTER | MEDICINES360 | BOYS & GIRLS CLUBS OF NORTHEAST OHIO | PRELUDEDX | ASPIRA WOMENS HEALTH | FOCUSED ULTRASOUND FOUNDATION | PATCHRX | HEALTHYWOMEN | CELMATIX | PREGNANT WITH POSSIBILITIES RESOURCE CENTER | AMERICAN MEDICAL WOMENS ASSOCIATION | NEUROWAVE SYSTEMS INC | BIOLOGIC INPUT OUTPUT SYSTEMS, INC (BIOS) | AMERICAN EPILEPSY SOCIETY | AMERICAN TYPE CULTURE COLLECTION (ATCC) | HUMACYTE | MAY HEALTH | SEEDS OF LITERACY | MCPC INC | SHEPHERD THERAPEUTICS | CYBERSTAR | UNITED WAY OF CENTRAL OHIO | DASI SIMULATIONS | PANCOPIA | RESOURCEPATH | VOLTRON THERAPEUTICS | AIRDEX, INC. DBA ATA AVIATION | BREAST CANCER EARLY DETECTION COALITION | NOVAGARD | FREEDOM A LA CART | BIOOHIO | RAPID FORENSIC CELL TYPING | EPILEPSIES ACTION NETWORK | OLIGO NATION | CEFALY | MY PROJECT USA | WOMENS HEALTH ADVOCATES | CLEVELAND DIAGNOSTICS | DIGITALC | JOBS FOR OHIOS GRADUATES | PAST FOUNDATION | PROMETHEAN LIFESCIENCES, INC. | TEGA THERAPEUTICS | VIGIL NEURO | NAWBO COLUMBUS CHAPTER | PRODUCE PERKS MIDWEST | LEAD SAFE CLEVELAND COALITION | LEARNING UNDEFEATED | SPRINGBOARD ENTERPRISES | METRODORA INSTITUTE"
90630,ALEXIS,OBERG,"Policy Aide, Office of Governor Nathan Deal",518,3,"NATIONAL ASSOCIATION OF BUSINESS POLITICAL ACTION COMMITTEES (NABPAC) | TRINITY UNIVERSITY | ADVANCED MANUFACTURING COMPANY OF AMERICA, INC. | DREAMFACTORY.COM | HILL EAST GROUP LLC ON BEHALF OF IDEMIA IDENTITY & SECURITY USA LLC | CREI HOLDINGS LLC | HILL EAST GROUP, LLC ON BEHALF OF CAPITOL COLLECT MANAGEMENT | GLOBAL DIGITAL ASSET & CRYPTOCURRENCY ASSOCIATION D.B.A GLOBAL DCA | RECURSION | R2P INNOVATIONS | AIR SPACE INTELLIGENCE | ASTRANIS | CMG STRATEGY CO., LLC DBA CHIPOTLE MEXICAN GRILL, INC. | VANDERBILT UNIVERSITY | WASHINGTON UNIVERSITY IN ST. LOUIS | ASSOCIATION OF FIRETECH INNOVATION | BEACON INDUSTRIES LLC | SOUTHERN AIRWAYS EXPRESS | NATIONAL DRUG AND ALCOHOL SCREENING ASSOCIATION | HALMAR | EMPIRE AVIATION | NOVOZYMES NORTH AMERICA INC. | RIVET INDUSTRIES, INC. | SHIELD AI, INC. | CATTARAUGUS COUNTY | KUZARI ASSET MANAGEMENT LLC | AMUN-RA VENTURES, INC. DBA GREEN CARBON | INDOTRONIX INTERNATIONAL CORPORATION | NEW YORK BUILDING CONGRESS (NYBC) | POWEREX CORP. | GRAYSTREET MANAGEMENT SERVICES LLC DBA GRAY STREET PARTNERS | MARKET TRACK, LLC DBA NUMERATOR | THE CIGNA GROUP AND SUBSIDIARIES | AMERICAN HUMANE | GAMBIT DEFENSE, INC | US TRAVEL ASSOCIATION | TREEHOUSE ISLAND, INC. DBA TEAM TREEHOUSE | ROBOTIC RESEARCH OPCO, LLC DBA FORTERRA | AMERICAN CHEMISTRY COUNCIL, INC. | PROLEGIS, LLC | WILLIAM MARSH RICE UNIVERSITY | BEKAERT CORPORATION | HILL EAST GROUP LLC ON BEHALF OF SYRACUSE REGIONAL AIRPORT AUTHORITY | NATIONAL ASSOCIATION OF CONVENIENCE STORES | ADVANCED ENERGY UNITED | LIVE EARTH IMAGING, INC. | CORASCLOUD, INC. | VALAR ATOMICS INC. | VM AGRITECH INC. | ENGLAND ECONOMIC AND INDUSTRIAL DEVELOPMENT DISTRICT | RACETRAC, INC. | RADIANT NUCLEAR | SHIPPERS COALITION | GECKO ROBOTICS, INC. | IQVIA | ALSTOM TRANSPORTATION INC. | COLOSSAL BIOSCIENCES INC. | DETERRENCE DEFENSE INC. | EMORY UNIVERSITY | AMERICAN MARITIME CONGRESS | CRH AMERICAS MATERIALS, INC | DISASTER MANAGEMENT GROUP, LLC | SHIFT5 | VIRGIN HYPERLOOP | PEREGRINE TECHNOLOGIES, INC."
68428,SEAN,JOYCE,"Chief of Staff, Congressman Patrick McHenry; Legislative Director, Congressman Shuster; Communications Director, Congressman Shuster; Military Legislative Advisor, Congressman Shuster; Senior Legislative Advisor, Congressman Shuster",517,3,"HILL EAST GROUP LLC ON BEHALF OF SYRACUSE REGIONAL AIRPORT AUTHORITY | NATIONAL ASSOCIATION OF CONVENIENCE STORES | ADVANCED ENERGY UNITED | LIVE EARTH IMAGING, INC. | CORASCLOUD, INC. | VALAR ATOMICS INC. | VM AGRITECH INC. | AMERICAN CHEMISTRY COUNCIL, INC. | PROLEGIS, LLC | WILLIAM MARSH RICE UNIVERSITY | BEKAERT CORPORATION | AMUN-RA VENTURES, INC. DBA GREEN CARBON | INDOTRONIX INTERNATIONAL CORPORATION | NEW YORK BUILDING CONGRESS (NYBC) | POWEREX CORP. | GRAYSTREET MANAGEMENT SERVICES LLC DBA GRAY STREET PARTNERS | BEACON INDUSTRIES LLC | SOUTHERN AIRWAYS EXPRESS | NATIONAL DRUG AND ALCOHOL SCREENING ASSOCIATION | HALMAR | EMPIRE AVIATION | NOVOZYMES NORTH AMERICA INC. | RIVET INDUSTRIES, INC. | SHIELD AI, INC. | CATTARAUGUS COUNTY | KUZARI ASSET MANAGEMENT LLC | IQVIA | ALSTOM TRANSPORTATION INC. | COLOSSAL BIOSCIENCES INC. | DETERRENCE DEFENSE INC. | EMORY UNIVERSITY | AMERICAN MARITIME CONGRESS | CRH AMERICAS MATERIALS, INC | DISASTER MANAGEMENT GROUP, LLC | SHIFT5 | VIRGIN HYPERLOOP | NATIONAL ASSOCIATION OF BUSINESS POLITICAL ACTION COMMITTEES (NABPAC) | TRINITY UNIVERSITY | ADVANCED MANUFACTURING COMPANY OF AMERICA, INC. | GLOBAL DIGITAL ASSET & CRYPTOCURRENCY ASSOCIATION D.B.A GLOBAL DCA | RECURSION | R2P INNOVATIONS | AIR SPACE INTELLIGENCE | ASTRANIS | CMG STRATEGY CO., LLC DBA CHIPOTLE MEXICAN GRILL, INC. | VANDERBILT UNIVERSITY | WASHINGTON UNIVERSITY IN ST. LOUIS | ASSOCIATION OF FIRETECH INNOVATION | DREAMFACTORY.COM | HILL EAST GROUP LLC ON BEHALF OF IDEMIA IDENTITY & SECURITY USA LLC | CREI HOLDINGS LLC | HILL EAST GROUP, LLC ON BEHALF OF CAPITOL COLLECT MANAGEMENT | PEREGRINE TECHNOLOGIES, INC. | MARKET TRACK, LLC DBA NUMERATOR | THE CIGNA GROUP AND SUBSIDIARIES | AMERICAN HUMANE | GAMBIT DEFENSE, INC | US TRAVEL ASSOCIATION | TREEHOUSE ISLAND, INC. DBA TEAM TREEHOUSE | ROBOTIC RESEARCH OPCO, LLC DBA FORTERRA | ENGLAND ECONOMIC AND INDUSTRIAL DEVELOPMENT DISTRICT | RACETRAC, INC. | RADIANT NUCLEAR | SHIPPERS COALITION | GECKO ROBOTICS, INC."
116014,CHRISTOPHER,EDDOWES,"Senior Policy Advisor, Congressman Lloyd Smucker",516,1,"NATIONAL ASSOCIATION OF BUSINESS POLITICAL ACTION COMMITTEES (NABPAC) | TRINITY UNIVERSITY | ADVANCED MANUFACTURING COMPANY OF AMERICA, INC. | DREAMFACTORY.COM | HILL EAST GROUP LLC ON BEHALF OF IDEMIA IDENTITY & SECURITY USA LLC | CREI HOLDINGS LLC | HILL EAST GROUP, LLC ON BEHALF OF CAPITOL COLLECT MANAGEMENT | GLOBAL DIGITAL ASSET & CRYPTOCURRENCY ASSOCIATION D.B.A GLOBAL DCA | RECURSION | R2P INNOVATIONS | AIR SPACE INTELLIGENCE | ASTRANIS | CMG STRATEGY CO., LLC DBA CHIPOTLE MEXICAN GRILL, INC. | VANDERBILT UNIVERSITY | WASHINGTON UNIVERSITY IN ST. LOUIS | ASSOCIATION OF FIRETECH INNOVATION | BEACON INDUSTRIES LLC | SOUTHERN AIRWAYS EXPRESS | NATIONAL DRUG AND ALCOHOL SCREENING ASSOCIATION | HALMAR | EMPIRE AVIATION | NOVOZYMES NORTH AMERICA INC. | RIVET INDUSTRIES, INC. | SHIELD AI, INC. | CATTARAUGUS COUNTY | KUZARI ASSET MANAGEMENT LLC | AMUN-RA VENTURES, INC. DBA GREEN CARBON | INDOTRONIX INTERNATIONAL CORPORATION | NEW YORK BUILDING CONGRESS (NYBC) | POWEREX CORP. | GRAYSTREET MANAGEMENT SERVICES LLC DBA GRAY STREET PARTNERS | MARKET TRACK, LLC DBA NUMERATOR | THE CIGNA GROUP AND SUBSIDIARIES | AMERICAN HUMANE | GAMBIT DEFENSE, INC | US TRAVEL ASSOCIATION | TREEHOUSE ISLAND, INC. DBA TEAM TREEHOUSE | ROBOTIC RESEARCH OPCO, LLC DBA FORTERRA | AMERICAN CHEMISTRY COUNCIL, INC. | PROLEGIS, LLC | WILLIAM MARSH RICE UNIVERSITY | BEKAERT CORPORATION | HILL EAST GROUP LLC ON BEHALF OF SYRACUSE REGIONAL AIRPORT AUTHORITY | NATIONAL ASSOCIATION OF CONVENIENCE STORES | ADVANCED ENERGY UNITED | LIVE EARTH IMAGING, INC. | CORASCLOUD, INC. | VALAR ATOMICS INC. | VM AGRITECH INC. | ENGLAND ECONOMIC AND INDUSTRIAL DEVELOPMENT DISTRICT | RACETRAC, INC. | RADIANT NUCLEAR | SHIPPERS COALITION | GECKO ROBOTICS, INC. | IQVIA | ALSTOM TRANSPORTATION INC. | COLOSSAL BIOSCIENCES INC. | DETERRENCE DEFENSE INC. | EMORY UNIVERSITY | AMERICAN MARITIME CONGRESS | CRH AMERICAS MATERIALS, INC | DISASTER MANAGEMENT GROUP, LLC | SHIFT5 | VIRGIN HYPERLOOP | PEREGRINE TECHNOLOGIES, INC."
72650,OSCAR,RAMIREZ,"Special Asst. to the Secretary, Department of Labor // Chief of Staff, Rep. Hilda Solis (D-CA-32) // Legislative Director/Deputy Chief of Staff, Rep. Al Green (D-TX-09) // Legislative Assistant / Legislative Director, Rep. Joe Baca (D-CA-43)",515,11,"LYFT, INC. | CAPITOL BRIDGE LLC | TAKE BACK THE COURT ACTION FUND | JOHNSON & JOHNSON SERVICES INC. | CVS HEALTH (AND SUBSIDIARIES) | VIVA QQF MANAGEMENT, LLC | CAREER EDUCATION COLLEGES AND UNIVERSITIES | CSL BEHRING | FRESENIUS MEDICAL CARE HOLDINGS, INC. | ZOOMINFO TECHNOLOGIES, LLC | WESTERN CONSERVATION ACTION | CAMBRIDGE BOXHILL LANGUAGE ASSESSMENT PTY LTD AS TRUSTEE FOR THE CAMBRIDGE BOXHI | ANTI-DEFAMATION LEAGUE | VITAL SALUD | RAYNOR | JUUL LABS | SAGA EDUCATION | HOLLY STRATEGIES INCORPORATED (ON BEHALF OF WHOOP, INC.) | FEDERAL HOME LOAN BANK OF SAN FRANCISCO | NATIONAL MPS SOCIETY | TESLA, INC. | STATE FARM | EQUIFAX INC. | LIGADO NETWORKS | THE BUSINESS ROUNDTABLE | MARCH OF DIMES INC. | COGNIZANT TECHNOLOGY SOLUTIONS | COLUMBIA CARE | FINANCIAL INDUSTRY REGULATORY AUTHORITY (""FINRA"") | U.S. CHAMBER OF COMMERCE | DANAHER CORPORATION | REPRODUCTIVE FREEDOM FOR ALL | REEF GLOBAL INC. | PALANTIR TECHNOLOGIES INC. | SOCIETY FOR HUMAN RESOURCE MANAGEMENT | DAILYPAY INC. | ALLIANCE OF NONPROFITS FOR INSURANCE, RRG | NETAPP, INC. | ANIMAL LEGAL DEFENSE LEGISLATIVE FUND | INTERSECTIONS OF OUR LIVES | HOTWIRE COMMUNICATIONS, LTD. | NEWITY LLC | ANIMAL LEGAL DEFENSE FUND | SOLAR MOSAIC INC. | AMERICA'S HEALTH INSURANCE PLANS (AHIP) | SCOTT'S MIRACLE-GRO | PROMISED LAND OPPORTUNITY ZONE FUNDS | SHIFT5 | AIRBNB, INC. | EQUITABLE HOUSING ACCESS PARTNERSHIP | RISEPOINT- FKA ACADEMIC PARTNERSHIPS | AUTOFLEX FLEET | GOOGLE CLIENT SERVICES LLC | QUALTRICS INTERNATIONAL INC. (FORMERLY KNOWN AS QUALTRICS LLC) | T-MOBILE USA, INC. | JPMORGAN CHASE HOLDINGS LLC | NATIONAL HISPANIC COUNCIL ON AGING | US AGAINST ALZHEIMERS"
109757,TAYLOR,SEXTON,"Advisor to the Assistant Secretary for Preparedness & Response, HHS; Advisor to the Assistant Secretary of Legislation, HHS; Health Care Policy Fellow, Representative Michael Burgess",513,1,"NOMI HEALTH, INC. | KARIUS, INC. | MUTUAL OF OMAHA | EMD MILLIPORE | TEXAS A&M HEALTH SCIENCE CENTER | VAXESS TECHNOLOGIES INC. | AMERICAN POLICY VENTURES ACTION | KALDEROS, INC. | GENENTECH, INC. | THE COALITION FOR 21ST CENTURY MEDICINE | PHARMACEUTICAL RESEARCH AND MANUFACTURERS OF AMERICA | SOUTHWEST TRANSPLANT ALLIANCE | FLEXCARE | PMI US CORPORATE SERVICES INC. | MILLIPORESIGMA | OTSUKA AMERICA PHARMACEUTICAL, INC. | THE ORTHOFORUM | MED CLAIMS COMPLIANCE CORPORATION | UCB, INC. | ALKERMES, INC. | GENMAB | JOHNSON & JOHNSON SERVICES, INC. | HORIZON THERAPEUTICS USA, INC. | PUERTO RICO DEPARTMENT OF HEALTH | AVS BIO | GINKGO BIOSECURITY | SIDECAR HEALTH | MEDICAL COUNTERMEASURES COALITION | U.S. CHAMBER OF COMMERCE GLOBAL INNOVATION POLICY CENTER | VAXART INC. | PUERTO RICO FINANCIAL AND FISCAL AUTHORITY | SIEMENS HEALTHINEERS | ALLIANCE FOR CELL THERAPY NOW | MCKESSON CORPORATION | ILLUMINA, INC. | OSRX PHARMACEUTICALS | FOX CORPORATION | EXELIXIS, INC. | AMERICAN MEDICAL ASSOCIATION | HEALTH SUPPLY US LLC | TAKEDA PHARMACEUTICALS AMERICA, INC. | ADULT VACCINE ACCESS COALITION | ASTRAZENECA PHARMACEUTICALS LP | NOVO NORDISK INC. | VALISURE | ASTELLAS PHARMA US, INC. | ALEXION PHARMACEUTICALS, INC. | BIOTECHNOLOGY INNOVATION ORGANIZATION | FERRING PHARMACEUTICALS INC. | HOSPICE COMPASSUS | NETLIST, INC. | PFIZER INC. | KALEO | BIODESIX, INC. | GRAND RIVER ASEPTIC MANUFACTURING | ALNYLAM PHARMACEUTICALS, INC. | SYNTHETIC BIOLOGY COALITION | GRAIL, INC. | TRUIST FINANCIAL CORPORATION | CORMEDIX INC. | EMD SERONO INC. | NOVARTIS, INC. | BRISTOL-MYERS SQUIBB COMPANY | FLOW THERAPY | AMGEN INC. | MERCK & CO., INC. | AMERICAN COLLEGE OF RADIOLOGY | BIOGEN, INC. | CEPHEID | AMERICAN SOCIETY OF NEPHROLOGY | DH DIAGNOSTICS LLC | GILEAD SCIENCES, INC. | MYRIAD GENETICS, INC. | WINE & SPIRITS WHOLESALERS OF AMERICA | ELI LILLY AND COMPANY | EMERGENT BIOSOLUTIONS INC."
72651,DANA,THOMPSON,"Legislative Director / Chief Counsel, Rep. Maxine Waters (D-CA-43) // Legislative Counsel / Chief Counsel / Deputy Chief of Staff / Chief of Staff, Rep. Sheila Jackson Lee (D-TX-18)",508,5,"AIRBNB, INC. | STATE FARM | EQUIFAX INC. | LIGADO NETWORKS | THE BUSINESS ROUNDTABLE | MARCH OF DIMES INC. | COGNIZANT TECHNOLOGY SOLUTIONS | COLUMBIA CARE | ANIMAL LEGAL DEFENSE FUND | SOLAR MOSAIC INC. | FRESENIUS MEDICAL CARE HOLDINGS, INC. | ZOOMINFO TECHNOLOGIES, LLC | AMERICAN INSTITUTE OF ARCHITECTS | CAMBRIDGE BOXHILL LANGUAGE ASSESSMENT PTY LTD AS TRUSTEE FOR THE CAMBRIDGE BOXHI | ANTI-DEFAMATION LEAGUE | RAYNOR | INTERSECTIONS OF OUR LIVES | HOTWIRE COMMUNICATIONS, LTD. | NEWITY LLC | AMERICA'S HEALTH INSURANCE PLANS (AHIP) | SCOTT'S MIRACLE-GRO | BLACK VETERANS EMPOWERMENT COUNCIL AND MISSION UPLIFT | PROMISED LAND OPPORTUNITY ZONE FUNDS | SHIFT5 | PALANTIR TECHNOLOGIES INC. | SOCIETY FOR HUMAN RESOURCE MANAGEMENT | JUUL LABS | HOLLY STRATEGIES INCORPORATED (ON BEHALF OF WHOOP, INC.) | UNITED SERVICES AUTOMOBILE ASSOCIATION | FEDERAL HOME LOAN BANK OF SAN FRANCISCO | NATIONAL MPS SOCIETY | TESLA, INC. | U.S. CHAMBER OF COMMERCE | FINANCIAL INDUSTRY REGULATORY AUTHORITY (""FINRA"") | DANAHER CORPORATION | REPRODUCTIVE FREEDOM FOR ALL | DAILYPAY INC. | ALLIANCE OF NONPROFITS FOR INSURANCE, RRG | NETAPP, INC. | LYFT, INC. | CAPITOL BRIDGE LLC | CVS HEALTH (AND SUBSIDIARIES) | TAKE BACK THE COURT ACTION FUND | JOHNSON & JOHNSON SERVICES INC. | VIVA QQF MANAGEMENT, LLC | CAREER EDUCATION COLLEGES AND UNIVERSITIES | CSL BEHRING | GOOGLE CLIENT SERVICES LLC | QUALTRICS INTERNATIONAL INC. (FORMERLY KNOWN AS QUALTRICS LLC) | T-MOBILE USA, INC. | JPMORGAN CHASE HOLDINGS LLC | NATIONAL HISPANIC COUNCIL ON AGING | US AGAINST ALZHEIMERS | EQUITABLE HOUSING ACCESS PARTNERSHIP | RISEPOINT- FKA ACADEMIC PARTNERSHIPS | AUTOFLEX FLEET"
65341,ANDREW,COATS,"Legislative Assistant, Rep. Mark Souder.",506,7,"THEDACARE HEALTH SYSTEM | THE INTERMED GROUP | HALL RENDER 340B COLLABORATIVE (INFORMAL COALITION OF HOSPITALS AND PROVIDERS) | ALLIANCE FOR AMERICA'S PROMISE | EISENHOWER HEALTH | COMMUNITY HEALTH NETWORK, INC. INDIANAPOLIS | HENDRICKS REGIONAL HEALTH | MARGARET MARY HEALTH | HANCOCK REGIONAL HOSPITAL | RUSH MEMORIAL HOSPITAL | TEXAS HEALTH RESOURCES | WITHAM HOSPITAL | OCHSNER LAFAYETTE GENERAL F/N/A LAFAYETTE GENERAL HEALTH | HENRY COUNTY HOSPITAL | JOHNSON MEMORIAL HOSPITAL | MERCY HEALTH SYSTEM | TRIMEDX, LLC | AGILITI | LEE HEALTH SYSTEM | MARION GENERAL HOSPITAL | DECATUR COUNTY MEMORIAL HOSPITAL | INDIANA COUNCIL OF COMMUNITY MENTAL HEALTH CENTERS, INC. | TELIX PHARMACEUTICALS, INC. | NINESTAR CONNECT | SUBURBAN HEALTH ORGANIZATION | JANE PAULEY COMMUNITY CENTER | GOSHEN HEALTH | ASPIRE INDIANA | DISPATCH HEALTH | TKA AND ASSOCIATES | INDIANA HOSPITAL ASSOCIATION | NATIONAL ORGANIZATION OF STATE OFFICES OF RURAL HEALTH | ABM HEALTHCARE | SSM HEALTH CARE CORPORATION | CROTHALL HEALTHCARE | MAJOR HEALTH PARTNERS | MERIDIAN HEALTH SERVICES | BON SECOURS MERCY HEALTH | HALL RENDER STARK LAW CORRECTION COALITION | LOGANSPORT MEMORIAL HOSPITAL | GUTHRIE CLINIC | LIBERTY PARTNERS GROUP | CAMERON MEMORIAL COMMUNITY HOSPITAL | ALLIANCE FOR QUALITY MEDICAL DEVICE SERVICING | RIVERVIEW HEALTH | SODEXO CLINICAL TECHNOLOGY MANAGEMENT"
145343,ALEXANDER,VOGEL,"Former Chief Counsel, Senate Majority Leader Bill Frist",504,7,"INNOVATION REFUNDS LLC | SVANTE, INC. | SAFIRE TECHNOLOGY GROUP, INC | MR. JOE SULLIVAN | BLUESKY SOCIAL | REFLECTION AI, INC | MEGVII TECHNOLOGY GROUP | NSO GROUP | ARTANIS EMERGENCY COMMUNITIES H-1 NC, LLC | SMR AUTOMOTIVE MIRRORS INTERNATIONAL USA INC | MR. RATMIR TIMASHEV | INSTITUTIONAL SHAREHOLDER SERVICES | YESCARE CORP. | AVARA PHARMACEUTICALS INC. | ARTHUR J. GALLAGHER & CO. | JEWELRY TELEVISION | SHARDA USA | VITA INCLINATA TECHNOLOGIES, INC. | JSW STEEL, USA | JINKOSOLAR (U.S.) INC. | MASON CONTRACTORS ASSOCIATION OF AMERICA | SANDBOXX, INC. | BETTER HOMES FOR HEROES | SMARTCONTRACT INC. | EMED, LLC | NVIDIA | VETERANS GUARDIAN VA CLAIM CONSULTING | ULTISAT | DJI TECHNOLOGY | TRILOGY INTEGRATED RESOURCES | GOTION, INC. | KENVUE INC. | EVOLVE BANK & TRUST | WILLIAM TIERNEY | SMILEDIRECTCLUB | SOFTBOX SYSTEMS INC. | LI NING (CHINA) SPORTS GOODS CO., LTD. | AMERICAN CATALOG MAILERS ASSOCIATION | CORECIVIC | HEARING INDUSTRIES ASSOCIATION | SOLVAY AMERICA LLC, A MEMBER OF THE SYENSQO GROUP (FKA SOLVAY AMERICA, INC.) | CORMINT DATA SYSTEMS | TRUETEST MEDICAL | CONTINGENCY CAPITAL | NEW ENGLAND FISHERMENS STEWARDSHIP ASSOCIATION | TRAXYL INC. | BORDER PATROL SUPERVISORS ASSOCIATION | SIDEPRIZE LLC, D/B/A PRIZEPICKS | COGNYTE TECHNOLOGIES ISRAEL LTD. | DOMINICAN AMERICAN CHAMBER OF COMMERCE | THE ROX, RAPID OVERLAND XPRESS | BLACKBERRY CORP. | SAP NATIONAL SECURITY SERVICES, INC. | MITSUBISHI ELECTRIC US, INC. | QUANTUM ENERGY, INC. | SCHOOL SAFETY POLICY CENTER | HUMANITY FIRST USA | ENTERPRISE COMMUNICATIONS ADVOCACY COALITION | PIKE | ICELAVEN DEVELOPMENT GROUP | LUTRON ELECTRONICS CO., INC. | BICYCLE HEALTH | HOUSECALL TODAY INC. | RUSS KLENET & ASSOC. ON BEHALF OF THE CITY OF OAKLAND PARK, FLORIDA | FIREARMS POLICY COALITION | MAGMA POWER LLC | CHAMPION HOMES, INC. | TSODILO RESOURCES LIMITED | HEALTHICITY | OUR NEXT ENERGY, INC. | FENIX INTERNATIONAL, LTD. | SUMMIT NEXT GEN (FKA APEX RENEWABLES, LLC) | IROBOT CORP | HEALTHCARE SUPPLY CHAIN ASSOCIATION | AMERICAN SMALL BUSINESS INSTITUTE, INC. | 280 EARTH, INC. | DOUCET CONSULTING SOLUTIONS, LLC ON BEHALF OF GNC HOLDINGS, LLC | VECTRUS | DELOS LIVING, LLC | CLEARSPEED INC. | TAYLOR MORRISON, INC. | SERVPRO INDUSTRIES, LLC | NOOKS | MTN (DUBAI) LIMITED | MAX SCHACHTER | DOLLAR GENERAL | RELX INC. | COTERRA ENERGY | AIRCRAFT TRANSPORT SERVICE (ATS) | IDM COMPANIES | JRD LAW PLLC (ON BEHALF OF HAPPIEST BABY, INC) | MR. ANDREI BARONOV | COLORECTAL CANCER ALLIANCE | NEPHRON PHARMACEUTICALS CORPORATION | PLYMOUTH GROUP | GUIDEHOUSE | THE MOSAIC COMPANY | WOLFSPEED, INC. | REALTEK SEMICONDUCTOR CORP | HDT BIO CORP"
70446,KEVIN,CASEY,"Senior Pol Dir, Dem Caucus; Counselor, Leg. Dir, Leg. Asst, Rep. Joseph Crowley; Staff Asst, Leg. Correspondent, Rep. Bob Weygand",504,3,"AMGEN, INC. FKA HORIZON THERAPEUTICS USA, INC. | CUE HEALTH INC. | PET FOOD INSTITUTE | CONOCOPHILLIPS | CONSUMER TECHNOLOGY ASSOCIATION | CONSUMER BRANDS ASSOCIATION | THE BUSINESS ROUNDTABLE, INC. | GENERAL MOTORS | SAZERAC COMPANY, INC. | EASTMAN CHEMICAL COMPANY | AMERICAN OPTOMETRIC ASSOCIATION | S&P GLOBAL | NATIONAL FOOTBALL LEAGUE | PRUDENTIAL FINANCIAL, INC. | LIGADO NETWORKS | DUKE ENERGY CORPORATION | STANDARD INDUSTRIES LTD. | WILDCAT DISCOVERY TECHNOLOGIES, INC. | ACTUM OBO ILLUMINA, INC. | JUUL LABS | SCHNEIDER ELECTRIC | WAYMO LLC | AMERICAN PETROLEUM INSTITUTE | META PLATFORMS, INC. (FORMERLY FACEBOOK, INC. AND VARIOUS SUBSIDIARIES) | TELGOO5 | CIGAR ASSOCIATION OF AMERICA | COUNCIL FOR INVESTOR RIGHTS AND CORPORATE ACCOUNTABILITY, INC. | XCEL ENERGY SERVICES, INC. | SANDOZ INC. | ROCKET LIMITED PARTNERSHIP F/K/A RKT HOLDINGS, LLC | MONDELEZ INTERNATIONAL | NOVO NORDISK, INC. | FORIS DAX, INC. D/B/A CRYPTO.COM | MICRON TECHNOLOGY, INC. | NATIONAL BUSINESS AVIATION ASSOCIATION | INTEL CORPORATION | DOORDASH | ALZHEIMER'S ASSOCIATION | U.S. TRAVEL ASSOCIATION | T-MOBILE USA, INC. | GOOGLE CLIENT SERVICES, LLC | JPMORGAN CHASE HOLDINGS LLC | H&R BLOCK | AMERICAN EXPLORATION & PRODUCTION COUNCIL | BRIGHTHOUSE SERVICES LLC | COUNCIL ON FOUNDATIONS INC. | U.S. SUGAR CORPORATION | KAYRROS, INC. | KPMG LLP | VERAX BIOMEDICAL | NATIONAL ELECTRICAL MANUFACTURERS ASSOCIATION | NATIONAL ASSOCIATION OF LETTER CARRIERS | ALKERMES, INC. | LVMH MOET HENNESSY LOUIS VUITTON INC. | ROCK CENTRAL"
67762,ANDREW,PALMER,"Legislative Assistant, Rep. Fleischmann; Legislative Assistant, Rep. Fincher",501,5,"SWIFT, INC. | JPMORGAN CHASE HOLDINGS LLC | ZURICH AMERICAN INSURANCE COMPANY | FISERV, INC. | CRYPTO COUNCIL FOR INNOVATION | KALSHI INC. | EREBOR GROUP, INC. | BLACKROCK FUNDS SERVICES GROUP LLC (FORMERLY BLACKROCK CAPITAL MANAGEMENT INC.) | AMERICAN PROPERTY CASUALTY INSURERS ASSOCIATION | NATIONAL CREDITORS BAR ASSOCIATION | LONDON STOCK EXCHANGE GROUP PLC | AMERICAN INVESTMENT COUNCIL | FAIR ISAAC CORPORATION (DBA FICO) | ZIP CO US INC | SECURITIES INVESTOR PROTECTION CORPORATION | SENTILINK | THE DEPOSITORY TRUST & CLEARING CORPORATION | INSTITUTE OF INTERNATIONAL BANKERS | APPRAISAL INSTITUTE | MERCURY TECHNOLOGIES, INC. | FMR LLC | ANT GROUP CO., LTD. | AMERICAN BANKERS ASSOCIATION | THE HARTFORD FINANCIAL SERVICES GROUP, INC. | EARLY WARNING SERVICES, LLC | FRANKLIN SQUARE HOLDINGS, L.P. | ONTARIO SYSTEMS, LLC D/B/A FINVI | WEST REALM SHIRES SERVICES, INC. D/B/A FTX US | MELLON FINANCIAL SERVICES CORPORATE #1 (FORMERLY BANK OF NEW YORK MELLON CORP.) | SIDEPRIZE LLC, D/B/A PRIZEPICKS | LIFE INSURANCE SETTLEMENT ASSOCIATION | AMAZON CORPORATE, LLC | FREEDOM MORTGAGE CORPORATION | WISE US INC. | COINBASE, INC. | CHIME FINANCIAL INC. | COMMONWEALTH FUSION SYSTEMS | SMBC AMERICAS HOLDINGS, INC. | AMERICAN EXPRESS COMPANY | TWO SIGMA INVESTMENTS, LP"
108841,JOSE,CEBALLOS,"Senior Advisor to the Secretary, Dept of Transportation; Special Assistant to the Secretary, Dept of Transportation; Confidential Assistant, Office of the Secretary, Business Liasion, Dept of Commerce",500,3,"U.S. TRAVEL ASSOCIATION | NATIONAL AIR TRAFFIC CONTROLLERS ASSOCIATION | URSA MAJOR TECHNOLOGIES, INC. | ALZHEIMER'S ASSOCIATION | DOORDASH | NATIONAL FOOTBALL LEAGUE | PATTERN ENERGY GROUP SERVICES LP | HARMAN INTERNATIONAL INDUSTRIES, INC. | SCHNEIDER ELECTRIC | CONSUMER TECHNOLOGY ASSOCIATION | CONSUMER BRANDS ASSOCIATION | GENERAL MOTORS | THE BOEING COMPANY | ROCKET LIMITED PARTNERSHIP F/K/A RKT HOLDINGS, LLC | MONDELEZ INTERNATIONAL | GEA MECHANICAL EQUIPMENT US, INC. | COALITION OF MANUFACTURERS OF SMOKING ALTERNATIVES | MICRON TECHNOLOGY, INC. | INTEL CORPORATION | SAZERAC COMPANY, INC. | EASTMAN CHEMICAL COMPANY | AMERICAN OPTOMETRIC ASSOCIATION | TEXTRON INC. | NETCHOICE | NATIONAL ASSOCIATION OF LETTER CARRIERS | NATIONAL ELECTRICAL MANUFACTURERS ASSOCIATION | PARSONS CORPORATION | LEGO SYSTEMS, INC. | ALKERMES, INC. | AUSTAL USA | AMERICAN EXPLORATION & PRODUCTION COUNCIL | KAYRROS, INC. | TELEPHONE SYSTEMS INTERNATIONAL | SWISHER INTERNATIONAL INC. | LVMH MOET HENNESSY LOUIS VUITTON INC. | ROCK CENTRAL | RTX CORPORATION AND AFFILIATES | ALLIANCE TO MODERNIZE PRESCRIBING INFORMATION | LKQ CORPORATION | STANDARD INDUSTRIES LTD. | PARATEK PHARMACEUTICALS | LIGADO NETWORKS | UNITED LAUNCH ALLIANCE | WILDCAT DISCOVERY TECHNOLOGIES, INC. | MORRISON COHEN, LLP OBO REXMARK HOLDINGS, LLC | MASSACHUSETTS INSTITUTE OF TECHNOLOGY | HASLAM SPORTS GROUP | CUE HEALTH INC. | PET FOOD INSTITUTE | CONOCOPHILLIPS | AMERICAN PETROLEUM INSTITUTE | TELGOO5 | CONVERGENT SOLUTIONS, INC. DBA EXIGER FEDERAL SOLUTIONS | META PLATFORMS, INC. (FORMERLY FACEBOOK, INC. AND VARIOUS SUBSIDIARIES) | FOUNDATION STACK AI, INC. | COUNCIL FOR INVESTOR RIGHTS AND CORPORATE ACCOUNTABILITY, INC. | AIR LINE PILOTS ASSOCIATION | XCEL ENERGY SERVICES, INC. | FIRST FIVE ACTION FUND | HAULHUB TECHNOLOGIES"
79730,PETER,FREEMAN,"Leg. Corr., Leg. Asst., Rep. D. Pryce; Policy Advisor, House Republican Conference; Leg. Dir., Rep. D. Pryce; Dep. COS, Rep. D. Pryce; Prof. Staff, House Fin. Svcs. Cmte.; Dep. COS, Rep. Ed Royce; Prof. Staff, House Foreign Affairs Cmte.",499,5,"ORCHID LABS, INC. | ALLIANCE FOR INNOVATIVE REGULATION (AIR) | SF OPERATIONS, INC | LEAD BANK | ALLY FINANCIAL INC. | TRANSUNION | UNIT FINANCE, INC. | KILN USA INC | FIDELITY NATIONAL INFORMATION SERVICES, INC. (""FIS"") | NAVY FEDERAL CREDIT UNION | AMERICAN LAND TITLE ASSOCIATION | AVA LABS, INC. | SMARTCONTRACT INC. | CHAMBER OF DIGITAL COMMERCE | TASSATPAY (FKA PERICLES GROUP LLC) | DAVE, INC. | MORNINGSTAR DBRS, INC. | INVESTMENT COMPANY INSTITUTE | MATONEE INC. (D/B/A APTOS LABS | PALM FINANCE, INC. | DAPPER LABS INC. | POINT DIGITAL FINANCE, INC. | HEDERA HASHGRAPH, LLC | AUDENZIA ADVISORS LLC | STRUCTURED FINANCE ASSOCIATION | CHIME FINANCIAL, INC. | INCREASE TECHNOLOGIES, INC. D/B/A INCREASE | ANCHORAGE DIGITAL | MATONEE INC. (D/B/A APTOS LABS) | BLOCK INC FORMERLY REPORTED AS SQUARE INC | CITIZENS BANK, N.A. | ELECTRONIC TRANSACTIONS ASSOCIATION | COVENTRY DIRECT, LLC | ZAYZOON US INC. | IOHK USA LLC | H STREET LAW | ALLSTATE | BANK POLICY INSTITUTE | THE PEW CHARITABLE TRUSTS | FILECOIN FOUNDATION | DAYFORCE US, INC (FKA CERIDIAN HCM, INC.) | COLLEGE AVENUE STUDENT LOANS LLC | DTH SATELLITE SERVICES, LLC | BAM TRADING SERVICES, INC./BINANCE.US | EUCLID MORTGAGE INSURANCE SERVICES, LLC | ASSOCIATION OF INTERNATIONAL CERTIFIED PROFESSIONAL ACCOUNTANTS (AICPA) | AON SERVICE CORPORATION | INTEL CORP | INTUIT, INC. AND AFFILIATES (FORMERLY INTUIT, INC.) | PAYMENTS LEADERSHIP COUNCIL | DIGITAL ENERGY COUNCIL | STELLAR DEVELOPMENT FOUNDATION | LEGALZOOM, INC."
43332,CHRISTOPHER,HATCHER,"Sch. C, Treasury; Associate Staff, House Rules Committee; LD, Rep. Scott McInnis",498,1,"VISA | GCOM SOFTWARE LLC D/B/A VOYATEK | VERTEX PHARMACEUTICALS INCORPORATED | SYNEOS HEALTH, INC. | FORD MOTOR COMPANY | HARDWICK CLOTHES | NATIONAL RETIREMENT FUND | COLORADO WEST HEALTHCARE SYSTEM, INC. DBA COMMUNITY HOSPITAL | THE INTERNET & TELEVISION ASSN (FORMERLY NTL CABLE & TELECOMMUNICATIONS ASSN) | BUHLER QUALITY YARNS CORPORATION | HAMILTON SHIRTS, LTD. | MAUS & HOFFMAN | TE CONNECTIVITY, INC. | CHRISTMAS TRADE GROUP | BKV CORPORATION | AMERICAN COUNCIL OF LIFE INSURERS | HUVEPHARMA | THE FRIEDKIN GROUP | AMERICAN ACADEMY OF EMERGENCY MEDICINE (AAEM) | OWENS & MINOR, INC. | BLOOM ENERGY | HILLSDALE COLLEGE | COMCAST CORPORATION | HICKEY FREEMAN TAILORED CLOTHING, INC | NOVO NORDISK INC. | ZOETIS | MERCK & CO INC | AFFORDABLE HOUSING TAX CREDIT COALITION | ELEVANCE HEALTH, INC. (FORMERLY REPORTED AS ANTHEM, INC.) | THE VANGUARD GROUP, INC. | TOM JAMES COMPANY | PFIZER | THE COUNCIL FOR RESPONSIBLE NUTRITION | PLASMA PROTEIN THERAPEUTICS ASSOCIATION | INDIVIOR, INC. | SUPIMA | IRHYTHM TECHNOLOGIES | SANOFI, U.S. | FEDERATION OF EXCHANGE ACCOMODATORS, INC. | THE ANSCHUTZ CORPORATION | REINSURANCE ASSOCIATION OF AMERICA | BRISTOL-MYERS SQUIBB COMPANY | CARBON MANAGEMENT ALLIANCE (FORMERLY CALLED ENERGY ADVANCE CENTER) | NEWS MEDIA ALLIANCE | BAYER CORPORATION | NORFOLK SOUTHERN CORPORATION | COUPANG, INC. | DELL INC | NATIONAL ASSN OF STATE TREASURERS (NAST) | ROCHESTER TAILORED CLOTHING, INC. | JOSEPH ABBOUD MANUFACTURING CORP (FKA J.A. APPAREL CORP) | ELI LILLY & COMPANY | BUSINESS ROUNDTABLE | COLORADO NONPROFIT DEVELOPMENT CENTER ON BEHALF OF ONE CHANCE TO GROW UP | W DIAMOND GROUP CORPORATION | BEONE MEDICINES ( FORMERLY KNOWN AS BEIGENE USA, INC.) | JPMORGAN CHASE HOLDINGS, LLC | AMGEN, INC. | ADVANCED MEDICAL TECHNOLOGY ASSOCIATION (ADVAMED) | NEW ENGLAND SHIRT CO | MITRA FUTURE TECHNOLOGIES, INC. | OGE ENERGY CORP | STANLEY BLACK & DECKER INC | FIBER INDUSTRIES LLC (DBA DARLING FIBERS) | EPC POWER"
69767,CLIFFORD,ROBERTI,"Dep. Chief of Staff, Rep. Randy Neugebauer, Senior Policy Advisory, House Committee on Financial Services, Professional Staff Member, House Committee on Financial Services",496,10,"MARSH & MCLENNAN COMPANIES, INC. | MONARCH ALTERNATIVE CAPITAL LP | FINANCIAL INDUSTRY REGULATORY AUTHORITY | U.S. MORTGAGE INSURERS | THE MAJORITY GROUP, LLC (ON BEHALF OF SAGENT) | INVESCO HOLDING COMPANY (US), INC. | ELECTRONX | INVESTMENT COMPANY INSTITUTE | CREDIT UNION NATIONAL ASSOCIATION. INC. DBA AMERICA'S CREDIT UNIONS | CAPITAL ONE FINANCIAL CORPORATION | COALITION ORGANIZED FOR THE FUTURE OF INSURANCE REGULATION (COFIR) | MEMBERS EXCHANGE | PADSPLIT | PRETIUM | AFLAC, INC. | FERMAT CAPITAL MANAGEMENT | ECONOMIC SECURITY PROJECT ACTION | NATIXIS INVESTMENT MANAGERS, LLC | NATIONAL RENTAL HOME COUNCIL | SNAPDOCS, INC. | EXPERIAN NORTH AMERICA | WESTCOR LAND TITLE INSURANCE COMPANY | BANCO AZTECA, SA | NETFLIX | ALLSTATE INSURANCE COMPANY | MANAGED FUNDS ASSOCIATION | FIR TREE PARTNERS | ICEYE | INSURANCE SERVICES OFFICE, INC. | BIPARTISAN POLICY CENTER ACTION | WEBBANK | FINANCIAL ACCOUNTING FOUNDATION | AUCTION.COM | PROTECTIVE LIFE CORPORATION | MOODY'S CORPORATION | FARM BUREAU INSURANCE OF TENNESSEE | DISCOVER FINANCIAL SERVICES, INC. | GLOBAL TRADING SYSTEMS, LLC | ARNOLD & ITKIN | SOLANA POLICY INSTITUTE | INVICTUS GLOBAL MANAGEMENT | DEFI EDUCATION FUND | ENOVA INTERNATIONAL | AIR WORLDWIDE | NATIONAL ASSOCIATION OF MUTUAL INSURANCE COMPANIES"
72906,JAY,SULZMANN,"Legislative Director/Health Policy Advisor, Sen. Johnny Isakson; Sr. Policy Advisor/LA/LC/SA, Rep. Wally Herger",490,1,"ELWELL & ASSOCIATES ON BEHALF OF FLIGHTSAFETY INTERNATIONAL (FSI) | WALMART INC | FERRERO USA, INC. | PALANTIR TECHNOLOGIES, INC. | ENERGYRE, LLC | HOSPICE ACTION NETWORK | USA MANAGED CARE ORGANIZATION | BLACKROCK FUNDS SERVICES GROUP LLC | FLORIDA FRUIT AND VEGETABLE ASSOCIATION (FFVA) | NATIONAL CABLE AND TELECOMMUNICATIONS ASSOCIATION | GENERAL DYNAMICS CORPORATION | USA EB5 IMMIGRATION, LLC | TSMC ARIZONA | FUELCELL ENERGY, INC. | JUNIPER NETWORKS | DAMN THE TORPEDOES, LLC | EXTREME NETWORKS | TUSK STRATEGIES, LLC ON BEHALF OF LACTALOGICS, INC. | COMCAST CORPORATION | ENBRIDGE ENERGY COMPANY, INC. | FORTUNE BRANDS INNOVATIONS, INC. | TERADYNE, INC. | ACTION NOW INITIATIVE, LLC | LOCKHEED MARTIN CORPORATION | AMERICAN AIRLINES, INC. | DIGIMARC | ASSET PROTECTION & SECURITY SERVICES, LP | ELLIOTT MANAGEMENT CORPORATION | EXXON MOBIL CORPORATION | FEDERAL EXPRESS CORPORATION | NEXTERA ENERGY, INC. | UNITEDHEALTH GROUP, INC. | SIDEPRIZE LLC, D/B/A PRIZEPICKS | ATI, INC. | BRIGHTHOUSE FINANCIAL, INC. | CARNIVAL CORPORATION | CITY OF WESTON FLORIDA | FRESENIUS MEDICAL CARE NORTH AMERICA | A. O. SMITH CORPORATION | WRAP TECHNOLOGIES, INC. | JUSTICE ACTION NETWORK | HAAS, INCORPORATED | CITY OF MCALLEN, TEXAS | CLIFFSIDE LABS, LLC | SALUS AI LLC | UNITED STATES TELECOMMUNICATIONS TRAINING INSTITUTE | ALKERMES, INC. | PEACHTREE HEALTH GROUP, LLC | FOODID"
66964,JARED,RIFIS,"Legislative Correspondent, Legislative Aide; Legislative Assistant: Sen. Harry Reid",488,4,"ENVISION HEALTHCARE (FORMERLY KNOWN AS EMCARE INC.) | FUTURE DEFENSE USA, INC. | HEALTHCARE REIMBURSEMENT SERVICES, INC. | BAY AREA HOST COMMITTEE | NEXUS BRANDS GROUP, LLC | CARDIAC RMS | SPORTING KANSAS CITY | PAR HEALTH USA, LLC | JOHNSON CONTROLS, INC. | LIVANOVA USA | HALOMD | FOUNDATION CONSUMER HEALTHCARE LLC | HANGER INC (FORMERLY HANGER ORTHOPEDIC) | SYNAPSE HEALTH | BONUMOSE, INC. | BYRON-BETHANY IRRIGATION DISTRICT | CALIFORNIA HOSPITAL ASSOCIATION | CONSERVICE PARENT LLC | IRONROD HEALTH | RHYTHM MANAGEMENT GROUP | VECTOR REMOTE CARE | ATLANTA SPORTS COUNCIL | BLUENALU, INC. | GREENTREE GROUP | CALIFORNIA HOSPICE AND PALLIATIVE CARE ASSOCIATION | QUALITY REIMBURSEMENT SERVICES (QRS, INC.) | AMITY FOUNDATION | NEW FORTRESS ENERGY INC. | SEATTLE FWC26 ORGANIZING GROUP | ALACHUA COUNTY | SBCS | ENDO USA, INC., A MALLINCKRODT-ENDO COMPANY | KC2026 | MISSION ECONOMIC DEVELOPMENT AGENCY | ASSOCIATION FOR ACCESSIBLE MEDICINES | BRIGHTLINE HOLDINGS LLC | CENTRAL COAST GARDEN PRODUCTS | LOS ANGELES WORLD CUP HOST COMMITTEE LLC | MONUMENT | PERSONALIZED MEDICINE COALITION | OPAA! FOOD MANAGEMENT INC. | NATIONAL PROMISE NEIGHBORHOODS COALITION | OCTAGOS HEALTH, INC. | CONCERTO RENAL SERVICES | CALIFORNIAS PROMISE NEIGHBORHOODS NETWORK | TRACY HILLS HOLDING COMPANY LLC | BOSTON SOCCER 2026 CORP. | BORGWARNER, INC. | QUICKMD | GREATER MIAMI CONVENTION & VISITORS BUREAU | CRCD ENTERPRISES | CITY OF MOUNTAIN HOUSE | LIVELY | HARRIS COUNTY-HOUSTON SPORTS AUTHORITY | NEW YORK/NEW JERSEY 2026 WORLD CUP HOST COMMITTEE | DALLAS SPORTS COMMISSION | SIGNATURE HEALTHCARE SERVICES, LLC | UNITED WATER CONSERVATION DISTRICT | OMEGA FLEX, INC. | PHILADELPHIA SOCCER 2026 | OAKLAND PROMISE | HISPANIC CHAMBER OF COMMERCE OF WISCONSIN"
139496,MARTIN,REISER,"Policy Director, Republican Whip Steve Scalise, professional staff House Ways and Means Committee, Chief of Staff, Rep. Dan Miller, Budget Associate, House Budget Committee",487,1,"AMGEN, INC. FKA HORIZON THERAPEUTICS USA, INC. | CUE HEALTH INC. | CONOCOPHILLIPS | THE BUSINESS ROUNDTABLE, INC. | CONSUMER TECHNOLOGY ASSOCIATION | GENERAL MOTORS | KOCH GOVERNMENT AFFAIRS, LLC FKA KOCH COMPANIES PUBLIC SECTOR, LLC | HUMANA, INC. | AMERICAN OPTOMETRIC ASSOCIATION | SAZERAC COMPANY, INC. | ORCHARD THERAPEUTICS NORTH AMERICA | HEALTH INDUSTRY DISTRIBUTORS ASSOCIATION | JAPAN TOBACCO INTERNATIONAL USA INC. | S&P GLOBAL | NATIONAL FOOTBALL LEAGUE | PATTERN ENERGY GROUP SERVICES LP | GOODRX | BAXTER HEALTHCARE CORPORATION | STANDARD INDUSTRIES LTD. | DAVITA, INC. | HEALTH SUPPLY US | ACTUM OBO ILLUMINA, INC. | MASSACHUSETTS INSTITUTE OF TECHNOLOGY | BLOOM ENERGY CORPORATION | JUUL LABS | ALLIANCE OF COMMUNITY HEALTH PLANS | CTIA THE WIRELESS ASSOCIATION | ASSOCIATION OF HOME APPLIANCE MANUFACTURERS | OSHKOSH CORPORATION | AMERICAN PETROLEUM INSTITUTE | ESSITY NORTH AMERICA INC. | GENEVANT SCIENCES, INC. | AIR LINE PILOTS ASSOCIATION | SANDOZ INC. | XCEL ENERGY SERVICES, INC. | ROCKET LIMITED PARTNERSHIP F/K/A RKT HOLDINGS, LLC | MONDELEZ INTERNATIONAL | NOVO NORDISK, INC. | FORIS DAX, INC. D/B/A CRYPTO.COM | SYNOPSYS, INC. | MICRON TECHNOLOGY, INC. | INTEL CORPORATION | ABBOTT LABORATORIES | ALZHEIMER'S ASSOCIATION | T-MOBILE USA, INC. | JPMORGAN CHASE HOLDINGS LLC | H&R BLOCK | COUNCIL ON FOUNDATIONS INC. | KPMG LLP | VERAX BIOMEDICAL | WTA TOUR, INC. | LEGO SYSTEMS, INC. | LOWE'S COMPANIES INC. | BRUNSWICK CORPORATION | LVMH MOET HENNESSY LOUIS VUITTON INC. | ROCK CENTRAL | ALLIANCE TO MODERNIZE PRESCRIBING INFORMATION | MCKINSEY & COMPANY | COMMONWEALTH LNG | WALGREEN COMPANY"
60075,DENNIS,CARDOZA,"Member of Congress, 2003-2012",478,4,"GREATER MIAMI CONVENTION & VISITORS BUREAU | CRCD ENTERPRISES | WESTLANDS WATER DISTRICT | CITY OF MOUNTAIN HOUSE | AMITY FOUNDATION | FUELCELL ENERGY, INC. | NEW FORTRESS ENERGY INC. | SEATTLE FWC26 ORGANIZING GROUP | ENVISION HEALTHCARE (FORMERLY KNOWN AS EMCARE INC.) | FUTURE DEFENSE USA, INC. | HEALTHCARE REIMBURSEMENT SERVICES, INC. | ENDO USA, INC., A MALLINCKRODT-ENDO COMPANY | WASABI TECHNOLOGIES | SBCS | HAYMARKET MEDIA, INC. | KC2026 | SIGNATURE HEALTHCARE SERVICES, LLC | UNITED WATER CONSERVATION DISTRICT | CARDIAC RMS | SPORTING KANSAS CITY | LIVANOVA USA | KERN COUNTY MEDICAL | SAN DIEGO COUNTY WATER AUTHORITY | HARRIS COUNTY-HOUSTON SPORTS AUTHORITY | NEW YORK/NEW JERSEY 2026 WORLD CUP HOST COMMITTEE | DALLAS SPORTS COMMISSION | PHILADELPHIA SOCCER 2026 | BAY AREA HOST COMMITTEE | BRIGHTLINE HOLDINGS LLC | CENTRAL COAST GARDEN PRODUCTS | LOS ANGELES WORLD CUP HOST COMMITTEE LLC | NATIONAL PROMISE NEIGHBORHOODS COALITION | BYRON-BETHANY IRRIGATION DISTRICT | CALIFORNIA HOSPITAL ASSOCIATION | CONSERVICE PARENT LLC | IRONROD HEALTH | RHYTHM MANAGEMENT GROUP | VECTOR REMOTE CARE | ATLANTA SPORTS COUNCIL | QUALITY REIMBURSEMENT SERVICES (QRS, INC.) | BORGWARNER, INC. | CALIFORNIAS PROMISE NEIGHBORHOODS NETWORK | SAN LUIS & DELTA-MENDOTA WATER AUTHORITY | TRACY HILLS HOLDING COMPANY LLC | BOSTON SOCCER 2026 CORP. | WEBASTO CHARGING SYSTEMS, INC."
144289,LINDSAY,AUSTIN,"Legislative Assistant, Rep. Lynn Westmoreland",475,4,"COLUMBUS STATE UNIVERSITY | WEATHER GROUP TELEVISION, LLC | GB2G, INC. D/B/A ALLSWELL | FREEDOM SCIENTIFIC, INC. D/B/A VISPERO | ORCHARD LABORATORIES | AFLAC INC. | LEIDOS HOLDINGS, INC. | THUNDERBIRD LLC | WELLROOT FAMILY SERVICES | PITTS ENTERPRISES, INC. | JUSHI HOLDINGS INC. | TOOTRIS, LLC | SHOALS TECHNOLOGIES GROUP, INC | ORACLE AMERICA, INC. | IEX GROUP, INC. | NCR VOYIX CORPORATION (FKA NCR CORPORATION) | CORPORATE FRIENDS OF CDC, INC. | HYDROSTOR USA HOLDINGS INC. | HDR ENGINEERING, INC | GLOBAL PAYMENTS INC | ACCESSDX LABORATORY, LLC | DALTON STATE COLLEGE | THE MENDED HEARTS, INC. | AMANA ACADEMY, INC. | BOTANIC TONICS LLC | HALSTEAD NEW ENGLAND CORPORATION | KURIN, INC. | MURAL HEALTH | UNITED WAY OF THE CHATTAHOOCHEE VALLEY | REAL ESTATE VALUATION ADVOCACY ASSOCIATION (REVAA) | AIR DISTRIBUTION USA | THE SEQUOIA PROJECT (FORMERLY HEALTHEWAY, INC.) | BIRDROCK LABORATORIES | GEORGIA SOUTHERN UNIVERSITY | CALIFORNIA LEAFY GREEN PRODUCTS HANDLER MARKETING AGREEMENT | CIVITAS NETWORKS FOR HEALTH (FKA CIVITAS NETWORKS FOR HEALTH ASSOCIATION) | W. C. BRADLEY CO. | COLONNA'S SHIPYARD, INC. | CAPITAL INVESTMENT ADVISORS | RANDSTAD NORTH AMERICA | UNIVERSITY OF WEST GEORGIA | GLOBAL KRATOM COALITION | BRIGHTNIGHT US LLC | GEORGIA COLLEGE & STATE UNIVERSITY | NCR ATLEOS"
134306,RYAN,DIFFLEY,"Legislative Assistant, Rep. Robert Aderholt",475,4,"SHOALS TECHNOLOGIES GROUP, INC | ORACLE AMERICA, INC. | GEORGIA SOUTHERN UNIVERSITY | CALIFORNIA LEAFY GREEN PRODUCTS HANDLER MARKETING AGREEMENT | CIVITAS NETWORKS FOR HEALTH (FKA CIVITAS NETWORKS FOR HEALTH ASSOCIATION) | W. C. BRADLEY CO. | COLONNA'S SHIPYARD, INC. | CAPITAL INVESTMENT ADVISORS | GEORGIA COLLEGE & STATE UNIVERSITY | NCR ATLEOS | GLOBAL PAYMENTS INC | ACCESSDX LABORATORY, LLC | DALTON STATE COLLEGE | THE MENDED HEARTS, INC. | COLUMBUS STATE UNIVERSITY | WEATHER GROUP TELEVISION, LLC | GB2G, INC. D/B/A ALLSWELL | RANDSTAD NORTH AMERICA | UNIVERSITY OF WEST GEORGIA | GLOBAL KRATOM COALITION | BRIGHTNIGHT US LLC | AMANA ACADEMY, INC. | BOTANIC TONICS LLC | REAL ESTATE VALUATION ADVOCACY ASSOCIATION (REVAA) | AIR DISTRIBUTION USA | LEIDOS HOLDINGS, INC. | THUNDERBIRD LLC | WELLROOT FAMILY SERVICES | PITTS ENTERPRISES, INC. | JUSHI HOLDINGS INC. | TOOTRIS, LLC | THE SEQUOIA PROJECT (FORMERLY HEALTHEWAY, INC.) | BIRDROCK LABORATORIES | NCR VOYIX CORPORATION (FKA NCR CORPORATION) | CORPORATE FRIENDS OF CDC, INC. | HYDROSTOR USA HOLDINGS INC. | HDR ENGINEERING, INC | HALSTEAD NEW ENGLAND CORPORATION | KURIN, INC. | MURAL HEALTH | UNITED WAY OF THE CHATTAHOOCHEE VALLEY | FREEDOM SCIENTIFIC, INC. D/B/A VISPERO | ORCHARD LABORATORIES | IEX GROUP, INC. | AFLAC INC."
68077,CHRISTOPHER,BAXTER,"Research Assistant, Senator Bob Menendez",475,3,"REAL ESTATE VALUATION ADVOCACY ASSOCIATION (REVAA) | AIR DISTRIBUTION USA | AMANA ACADEMY, INC. | BOTANIC TONICS LLC | GLOBAL PAYMENTS INC | ACCESSDX LABORATORY, LLC | DALTON STATE COLLEGE | THE MENDED HEARTS, INC. | GEORGIA COLLEGE & STATE UNIVERSITY | NCR ATLEOS | NCR VOYIX CORPORATION (FKA NCR CORPORATION) | CORPORATE FRIENDS OF CDC, INC. | HYDROSTOR USA HOLDINGS INC. | HDR ENGINEERING, INC | THE SEQUOIA PROJECT (FORMERLY HEALTHEWAY, INC.) | BIRDROCK LABORATORIES | GEORGIA SOUTHERN UNIVERSITY | CALIFORNIA LEAFY GREEN PRODUCTS HANDLER MARKETING AGREEMENT | CIVITAS NETWORKS FOR HEALTH (FKA CIVITAS NETWORKS FOR HEALTH ASSOCIATION) | W. C. BRADLEY CO. | COLONNA'S SHIPYARD, INC. | CAPITAL INVESTMENT ADVISORS | SHOALS TECHNOLOGIES GROUP, INC | ORACLE AMERICA, INC. | AFLAC INC. | FREEDOM SCIENTIFIC, INC. D/B/A VISPERO | ORCHARD LABORATORIES | RANDSTAD NORTH AMERICA | UNIVERSITY OF WEST GEORGIA | GLOBAL KRATOM COALITION | BRIGHTNIGHT US LLC | COLUMBUS STATE UNIVERSITY | WEATHER GROUP TELEVISION, LLC | GB2G, INC. D/B/A ALLSWELL | IEX GROUP, INC. | HALSTEAD NEW ENGLAND CORPORATION | KURIN, INC. | MURAL HEALTH | UNITED WAY OF THE CHATTAHOOCHEE VALLEY | LEIDOS HOLDINGS, INC. | THUNDERBIRD LLC | WELLROOT FAMILY SERVICES | PITTS ENTERPRISES, INC. | JUSHI HOLDINGS INC. | TOOTRIS, LLC"
69598,HEATHER,MCHUGH,"Legislative Director, Senator Schumer (2010-2013); Legislative Director, Congressman Israel (2003-2007); Legislative Assistant, Congresswoman Velazquez (2000-2003).",472,11,"NEWS CORPORATION | CONSUMER DATA INDUSTRY ASSOCIATION | FINANCIAL SERVICES FORUM | CREDIT UNION NATIONAL ASSOC INC. DBA AMERICA'S CREDIT UNIONS (FORMERLY NAFCU) | WELLS FARGO & COMPANY | UNION PACIFIC CORPORATION | PFIZER | AMERICAN LAND TITLE ASSOCIATION | BUSINESS ROUNDTABLE | DELOITTE LLP | ARDELYX | AMERICAN INVESTMENT COUNCIL | GENERAL MOTORS | EDWARD D. JONES & CO., L.P. | DELTA AIRLINES | TSMC ARIZONA | SPOTIFY | ALTRIA CLIENT SERVICES, LLC | KALSHI | ORACLE | NOVARTIS | VERIZON COMMUNICATIONS | FWD.US | CITIGROUP WASHINGTON, INC | INVESTMENT COMPANY INSTITUTE | NATIONAL RESTAURANT ASSOCIATION | BLACKROCK FUNDS SERVICES GROUP, LLC | MAINSPRING ENERGY | MASTERCARD WORLDWIDE | JP MORGAN CHASE HOLDINGS | AMERICAN MUSEUM OF NATURAL HISTORY | INTERDIGITAL | COALITION FOR THE AMERICAN DREAM | CTIA THE WIRELESS ASSOCATION | ELECTRONIC PAYMENTS COALITION (EPC) | MOLSON COORS BEVERAGE COMPANY USA | TD BANK, NA | HUMANA | BD (BECTON, DICKINSON AND COMPANY)"
38922,MARK,KADESH,Rep. Harman (1995-1997) - Chief of Staff; Sen. Feinstein (1998-2007) - Legislative Director & Chief of Staff,471,8,"OUR COMMUNITY MATTERS | CITY OF LOS ANGELES | COUNTY OF RIVERSIDE | SAN MATEO COUNTY TRANSPORTATION AGENCY | LEAGUE OF CONSERVATION VOTERS | GOOD FARMERS GREAT NEIGHBORS | ALASKA AIRLINES, INC. | THE O TEAM, LLC | MOJAVE DESERT AIR QUALITY MANAGEMENT DISTRICT | CALIFORNIA HIGH-SPEED RAIL AUTHORITY | LOS ANGELES WORLD AIRPORTS | SOUTH COAST AIR QUALITY MANAGEMENT DISTRICT | IRVINE RANCH WATER DISTRICT | SIERRA PACIFIC INDUSTRIES | MARIN WATER | LOS ANGELES COUNTY METROPOLITAN TRANSPORTATION AUTHORITY | SHASTA COUNTY RESIDENTS FOR POSITIVE COMMUNITY DEVELOPMENT | SOUTHERN CALIFORNIA REGIONAL RAIL AUTHORITY | SAN FRANCISCO PUBLIC UTILITIES COMMISSION | ALASKA WILDERNESS LEAGUE ACTION | METROPOLITAN WATER DISTRICT OF SOUTHERN CALIFORNIA | RADY CHILDREN'S HOSPITAL - SAN DIEGO | RESOURCES LEGACY FUND FOUNDATION | RIVERSIDE COUNTY TRANSPORTATION COMMISSION | MATSYS, INC. | BAY AREA AIR QUALITY MANAGEMENT DISTRICT | NORTHROP GRUMMAN CORPORATION | SAN GABRIEL BASIN WATER QUALITY AUTHORITY | CALIFORNIA CREDIT UNION LEAGUE | CITY OF LOS ANGELES OF BEHALF OF THE HARBOR DEPARTMENT / PORT OF LOS ANGELES | RIVERSIDE COMMUNITY COLLEGE DISTRICT | FIVE POINT OPERATING COMPANY | EDISON INTERNATIONAL | VALLEY WATER | FEDERAL HOME LOAN BANK OF SAN FRANCISCO"
65158,LANGSTON,EMERSON,"Senior Legislative Assistant, Rep. Michael Capuano; Legislative Assistant, Rep. Carolyn Kilpatrick",470,6,"COURIER PLUS, INC. DBA DUTCHIE | COMMERCIAL REAL ESTATE EXCHANGE, INC. | BITCOIN DEPOT OPERATING LLC | COPENHAGEN INFRASTRUCTURE PARTNERS INC. | ROCKET LIMITED PARTNERSHIP | FEDERAL HOME LOAN BANK OF NEW YORK (FHLBNY) | MUNICIPAL SECURITIES RULEMAKING BOARD | EQUITABLE | LEDGER SAS | SOLANA FOUNDATION | INSTITUTE FOR PORTFOLIO ALTERNATIVES (IPA) | STELLAR DEVELOPMENT FOUNDATION | ARNALL GOLDEN GREGORY, LLP | STRIPE, INC. | KEYCORP | PIPELINE HEALTH SYSTEM | INSURANCE STABILIZATION COALITION | ROCK CENTRAL | HSBC TECHNOLOGY & SERVICES (USA) INC. | HCBS ADVOCACY, LLC | PWC US GROUP LLP | PRETIUM PARTNERS | NEW YORK LIFE INSURANCE COMPANY | PETROSMITH OBO BLUE WOLF CAPITAL PARTNERS LLC | LPL FINANCIAL LLC | PARADIGM OPERATIONS, LP | VISA USA, INC. | ARCH CAPITAL GROUP (U.S.) INC. | AMERICAN INVESTMENT COUNCIL | AFLAC, INC. | CELO FOUNDATION | FAIR ISAAC CORPORATION (DBA FICO) | B.S.D. CAPITAL, INC. DBA LENDISTRY | THE BLACKSTONE GROUP INC. | INTUIT, INC. AND AFFILIATES | NOMURA HOLDING AMERICA, INC. | TIAA | THE NORTHWESTERN MUTUAL LIFE INSURANCE COMPANY | AMAZON WEB SERVICES | BARCLAYS US GPF INC. | MANUFACTURED HOUSING INSTITUTE | NESTIDD | UNITED SERVICES AUTOMOBILE ASSOCIATION (USAA) | CEDAR INNOVATION FOUNDATION | INVESTMENT ADVISER ASSOCIATION (IAA) | THE GOLDMAN SACHS GROUP, INC. | ZILLOW GROUP, INC. | CQ MEDICAL | PRUDENTIAL FINANCIAL, INC. | WASHINGTON COMMANDERS FOOTBALL TEAM | INVESCO LTD | SOLO FUNDS | WELLS FARGO & COMPANY | KROLL BOND RATING AGENCY, INC. | STATE FARM INSURANCE COMPANIES | ALLSTATE INSURANCE COMPANY | 2U, INC. | SIXTH STREET PARTNERS, LLC | NATIONWIDE INSURANCE | MELLON FINANCIAL SERVICES CORPORTATION #1 | ZESTFINANCE, INC. DBA ZEST AI"
29675,WILLIAM,MCCANN,"Chief of Staff, Legislative Director, Rep. Marty Meehan",470,3,"SURF AIR INC. | SHOOTER DETECTION SYSTEMS LLC | MARQUETTE UNIVERSITY | HUMAN SYSTEM INTEGRATION, INC. | TRITON SYSTEMS INC | UMASS CHAN MEDICAL SCHOOL (FKA UNIVERSITY OF MASSACHUSETTS MEDICAL SCHOOL) | J.H. WHITNEY DATA SERVICES | LUBRIZOL CORPORATION | STEEL FOUNDERS' SOCIETY OF AMERICA | METALTEK INTERNATIONAL | SCOUT AI INC. | UNITED STATES FOOTWEAR MANUFACTURERS ASSOCIATION (FKA RPFMA) | WOODS HOLE OCEANOGRAPHIC INSTITUTION | DRAPER | AZUL 3D | MABUS GROUP BEHALF OF NATIONAL SECURITY SOLUTIONS IDEMIA | CODAGENIX | MABUS GROUP BEHALF OF ZEEL | UNIVERSITY OF MASSACHUSETTS LOWELL | SAFE HEALTH | NEOGRAF SOLUTIONS, LLC | INTRALOOP, INC. | PHYSICAL SCIENCES INC. | PREVENT BIOMETRICS | CRITICAL FREQUENCY DESIGN | DAXOR CORPORATION | PACIFIC DEFENSE | RANK ONE COMPUTING | XENTRIS WIRELESS | SUMMERBIO | SHEERGARD COMPOSITE SOLUTIONS, INC. | MABUS GROUP BEHALF OF XGS ENERGY (FKA XGS ENERGY) | LUXIUM SOLUTIONS (FKA SAINT GOBAIN CRYSTALS) | UNIVERSITY OF MASSACHUSETTS DARTMOUTH | AMERESCO | CIVICA RX | IGM BIOSCIENCES, INC. | ARCHEM LLC | SOUTH 8 TECHNOLOGIES INC. | MABUS GROUP BEHALF ATMO | SAINT-GOBAIN PERFORMANCE PLASTICS | NANOHMICS INC. | HAPTECH DEFENSE SYSTEMS | TCLAD INC. | PPG INDUSTRIES, INC. | ANTHRO ENERGY | BINERA, INC. | NEW BALANCE ATHLETIC SHOE, INC. | SKYWAYS AIR TRANSPORTATION | F.H. CANN &AMP; ASSOCIATES | FORGELINE SOLUTIONS | SEACORP | SPECIALTY MATERIALS, INC | OTEEMO, INC. | MABUS GROUP BEHALF OF SKYRYSE | CARPENTER TECHNOLOGY CORPORATION | ONSEMI SWIR VISION SYSTEMS (FKA SWIR VISION SYSTEMS) | BEDROCK OCEAN EXPLORATION | NANOGRAF CORPORATION | PEDMAS TECHNOLOGIES & INNOVATIONS"
93936,HUNTER,MORGEN,"Policy Advisor, Office of Policy Planning, U.S. State Dept. (2017); Deputy Director, Office of Trade & Manufacturing Policy, WH (2017-2018); Special Assistant to the President, Office of the Senior Advisor for Policy, WH (2018-2020)",470,2,"PAPA, INC. | SR TECHNOLOGIES, INC. | ATLAS AIR, INC. | EASTERN SALT COMPANY, INC. | MERCK SHARP & DOHME LLC | NIAGARA BOTTLING, LLC | APOTEX CORP. | BMW OF NORTH AMERICA LLC | DAIMLER TRUCK NORTH AMERICA LLC | E3 IGNITIONS PRODUCTS, LLC | JABIL INC. | PROYECTO DE EMPRESARIOS POR MEXICO | BINATIONAL SOFTWOOD LUMBER COUNCIL | BLOCKCHAIN (US), INC. | FRAGRANCE CREATORS ASSOCIATION | MIAMI-DADE TRANSPORTATION PLANNING ORGANIZATION | ORBIA FLUOR ENERGY MATERIALS (KOURA) | FLUENCE ENERGY, LLC | CONSOLIDATED MILL SUPPLY, INC. | MAYER BROWN LLP ON BEHALF OF SYENSQO USA LLC | FRED VOCCOLA | SUNCOKE ENERGY | KASEYA, INC. | MIAMI-DADE COUNTY | IRVING OIL LTD. | T-MOBILE USA, INC. | TUPY AMERICAN FOUNDRY CORPORATION | INSIGHTEC, INC. | DOLE PLC | SIMPSON THACHER & BARTLETT LLP (ON BEHALF OF RADIUS RECYCLING) | JUBILANT PHARMA HOLDINGS INC. | CITY OF DEBARY | BIOCARE DONOR TISSUE NETWORK, LLC | BLOOM ENERGY | BRIDGE: BUILDING RESILIENT INFRASTRUCTURE & DEVELOPING GREATER EQUITY | ADVANCE FINANCIAL ADMINISTRATION, LLC | BMG MONEY, INC. | CONFEDERACAO NACIONAL DA INDUSTRIA (CNI) | MOJO MOBILITY INC. | BREITLING SA | STANDARD INDUSTRIES | COMPOSITE TECHNOLOGY INTERNATIONAL, INC. | TAURUS HOLDINGS INC. | DETROIT INTERNATIONAL BRIDGE COMPANY, INC. | 3M COMPANY | MILLENNIUM PHYSICIAN GROUP LLC | HOPE HEALTHCARE | SAINT LEO UNIVERSITY | PALANTIR TECHNOLOGIES, INC. | ROLLS-ROYCE NORTH AMERICA | GIMME SEAWEED | SHARKNINJA OPERATING LLC | ANTI-DEFAMATION LEAGUE | COTTON LOGISTICS, INC. | ACCENTURE LLP | BELLINI BETTER WORLD FOUNDATION | HELFIE MANAGEMENT PTY LTD | MAJOR LEAGUE BASEBALL | THE INVICTUS COLLECTIVE, LLC | OISHII | FIDELITY & GUARANTY LIFE INSURANCE COMPANY | INDIAN RIVER STATE COLLEGE FOUNDATION, INC. | PAYWARD, INC. | FERRING PHARMACEUTICALS, INC. | RADOM CORPORATION | MHP FOOD TRADING LLC | HANWHA Q CELLS AMERICA INC. | LEGO SYSTEMS, INC. | MIAMI-DADE COUNTY PUBLIC SCHOOLS | THE TOY ASSOCIATION | COUPANG, INC. | FLORIDA TRANSPORTATION BUILDERS' ASSOCIATION, INC. | AKIN GUMP STRAUSS HAUER & FELD (ON BEHALF OF NIPPON STEEL CORPORATION) | ADVANCED MICRO DEVICES, INC. | GADSDEN COUNTY, FL BOARD OF COUNTY COMMISSIONERS | PIRELLI TIRE, LLC | RENEWABLE ENERGY AGGREGATORS, INC. | CARE ACTION NOW, INC. | DRASLOVKA A.S. | GE PRECISION HEALTHCARE LLC | MAXELL, LTD. | NATIONAL FOOTBALL LEAGUE | OURARING INC. | PARSONS GOVERNMENT SERVICES INC. | AMERICAN VINYL COMPANY (PREVIOUSLY REGISTERED AS AMERICAN POLYMER COMPANY) | STIIIZY, INC. | SHEIN TECHNOLOGY LLC | ATLAS COPCO NORTH AMERICA INC. | PROSKAUER ROSE LLP ON BEHALF OF COPPERWELD BIMETALLICS, LLC | LUPIN PHARMACEUTICALS INC."
57938,JOHN,ANDERSON,"Senior Policy Advisor, Senator Crapo; Legislative Assistant, Representative Metcalf.",470,7,"WEST REALM SHIRES SERVICES, INC. D/B/A FTX US | TESLA, INC. | MELLON FINANCIAL SERVICES CORPORATE #1 (FORMERLY BANK OF NEW YORK MELLON CORP.) | SIDEPRIZE LLC, D/B/A PRIZEPICKS | ANT GROUP CO., LTD. | FMR LLC | GUARDIAN LIFE INSURANCE COMPANY | AMERICAN INVESTMENT COUNCIL | FAIR ISAAC CORPORATION (DBA FICO) | INSTITUTE OF INTERNATIONAL BANKERS | SECURITIES INDUSTRY AND FINANCIAL MARKETS ASSOCIATION (SIFMA) | NOMURA AMERICA HOLDING INC. | AMERICAN EXPRESS COMPANY | COINBASE, INC. | TREASURE INVESTMENT MANAGEMENT, LLC | TD BANK, N.A. | SWIFT, INC. | JPMORGAN CHASE HOLDINGS LLC | KALSHI INC. | EREBOR GROUP, INC. | BLACKROCK FUNDS SERVICES GROUP LLC (FORMERLY BLACKROCK CAPITAL MANAGEMENT INC.) | AMERICAN PROPERTY CASUALTY INSURERS ASSOCIATION | NATIONAL CREDITORS BAR ASSOCIATION | LONDON STOCK EXCHANGE GROUP PLC | ENACT HOLDINGS, INC. | TWO SIGMA INVESTMENTS, LP | THE HARTFORD FINANCIAL SERVICES GROUP, INC. | WELLINGTON MANAGEMENT CO LLP | FRANKLIN SQUARE HOLDINGS, L.P. | LEIF TECHNOLOGIES, INC. | SOCIAL FINANCE, INC. | FREEDOM MORTGAGE CORPORATION | FINANCIAL INDUSTRY REGULATORY AUTHORITY (""FINRA"" FORMERLY NASD)"
71610,LEA,SULKALA,"Chief of Staff, Congresswoman Linda Sanchez (2014-2019); Legislative Assistant, Congressman Etheridge (2001-2005)",469,5,"GENERAL MOTORS | EDWARD D. JONES & CO., L.P. | DELTA AIRLINES | TD BANK, NA | HUMANA | BD (BECTON, DICKINSON AND COMPANY) | VERIZON COMMUNICATIONS | FWD.US | NEWS CORPORATION | CONSUMER DATA INDUSTRY ASSOCIATION | FINANCIAL SERVICES FORUM | CTIA THE WIRELESS ASSOCATION | ELECTRONIC PAYMENTS COALITION (EPC) | MOLSON COORS BEVERAGE COMPANY USA | MASTERCARD WORLDWIDE | JP MORGAN CHASE HOLDINGS | AMERICAN INVESTMENT COUNCIL | ALTRIA CLIENT SERVICES, LLC | AMERICAN MUSEUM OF NATURAL HISTORY | INTERDIGITAL | COALITION FOR THE AMERICAN DREAM | ORACLE | NOVARTIS | CITIGROUP WASHINGTON, INC | INVESTMENT COMPANY INSTITUTE | NATIONAL RESTAURANT ASSOCIATION | BLACKROCK FUNDS SERVICES GROUP, LLC | MAINSPRING ENERGY | CREDIT UNION NATIONAL ASSOC INC. DBA AMERICA'S CREDIT UNIONS (FORMERLY NAFCU) | WELLS FARGO & COMPANY | UNION PACIFIC CORPORATION | PFIZER | TSMC ARIZONA | SPOTIFY | AMERICAN LAND TITLE ASSOCIATION | BUSINESS ROUNDTABLE | DELOITTE LLP | ARDELYX"
69887,GREGORY,BURNS,"Legislative Assistant, Congresswoman Darlene Hooley",468,4,"CITY OF MANTECA, CA | CITY OF RIVERSIDE, CALIFORNIA | MARTIN COUNTY, FL | CITY OF CORONA, CA | FORERUNNER INDUSTRIES | CITY OF STUART, FLORIDA | SONOMA COUNTY | MIAMI-DADE COUNTY, FLORIDA | CITY OF VISALIA, CA | CITY OF BILLINGS, MONTANA | CITY OF WEST HOLLYWOOD, CALIFORNIA | MARIN COUNTY CALIFORNIA | CITY OF CHANDLER, ARIZONA | MONROE COUNTY, FL | OAK LODGE WATER SERVICES | CITY OF GULFPORT, FL | DEL NORTE COUNTY, CA | CITY OF TUALATIN, OREGON | OCEAN PROPERTIES, LTD. | BROWARD COUNTY, FL | CHARLOTTE COUNTY, FL | CITY OF LOMPOC, CA | PARK BOARD OF TRUSTEES OF THE CITY OF GALVESTON, TX | ST. LUCIE COUNTY, FL | CITY OF GRESHAM | CITY OF ROSEVILLE | CITY OF PISMO BEACH, CA | CONTRA COSTA COUNTY | TRANSPORTATION AGENCY FOR MONTEREY COUNTY | DENVER REGIONAL COUNCIL OF GOVERNMENTS | CITY OF ATASCADERO, CA | CITY OF BLOOMINGTON, ILLINOIS | CITY OF HANFORD, CALIFORNIA | CITY OF SANTA MARIA, CA | CITY OF CHARLESTON, SOUTH CAROLINA"
63760,JERR,ROSENBAUM,"Legislative Director, Sen. John Cornyn; Chief of Staff, Rep. Robert Hurt; Chief of Staff, Rep. Jack Kingston; Chief of Staff, Rep. Virgil Goode",467,2,"CHARTER COMMUNICATIONS, INC. | WALMART INC | FERRERO USA, INC. | USA MANAGED CARE ORGANIZATION | BLACKROCK FUNDS SERVICES GROUP LLC | COSTAR GROUP, INC. | FLORIDA FRUIT AND VEGETABLE ASSOCIATION (FFVA) | NATIONAL CABLE AND TELECOMMUNICATIONS ASSOCIATION | GENERAL DYNAMICS CORPORATION | USA EB5 IMMIGRATION, LLC | WESTERN UNION | TSMC ARIZONA | FUELCELL ENERGY, INC. | JUNIPER NETWORKS | DAMN THE TORPEDOES, LLC | EXTREME NETWORKS | COMCAST CORPORATION | ENBRIDGE ENERGY COMPANY, INC. | FORTUNE BRANDS INNOVATIONS, INC. | ROLLS-ROYCE NORTH AMERICA AND ITS AFFILATES | TERADYNE, INC. | ACTION NOW INITIATIVE, LLC | LOCKHEED MARTIN CORPORATION | AMERICAN AIRLINES, INC. | ASSET PROTECTION & SECURITY SERVICES, LP | ELLIOTT MANAGEMENT CORPORATION | EXXON MOBIL CORPORATION | FEDERAL EXPRESS CORPORATION | NEXTERA ENERGY, INC. | UNITEDHEALTH GROUP, INC. | ATI, INC. | BRIGHTHOUSE FINANCIAL, INC. | CARNIVAL CORPORATION | FRESENIUS MEDICAL CARE NORTH AMERICA | CITY OF WESTON FLORIDA | A. O. SMITH CORPORATION | WRAP TECHNOLOGIES, INC. | CITY OF MCALLEN, TEXAS | CLIFFSIDE LABS, LLC | SALUS AI LLC | UNITED STATES TELECOMMUNICATIONS TRAINING INSTITUTE | ALKERMES, INC. | PEACHTREE HEALTH GROUP, LLC"
66491,DAVE,RAMEY,Rep. Ken Calvert (1993 - October 2016) - Chief of Staff,463,3,"LOS ANGELES WORLD AIRPORTS | SOUTH COAST AIR QUALITY MANAGEMENT DISTRICT | EDISON INTERNATIONAL | VALLEY WATER | FEDERAL HOME LOAN BANK OF SAN FRANCISCO | CALIFORNIA CREDIT UNION LEAGUE | CITY OF LOS ANGELES OF BEHALF OF THE HARBOR DEPARTMENT / PORT OF LOS ANGELES | RIVERSIDE COMMUNITY COLLEGE DISTRICT | AERLOGICS, LLC | LOS ANGELES COUNTY METROPOLITAN TRANSPORTATION AUTHORITY | SHASTA COUNTY RESIDENTS FOR POSITIVE COMMUNITY DEVELOPMENT | SOUTHERN CALIFORNIA REGIONAL RAIL AUTHORITY | SAN FRANCISCO PUBLIC UTILITIES COMMISSION | FIVE POINT OPERATING COMPANY | CIRCINUS, LLC | OUR COMMUNITY MATTERS | MARIN WATER | ALASKA WILDERNESS LEAGUE ACTION | METROPOLITAN WATER DISTRICT OF SOUTHERN CALIFORNIA | RADY CHILDREN'S HOSPITAL - SAN DIEGO | RESOURCES LEGACY FUND FOUNDATION | RIVERSIDE COUNTY TRANSPORTATION COMMISSION | MATSYS, INC. | ALASKA AIRLINES, INC. | THE O TEAM, LLC | MOJAVE DESERT AIR QUALITY MANAGEMENT DISTRICT | IRVINE RANCH WATER DISTRICT | SIERRA PACIFIC INDUSTRIES | SAN GABRIEL BASIN WATER QUALITY AUTHORITY | BAY AREA AIR QUALITY MANAGEMENT DISTRICT | NORTHROP GRUMMAN CORPORATION | SAN MATEO COUNTY TRANSPORTATION AGENCY | LEAGUE OF CONSERVATION VOTERS | GOOD FARMERS GREAT NEIGHBORS | CITY OF LOS ANGELES | COUNTY OF RIVERSIDE"
143888,SAATHVIK,ALETY,"Staff Assistant, Rep. Judy Biggert; Communications Director and Legislative Assistant, Rep. Ed Royce; Legislative Assistant, Sen. Tim Scott; Subcommittee Staff Director, Senate Banking Subcommittee on Housing, Transportation, and Community",462,2,"BIPARTISAN POLICY CENTER ACTION | LOAN SYNDICATIONS AND TRADING ASSOCIATION | PROTECTIVE LIFE CORPORATION | UNITED STATES CHAMBER OF COMMERCE/CENTER FOR CAPITAL MARKETS COMPETITIVENESS | MOODY'S CORPORATION | THE MAJORITY GROUP, LLC (ON BEHALF OF PENNYMAC) | FARM BUREAU INSURANCE OF TENNESSEE | AFLAC, INC. | FERMAT CAPITAL MANAGEMENT | ECONOMIC SECURITY PROJECT ACTION | NATIONAL RENTAL HOME COUNCIL | NATIXIS INVESTMENT MANAGERS, LLC | PENNYMAC FINANCIAL SERVICES | COALITION ORGANIZED FOR THE FUTURE OF INSURANCE REGULATION (COFIR) | MEMBERS EXCHANGE | PRETIUM | PADSPLIT | ALLSTATE INSURANCE COMPANY | MANAGED FUNDS ASSOCIATION | FIR TREE PARTNERS | ICEYE | EXPERIAN NORTH AMERICA | WESTCOR LAND TITLE INSURANCE COMPANY | BANCO AZTECA, SA | CLEO | NETFLIX | NATIONAL ASSOCIATION OF MUTUAL INSURANCE COMPANIES | U.S.-INDIA STRATEGIC PARTNERSHIP FORUM | CBC MORTGAGE AGENCY | MARSH & MCLENNAN COMPANIES, INC. | MONARCH ALTERNATIVE CAPITAL LP | FINANCIAL INDUSTRY REGULATORY AUTHORITY | DEFI EDUCATION FUND | ENOVA INTERNATIONAL | U.S. MORTGAGE INSURERS | INVESCO HOLDING COMPANY (US), INC. | ELECTRONX | INVESTMENT COMPANY INSTITUTE | CREDIT UNION NATIONAL ASSOCIATION. INC. DBA AMERICA'S CREDIT UNIONS | CAPITAL ONE FINANCIAL CORPORATION | SOLANA POLICY INSTITUTE | GLOBAL TRADING SYSTEMS, LLC | DISCOVER FINANCIAL SERVICES, INC. | WEBBANK | FINANCIAL ACCOUNTING FOUNDATION | AUCTION.COM | INSURANCE SERVICES OFFICE, INC. | VANTAGESCORE SOLUTIONS, LLC"
69536,JOHN,SANDELL,"Tax Counsel, Legislative Assistant; Ways and Means Committee (Camp, Ryan, Brady)",461,5,"CITIGROUP WASHINGTON INC | BEER INSTITUTE | CENTENE CORPORATION | UNIVERSITY OF NOTRE DAME | NATIONAL HOCKEY LEAGUE | ADVANCED MEDICAL TECHNOLOGY ASSOCIATION | NIKE, INC | CATHOLIC HEALTH ASSOCIATION | GENERAC POWER SYSTEMS, INC. | THE WASHINGTON CENTER | INTEGRATED ENERGY MATERIALS LLC | GREATER HOUSTON PARTNERSHIP | VALERO SERVICES, INC. | SOCIETY OF INDEPENDENT GASOLINE MARKETERS OF AMERICA | THE ESOP ASSOCIATION | VETERANS GUARDIAN | NATIONAL ASSOCIATION OF HOME BUILDERS | PHILLIPS 66 COMPANY | NATIONAL ASSOCIATION OF CONVENIENCE STORES | CLIMBING KITES LLC | IHEARTMEDIA, INC. | MAINSPRING ENERGY INC | Y | AMERICAN GAMING ASSOCIATION | PUERTO RICO PUBLIC PRIVATE PARTNERSHIPS AUTHORITY | AMPERE COMPUTING LLC | ABBVIE INC. | SEMICONDUCTOR INDUSTRY ASSOCIATION | LUMEN TECHNOLOGIES | GARMIN INTERNATIONAL, INC. | INTERSTATE GAS SUPPLY, LLC DBA IGS ENERGY | NATIONAL FEDERATION OF INDEPENDENT BUSINESS, INC. | PAYCOM PAYROLL, LLC | AMERICAN CLEAN POWER ASSOCIATION | INTUIT, INC. AND AFFILIATES | NATIONAL ASSOCIATION OF TRUCK STOP OPERATORS | JOHNSON & JOHNSON SERVICES INC | ECOVEST CAPITAL, INC. | HSBC TECHNOLOGY & SERVICES USA INC. | AMERICAN VETERINARY MEDICAL ASSOCIATION | NASCAR | WINE AND SPIRITS WHOLESALERS OF AMERICA | WILLIS NORTH AMERICA INC | SAMSUNG SEMICONDUCTOR, INC. | CHENEGA CORPORATION | UNITED PARCEL SERVICE | FERVO ENERGY COMPANY | TARGET CORPORATION | AMERICAN CRITICAL MINERALS ASSOCIATION"
56105,CHRISTOPHER,HODGSON,"Legislative Assistant (Scalise), Floor Assistant & Deputy Floor Director for House Majority Whip (Scalise), Deputy Director & Director of Legislative Affairs (Pence)",460,3,"KRATOS DEFENSE & SECURITY SOLUTIONS | MAYER BROWN LLP OBO CIRCLE INTERNET FINANCIAL, INC. | FAMILIES AGAINST MANDATORY MINIMUMS | THE REGENTS OF THE UNIVERSITY OF CALIFORNIA | ANDURIL INDUSTRIES, INC. | XLIGHT INC. | OCTAPHARMA USA, INC. | THE LEMOINE COMPANY, LLC | AMPERE COMPUTING LLC | EXXONMOBIL | INOVIO PHARMACEUTICALS, INC. | MCGUIREWOODS LLP OBO GLOBAL PLASMA SOLUTIONS, LLC | SIERRA SPACE CORPORATION | YAYASAN BERBAKTI SEMANGAT INDONESIA | MMR GROUP, INC. | UNITED NATURAL FOODS, INC. | APPLIED INTUITION, INC. | UNITED AIRLINES INC | SAVE THE CHILDREN FEDERATION INC. | UNITED STATES MANUFACTURING INNOVATION COUNCIL | VANTAGE DATA CENTERS MANAGEMENT COMPANY, LLC | SYRACUSE UNIVERSITY | UBS GROUP AG | SAMSUNG SEMICONDUCTOR, INC. | MR. JAY ALIX | NELSON ENERGY, LLC | KELLOGG BROWN & ROOT LLC | SIRIUSIQ OBO CLX HEALTH, LLC | NATIONAL LIMOUSINE ASSOCIATION | FERVO ENERGY COMPANY | FL2024-008, INC. | NERVGEN PHARMA CORP. | HUNT DEVELOPMENT GROUP LLC | SEMICONDUCTOR INDUSTRY ASSOCIATION | ANALOG DEVICES, INC. | GARMIN INTERNATIONAL, INC. | NATIONAL FEDERATION OF INDEPENDENT BUSINESS, INC. | AGILITAS ENERGY INC. | LIVINGUARD AG | LOUISIANA ENERGY SERVICES, LLC DBA URENCO USA | UNIVERSITY OF NOTRE DAME | STUDENT FREEDOM INITIATIVE | TAIT TOWERS MANUFACTURING LLC | PSIQUANTUM | FORTRESS INFORMATION SECURITY, LLC | NATIONAL HOCKEY LEAGUE | BY LIGHT PROFESSIONAL IT SERVICES LLC | TATE, INC. | RWJ BARNABAS HEALTH | RTX CORPORATION (FKA RAYTHEON TECHNOLOGIES CORPORATION) | JBS USA FOOD COMPANY | ADVANCED MICRO DEVICES, INC. | PALANTIR | AVANGRID MANAGEMENT COMPANY, LLC | SAAB | UNITED LAUNCH ALLIANCE | LYTEN, INC. | SCALE AI, INC. | THE CENTER FOR PLANNING EXCELLENCE, INC. | MARAVAI INTERMEDIATE HOLDINGS, LLC | PHILLIPS 66 COMPANY | TRIDENT MARITIME SYSTEMS, INC. | TARGET CORPORATION | RICE UNIVERSITY | ADVANCED MEDICAL TECHNOLOGY ASSOCIATION | LAND O'LAKES, INC. | STARFIGHTERS SPACE, INC. | ASSOCIATED UNIVERSITIES, INC. | THE PEW CHARITABLE TRUSTS | ENERGY CAPITAL VIETNAM | GOOGLE CLIENT SERVICES | BLACKROCK FUNDS SERVICES GROUP LLC | ZERO - THE END OF PROSTATE CANCER | TRUE ANOMALY, INC. | FRANCISCAN MISSIONARIES OF OUR LADY HEALTH SYSTEM | EDWARD M. KENNEDY INSTITUTE | THE BOEING COMPANY | KISTEFOS AS | IMEC IC-LINK USA, INC. | WESTERN ENVIRONMENTAL LAW CENTER | ARLO TECHNOLOGIES, INC. | SWM TECHNOLOGIES, LLC | AMERICAN CLEAN POWER ASSOCIATION | COALITION FOR WORKFORCE INNOVATION | SANDY HOOK PROMISE FOUNDATION | MEDLINE | OFFICE OF THE COMMISSIONER OF BASEBALL D/B/A MAJOR LEAGUE BASEBALL"
54321,TOM,TILTON,"Legislative Assistant, Rep. Betty Sutton",458,5,"NCR VOYIX CORPORATION (FKA NCR CORPORATION) | CORPORATE FRIENDS OF CDC, INC. | HYDROSTOR USA HOLDINGS INC. | HDR ENGINEERING, INC | LEIDOS HOLDINGS, INC. | THUNDERBIRD LLC | WELLROOT FAMILY SERVICES | PITTS ENTERPRISES, INC. | JUSHI HOLDINGS INC. | TOOTRIS, LLC | AFLAC INC. | REAL ESTATE VALUATION ADVOCACY ASSOCIATION (REVAA) | HALSTEAD NEW ENGLAND CORPORATION | KURIN, INC. | MURAL HEALTH | UNITED WAY OF THE CHATTAHOOCHEE VALLEY | FREEDOM SCIENTIFIC, INC. D/B/A VISPERO | ORCHARD LABORATORIES | COLUMBUS STATE UNIVERSITY | WEATHER GROUP TELEVISION, LLC | GB2G, INC. D/B/A ALLSWELL | GEORGIA COLLEGE & STATE UNIVERSITY | NCR ATLEOS | GEORGIA SOUTHERN UNIVERSITY | CALIFORNIA LEAFY GREEN PRODUCTS HANDLER MARKETING AGREEMENT | CIVITAS NETWORKS FOR HEALTH (FKA CIVITAS NETWORKS FOR HEALTH ASSOCIATION) | W. C. BRADLEY CO. | COLONNA'S SHIPYARD, INC. | CAPITAL INVESTMENT ADVISORS | IEX GROUP, INC. | SHOALS TECHNOLOGIES GROUP, INC | ORACLE AMERICA, INC. | RANDSTAD NORTH AMERICA | UNIVERSITY OF WEST GEORGIA | GLOBAL KRATOM COALITION | BRIGHTNIGHT US LLC | AMANA ACADEMY, INC. | BOTANIC TONICS LLC | THE SEQUOIA PROJECT (FORMERLY HEALTHEWAY, INC.) | BIRDROCK LABORATORIES | GLOBAL PAYMENTS INC | ACCESSDX LABORATORY, LLC | DALTON STATE COLLEGE | THE MENDED HEARTS, INC."
72645,JOSEPH,LAI,Sp. Asst. to POTUS for Leg Affairs; LD Sen. Wicker; Mil. Leg. Asst. Sen Wicker; Policy Advisor Sen. Voinovich; Policy Advisor Sen. Hagel; Intern U.S. Trade and Development Agency,454,4,"DELTA AIRLINES | ENTERTAINMENT SOFTWARE ASSOCIATION | OPTICA (FKA THE OPTICAL SOCIETY) | ALIBABA GROUP HOLDING LIMITED | GCI COMMUNICATION CORP. | AMERICAN BEVERAGE ASSOCIATION | RTX CORPORATION AND AFFILIATES (FKA RAYTHEON TECHNOLOGIES CORP. AND AFFILIATES) | CREDIT SUISSE SECURITIES (USA) LLC | ONTARIO TEACHERS' PENSION PLAN | AAR GOVERNMENT SERVICES, INC. | UNIVERSITY OF NOTRE DAME | THE TRANSPORT PROJECT | NEBIUS GROUP N.V. | MILWAUKEE TOOL | METLIFE GROUP, INC. (FKA METLIFE SERVICES AND SOLUTIONS, LLC) | SEMI | KOHLER CO. | NVIDIA CORPORATION | WESTERN DIGITAL CORPORATION | HCBS ADVOCACY, LLC | MASTERCARD INTERNATIONAL INCORPORATED | FRANKLIN RESOURCES, INC. | TOPSOE A/S | BECTON, DICKINSON AND COMPANY | RAZOM, INC. | JINKOSOLAR (U.S.) INC. | ENSCO | CARDINAL HEALTH | XACTUS | SAS INSTITUTE INC. | MATTRESS FIRM | A16Z CAPITAL MANAGEMENT, L.L.C. (D/B/A ANDREESSEN HOROWITZ) FKA AH CAPITAL MGMT | CJ AMERICA, INC. | QUALCOMM INCORPORATED | CONSUMER ACCESS TO REPAIR (CAR) COALITION | LIBERTY MEDIA CORPORATION | KONTOOR BRANDS | JYSAN HOLDINGS | KEAN UNIVERSITY | MOTION PICTURE ASSOCIATION | MARQUIS MANAGEMENT | HUNTINGTON INGALLS INDUSTRIES, INC. (FKA HUNTINGTON INGALLS INCORPORATED) | S&P GLOBAL | QUOTE VELOCITY | WORLDQUANT, LLC | THE REGENTS OF THE UNIVERSITY OF CALIFORNIA | ENTERPRISE PRODUCTS OPERATING LLC | VERIZON COMMUNICATIONS INC | COGNIZANT TECHNOLOGY SOLUTIONS | TUSK PHILANTHROPIES | SPIE | GRUBHUB HOLDINGS, INC. | AVIATOR CAPITAL MANAGEMENT, LLC | ROCKWELL AUTOMATION | FANDUEL"
38913,CHRISTIAN,KIERIG,Sen. Feinstein (1995-2001) - Legislative Assistant,454,2,"EDISON INTERNATIONAL | VALLEY WATER | FEDERAL HOME LOAN BANK OF SAN FRANCISCO | LOS ANGELES WORLD AIRPORTS | SOUTH COAST AIR QUALITY MANAGEMENT DISTRICT | BAY AREA AIR QUALITY MANAGEMENT DISTRICT | NORTHROP GRUMMAN CORPORATION | SAN MATEO COUNTY TRANSPORTATION AGENCY | LEAGUE OF CONSERVATION VOTERS | GOOD FARMERS GREAT NEIGHBORS | CITY OF LOS ANGELES | COUNTY OF RIVERSIDE | ALASKA WILDERNESS LEAGUE ACTION | METROPOLITAN WATER DISTRICT OF SOUTHERN CALIFORNIA | RADY CHILDREN'S HOSPITAL - SAN DIEGO | RESOURCES LEGACY FUND FOUNDATION | RIVERSIDE COUNTY TRANSPORTATION COMMISSION | MATSYS, INC. | MARIN WATER | IRVINE RANCH WATER DISTRICT | SIERRA PACIFIC INDUSTRIES | SAN GABRIEL BASIN WATER QUALITY AUTHORITY | ALASKA AIRLINES, INC. | THE O TEAM, LLC | MOJAVE DESERT AIR QUALITY MANAGEMENT DISTRICT | LOS ANGELES COUNTY METROPOLITAN TRANSPORTATION AUTHORITY | SHASTA COUNTY RESIDENTS FOR POSITIVE COMMUNITY DEVELOPMENT | SOUTHERN CALIFORNIA REGIONAL RAIL AUTHORITY | SAN FRANCISCO PUBLIC UTILITIES COMMISSION | FIVE POINT OPERATING COMPANY | CALIFORNIA CREDIT UNION LEAGUE | CITY OF LOS ANGELES OF BEHALF OF THE HARBOR DEPARTMENT / PORT OF LOS ANGELES | RIVERSIDE COMMUNITY COLLEGE DISTRICT | OUR COMMUNITY MATTERS"
106503,ELIZABETH,STANLEY,"Part time employee, Congressman Joe Morelle (2021); Chief of Staff, Congresswoman Lowey (2005-2019); Communications Dir/Press Sec, Congresswoman Lowey (2001-2004); Special Assistant/Scheduler, Senator Schumer (1999-2000).",452,5,"VERIZON COMMUNICATIONS | FWD.US | CITIGROUP WASHINGTON, INC | INVESTMENT COMPANY INSTITUTE | NATIONAL RESTAURANT ASSOCIATION | BLACKROCK FUNDS SERVICES GROUP, LLC | MAINSPRING ENERGY | MASTERCARD WORLDWIDE | JP MORGAN CHASE HOLDINGS | GENERAL MOTORS | EDWARD D. JONES & CO., L.P. | DELTA AIRLINES | AMERICAN INVESTMENT COUNCIL | TSMC ARIZONA | SPOTIFY | TD BANK, NA | HUMANA | BD (BECTON, DICKINSON AND COMPANY) | NEWS CORPORATION | CONSUMER DATA INDUSTRY ASSOCIATION | FINANCIAL SERVICES FORUM | CTIA THE WIRELESS ASSOCATION | ELECTRONIC PAYMENTS COALITION (EPC) | MOLSON COORS BEVERAGE COMPANY USA | CREDIT UNION NATIONAL ASSOC INC. DBA AMERICA'S CREDIT UNIONS (FORMERLY NAFCU) | WELLS FARGO & COMPANY | UNION PACIFIC CORPORATION | PFIZER | AMERICAN LAND TITLE ASSOCIATION | BUSINESS ROUNDTABLE | DELOITTE LLP | ARDELYX | AMERICAN MUSEUM OF NATURAL HISTORY | INTERDIGITAL | COALITION FOR THE AMERICAN DREAM | ORACLE | NOVARTIS"
73382,STACY,RICH,"Leadership Staff Director, Senior Leadership Advisor and Floor Director, Leadership Advisor (Senate -Murray); Senate Cloakroom Asst, Dem Cloakroom (Reid, Daschle); Staff/Press Asst (Daschle)",449,7,"SEMICONDUCTOR INDUSTRY ASSOCIATION | ANALOG DEVICES, INC. | HUNT DEVELOPMENT GROUP LLC | GOOGLE CLIENT SERVICES | THE BOEING COMPANY | SECURE DEMOCRACY | MR. DAN DOCTOROFF OBO TARGET ALS FOUNDATION INC. | ZERO - THE END OF PROSTATE CANCER | EDWARD M. KENNEDY INSTITUTE | ADVANCED NAVIGATION AND POSITIONING CORPORATION | SANDY HOOK PROMISE FOUNDATION | OFFICE OF THE COMMISSIONER OF BASEBALL D/B/A MAJOR LEAGUE BASEBALL | IHEARTMEDIA, INC. | WASHINGTON STATE UNIVERSITY | JBS USA FOOD COMPANY | THE GENEVA FOUNDATION | PALANTIR | ULTRA FKA ULTRA ELECTRONICS - FLIGHTLINE SYSTEMS | ADVANCED MICRO DEVICES, INC. | MAINSPRING ENERGY INC | XLIGHT INC. | IMEC IC-LINK USA, INC. | THE ESOP ASSOCIATION | SCALE AI, INC. | SAAB | TARGET ALS FOUNDATION, INC. | NURSE-FAMILY PARTNERSHIP DBA CHANGENT (FKA NURSE-FAMILY PARTNERSHIP) | THE MADISON GROUP, LLC OBO COMMUNITY NEWS MEDIA | BIG BROTHERS BIG SISTERS OF AMERICA | CUBIC CORPORATION | WINE AND SPIRITS WHOLESALERS OF AMERICA | SAMSUNG SEMICONDUCTOR, INC. | INTERNATIONAL ORGANIZATION FOR MIGRATION | FL2024-008, INC. | UNITED PARCEL SERVICE | CENTENE CORPORATION | BNSF RAILWAY COMPANY | UNIVERSITY OF NOTRE DAME | TAIT TOWERS MANUFACTURING LLC | CORETSU INC. | ADVANCED MEDICAL TECHNOLOGY ASSOCIATION | LAND O'LAKES, INC. | GUNDERSEN LUTHERAN ADMINISTRATIVE SERVICES, INC. | GENERAC POWER SYSTEMS, INC. | INTEGRATED ENERGY MATERIALS LLC | NATIONAL DISABILITY RIGHTS NETWORK | CARE IN ACTION | STRIVETOGETHER, INC. | UNITED NATURAL FOODS, INC. | AMPERE COMPUTING LLC | CHILDHELP | CHILDREN'S NATIONAL MEDICAL CENTER | BIONTECH US INC. | ABBVIE INC. | INITIATIVE FOR HEALTH CARE AFFORDABILITY | LIVINGUARD AG | UNITED AIRLINES INC | UNITED STATES MANUFACTURING INNOVATION COUNCIL | VANTAGE DATA CENTERS MANAGEMENT COMPANY, LLC | SYRACUSE UNIVERSITY | PLAYGROUND GLOBAL, LLC"
65487,MAYA,SEIDEN,"Intern, WH Counsels Office; Intern, Rep. Sam Gejdenson; Sp. Asst to Cab Sec., WH; Advisor to CoS, Energy Dept.; Sp Asst to Sec of Energy; Sen Advisor, Off of Dep. Sec of State; CoS Office of the Dep Sec of State for Management and Res.",449,4,"EMBASSY OF THE REPUBLIC OF AZERBAIJAN | GOLDEN VALLEY ELECTRIC ASSOCIATION | VITOL INC. | AMERICAN HEALTH CARE ASSOCIATION | METLIFE GROUP, INC. (FKA METLIFE SERVICES AND SOLUTIONS, LLC) | DEUTSCHE BANK USA | U.S. ALUMINUM EXTRUDERS COALITION INC. | KOHLER CO. | BP AMERICA INC. | WESTERN DIGITAL CORPORATION | IRANIAN AMERICAN COMMUNITY OF NORTHERN CALIFORNIA | SMART GLOVE CORPORATION SDN. BHD. | WORLDVU DEVELOPMENT, LLC | BEIJING XIAOMI MOBILE SOFTWARE CO., LTD (FKA EDWARD B. MACMAHON, JR., PLC) | KONTOOR BRANDS | KEAN UNIVERSITY | ASHBRITT ENVIRONMENTAL, INC. | LIBERTY MEDIA CORPORATION | TEXTRON, INC. | CHARLES RIVER LABORATORIES | QUECTEL WIRELESS SOLUTIONS CO., LTD. | DOOSAN CORPORATION | SC HEALTH SPV, LLC | CLEARY GOTTLIEB STEEN & HAMILTON LLP ON BEHALF OF VENEZUELA CREDITOR COMMITTEE | AAR GOVERNMENT SERVICES, INC. | BETTER WORLD FUND | EMBASSY OF BANGLADESH | EMBASSY OF THE KINGDOM OF BAHRAIN TO THE UNITED STATES | MARQUIS MANAGEMENT | NEW EURASIAN STRATEGIES CENTRE, INC. | WORLD DOG ALLIANCE (HONG KONG) LIMITED | CJ AMERICA, INC. | QUALCOMM INCORPORATED | SIEMENS HEALTHINEERS | EUROHOLD BULGARIA AD | HUNTINGTON INGALLS INDUSTRIES, INC. (FKA HUNTINGTON INGALLS INCORPORATED) | REPUBLIC OF INDIA | JINKOSOLAR (U.S.) INC. | GLENCORE, LTD | CARDINAL HEALTH | ABT ASSOCIATES | RECYCLING INFRASTRUCTURE NOW | CASA SYSTEMS, INC. | BECTON, DICKINSON AND COMPANY | DHL EXPRESS (USA), INC. | KURDISTAN REGIONAL GOVERNMENT | MATTRESS FIRM | STRYKER CORPORATION | DAY & ZIMMERMANN GROUP, INC. | A16Z CAPITAL MANAGEMENT, L.L.C. (D/B/A ANDREESSEN HOROWITZ) FKA AH CAPITAL MGMT | AT CAPITAL PTE. LTD. | TRANSAMERICA COMPANIES | NATIONAL HEALTHY START ASSOCIATION | U.S. GLOBAL LEADERSHIP CAMPAIGN | LIGADO NETWORKS LLC | CALIFORNIA WALNUT COMMISSION"
147545,ASHLI,SCOTT PALMER,"Floor Director, Majority Whip Clyburn (2019); Policy Director, Assistant Democratic Leader Clyburn (2014-2017); Chief of Staff, Rural Business Agency of USDA (2012-2014); Sr Legislative Assistant Congressman John Spratt (2002-2011).",448,3,"VERIZON COMMUNICATIONS | FWD.US | CITIGROUP WASHINGTON, INC | INVESTMENT COMPANY INSTITUTE | NATIONAL RESTAURANT ASSOCIATION | BLACKROCK FUNDS SERVICES GROUP, LLC | MAINSPRING ENERGY | MASTERCARD WORLDWIDE | JP MORGAN CHASE HOLDINGS | GENERAL MOTORS | EDWARD D. JONES & CO., L.P. | DELTA AIRLINES | AMERICAN INVESTMENT COUNCIL | TSMC ARIZONA | SPOTIFY | TD BANK, NA | HUMANA | NEWS CORPORATION | CONSUMER DATA INDUSTRY ASSOCIATION | FINANCIAL SERVICES FORUM | CTIA THE WIRELESS ASSOCATION | ELECTRONIC PAYMENTS COALITION (EPC) | MOLSON COORS BEVERAGE COMPANY USA | CREDIT UNION NATIONAL ASSOC INC. DBA AMERICA'S CREDIT UNIONS (FORMERLY NAFCU) | WELLS FARGO & COMPANY | UNION PACIFIC CORPORATION | PFIZER | AMERICAN LAND TITLE ASSOCIATION | BUSINESS ROUNDTABLE | DELOITTE LLP | ARDELYX | AMERICAN MUSEUM OF NATURAL HISTORY | INTERDIGITAL | COALITION FOR THE AMERICAN DREAM | ORACLE | NOVARTIS"
86742,BEN,MILLER,"Rep. George Miller (2003-2012) - Legislative Assistant, Legislative Director, Deputy Chief of Staff; Rep. Huffman (2013-2020) - Chief of Staff",448,1,"LOS ANGELES WORLD AIRPORTS | SOUTH COAST AIR QUALITY MANAGEMENT DISTRICT | EDISON INTERNATIONAL | VALLEY WATER | FEDERAL HOME LOAN BANK OF SAN FRANCISCO | CALIFORNIA CREDIT UNION LEAGUE | CITY OF LOS ANGELES OF BEHALF OF THE HARBOR DEPARTMENT / PORT OF LOS ANGELES | RIVERSIDE COMMUNITY COLLEGE DISTRICT | LOS ANGELES COUNTY METROPOLITAN TRANSPORTATION AUTHORITY | SHASTA COUNTY RESIDENTS FOR POSITIVE COMMUNITY DEVELOPMENT | SOUTHERN CALIFORNIA REGIONAL RAIL AUTHORITY | SAN FRANCISCO PUBLIC UTILITIES COMMISSION | FIVE POINT OPERATING COMPANY | OUR COMMUNITY MATTERS | MARIN WATER | ALASKA WILDERNESS LEAGUE ACTION | METROPOLITAN WATER DISTRICT OF SOUTHERN CALIFORNIA | RADY CHILDREN'S HOSPITAL - SAN DIEGO | RESOURCES LEGACY FUND FOUNDATION | RIVERSIDE COUNTY TRANSPORTATION COMMISSION | MATSYS, INC. | ALASKA AIRLINES, INC. | THE O TEAM, LLC | MOJAVE DESERT AIR QUALITY MANAGEMENT DISTRICT | IRVINE RANCH WATER DISTRICT | SIERRA PACIFIC INDUSTRIES | SAN GABRIEL BASIN WATER QUALITY AUTHORITY | BAY AREA AIR QUALITY MANAGEMENT DISTRICT | NORTHROP GRUMMAN CORPORATION | SAN MATEO COUNTY TRANSPORTATION AGENCY | LEAGUE OF CONSERVATION VOTERS | GOOD FARMERS GREAT NEIGHBORS | CITY OF LOS ANGELES | COUNTY OF RIVERSIDE"
53436,MANUS,COONEY,"Staff Director & Chief Counsel, Senate Judiciary Committee",447,2,"7 ELEVEN, INC. | ADEIA | DOLBY LABORATORIES, INC. | WALGREEN CO. | LIVE NATION ENTERTAINMENT, INC. | NETLIST, INC. | INVENTORS DEFENSE ALLIANCE (IDA) | COMCAST CORPORATION | LACTALIS | EFFICIENT POWER CONVERSION CORPORATION (EPC CORP.) | CHILD USA | BAYER CROPSCIENCE LP | KOREAN AIR CO., LTD | CENTRIPETAL NETWORKS, INC. | COPYRIGHT ALLIANCE | PARAMOUNT SKYDANCE CORPORATION | INTERNATIONAL CODE COUNCIL (ICC) | AMGEN USA INC. | ORACLE CORPORATION | COMMERCIAL BANKRUPTCY ALLIANCE | ZUFFA AND AFFILIATES FKA WME GROUP | CIVICACTIONS, INC. | ABBVIE | PAUL, WEISS, RIFKIND, WHARTON & GARRISON LLP ON BEHALF OF QUALCOMM INCORPORATED | 11:11 MEDIA IMPACT | IRELL & MANELLA, LLP ON BEHALF OF VLSI TECHNOLOGY, LLC | BOYS & GIRLS CLUBS OF AMERICA | NEWS CORPORATION | T-MOBILE USA, INC. | APTIV, PLC | SOUNDEXCHANGE | ART ASHES | COUNCIL FOR INNOVATION PROMOTION (C4IP) | XPERI INC. | VASSAR COLLEGE | ONE LOVE FOUNDATION | VERISIGN, INC. | PARTNERSHIP FOR THE U.S. LIFE SCIENCE ECOSYSTEM (PULSE) | UNIVERSITY OF NORTH CAROLINA AT CHARLOTTE | ELEKTA INC. | NATIONAL ASSOCIATION OF REALTORS | NIKE INC | FREEDOM AND OPPORTUNITY FOR ALL COALITION"
146639,THOMAS,ANDREWS,"2009-2013:SA/LC and Sr SA, Rep. John Boehner; 2013-2015:SA to Speaker John Boehner; 2015-2018: Dir of Member Services, Speaker Paul Ryan; 2018- 2021: SA to President for Leg Affairs, White House",446,1,"SOLAR ENERGY INDUSTRIES ASSOCIATION | ABB ASEA BROWN BOVERI LTD | CLEAN HARBORS, INC. | PARADIGM OPERATIONS LP | BITCOIN POLICY INSTITUTE | BLOCKDAEMON | THE BOEING COMPANY | JBT MAREL CORPORATION | GOVERNMENT OF U.S. VIRGIN ISLANDS | NISSAN NORTH AMERICA, INC. | AMERICA'S POISON CENTERS (APC) | SOUTHWEST AIRLINES | FOODSHED.IO | BEYONDTRUST CORPORATION | UNION PACIFIC RAILROAD COMPANY | ALPHYN BIOLOGICS | BARTLETT MARITIME CORP. | NEWSMAX | COALITION AGAINST UNJUST SENTENCING | ZIROCA INC. | AUTOS DRIVE AMERICA | PEBBLE PARTNERSHIP LIMITED | IFOODDECISIONSCIENCES, INC. | DISA TECHNOLOGIES, INC. | KALSHI INC. | IAC | NATIONAL CANNABIS ROUNDTABLE | POLICY AND TAXATION GROUP | POLYGON LABS SERVICES (SWITZERLAND) AG | CHC CONSULTING, LLC | AVANTUS LLC | THE PROCTER AND GAMBLE COMPANY | BECTON, DICKINSON AND COMPANY | IAC ON BEHALF OF CARE.COM | CITY OF GREENVILLE SC | BETTER MEDICARE ALLIANCE | HEINEKEN USA | ONTIC TECHNOLOGIES, INC. | ALLISON TRANSMISSION, INC. | LIGADO NETWORKS LLC | TUNGSTEN MINING NL | ELECTRICAL APPARATUS SERVICE ASSOCIATION, INC. (EASA) | TORQUE3 INC. | WEST COAST UNIVERSITY | NATIONAL THOROUGHBRED RACING ASSOCIATION (NTRA) | VITAL ENERGY, INC. | ALLIANCE OF NATIONAL HERITAGE AREAS (ANHA) | SABIC INNOVATIVE PLASTICS US LLC | SK HYNIX AMERICA, INC. | AON SERVICE CORPORATION (FKA AON HEWITT) | NORTHWEST HORTICULTURAL COUNCIL | MARS INCORPORATED | ALPHASIX LLC | HYPERION MATERIALS AND TECHNOLOGIES | MGM RESORTS INTERNATIONAL | NASSCOM (NATIONAL ASSOCIATION OF SOFTWARE AND SERVICE COMPANIES) | AMERICAN CONSERVATION COALITION ACTION | TULIP PEGASUS MANAGEMENT LLC | CMA CGM (AMERICA) LLC/ADVOCACY | PARA LA NATURALEZA, INC. | BETA TECHNOLOGIES | JBS USA FOOD COMPANY | EDISON S.P.A. | GLOBAL ELECTRONICS ASSOCIATION, FORMERLY KNOWN AND REPORTED AS IPC | RESTORATION FOREST PRODUCTS, LLC | MUSICFIRST | CINTAS CORPORATION | CENTRAL AMERICAN BANK FOR ECONOMIC INTEGRATION (CABEI) | KKR | THE LUBRIZOL CORPORATION | SIMPLOT COMPANY | JUMP CRYPTO HOLDINGS LLC | MULTICOIN CAPITAL | CLEANSPARK, INC. | GROUPE SEB USA | TEADIT GROUP | THE KROGER CO. | AIRLINES FOR AMERICA | SK AMERICAS, INC. | DIGITAL ANALYTICS FREEDOM ALLIANCE | BUNGE NORTH AMERICA, INC. | SAMBAZON, INC"
142223,STEVEN,PFRANG,"COS, Rep. LaHood; Dep COS, LD, Rep. Reed; LA, LC, SA, Intern, Rep. Fossella",446,4,"DHL EXPRESS (USA), INC. | BIOTECHNOLOGY INNOVATION ORGANIZATION | TOPSOE A/S | BECTON, DICKINSON AND COMPANY | ALG SENIOR LLC | VALERO SERVICES, INC. | RAZOM, INC. | BLACKROCK FUND SERVICES GROUP, LLC | AMERICAN ASSOCIATION OF NURSE ANESTHESIOLOGY | CARDINAL HEALTH | SELECT MEDICAL CORPORATION | BRIGHTLINE HOLDINGS LLC (FORMERLY VIRGIN TRAINS USA) | S&P GLOBAL | CORNING INCORPORATED | WK KELLOGG CO (FKA KELLOGG COMPANY) | AMEDISYS, INC. | QUALCOMM INCORPORATED | E.J. SAAD LAW FIRM | UNIVERSITY OF WISCONSIN-MADISON | ORSTED NORTH AMERICA, INC. | ISLAMIC RELIEF USA | CENTIVA CAPITAL, LP | DELTA AIRLINES | AMERICAN BEVERAGE ASSOCIATION | LOCKTON MANAGEMENT, LLC | ULSE INC. D/B/A UL STANDARDS & ENGAGEMENT | POLARIS INDUSTRIES | PIVOT BIO | OREGON INLET FISHING CENTER | METLIFE GROUP, INC. (FKA METLIFE SERVICES AND SOLUTIONS, LLC) | DEUTSCHE BANK USA | SEMI | KOHLER CO. | NVIDIA CORPORATION | BP AMERICA INC. | AMERICAN LAND TITLE ASSOCIATION | ROCKWELL AUTOMATION | CNX RESOURCES CORPORATION | THE UNIVERSITY OF CHICAGO | COGNIZANT TECHNOLOGY SOLUTIONS | EMOVIS TECHNOLOGIES US, INC. | PEPSICO, INC. | NATIONAL RURAL ELECTRIC COOPERATIVE ASSOCIATION | OAK STREET HEALTH D/B/A CVS HEALTH | RTX CORPORATION AND AFFILIATES (FKA RAYTHEON TECHNOLOGIES CORP. AND AFFILIATES) | UNIVERSITY OF NOTRE DAME | THE TRANSPORT PROJECT | MARQUIS MANAGEMENT | KELLANOVA | DIRECT SUPPLY, INC. | UTAH CITY | HONEYWELL INTERNATIONAL, INC. | MILWAUKEE TOOL | AMERICAN CITIZENS ABROAD, INC. | PIRATE SHIP | EXELON BUSINESS SERVICES COMPANY LLC | AMERESCO, INC."
38177,GREGORY,NICKERSON,"Staff Dir., Ways&Means Subcom. on Select Reven.",444,5,"GENERAL MOTORS COMPANY | MOSAIC COMPANY | HEWLETT PACKARD ENTERPRISE COMPANY | APPLIED MATERIALS, INC. | NEXTERA ENERGY CAPITAL HOLDINGS INC. (FORMERLY NEXTERA ENERGY INC.) | CATERPILLAR INC | ALLIANZ CAPITAL PARTNERS GMBH | COMCAST CORPORATION | U.S. TRAVEL ASSOCIATION | PROCTER & GAMBLE COMPANY | BP AMERICA INC. | MODERNATX, INC. | FEDEX CORPORATION | BAYER CORPORATION (FORMERLY KNOWN AS MONSANTO COMPANY) | JOHNSON & JOHNSON SERVICES INC | THE GAP, INC. | YUM! BRANDS | SUNTORY GLOBAL SPIRITS (FORMERLY BEAM SUNTORY INC.) | TAX REFORM COALITION | PLUG POWER INC. | THE GOODYEAR TIRE & RUBBER COMPANY | REGENERON PHARMACEUTICALS, INC. | BERKSHIRE HATHAWAY ENERGY | LEGGETT & PLATT, INC. | LUMEN TECHNOLOGIES (FORMERLY KNOWN AS CENTURYLINK, INC.) | ECONOMIC INNOVATION GROUP | NATIONAL RURAL ELECTRIC COOPERATIVE ASSOCIATION | INTEREST DEDUCTIBILITY WORKING GROUP | ALLIANCE FOR BIOPHARMACEUTICAL COMPETITIVENESS AND INNOVATION | PFIZER, INC. | THE COCA COLA COMPANY | KENVUE INC. | IBM CORPORATION | PHILLIPS 66 COMPANY"
107241,EMILY,TRANTER,Senate Research Assistant,433,3,"CITY OF BLOOMINGTON | FINISHING TRADES INSTITUTE OF THE UPPER MIDWEST | ALLETE | CITY OF MOORHEAD | I-94 WEST CORRIDOR COALITION | CARVER COUNTY | FARGO MOORHEAD WEST FARGO CHAMBER OF COMMERCE | WELL DONE FOUNDATION | ALLIANT INSURANCE SERVICES, INC. (FKA ALLIANZ INSURANCE SERVICES, INC.) | NATIONAL ORGANIZATION TO INSURE A SOUND CONTROLLED ENVIRONMENT | MINNESOTA SOCIETY OF ANESTHESIOLOGISTS | HAZELDEN BETTY FORD FOUNDATION | USA SPRINKLER FITTERS ASSOCIATION | ESSENTIA HEALTH | CITY OF MAPLE GROVE | HOMES FOR HEROES | CITY OF WOODBURY | CITY OF ST. LOUIS PARK | LIFE LINK III | GRAND RAPIDS ECONOMIC DEVELOPMENT AUTHORITY | ALLIANT INSURANCE SERVICES, INC. | NEXUS FAMILY HEALING | SHERBURNE COUNTY | HEALTH&PENSIONWORKS (FKA HEALTHWORKS) | THE TREELINE CONSERVANCY | CITY OF ST. PAUL | KANDIYOHI COUNTY | MINNESOTA ASSOCIATION OF SMALL CITIES | INDIAN HEALTH BOARD | PERSPECTIVES, INC. | CITY OF MINNEAPOLIS | OPEN ARMS OF MINNESOTA | TWIN CITY FAN COMPANIES, LTD"
69256,JUSTIN,RZEPKA,See prior filing,433,2,"ALIBABA GROUP HOLDING LIMITED | DOOSAN CORPORATION | GCI COMMUNICATION CORP. | ENTERTAINMENT SOFTWARE ASSOCIATION | FLAGSTAR BANK | MARCUM LLP | DELTA AIRLINES | ERICSSON INC. | PRUDENTIAL FINANCIAL, INC. | THE REGENTS OF THE UNIVERSITY OF CALIFORNIA | PACTIV EVERGREEN INC. | VERIZON COMMUNICATIONS INC | SNAP INC. | VITOL INC. | ECHOSTAR CORPORATION D/B/A DISH | SOUTHERN COMPANY SERVICES INC | NCTA-THE INTERNET & TELEVISION ASSOCIATION | ROCKWELL AUTOMATION | FANDUEL | LANDOVER SATURN 5 | AVIATOR CAPITAL MANAGEMENT, LLC | SEMPRE, INC. | DHL EXPRESS (USA), INC. | CASA SYSTEMS, INC. | WORLDVU DEVELOPMENT, LLC | LIBERTY MEDIA CORPORATION | ADVANCING MENTAL HEALTH FOR MILITARY FAMILIES, LLC | PIRATE SHIP | EXELON BUSINESS SERVICES COMPANY LLC | PIPER NETWORKS | MOTION PICTURE ASSOCIATION | SIRIUSXM | QURATE RETAIL GROUP | ANCORA | CORNING INCORPORATED | SAMSUNG ELECTRONICS AMERICA | CONSUMER ACCESS TO REPAIR (CAR) COALITION | COMCAST CORPORATION | COX ENTERPRISES, INC. | CRESCO LABS | CTIA | NVIDIA CORPORATION | ONTARIO TEACHERS' PENSION PLAN | WESTERN DIGITAL CORPORATION | MCCARTHY BUILDING COMPANIES, INC. | HELISERVICE USA LLC"
45265,ROBERT,ZUCKER,"LD, Rep. Rothman; LA, Rep. Evans (IL); Sen. Lautenber",429,4,"WOODBRIDGE TOWNSHIP | HEALTHCARE INSTITUTE OF NEW JERSEY | AMERICANS FOR TRANSPARENCY & ACCOUNTABILITY | UNION COUNTY | HUDSON COUNTY IMPROVEMENT AUTHORITY | ODYSSEY HOUSE LOUISIANA, INC. | CLEANSLATE CENTERS INC | CENTER POINT, INC. | 180 TURNING LIVES AROUND, INC | CITY OF NEWARK | COUNTY OF MERCER | STEVENS INSTITUTE OF TECHNOLOGY | TOWNSHIP OF SOUTH BRUNSWICK NJ | JOHNSON AND JOHNSON SERVICES, INC. | THE CENTER FOR GREAT EXPECTATIONS | MIDDLESEX COUNTY, NEW JERSEY | SETON HALL UNIVERSITY | PREMIER MEDICAL CORPORATION | PROLOGIS, L.P. | TREATMENT COMMUNITIES OF AMERICA | VUZIX CORPORATION | PARA TACTICS LLC | INTEGRITY HOUSE | OCEAN CONSERVANCY, INC. | PATIENTS RISING NOW | SUPPLY CHAIN FEDERATION | BALLOON COUNCIL | DECODE HEALTH | GREEN BROOK FLOOD CONTROL COMMISSION | KALEO | ROWAN UNIVERSITY | SIMS METAL MANAGEMENT | MEADOWS MENTAL HEALTH POLICY INSTITUTE | NEW JERSEY INSTITUTE OF TECHNOLOGY | BETH MEDRASH GOVOHA | MONROE COUNTY WATER AUTHORITY | TOWNSHIP OF BERKELEY HEIGHTS | AMERICAN FEDERATION OF GOVERNMENT EMPLOYEES - LOCAL 476"
53314,WILLIAM,MUELLER,"Deputy Assistant Secretary, Banking and Finance",428,1,"KLARNA INC. | METROPOLITAN LIFE INSURANCE COMPANY | SUMITOMO MITSUI BANKING CORPORATION (SMBC) | NATIONWIDE INSURANCE | PFS INVESTMENTS, INC. | ADVANTAGE CAPITAL | THE GOLDMAN SACHS GROUP, INC. | ZILLOW GROUP, INC. | PURPOSE FINANCIAL, INC. | REMITLY | INVESTMENT ADVISER ASSOCIATION (IAA) | MELLON FINANCIAL SERVICES CORPORTATION #1 | INTERNATIONAL COUNCIL OF SHOPPING CENTERS, INC. DBA ICSC | ARCH CAPITAL GROUP (U.S.) INC. | VISA USA, INC. | DUKE ENERGY BUSINESS SERVICES LLC | LPL FINANCIAL LLC | SH ADVISORS, LLC DBA SITUS HAWK | ABIR | PWC US GROUP LLP | EVGO SERVICES LLC | KOCH GOVERNMENT AFFAIRS | REGIONS BANK | FLUENCE ENERGY, LLC | PAYPAL, INC. | AMERICAN INVESTMENT COUNCIL | NOMURA HOLDING AMERICA, INC. | SHELL USA, INC. | INTUIT, INC. AND AFFILIATES | FINANCIAL TECHNOLOGY ASSOCIATION (FTA) | CHIME FINANCIAL, INC. | PLAID INC. | INSTITUTE FOR PORTFOLIO ALTERNATIVES (IPA) | RBC CAPITAL MARKETS, LLC | CITIGROUP WASHINGTON INC | HCBS ADVOCACY, LLC"
66844,CHARLES,THOMAS,"Senior Legislative Asst, Legislative Asst, Legislative Aide, Staff Asst; Rep. Robert Pittenger",424,2,"CITY OF CHARLESTON, SOUTH CAROLINA | UNITE US | PUBREC LLC ON BEHALF OF PEOPLECONNECT | LTSE SERVICES, INC. | EBAY INC | COLLEGE OF CHARLESTON | ISLE OF PALMS, SOUTH CAROLINA | ADVANCED DRAINAGE SYSTEMS | SERENA POWER, LLC | KERBEROS CAPITAL FUND III LP | BORGWARNER INC. | CGI FEDERAL, INC. | NORTH TEXAS COMMISSION | REMITLY, INC. | KIA MOTORS CORPORATION | ERNST & YOUNG U.S. LLP (EY) | BDV SOLUTIONS | MORTGAGE BANKERS ASSOCIATION | PRINCIPAL FINANCIAL GROUP | PAYPAL | IFP ACTION | ROPER ST. FRANCIS HEALTHCARE | RICHLAND COUNTY, SOUTH CAROLINA | PALMETTO NUCLEAR COALITION | BEAUFORT-JASPER WATER AND SEWER AUTHORITY | SCENIC AMERICA | CONWAY MEDICAL CENTER | INCOMM HOLDINGS, INC. | EVERYWHERE COMMUNICATIONS | PATHWARD, N.A. | COALITION FOR ADULT BEVERAGE ALTERNATIVES | FIRST SOLAR, INC. | CARBON SOLUTIONS GROUP | CCC INTELLIGENT SOLUTIONS INC. | JM FAMILY ENTERPRISES, INC | FONTANA VENTURES, LLC | PRUDENTIAL FINANCIAL, INC. | AMERICAN FINANCIAL SERVICES ASSOCIATION (AFSA) | AMERICAN SOCIETY OF COMPOSERS, AUTHORS AND PUBLISHERS (ASCAP) | ENCORE CAPITAL GROUP | EQUIFAX INC. | HORRY COUNTY GOVERNMENT | ACORNS | NATIONAL PREMIUM FINANCING ASSOCIATION | ONEMAIN FINANCIAL GROUP, LLC | AMPLIFON USA | CROSSROADS TREATMENT CENTERS | JACKSON NATIONAL LIFE INSURANCE COMPANY | ALLIANCE TO SAVE AMERICA'S 340B PROGRAM (ASAP 340B)"
139665,DAN,GREENWOOD,See prior filing,420,4,"ADVANCING MENTAL HEALTH FOR MILITARY FAMILIES, LLC | JYSAN HOLDINGS | COMBINED ARMS | DAY & ZIMMERMANN GROUP, INC. | QUALCOMM INCORPORATED | YORK SPACE SYSTEMS | ADARGA | VERIZON COMMUNICATIONS INC | TYR TACTICAL | VITOL INC. | CONTI FEDERAL SERVICES | HUNTINGTON INGALLS INDUSTRIES, INC. (FKA HUNTINGTON INGALLS INCORPORATED) | ENVIROTECH VEHICLES, INC. | RIGETTI & CO., LLC | WORLDQUANT, LLC | SAS INSTITUTE INC. | STRIDER TECHNOLOGIES, INC. | GLENCORE, LTD | ARMAMENT RESEARCH COMPANY | INKIT INC. | INVERIS TRAINING SOLUTIONS | TIBERIUS AEROSPACE, INC. | FIRE SECURITY INC. | BLINKLY, INC. | NOBLEREACH FOUNDATION | AE INDUSTRIAL PARTNERS, LP | SUSTAINMENT | TEXTRON, INC. | EUTELSAT NETWORK SOLUTIONS (F/K/A EACOWT) | BLACKSEA TECHNOLOGIES | SABEL SYSTEMS TECHNOLOGY SOLUTIONS LLC | SC HEALTH SPV, LLC | RTX CORPORATION AND AFFILIATES (FKA RAYTHEON TECHNOLOGIES CORP. AND AFFILIATES) | AAR GOVERNMENT SERVICES, INC. | REGENT CRAFT INC. | UIPATH | UNIVERSITY OF NOTRE DAME | DECISION LENS INC. | NOVA TECHNOLOGIES | ALBEMARLE CORPORATION | OVERSEAS SHIPHOLDING GROUP, INC. | FORTRESS INFORMATION SECURITY, LLC | QUALTRICS LLC | EOS DEFENSE SYSTEMS USA, INC. | LUCID CIRCUIT | CTIA | FUSE ENERGY TECHNOLOGIES CORP. | ECS | NVIDIA CORPORATION | ARENA TECHNOLOGIES, INC. | OROS | VOYAGER TECHNOLOGIES, INC. (FKA VOYAGER SPACE HOLDINGS, INC.) | RELATIVITY SPACE | ORBIT FAB | CONVERGENT SOLUTIONS LLC D/B/A EXIGER GOVERNMENT SOLUTIONS | BIOTECHNOLOGY INNOVATION ORGANIZATION | NANOGRAF CORPORATION"
67337,PAUL,BRATHWAITE,"Executive Director, Congressional Black Caucus; Deputy Assistant Secretary, ESA, Department of Labor; Chief of Staff, ESA, Department of Labor; Special Assistant, U.S. Secretary of Labor, Department of Labor.",420,10,"DENDREON PHARMACEUTICALS LLC | FAIR ISAAC CORPORATION (DBA FICO) | BLOCPOWER | NATIONAL ASSOCIATION OF BROADCASTERS | AMERICAN KIDNEY FUND | DELOITTE LLP | BIOGEN, INC. | BLACK VOTERS MATTER FUND | ABBVIE, INC. | URBAN ONE, INC. (FORMERLY KNOWN AS RADIO ONE, INC.) | ADOBE INC. | CISCO SYSTEMS, INC. | DAVITA, INC. | WELLS FARGO & COMPANY | ALKERMES, INC. | BRISTOL MYERS SQUIBB COMPANY | 1890 UNIVERSITIES FOUNDATION | OTSUKA AMERICA PHARMACEUTICAL INC | QUEST DIAGNOSTICS INCORPORATED | NCTA - THE INTERNET & TELEVISION ASSOCIATION | AXON ENTERPRISE, INC. | B.S.D. CAPITAL, INC., DBA LENDISTRY | AMAZON CORPORATE LLC | APPLE INC. | AMERICAN FUEL & PETROCHEMICAL MANUFACTURERS (AFPM) | NATIONAL ASSOCIATION OF BUSINESS POLITICAL ACTION COMMITTEES (NABPAC) | CARGILL, INCORPORATED | INTERACTIVE ADVERTISING BUREAU"
139042,CHRIS,FISH,"EA Sen. D'Amato; DR, DD Rep. Kelly; COS Rep. Sweeney",419,4,"GEORGE MASON UNIVERSITY | NXP USA, INC. | STRATACACHE, INC | NOURYON CHEMICALS LLC | CUSTOM ELECTRONICS INC. | NAVAL & MARITIME CONSORTIUM | XIPHOS PARTNERS | CLEMSON UNIVERSITY | CLASSONE TECHNOLOGY INC. | CARACOL, INC. | EDWARDS VACCUM | NANOSHIFT LLC | ABSOLICS INC. | PRIME MATERIALS RECOVERY, INC. | NATIONAL CENTER FOR MANUFACTURING SCIENCES | PROCESS TECHNOLOGY | BOOM TECHNOLOGY, INC. | WESTERN CAROLINA UNIVERSITY | A1 LITHIUM | GALVANIC ENERGY, LLC | ROGUE VALLEY MICRODEVICES, INC. | THE CHEMOURS COMPANY | THINTRONICS INC. | MOTT CORPORATION | GOPHER RESOURCE | LYONDELLBASELL INDUSTRIES | G.W. LISK COMPANY, INC. | UNIVERSITY OF NORTH CAROLINA AT CHARLOTTE | BROADCOM CORPORATION | UNIVERSITY OF MARYLAND BALTIMORE COUNTY (UMBC) | CACTUS MATERIALS, INC. | LAWRENCE SEMICONDUCTOR | DAYTON T. BROWN | APPLIED MATERIALS, INC. | INTEGRA TECHNOLOGIES | CONNECTICUT CENTER FOR ADVANCED TECHNOLOGY (CCAT) | PVS CHEMICAL SOLUTIONS | UFA, INC. | SKYRE, INC. | TECTUS CORPORATION DBA MOJO VISION | MOSAIC MICROSYSTEMS | SKORPIOS TECHNOLOGIES INC. | GRAHAM CORPORATION | EUV TECH | GEMU VALVES | VEECO INSTRUMENTS INC."
65617,KATE,DICKENS,"Chief of Staff, US Sen Mark Kirk; Leg Director, Rep. Mike Castle; Foreign Policy Adv, Rep. Connie Morella",417,6,"ROCKET LIMITED PARTNERSHIP F/K/A RKT HOLDINGS, LLC | THE BOEING COMPANY | TELGOO5 | FIRST FIVE ACTION FUND | GENEVANT SCIENCES, INC. | AIR LINE PILOTS ASSOCIATION | HAULHUB TECHNOLOGIES | GOOGLE CLIENT SERVICES, LLC | JPMORGAN CHASE HOLDINGS LLC | U.S. SUGAR CORPORATION | HANGAR ALPHA LLC | U.S. TRAVEL ASSOCIATION | PITNEY BOWES | DOORDASH | FOUNDATION STACK AI, INC. | LVMH MOET HENNESSY LOUIS VUITTON INC. | ROCK CENTRAL | MCKINSEY & COMPANY | THIRD OPTION FOUNDATION | HASLAM SPORTS GROUP | CONSUMER TECHNOLOGY ASSOCIATION | NETCHOICE | JAPAN TOBACCO INTERNATIONAL USA INC. | PET FOOD INSTITUTE | KPMG LLP | ADVANCED THERMOPLASTIC COMPOSITES | NATIONAL ELECTRICAL MANUFACTURERS ASSOCIATION | LEGO SYSTEMS, INC. | AMERICAN UNITY FUND | BAXTER HEALTHCARE CORPORATION | STANDARD INDUSTRIES LTD. | LIGADO NETWORKS | FORGE GROUP, LLC | ANOMALY SIX | NATIONAL FOOTBALL LEAGUE | FORIS DAX, INC. D/B/A CRYPTO.COM | SYNOPSYS, INC. | MICRON TECHNOLOGY, INC. | NATIONAL BUSINESS AVIATION ASSOCIATION | JUUL LABS | HARMAN INTERNATIONAL INDUSTRIES, INC. | SCHNEIDER ELECTRIC"
70784,ERIC,LAUSTEN,Rep Lipinski - Chief of Staff Rep Avevedo-Villa - Chief of Staff Rep McKinney - Chief of Staff,416,48,"BAYER U.S. LLC | CJ LAKE, LLC (ON BEHALF OF CALIFORNIA STATE SENATE) | GREAT LAKES DREDGE & DOCK COMPANY, LLC | WPC TECHNOLOGIES | ADVANCED THERMOVOLTAIC SYSTEMS INC. (FORMERLY BERKEN ENERGY LLC) | SAN JOAQUIN VALLEY AIR POLLUTION CONTROL DISTRICT | HUSCH BLACKWELL LLP ON BEHALF OF MONARCH-CHESTERFIELD LEVEE DISTRICT | DIAMOND PET FOODS INC. | CJ LAKE, LLC (ON BEHALF OF COUNTY OF MERCED) | HUSCH BLACKWELL ON BEHALF OF THE SNY ISLAND LEVEE DRAINAGE DISTRICT | TRANSITAMERICA SERVICES | KANSAS CITY AREA TRANSPORTATION SYSTEM (FKA KC AREA TRANSPORTATION AUTHORITY) | COALITION OF HOPE FOUNDATION | OUTDOOR AMUSEMENT BUSINESS ASSOCIATION | NATIONAL MILK PRODUCERS FEDERATION | ENTERPRISE HOLDINGS, INC. DBA ENTERPRISE MOBILITY | SAN JOAQUIN COUNCIL OF GOVERNMENTS | KANSAS CITY AREA TRANSPORTATION AUTHORITY | CJ LAKE, LLC (ON BEHALF OF CITY OF THORNTON) | A3 GLOBAL, INC. | CONGAREE RIVER GROUP LLC (OBO WEJO DATA SERVICES, INC.) | CJ LAKE, LLC (ON BEHALF OF MARCH JOINT POWERS AUTHORITY) | CJ LAKE, LLC (ON BEHALF OF BAY AREA RAPID TRANSIT DISTRICT) | CJ LAKE, LLC (ON BEHALF OF ALAMEDA COUNTY TRANSPORTATION COMMISSION) | SAN DIEGO COMMUNITY POWER | RDP (FORMERLY VENTURA COUNTY COMMUNITY - NAVY ACTION PARTNERSHIP) | GENESIS SYSTEMS, LLC | ANACOSTIA WATERSHED SOCIETY | CJ LAKE, LLC (ON BEHALF OF FRESNO COMMUNITY HOSPITAL AND MEDICAL CENTER) | US STRATEGIC METALS | H-J ENTERPRISES | CJ LAKE, LLC (ON BEHALF OF SAN JOAQUIN COUNCIL OF GOVERNMENTS) | ALAMEDA COUNTY TRANSPORTATION COMMISSION | COUNTY OF MERCED | VIAMERICAS | LINDSAY CORP. | CJ LAKE, LLC (ON BEHALF OF SAN JOAQUIN VALLEY AIR POLLUTION CONTROL DISTRICT) | BRIGGS AND STRATTON | AMERICAN GOLF INDUSTRY COALITION | CJ LAKE, LLC (ON BEHALF OF VENTURA COUNTY COMMUNITY-NAVY ACTION PARTNERSHIP) | CJ LAKE, LLC (ON BEHALF OF COUNTY OF ALAMEDA, CALIFORNIA) | EXPEDIA GROUP | HUSCH BLACKWELL ON BEHALF OF THE FABIUS RIVER DRAINAGE DISTRICT | SES AMERICOM INC. | BI-STATE DEVELOPMENT AGENCY"
67291,CORNELL,TEAGUE,"Professional Staff, House Appropriations Cmte - Defense; Professional Staff, House Appropriations Cmte - Homeland",413,3,"VENNTEL, INC. | NEC CORPORATION OF AMERICA | SOLUGEN | SCOUTING AMERICA | CLEARPATH ACTION FOR CONSERVATIVE CLEAN ENERGY INC | DISTILLED SPIRITS COUNCIL | ATOM COMPUTING | EDISON ELECTRIC INSTITUTE | LEIDOS | WHOOP | TANGRAM FLEX | RUNSAFE SECURITY | XCF GLOBAL CAPITAL, INC. | ADVANCED TECHNOLOGY SYSTEMS COMPANY | APTARGROUP, INC. | NATIONAL SPECTRUM CONSORTIUM | GLASS AVIATION HOLDINGS, INC. (D/B/A AIRSPACE DATA) | SOLANA POLICY INSTITUTE | SYSTEMS INNOVATION ENGINEERING LLC | ACORN CONSULTING OBO SHELL USA INC. | SCHEMATA | AMRIZE NORTH AMERICA INC. | AMERICAN FLOOD COALITION ACTION INC | DYNAVAX TECHNOLOGIES | AWS PUBLIC POLICY, AMERICAS | EDGETHEORY | ION STORAGE SYSTEMS, INC. | CELLEBRITE INC. | PRIMORIS SERVICES CORPORATION | TENABLE, INC. | RADIANT INDUSTRIES, INC. | LUKE | BABEL STREET | EATON CORPORATION | FORESCOUT TECHNOLOGIES, INC. | PALANTIR TECHNOLOGIES, INC. | RAPID RATINGS INTERNATIONAL, INC. | SEA MACHINES ROBOTICS | SILVERLINING | ACCENTURE, LLP | REBELLION DEFENSE, INC. | CAE USA, INC | BASTILLE NETWORKS, INC. | INNOVATIVE SIGNAL ANALYSIS INC. | ASML US, LLC | EDGE AUTONOMY | GLAXOSMITHKLINE LLC | NEXTNAV, LLC | TEXAS WOMAN'S UNIVERSITY FOUNDATION | HYBRID PLASTICS | LOOKINGGLASS CYBER SOLUTIONS, INC. | RAINEY CENTER FREEDOM PROJECT | BETA TECHNOLOGIES, INC. | DULCICH, INC. D/B/A PACIFIC SEAFOOD GROUP"
146593,CAMILLE,BIANCHINI,Intern for Senator Hatch (January 2016-April 2016),412,2,"COLORADO RIVER COMMISSION OF NEVADA | DOUGLAS COUNTY NEVADA | IONEER USA CORPORATION | SOUTHERN NEVADA WATER AUTHORITY | CLARK COUNTY NV (OFFICE OF THE COUNTY MANAGER) | CONTRA COSTA WATER DISTRICT | WATER RESEARCH FOUNDATION | ESTUARY DEVELOPMENT PARTNERS LLC | KLAMATH DRAINAGE DISTRICT | CENTRAL UTAH WATER CONSERVANCY DISTRICT | WASHINGTON COUNTY | NYE COUNTY WATER DISTRICT | LA PAZ COUNTY, ARIZONA | MOHAVE COUNTY WATER AUTHORITY | CENTRAL VALLEY WATER RECLAMATION FACILITY | INCLINE VILLAGE GENERAL IMPROVEMENT DISTRICT | WEBER BASIN WATER CONSERVANCY DISTRICT | ABBEY, STUBBS & FORD, LLC | TRUCKEE MEADOWS WATER AUTHORITY | JORDAN VALLEY WATER CONSERVANCY DISTRICT | CLARK COUNTY DEPARTMENT OF AVIATION, HARRY REID INTERNATIONAL AIRPORT | LAS VEGAS VALLEY WATER DISTRICT | CENTRAL CONTRA COSTA SANITARY DISTRICT | NV ENERGY | CITY OF ST GEORGE | CLARK COUNTY WATER RECLAMATION DISTRICT | TRUCKEE RIVER FLOOD PROJECT | LINCOLN COUNTY, NEVADA"
70011,BEAU,SCHUYLER,"LD - Cong. Tanner, LD - Cong, McIntyre",410,5,"ZERO CARBON HYDROGEN COALITION (INFORMAL) | BOEHRINGER INGELHEIM PHARMACEUTICALS, INC. | OTSUKA AMERICA PHARMACEUTICAL, INC. | EBAY INC | HORIZON THERAPEUTICS USA, INC. | MEDLINE INDUSTRIES, LP | BRIDGEBIO PHARMA, INC. | GLAUKOS CORPORATION | NOVARTIS CORPORATION | BIOGEN | CGI FEDERAL, INC. | HARMONY BIOSCIENCES | BORGWARNER INC. | AMERICA'S PHYSICIAN GROUPS | KIA MOTORS CORPORATION | STERIS CORPORATION | WINE AND SPIRITS WHOLESALERS OF AMERICA, INC. | AMERICAN POLICY VENTURES ACTION | INSTITUTE FOR GENE THERAPIES | MORTGAGE BANKERS ASSOCIATION | PRINCIPAL FINANCIAL GROUP | GOVERNMENT COUNSEL LLC ON BEHALF OF AKORN INC. | PHYSICIAN-LED HEALTHCARE FOR AMERICA | GLAXOSMITHKLINE LLC | ALLIANCE FOR CELL THERAPY NOW | ALTRIA CLIENT SERVICES, LLC | FINANCIAL SERVICES INSTITUTE | PTC THERAPEUTICS, INC. | NW NATURAL HOLDING COMPANY | PHARMACEUTICAL RESEARCH AND MANUFACTURERS OF AMERICA | AMERICAN SENIORS HOUSING ASSOCIATION | ARDELYX, INC. | SANOFI US SERVICES INC. | PRUDENTIAL FINANCIAL, INC. | NATIONAL STAR ROUTE MAIL CONTRACTORS ASSOCIATION | AMERIHEALTH CARITAS | ALLIANCE TO SAVE AMERICA'S 340B PROGRAM (ASAP 340B)"
66672,CHRISTOPHER,KEARNEY,Professional Staff - House Resources Committee - 1991-1997 House Budget Committee - 1997-2001 Professional Staff - Senate Energy and Natural Resources - 2014-2017 Deputy Assistant Secretary for Policy - DOI - 2001-2008,409,12,"SUTTER MUTUAL WATER COMPANY AND RECLAMATION DISTRICT 1500 | NORTHERN CALIFORNIA WATER ASSOCIATION | MERCED IRRIGATION DISTRICT | TEXAS ALLIANCE OF ENERGY PRODUCERS | MIDPENINSULA REGIONAL OPEN SPACE DISTRICT | KLAMATH WATER USERS ASSOCIATION | TURLOCK IRRIGATION DISTRICT | FOLSOM-CA CITY OF | AG WATER BOARD OF WHATCOM COUNTY | RECLAMATION DISTRICT 108 | WESTERN MUNICIPAL WATER DISTRICT | SITES PROJECT AUTHORITY | PERMIAN BASIN PETROLEUM ASSOCIATION | MONTEREY PENINSULA WATER MANAGEMENT DISTRICT | NATIONAL STRIPPER WELLS ASSOCIATION | COACHELLA VALLEY ASSOCIATION OF GOVERNMENTS | DALY CITY, CA | IDAHO WATER RESOURCE BOARD | CALIFORNIA VALLEY MIWOK TRIBE | YAKIMA BASIN JOINT BOARD | GLENN-COLUSA IRRIGATION DISTRICT-CA | WARD AND SMITH ON BEHALF OF THE VILLAGE OF BALD HEAD ISLAND, NC | EASTERN NEW MEXICO WATER UTILITY AUTHORITY (ENMWUA) | CITY OF BURBANK, CA | FAMILY FARM ALLIANCE | SAN JUAN WATER DISTRICT | CAT CREEK ENERGY, LLC | RIVER GARDEN FARMS, CA | FRIANT WATER AUTHORITY (FORMERLY FRIANT WATER USERS AUTHORITY) | SOUTHERN CALIFORNIA PUBLIC POWER AUTHORITY (SCPPA) | THE FRESHWATER TRUST"
62753,JOHN,O'NEILL,"Policy Director/Counsel, Senate Minority Whip 04-06; Tax Counsel, Senate Finance Committee 07",406,5,"NEW YORK LIFE | HISTORIC TAX CREDIT COALITION | THE BROADWAY LEAGUE | CITIGROUP WASHINGTON INC. | GENERAL DYNAMICS | T-MOBILE | HESS CORPORATION | ALTRIA CLIENT SERVICES LLC | THE GOLDMAN SACHS GROUP, INC | SK HYNIX AMERICA, INC. | AMERICAN BANKERS ASSOCIATION | CHURCHILL DOWNS, INCORPORATED | AMERICAN CLEAN POWER ASSOCIATION | SPARK THERAPEUTICS | AMERICAN BANKERS ASSOCIATION'S CARD POLICY COUNCIL | AMERICAN EXPLORATION & PRODUCTION COUNCIL (AXPC) | MAPLEBEAR INC. D/B/A INSTACART | THE HOME DEPOT | COMCAST CORPORATION | THE BLACKSTONE GROUP | SESAC RIGHTS MANAGEMENT, INC. | DRAKEN INTERNATIONAL, LLC | PFIZER INC. | PRINCIPAL FINANCIAL GROUP | FEDEX CORPORATION | RYAN, INC. | GSO CAPITAL PARTNERS | EXXON MOBIL CORPORATION | GE AEROSPACE | PRUDENTIAL FINANCIAL, INC. | DIAGEO NORTH AMERICA, INC. | INVESTMENT COMPANY INSTITUTE | NEXTERA ENERGY, INC. | AMERICAN INNOVATION: THE AI PROJECT, INC | WASHINGTON COMMANDERS FOOTBALL TEAM | RECORDING INDUSTRY ASSOCIATION OF AMERICA | HILTON WORLDWIDE | TEAMHEALTH | AIRLINES FOR AMERICA | H&R BLOCK, INC. | CAPITAL ONE FINANCIAL CORPORATION | CONSTELLATION BRANDS, INC. | GENENTECH, INC. | MGM RESORTS INTERNATIONAL | HSBC TECHNOLOGY & SERVICES USA, INC. | SORENSON COMMUNICATIONS | CENCORA, INC. | ADVENT INTERNATIONAL CORP. LLC | CRYSTALLEX | IRON MOUNTAIN | STARBUCKS"
62372,LAURA,SIMMONS,"Advisor, Office of Legislative Affairs, Dept of Homeland Security",404,2,"NATIONAL ASSN OF STATE TREASURERS (NAST) | ROCHESTER TAILORED CLOTHING, INC. | DR. EMIL KAKKIS | RAYNER | NEWS MEDIA ALLIANCE | BAYER CORPORATION | I SQUARED CAPITAL ADVISORS (US) LLC | HICKEY FREEMAN TAILORED CLOTHING, INC | ZOETIS | GLOBAL DOWN SYNDROME FOUNDATION | LIFESCIENCE LOGISTICS | BUHLER QUALITY YARNS CORPORATION | HAMILTON SHIRTS, LTD. | MAUS & HOFFMAN | US GUATEMALA BUSINESS COUNCIL | AMERICA'S PUBLIC TELEVISION STATIONS | AMERICAN ACADEMY OF EMERGENCY MEDICINE (AAEM) | OWENS & MINOR, INC. | BLOOM ENERGY | COLORADO NONPROFIT DEVELOPMENT CENTER ON BEHALF OF ONE CHANCE TO GROW UP | W DIAMOND GROUP CORPORATION | NOVOCURE INC. | NEW ENGLAND SHIRT CO | MITRA FUTURE TECHNOLOGIES, INC. | SYNEOS HEALTH, INC. | FORD MOTOR COMPANY | HARDWICK CLOTHES | CUBE YADKIN GENERATION, LLC | SIGNIFY HEALTH | STANLEY BLACK & DECKER INC | FIBER INDUSTRIES LLC (DBA DARLING FIBERS) | EPC POWER | TOM JAMES COMPANY | PLASMA PROTEIN THERAPEUTICS ASSOCIATION | ORGANON | JOSEPH ABBOUD MANUFACTURING CORP (FKA J.A. APPAREL CORP) | THE UNIVERSITY OF MONTEVALLO"
102027,LANE,DICKSON,"Clerk, House Natural Resources Committee Subcommittee on Water & Power, 5/2005-1/2007; Special Assist. Bureau of Reclamation, 2/2007-12/2007; Sr. Professional Staff Senate Energy & Natural Resources Committee 3/2017-3/2021",404,5,"NORTHERN CALIFORNIA WATER ASSOCIATION | CENTRAL ARIZONA IRRIGATION & DRAINAGE DISTRICT | SUTTER MUTUAL WATER COMPANY AND RECLAMATION DISTRICT 1500 | NORTH UNIT IRRIGATION DISTRICT | TOWN OF CHERAW, SC | TRUCKEE CARSON IRRIGATION DISTRICT | FRIANT WATER AUTHORITY (FORMERLY FRIANT WATER USERS AUTHORITY) | REGIONAL WATER AUTHORITY | WARD & SMITH ON BEHALF OF BRUNSWICK COUNTY, NC | MONO COUNTY, CA | FAMILY FARM ALLIANCE | SAN JUAN WATER DISTRICT | YUMA COUNTY AGRICULTURE WATER COALITION | SCEYE, INC. | RIVER GARDEN FARMS, CA | CITY OF IDAHO FALLS, ID | EL DORADO COUNTY WATER AGENCY | THE ORLAND UNIT WATER USERS ASSOCIATION | MARICOPA STANFIELD IRRIGATION & DRAINAGE DISTRICT | COLORADO RIVER DISTRICT | DESCHUTES BASIN BOARD OF CONTROL | YAKIMA BASIN JOINT BOARD | SWYFT, INC. | GLENN-COLUSA IRRIGATION DISTRICT-CA | CITY OF BLAINE, MN | IDAHO WATER RESOURCE BOARD | MODESTO IRRIGATION DISTRICT | EAGLE RIVER WATER & SANITATION DISTRICT | IDAHO WATER USERS ASSOCIATION | AG WATER BOARD OF WHATCOM COUNTY | KINGS RIVER WATER ASSN/KINGS RIVER CONSERVATION | TURLOCK IRRIGATION DISTRICT | SOLANO IRRIGATION DISTRICT | OREGON WATER RESOURCES CONGRESS | CITY OF ANNAPOLIS, MD"
57826,JONATHAN,MCCOLLUM,Legislative Assistant to US Senator,404,6,"HELEN KELLER NATIONAL CENTER FOR DEAF-BLIND YOUTHS AND ADULTS | HUNTS POINT TERMINAL PRODUCE COOPERATIVE ASSOCIATION, INC | NEW MILLENNIUM CONCEPTS, LTD. | NU HORIZONS LLC | GK VENTURE PARTNERS | CENTER FOR EDUCATIONAL INNOVATION-PUBLIC EDUCATION ASSOCIATION( CEI-PEA) | FAMILY RESIDENCES AND ESSENTIAL ENTERPRISES (FREE) | E&A RESTORATION INC. | ECURRENCY | VILLAGE OF GARDEN CITY, NEW YORK | STORM KING ART CENTER | SILVERSEAL | CERTIFIED MOVING AND STORAGE LLC | CATIC TITLE INSURANCE COMPANY | NYC TOURISM & CONV. (FKA NYC AND COMPANY) | SCO FAMILY OF SERVICES | NEUMAN'S KITCHEN, INC. | COALITION FOR TICKET FAIRNESS, INC. | STILLMAN DEVELOPMENT INTERNATIONAL | LONG ISLAND CHILDREN'S MUSEUM | SUFFOLK COUNTY, NY | THE HOPE PROGRAM | THE VISCARDI CENTER | THE NEW YORK BUILDING CONGRESS | BROOKLYN CHAMBER OF COMMERCE | UNITED SERVICE WORKERS UNION | MULLER BOHLIN ASSOCIATES, INC. | NORTH SHORE BOARD OF EDUCATION | ST. FRANCIS COLLEGE | BIG BROTHERS BIG SISTERS OF LONG ISLAND | UNITED VETERANS BEACON HOUSE | MADELAINE CHOCOLATE COMPANY | HUNTS POINT COOPERATIVE MARKET, INC. | AAM VERTIPORTS LLC (FORMERLY FERROVIAL VERTIPORTS US LLC) | FORTIS ADVISORS LLC | TOURO COLLEGE | NATIONAL INFRASTRUCTURE SAFETY FOUNDATION | THE BROOKLYN HOSPITAL CENTER | TOWN OF NORTH HEMPSTEAD, NY | BROOKLYN COLLEGE FOUNDATION, INC. | PABLO HONEY LLC | VILLAGE OF BELLPORT, NEW YORK"
43712,SHAWN,SMEALLIE,Special Assistant to President Bush for Legislative Affairs; Special Assistant to Director for Legislative Affairs at OMB,403,2,"VIRTU FINANCIAL, LLC | BEAM GLOBAL | HIGHMARK HEALTH | LIVE NATION ENTERTAINMENT, INC. | ONEX CORPORATION | BANCO SAN JUAN | PORTOBELLO AMERICA | ACCESS FUND | FINCANTIERI MARINE GROUP LLC | CAPITAL DISTRICT PHYSICIAN'S HEALTH PLAN INC | CONTINENTAL TIRE THE AMERICAS, LLC FKA CONTINENTAL AUTOMOTIVE SYSTEMS US, INC. | KOREAN AIR CO., LTD | CHEMONICS INTERNATIONAL, INC. | PARAMOUNT SKYDANCE CORPORATION | COMMON SENSE MEDIA | MESA AIRLINES | LEAGUE OF WOMEN VOTERS OF THE UNITED STATES | UNITED STATES ANTI-DOPING AGENCY | CREDIT PROTECTION COALTION | EXPRESS SAVE INDUSTRIES, INC. | GROUP14 TECHNOLOGIES | AMBAC ASSURANCE CORPORATION | DANONE NORTH AMERICA | 11:11 MEDIA IMPACT | GLOBAL TELECOM | ARUNA PROJECT | BROOKHAVEN SCIENCE ASSOCIATES | SUN GROUP HOLDINGS LIMITED | MUON SPACE | PEREGRINE FUND | SOUNDEXCHANGE | PRINTING UNITED ALLIANCE | WEWORK MANAGEMENT LLC | TEXTRON INC. | ART ASHES | SUSTAINABLE MANUFACTURING INNOVATION ALLIANCE CORP. (SMIA) | ENVIRONMENTAL WORKING GROUP | ALASKA WILDERNESSES LEAGUE | CARBON ADVOCACY PROJECT | THE JOCKEY CLUB | ATOM COMPUTING, INC. | CENTINEL PUBLIC PARTNERSHIPS, LLC | CONTINENTAL TIRE THE AMERICAS, LLC | OFFICE OF RONALD LAUDER | PORT HAMILTON REFINERY AND TRANSPORTATION, LLLP | FREEDOM AND OPPORTUNITY FOR ALL COALITION"
63745,TODD,WEBSTER,"Communications Senate Member Office (Murray, Daschle), Chief of Staff Senate Member Office (Coons)",403,3,"GOOGLE CLIENT SERVICES | THE BOEING COMPANY | RTI INTERNATIONAL | NEBIUS GROUP N.V. (FKA YANDEX N.V.) | ZERO - THE END OF PROSTATE CANCER | ADVANCED NAVIGATION AND POSITIONING CORPORATION | HUNT DEVELOPMENT GROUP LLC | BALTIMORE ORIOLES LIMITED PARTNERSHIP | NATIONAL FEDERATION OF INDEPENDENT BUSINESS, INC. | SEMICONDUCTOR INDUSTRY ASSOCIATION | GLOBAL BUSINESS TRAVEL ASSOCIATION | ABBVIE INC. | ID.ME, LLC | TARGET CORPORATION | GHGSAT INC. | MAINE COAST FISHERMANS ASSOCIATION | CARE IN ACTION | UNIVERSITY OF MAINE SYSTEM | YAYASAN BERBAKTI SEMANGAT INDONESIA | UNITED NATURAL FOODS, INC. | UNITED AIRLINES INC | SAVE THE CHILDREN FEDERATION INC. | UNITED STATES MANUFACTURING INNOVATION COUNCIL | HSBC TECHNOLOGY & SERVICES USA INC. | VANTAGE DATA CENTERS MANAGEMENT COMPANY, LLC | UBS GROUP AG | BIG BROTHERS BIG SISTERS OF AMERICA | SAAB | NATIONAL ASSOCIATION OF HOME BUILDERS | SCALE AI, INC. | LYTEN, INC. | NEAR AIRPORT PARKING INDUSTRY TRADE ASSOCIATION (NAPITA) | ADVANCED MEDICAL TECHNOLOGY ASSOCIATION | THE WASHINGTON CENTER | INTEGRATED ENERGY MATERIALS LLC | ENVIRI CORPORATION FKA HARSCO CORPORATION | NATIONAL LIMOUSINE ASSOCIATION | WINE AND SPIRITS WHOLESALERS OF AMERICA | MR. JAY ALIX | INTERNATIONAL ORGANIZATION FOR MIGRATION | CITIGROUP WASHINGTON INC | SALLIE MAE BANK | BEER INSTITUTE | TAIT TOWERS MANUFACTURING LLC | SOUTHERN MILLS, INC., D/B/A TENCATE PROTECTIVE FABRICS | CORETSU INC. | RTX CORPORATION (FKA RAYTHEON TECHNOLOGIES CORPORATION) | MAINSPRING ENERGY INC | AMERICAN GAMING ASSOCIATION | MAYER BROWN LLP OBO CIRCLE INTERNET FINANCIAL, INC. | PISON TECHNOLOGY, INC. | ANDURIL INDUSTRIES, INC. | INTUIT, INC. AND AFFILIATES | BOWDOIN COLLEGE | RINNAI AMERICA CORPORATION | THE ESOP ASSOCIATION | IRIDIUM SATELLITE LLC"
147125,PARICK,CARROLL,"Leg Asst. Rep. Ray LaHood, Leg Dir. Rep. Kevin Yoder, PSM Senate Appropriations Cmte.",402,2,"ABBOTT (FORMERLY KNOWN AS ALERE INC.) | HEALTH CARE SERVICE CORPORATION | ELI LILLY AND COMPANY | LINCARE | IDORSIA PHARMACEUTICALS US INC | GILEAD SCIENCES, INC. | BD (BECTON, DICKINSON AND COMPANY) | EXCELLUS HEALTH PLAN, INC. | TRIPLE-S MANAGEMENT CORPORATION | AMAZON.COM SERVICES LLC | GENTIVA (FORMERLY REPORTED AS HUMANA & KINDRED AT HOME) | VALNEVA USA, INC | JAZZ PHARMACEUTICALS INC. | UNITED NETWORK FOR ORGAN SHARING | EVERGREEN NEPHROLOGY | PHRMA | AMGEN INC | WHOOP | ACCENTURE FEDERAL SERVICES | AMERICAN OSTEOPATHIC ASSOCIATION | AMYLYX PHARMACEUTICALS | AMNEAL PHARMACEUTICALS, INC. | LONGEVITY HEALTH PLAN | VERTANICAL | BIOTECHNOLOGY INDUSTRY ORGANIZATION | ELEVANCE HEALTH, INC (F.K.A. ANTHEM, INC. & WELLPOINT, INC.) | ALZHEIMER'S ASSOCIATION | NOVO NORDISK INC. | AIS HEALTHCARE | ASTRAZENECA | BOEHRINGER INGELHEIM | SAREPTA THERAPEUTICS | BREAKTHROUGH T1D (FKA JUVENILE DIABETES RESEARCH FOUNDATION INTERNATIONAL) | HIMS & HERS HEALTH, INC. | ASTELLAS PHARMA US, INC | BLUE CROSS BLUE SHIELD ASSOCIATION | VERTEX PHARMACEUTICALS INCORPORATED | FLAGSHIP PIONEERING | MERCK | HEALTHCARE DISTRIBUTION ALLIANCE (HEALTHCARE DISTRIBUTION MANAGMENT ASSN.) | NEUROCRINE BIOSCIENCES, INC. | AMERICAN CANCER SOCIETY CANCER ACTION NETWORK (ACSCAN) | THE AMPUTEE COALITION | ADVAMED | SANOFI US SERVICES INC (FORMERLY KNOWN AS GENZYME CORPORATION) | ABBVIE INC. | NOVARTIS | GENENTECH, INC. | FOUNDATION MEDICINE | HANSA BIOPHARMA | REPLIMUNE INC. | NOVOCURE INC. | UNIQURE BIOPHARMA B.V. | THORN RUN PARTNERS (ON BEHALF OF THE PARTNERSHIP TO IMPROVE PATIENT CARE) | BRISTOL MYERS SQUIBB | QUEST DIAGNOSTICS | IMMIX BIOPHARMA INC | CARDINAL HEALTH (F.K.A. THE GLOVER PARK GROUP) | SAS | BLUEPRINT BIOSECURITY ACTION | GAINWELL TECHNOLOGIES (FKA HEALTH MANAGEMENT SYSTEMS) | NATIONAL SEATING & MOBILITY"
106934,CHARLES,FRENCH,"Staff, House Committee on Rules; Chief of Staff, Rep. Pete Sessions; Staff, House Committee on Homeland Security; Staff, Rep. Lincoln Diaz-Balart; Staff, Rep. Judy Biggert",401,6,"AMERICAN INSTITUTE OF STEEL CONSTRUCTION | ALASKA AIRLINES | COMPOLOGY | BINSWANGER MANAGEMENT CORPORATION | BENTLEY SYSTEMS, INC. ON BEHALF OF BLYNCSY INC. | AMERICAN WATER WORKS SERVICE COMPANY, INC. | WATER FROM INNOVATION LLC | US CANNABIS COUNCIL | GLOBALFOUNDRIES U.S. INC. | AMERICAN ASSOCIATION OF ORTHODONTISTS | THE EVERGLADES TRUST, INC. | UNIVERSITY OF MINNESOTA | WITHUM SMITH+BROWN | INTERNATIONAL FRANCHISE ASSOCIATION | HABITAT FOR HUMANITY INTERNATIONAL, INC. | GEOSURE GLOBAL, LLC | BOOK HILL PARTNERS LLC ON BEHALF OF NATIONAL STRUCTURED SETTLEMENTS TRADE ASSOC | PENNSYLVANIA ASSISTIVE TECHNOLOGY FOUNDATION | THE REINALT-THOMAS CORPORATION | VORYS, SATER, SEYMORE AND PEASE LLP ON BEHALF OF AMG VANADIUM LLC | MADISON SQUARE GARDEN | THE STOMP COMPANY | CURALEAF, INC. | NATIONAL DISABILITY CDFI COALITION | PASHA GROUP | AMERICA'S ESSENTIAL HOSPITALS | ORBIT FAB | NATIONAL RESIDENT MATCHING PROGRAM | PARSONS & WHITTEMORE ENTERPRISES CORP. | ALLIED UNIVERSAL (F/K/A ALLIED BARTON SECURITY SERVICES) | HORNBLOWER GROUP | READING INTERNATIONAL, INC. | NATIONAL PARKS CONSERVATION ASSOCIATION | AKWESASNE CONVENIENCE STORE ASSOCIATION | TIKTOK INC. | OFFICES OF BRADLEY WINE O/B/O REGULUS GLOBAL LLC/UEP, INC.DBA UNION TECHNOLOGIES | HAPAG-LLOYD (AMERICA) LLC | PFM FINANCIAL ADVISORS LLC | CHESAPEAKE BAY MARITIME MUSEUM | THE EVERGLADES FOUNDATION | MELTSNER STRATEGIES, LLC ON BEHALF OF INSTITUTE FOR RESPONSIVE GOVT ACTIONS, INC | EASTERN EFFECTS, INC. | FLORIDA COMMUNITY LOAN FUND | RADNET, INC. | SHIFT OPERATIONS LLC | CAPITAL MAGNET FUND COALITION (AD HOC COALITION) | MSA SECURITY | CRAWFORD, MURPHY & TILLY, INC. | LOCKHEED MARTIN CORPORATION | PREVENTATIVE AUTOMOTIVE MAINTENANCE ASSOCIATION (PAMA) | UNDERTONE, A PERION COMPANY | FIRSTRUST BANK | SWISHER INTERNATIONAL, INC. F/K/A SI GROUP CLIENT SERVICES | PARKWAY GARAGE, INC. | ASSOCIATION OF REGIONAL WATER ORGANIZATIONS | CAPITOL COUNSEL LLC ON BEHALF OF FIRSTFLOOR | DIGITAL CONTAINER SHIPPING ASSOCIATION | ESTATE DEBT COALITION"
114628,SAMANTHA,MACIEL,Sen. Kamala Harris District Representative,399,3,"CITY OF BUENA PARK | CITY OF DUBLIN | CITY OF SAN RAMON | CITY OF LAGUNA BEACH | PACIFIC SYMPHONY | CITY OF MISSION VIEJO | CITY OF PINOLE | CITY OF SOLEDAD | CARL ZEISS X-RAY MICROSCOPY, INC | CITY OF HALF MOON BAY | MERCED COUNTY ASSOCIATION OF GOVERNMENTS | CITY OF LOS ALAMITOS | CITY OF SOUTH PASADENA | SUNLINE TRANSIT AGENCY | COUNTY OF ORANGE | CITY OF COMPTON | COUNTY OF MARIPOSA | CITY OF AGOURA HILLS | CITY OF LIVERMORE | CITY OF WESTMINSTER | GOLDEN STATE NATURAL RESOURCES, INC. | CITY OF BREA | CITY OF CHINO HILLS | CITY OF LA VERNE | CITY OF OAKLAND | CALIFORNIA ACADEMY OF SCIENCES | TOWN OF DANVILLE | RANCHO SANTIAGO COMMUNITY COLLEGE DISTRICT | CITY OF HUNTINGTON BEACH | CITY OF GUADALUPE | CITY OF WHEATLAND | DISCOVERY SCIENCE FOUNDATION | SANTA CLARA VALLEY OPEN SPACE AUTHORITY | CITY OF CYPRESS | CITY OF LOMA LINDA | FILOLI | CITY OF FULLERTON | CITY OF TURLOCK | CONTRA COSTA FIRE PROTECTION DISTRICT | AVA COMMUNITY ENERGY | MONTEREY COUNTY REGIONAL FIRE DISTRICT | CITY OF AVALON | EAST BAY ZOOLOGICAL SOCIETY | CITY OF LA HABRA | CITY OF PLEASANTON | CITY OF SANTA CLARA | GRANADA COMMUNITY SERVICES DISTRICT"
21465,THOMAS,SHIPMAN,"Maj Staff Dir Sen Ag Cmte, Dep Und Sec Farm; Foreign Ag; LA Senate Member Office (Cochran); Senate Approps Cmte",399,9,"DESOTO COUNTY REGIONAL UTILITY AUTHORITY | IDAHO FOREST GROUP, LLC | INFANT SAFETY COMMITTEE, LLC | CORTEVA AGRISCIENCE LLC (FKA CORTEVA AGRISCIENCE) | NATIONAL HEALTHY START ASSOCIATION | FOUNDATION FOR MISSISSIPPI HISTORY | CALIFORNIA WALNUT COMMISSION | THE WONDERFUL COMPANY | COBANK | WASHINGTON STATE UNIVERSITY | CHOBANI YOGURT | JBS USA FOOD COMPANY | VALENT U.S.A. LLC | SUNRISE FOODS INTERNATIONAL (USA) INC. | CITY OF KNOXVILLE, TENNESSEE | CROPLIFE AMERICA | COTTON GROWERS WAREHOUSE ASSOCIATION | NATIONAL WILD TURKEY FEDERATION | UNIVERSITY OF MAINE SYSTEM | INTERNATIONAL FRESH PRODUCE ASSOCIATION | HORN CREEK LAKE BASIN INTERCEPTOR SEWER DISTRICT | TSS SOLUTIONS | PESTICIDE REGISTRATION IMPROVEMENT ACT COALITION | AMCOT | UNITED EGG PRODUCERS | MYSTIC AQUARIUM | HANGAR TECHNOLOGIES, INC. | SHELBY COUNTY, TN | SOUTHERN SHRIMP ALLIANCE | SOCIETY OF AMERICAN FLORISTS | NATIONAL SORGHUM PRODUCERS | TRIBAL SOLUTIONS GROUP | STATE OF HAWAII DEPARTMENT OF AGRICULTURE | SYSCO CORPORATION | C SPIRE | PANOLA PARTNERSHIP, INC. | LUGERT-ALTUS IRRIGATION DISTRICT | AMERICAN VETERINARY MEDICAL ASSOCIATION | AMERICAN SHEEP INDUSTRY ASSOCIATION | PRODUCE MARKETING ASSOCIATION | FLORIDA SUGAR CANE LEAGUE | AMERICAN FOREST FOUNDATION | HANCOCK COUNTY PORT AND HARBOR COMMISSION | CALIFORNIA ASSOCIATION OF WINEGRAPE GROWERS | MAINE COAST FISHERMANS ASSOCIATION"
67206,JASON,TAI,"Associate Professional Staff Member, House Transportation & Infrastructure Committee; Chief of Staff, Office of Rep. Dan Lipinski; Chief of Staff, Office of Rep. William Lipinski",398,13,"TOWN OF CICERO, IL | CONTRA COSTA TRANSPORTATION AUTHORITY | LUETKEHANS, BRADY, GARNER & ARMSTRONG, LLC ON BEHALF OF DUPAGE WATER COMMISSION | BUCHANAN INGERSOLL & ROONEY PC ON BEHALF OF SAN JOAQUIN REGIONAL RAIL COMMISSION | CANADIAN NATIONAL RAILWAY COMPANY | PELOTON INTERACTIVE, INC | INTERNATIONAL FUND FOR ANIMAL WELFARE | COMMUNITIES FOR RESPONSIBLE AND EFFICIENT WATERWAYS (CREW) | LOS ANGELES STREETCAR, INC. | CITY OF HERCULES | AMERICAN COUNCIL OF ENGINEERING COMPANIES | U.S. RAS ASSOCIATION-MIDWEST | VILLAGE OF BEDFORD PARK | ENVIRONMENTAL INVESTIGATION AGENCY | INTRAMOTEV | SAMBANOVA SYSTEMS | CAPE COD COMMERCIAL FISHERMANS ALLIANCE, INC. | SAN JOAQUIN REGIONAL RAIL COMMISSION | VILLAGE OF LEMONT, IL | STATES FOR PASSENGER RAIL COALITION | WOODS HOLE, MARTHA'S VINEYARD AND NANTUCKET STEAMSHIP AUTHORITY | TESLA, INC. | WEST CENTRAL MUNICIPAL CONFERENCE | CALIFORNIA INTERCITY RAIL CORRIDORS LINKING EVERYONE (CIRCLE) | ANIMAL LEGAL DEFENSE LEGISLATIVE FUND | VILLAGE OF ROSELLE | HDR, INC. | BORN FREE USA | BLANK ROME GOVERNMENT RELATIONS, ON BEHALF OF CANADIAN NATIONAL RAILWAY | VILLAGE OF CRESTWOOD | JOLIET REGIONAL PORT DISTRICT/LEWIS UNIVERSITY AIRPORT (KLOT) | ANIMAL LEGAL DEFENSE FUND | FISHING COMMUNITIES COALITION | BUMBLE BEE FOODS, LLC | NOSSAMAN LLP ON BEHALF OF SAN FRANCISCO COUNTY TRANSPORTATION AUTHORITY | SAN JOAQUIN JOINT POWERS AUTHORITY | CITY OF LOCKPORT, IL | AMERICAN CONCRETE PAVEMENT ASSOCIATION | MILHOUSE ENGINEERING AND CONSTRUCTION, INC, ON BEHALF OF COOK COUNTY DOT | VILLAGE OF ELMWOOD PARK, IL | SCALLOPERS CAMPAIGN | BUCHANAN INGERSOLL & ROONEY PC ON BEHALF OF SAN JOAQUIN JOINT POWERS AUTHORITY | NORTHEAST ILLINOIS REGIONAL COMMUTER RAILROAD CORPORATION"
62907,JULIE,PHILP,"LD, Rep. John Campbell; LA/Sr. LA Rep. Gil Gutknecht; LA and Scheduler Rep. Michael Burgess; LA and Scheduler Rep. Connie Morella; LA Ileana Ros-Lehtinen",394,2,"7 ELEVEN, INC. | PLANT MEDICINE COALITION | HIGHMARK HEALTH | PENNSYLVANIA HIGHER EDUCATION ASSISTANCE AGENCY | BEAM GLOBAL | WALGREEN CO. | LIVE NATION ENTERTAINMENT, INC. | ONEX CORPORATION | INVENTORS DEFENSE ALLIANCE (IDA) | FINCANTIERI MARINE GROUP LLC | AXEL SPRINGER | COMCAST CORPORATION | CHILD USA | ARTERA | TOYOTA MOTOR NORTH AMERICA, INC. | NEWSGUARD TECHNOLOGIES | BAYER CROPSCIENCE LP | CAPITAL DISTRICT PHYSICIAN'S HEALTH PLAN INC | CONTINENTAL TIRE THE AMERICAS, LLC FKA CONTINENTAL AUTOMOTIVE SYSTEMS US, INC. | PARAMOUNT SKYDANCE CORPORATION | COMMON SENSE MEDIA | MESA AIRLINES | INTERNATIONAL CODE COUNCIL (ICC) | ORACLE CORPORATION | LEAGUE OF WOMEN VOTERS OF THE UNITED STATES | UNITED STATES ANTI-DOPING AGENCY | GLOBE TECH | STRINGKING | VITA INCLINATA TECHNOLOGIES, INC. | EXPRESS SAVE INDUSTRIES, INC. | PLASTICS INDUSTRY ASSOCIATION | MARCH FOURTH | 11:11 MEDIA IMPACT | SOLESTISS | ENERGYSOLUTIONS | ARUNA PROJECT | BETTER MEDICARE ALLIANCE | BOYS & GIRLS CLUBS OF AMERICA | SOUNDEXCHANGE | PRINTING UNITED ALLIANCE | ENVIRONMENTAL WORKING GROUP | WEWORK MANAGEMENT LLC | APTIV, PLC | ART ASHES | COUNCIL FOR INNOVATION PROMOTION (C4IP) | THE JOCKEY CLUB | VASSAR COLLEGE | ONE LOVE FOUNDATION | UNIVERSITY OF NORTH CAROLINA AT CHARLOTTE | CENTINEL PUBLIC PARTNERSHIPS, LLC | OFFICE OF RONALD LAUDER | PORT HAMILTON REFINERY AND TRANSPORTATION, LLLP | NATIONAL ASSOCIATION OF REALTORS | ELEKTA INC. | FREEDOM AND OPPORTUNITY FOR ALL COALITION | NIKE INC | BOOK MANUFACTURERS INSTITUTE | CONTINENTAL TIRE THE AMERICAS, LLC"
43521,EDWARD,KRENIK,"Assoc. Admin. Cong. Affairs, EPA (2001-03); Leg.Director,Rep. Frelinghuysen (1994-2001); Leg. Asst./Assoc.Staff Rep.Dean Gallo (1989-94); Leg. Asst. Sen. Durenberger(1987-89)",390,26,"ENERCO GROUP, INC. | TIGO ENERGY, INC. | AIR CONDITIONING HEATING & REFRIGERATION INSTITUTE (FKA AIR CONDITIONING AND R) | WINDOW COVERING MANUFACTURERS ASSOCIATION | AVERY DENNISON CORPORATION | SALT RIVER PROJECT | SOCIETY FOR NEURO-ONCOLOGY | PORTABLE GENERATOR MANUFACTURERS ASSOCIATION (PGMA) | NUSTAR ENERGY CORPORATION | THE BOPPY COMPANY, LLC | DOCKATOT | SPEKS | SOUTHERN COMPANY | AMEREN | BREASTFEEDING AND INFANT DEVELOPMENT SUPPORT ALLIANCE (INFORMAL COALITION) | EQUINOR US OPERATIONS LLC | AQUESTIVE THERAPEUTICS | AIR LIQUIDE USA LLC | VISTRA ENERGY (FKA ENERGY FUTURE HOLDINGS) | POWER TOOL INSTITUTE INC | DENKA PERFORMANCE ELASTOMER LLC | POLARIS INDUSTRIES | PET RESIN ASSOCIATION | THAI UNION GROUP PCL | SUMITOMO RUBBER INDUSTRIES, LTD. | THE TREVOR PROJECT | CHENIERE ENERGY, INC. | AMERICAN AUTOMOTIVE LEASING ASSOCIATION (AALA) | THE JUDGE ROTENBERG CENTER | DREAMLAND BABY COMPANY | LEACHCO, INC. | SHINE MEDICAL TECHNOLOGIES | DUKE ENERGY CORPORATION | ENERGY FORWARD | NATIONAL BRAIN TUMOR SOCIETY | MOLDEX-METRIC, INC | VALERO ENERGY CORP | JOHNSON HEALTH TECH RETAIL INC. | GULF COAST WATER AUTHORITY | DREAM ON ME, INC. | RESIDENTIAL ELEVATOR COALITION (INFORMAL COALITION) | HUNTER DOUGLAS, INC. | NATIONAL AUTOMOBILE DEALERS ASSOCIATION | RINNAI AMERICA CORPORATION"
67763,ISRAEL,KLEIN,"Deputy Staff Director, Joint Economic Committee, Chairman Chuck Schumer; Senior Communications Advisor, Representative Ed Markey; Communications Director, Senator Chuck Schumer; Press Secretary and Legislative Assistant, Representative Ed Markey.",386,6,"TENASKA, INC. | CHEF ANN FOUNDATION | COALITION FOR APP FAIRNESS | SAMSARA INC. | CARBONFUND.ORG FOUNDATION | AON SERVICE CORPORATION | NATIONAL LIFELINE ASSOCIATION | AXON ENTERPRISE | AIR PRODUCTS AND CHEMICALS, INC. | AIRPORTS COUNCIL INTERNATIONAL - NORTH AMERICA | CRUISE LLC | PLAY SPORTS COALITION | KELLER POSTMAN LLC | MEDITERRANEAN SHIPPING COMPANY (USA) INC. | DIGITAL CURRENCY GROUP | U.S. TRAVEL ASSOCIATION | RIVIAN AUTOMOTIVE LLC | STANFORD UNIVERSITY | ALLIANCE TO PROTECT NANTUCKET SOUND | CVS HEALTH | DENVER INTERNATIONAL AIRPORT | NATIONAL GRID USA | RELX INC. | TELEVISION OPERATORS CAUCUS (TOC) | COLUMBUS PARTNERSHIP | FUNDPLAY FOUNDATION | P2P ALLIANCE | SAFE ADVERTISING COALITION | BURFORD CAPITAL LLC | METROPOLITAN NEW YORK COORDINATING COUNCIL ON JEWISH POVERTY | NATIONAL ASSOCIATION OF BROADCASTERS | BALLYS CORPORATION | TOMAHAWK ROBOTICS | CITY OF COMMERCE CITY | POTOMAC HOLDINGS, LLC | ORACLE AMERICA, INC. | RAVEN | WIGGINS CHILDS PANTAZIS FISHER GOLDFARB | ATNI | DALLAS FORT WORTH INTERNATIONAL AIRPORT | DANDELION ENERGY | SOLAMERICA ENERGY, LLC | INSP | SKYRYSE | CONSCIOUS CONTENT MEDIA INC. | ALDEN TORCH FINANCIAL LLC | SES AMERICOM INC. | SPARACINO PLLC | CONSORTIUM OF LEADING ASYLUM & REFUGEE SERVICE PROVIDERS (INFORMAL COALITION) | NORFOLK SOUTHERN CORPORATION | TRANSPORTATION RESEARCH CENTER | NEW YORK STATE BROADCASTERS ASSOCIATION | HEARST TELEVISION INC. | INTEL CORPORATION | GOLDEN STATE MEDICAL SUPPLY, INC. | HEROIC HEARTS PROJECT | CAMSTON WRATHER LLC | CISCO SYSTEMS | CIVITAS CAPITAL MANAGEMENT, LLC | NATIONAL ASSOCIATION OF ENERGY SERVICE COMPANIES (NAESCO)"
69556,JESSICA,TOCCO,"Confidential Assistant to Carlos Gutierrez, Secretary of Commerce",385,10,"SUSTAIN A VOLT | J. DERENZO COMPANIES | REROUTE AMERICAS | MAXEON AMERICAS, INC. | ASCENSUS | EDGEENERGY | VERUM INGREDIENTS INC. | HONEYCOMB DIGITAL INVESTMENTS, LLC | TRANSTAR AUTOBODY TECHNOLOGIES, LLC | LEMMA HOLDINGS INC. | AMERICUS ENERGY LLC | CARBON RIVERS, INC. | FLAMINGO AIR, INC. | QUANTUM COMPUTING, INC. | WATERKEEPER ALLIANCE | AESTHETIC MEDICAL PROVIDERS OF NEW HAMPSHIRE | ORIGIN PROPERTY GROUP | NEOVOLTA INC. | RIVERGREEN LLC | GALACTIC LITIGATION PARTNERS, LLC | CLEANLIGHT | ERD METAL INC. | MEDALLIA, INC. | CAMBRIDGE COLLEGE | MGM TRANSFORMER COMPANY | COMMUNITY FIRM (DBA COMMUNITY ECONOMIC DEFENSE PROJECT | A-TO-BE USA LLC | BLACK BUFFALO 3D CORPORATION | EXPION 360 INC. | FIRST SOURCE ELECTRONICS LLC | IDEAL OPTION, PLLC | DREW COMPANY | ONECHIROPRACTIC | RMS ENERGY CO. LLC | SPRINKLR | INTERSTATE BUSINESS SOLUTIONS | SALISBURY BEACH PARTNERSHIP | ALLIED POWER AND CONTROL | NEW CITY DEVELOPMENT PARTNERS | FASTGRID LLC | PANELMATIC ELECTRICAL SOLUTIONS, INC. | SHARC ENERGY SYSTEMS | INTELLECTUAL TECHNOLOGY, INC. | HAYNES GROUP INC. | DREAM CENTER INDIANAPOLIS | CDR MAGUIRE INC. | KAREN BACARDI | SOLARTECH ENERGY SYSTEMS, INC. | GREYSCAN AUSTRALIA PTY LTD. | VEHYA | MONETTE FARM | CERTIK | MUFON | WNDR GLOBAL, INC. | INDIGOV CORPORATION | KUCOIN | SIDEWINDER ENTERPRISES LLC | BLINK CHARGING CO. | EMURGO GROUP PTE. LTD. | CENTER PHASE ENERGY LLC | GRUPO ECOTEK | SMARTCTY | STATES MANUFACTURING CORPORATION | LOUNGE LIZARD WORLDWIDE INC. | KNOBELSDORFF ENTERPRISES, INC. | MOMENTUM CHARTER SOLUTIONS INC. | BLACKTEAL ENERGY"
67764,MATTHEW,JOHNSON,"Chief Counsel, Sen. John Cornyn; Senate Judiciary Committee.",383,3,"U.S. TRAVEL ASSOCIATION | RIVIAN AUTOMOTIVE LLC | STANFORD UNIVERSITY | ALLIANCE TO PROTECT NANTUCKET SOUND | NEW YORK STATE BROADCASTERS ASSOCIATION | HEARST TELEVISION INC. | CAMSTON WRATHER LLC | CISCO SYSTEMS | CIVITAS CAPITAL MANAGEMENT, LLC | NATIONAL ASSOCIATION OF ENERGY SERVICE COMPANIES (NAESCO) | ORACLE AMERICA, INC. | RAVEN | WIGGINS CHILDS PANTAZIS FISHER GOLDFARB | ATNI | DALLAS FORT WORTH INTERNATIONAL AIRPORT | TENASKA, INC. | CHEF ANN FOUNDATION | COALITION FOR APP FAIRNESS | SAMSARA INC. | CORNELL SMITH MIERL AND BRUTOCAO LLP ON BEHALF OF LTRA | CARBONFUND.ORG FOUNDATION | INTEL CORPORATION | GOLDEN STATE MEDICAL SUPPLY, INC. | HEROIC HEARTS PROJECT | DANDELION ENERGY | INSP | SKYRYSE | CONSCIOUS CONTENT MEDIA INC. | NORFOLK SOUTHERN CORPORATION | CRUISE LLC | PLAY SPORTS COALITION | KELLER POSTMAN LLC | MEDITERRANEAN SHIPPING COMPANY (USA) INC. | DIGITAL CURRENCY GROUP | RELX INC. | TELEVISION OPERATORS CAUCUS (TOC) | COLUMBUS PARTNERSHIP | FUNDPLAY FOUNDATION | P2P ALLIANCE | SAFE ADVERTISING COALITION | TRANSPORTATION RESEARCH CENTER | BURFORD CAPITAL LLC | METROPOLITAN NEW YORK COORDINATING COUNCIL ON JEWISH POVERTY | NATIONAL ASSOCIATION OF BROADCASTERS | BALLYS CORPORATION | TOMAHAWK ROBOTICS | CITY OF COMMERCE CITY | POTOMAC HOLDINGS, LLC | ALDEN TORCH FINANCIAL LLC | SES AMERICOM INC. | SPARACINO PLLC | CONSORTIUM OF LEADING ASYLUM & REFUGEE SERVICE PROVIDERS (INFORMAL COALITION) | AON SERVICE CORPORATION | NATIONAL LIFELINE ASSOCIATION | AXON ENTERPRISE | CVS HEALTH | DENVER INTERNATIONAL AIRPORT | NATIONAL GRID USA | AIR PRODUCTS AND CHEMICALS, INC. | AIRPORTS COUNCIL INTERNATIONAL - NORTH AMERICA"
78975,MAHLET,MAKONNEN,"Department of Veterans Affairs, Attorney Advisor",381,2,"THE VANGUARD GROUP, INC. | TOM JAMES COMPANY | OTC MARKETS | PUBLIC HOLDINGS, INC. | EXIGER | BUHLER QUALITY YARNS CORPORATION | HAMILTON SHIRTS, LTD. | MAUS & HOFFMAN | SECURITY TRADERS ASSOCIATION | FIDELITY NATIONAL FINANCIAL | HARDWICK CLOTHES | IMPERATIVE EXECUTION, INC. | DELL INC | ROCHESTER TAILORED CLOTHING, INC. | UNISON SOFTWARE, INC. | RIPPLE LABS, INC. | INDEXED ANNUITY LEADERSHIP COUNCIL | GCOM SOFTWARE LLC D/B/A VOYATEK | AMERICAN EQUITY INVESTMENT LIFE HOLDING COMPANY | VEEAM SOFTWARE CORP | CALIFORNIA STATE TEACHERS' RETIREMENT SYSTEM | W DIAMOND GROUP CORPORATION | FEDERAL HOME LOAN BANK OF CINCINNATI | BLOOMBERG LP | HICKEY FREEMAN TAILORED CLOTHING, INC | NEW ENGLAND SHIRT CO | FEDERATION OF EXCHANGE ACCOMODATORS, INC. | ELLIOTT MANAGEMENT | REINSURANCE ASSOCIATION OF AMERICA | JOSEPH ABBOUD MANUFACTURING CORP (FKA J.A. APPAREL CORP)"
143793,CHRISTOPHER,COOPER,"Chief Appropriations Counsel,Chief of Staff,Legislative Director,Senior Legislative Assistant,Legislative Assistant for David Joyce (2013-2023) & Legislative Assistant/ Correspondent,Staff Assistant,Legislative Intern for Steven LaTourette(2011-2013)",380,1,"NORTH CAROLINA BIOTECHNOLOGY CENTER | COMMUNITIES IN SCHOOLS OF OHIO | MEDICINES360 | PRELUDEDX | TEGA THERAPEUTICS | VIGIL NEURO | NAWBO COLUMBUS CHAPTER | PRODUCE PERKS MIDWEST | CEFALY | EPILEPSIES ACTION NETWORK | MY PROJECT USA | OLIGO NATION | WOMENS HEALTH ADVOCATES | JOBS FOR OHIOS GRADUATES | MCPC INC | CYBERSTAR | SHEPHERD THERAPEUTICS | UNITED WAY OF CENTRAL OHIO | DASI SIMULATIONS | PAST FOUNDATION | VIRGINIA BIO | BREAST CANCER RUCKUS | AMERICAN TYPE CULTURE COLLECTION (ATCC) | HUMACYTE | MAY HEALTH | SEEDS OF LITERACY | FOCUSED ULTRASOUND FOUNDATION | PATCHRX | ASPIRA WOMENS HEALTH | HEALTHYWOMEN | PREGNANT WITH POSSIBILITIES RESOURCE CENTER | CELMATIX | AMERICAVIEW | WOMENS HEALTH ACCESS MATTERS | HYPERLOOP TRANSPORTATION TECHNOLOGIES | AUSTINPX | AMERICAN MEDICAL WOMENS ASSOCIATION | NEUROWAVE SYSTEMS INC | BIOLOGIC INPUT OUTPUT SYSTEMS, INC (BIOS) | AMERICAN EPILEPSY SOCIETY | S.U.C.C.E.S.S. FOR AUTISM | FREEDOM A LA CART | RAPID FORENSIC CELL TYPING | VOLTRON THERAPEUTICS | AIRDEX, INC. DBA ATA AVIATION | BREAST CANCER EARLY DETECTION COALITION | NOVAGARD | HEALTH & ENVIRONMENTAL FUNDERS NETWORK LEAD FUNDERS ACTION NETWORK | GIRL SCOUTS OF NORTH EAST OHIO | RADPAD/WORLDWIDE INNOVATIONS & TECHNOLOGIES | JENNINGS CENTER FOR OLDER ADULTS | MAYNE PHARMA | CENTERLINE BIOMEDICAL | ORBITAL RESEARCH INC | CDX DIAGNOSTICS"
102589,FRED,TURNER,"COS, Sen. Menendez; COS, US Commission on Security and Cooperation in Europe; COS, Rep. Hastings, Associate Staff of House Rules Committee",377,3,"HNTB CORPORATION | SAMSUNG ELECTRONICS AMERICA | QUALCOMM INCORPORATED | CATHOLIC HEALTH | WK KELLOGG CO (FKA KELLOGG COMPANY) | CORNING INCORPORATED | CJ AMERICA, INC. | RED WHITE AND BLUE, LLC | KELLANOVA | WORLD DOG ALLIANCE (HONG KONG) LIMITED | JYSAN HOLDINGS | KEAN UNIVERSITY | LIBERTY MEDIA CORPORATION | IRANIAN AMERICAN COMMUNITY OF NORTHERN CALIFORNIA | DHL EXPRESS (USA), INC. | AMERICANS FOR TRANSPARENCY AND ACCOUNTABILITY | COVANTA HOLDING CORPORATION | SNAP INC. | U.S. MANUFACTURING INNOVATION COUNCIL | GOLDEN VALLEY ELECTRIC ASSOCIATION | TUSK PHILANTHROPIES | ARMIS | GRUBHUB HOLDINGS, INC. | AMPLIFY EDUCATION, INC. | MELTSNER STRATEGIES ON BEHALF OF PROJECT FOR ELECTION INFRASTRUCTURE | ENTERTAINMENT SOFTWARE ASSOCIATION | MARCUM LLP | AT CAPITAL PTE. LTD. | NATIONAL HEALTHY START ASSOCIATION | RTX CORPORATION AND AFFILIATES (FKA RAYTHEON TECHNOLOGIES CORP. AND AFFILIATES) | CLEARY GOTTLIEB STEEN & HAMILTON LLP ON BEHALF OF VENEZUELA CREDITOR COMMITTEE | CAREER EDUCATION COLLEGES AND UNIVERSITIES | ONTARIO TEACHERS' PENSION PLAN | UNIVERSITY OF NOTRE DAME | TEXTRON, INC. | SC HEALTH SPV, LLC | CALIFORNIA WALNUT COMMISSION | TOP ACES CORP. | GLOBAL RISK ADVISORS | GLOBE SPECIALTY METALS, INC. | COACH USA | ALG SENIOR LLC | GEOCOMPLY SOLUTIONS INC. | RAZOM, INC. | ENSCO | ABT ASSOCIATES | THE REGENTS OF THE UNIVERSITY OF MICHIGAN | S&P GLOBAL | EUROHOLD BULGARIA AD | QUOTE VELOCITY"
70852,HAZEN,MARSHALL,"Policy Director-Senate Majority Leader Mitch McConnell; Staff Director, Senate Budget Committee-Senator Don Nickles; Deputy Chief of Staff/Economist, Office of Asst. Majority Leader-Senator Don Nickles; Legislative Assistant-Senator Don Nickles",377,13,"SANOFI U.S. SERVICES, INC. | GRAIL, INC. | AMGEN USA INC. | FORD MOTOR COMPANY | GENENTECH, INC. | PHARMACEUTICAL RESEARCH AND MANUFACTURERS OF AMERICA | VERIZON COMMUNICATIONS, INC. | AIRPORTS COUNCIL INTERNATIONAL - NORTH AMERICA | ABBVIE INC. | FEDERATION OF AMERICAN HOSPITALS | FGA ACTION, INC | DAIICHI SANKYO, INC. | GOOGLE CLIENT SERVICES LLC | CURIE BIO OPERATIONS, LLC | THE BIG 12 CONFERENCE, INC. | BRIDGEBIO PHARMA | 3M COMPANY | AICPA ASSOCIATION OF INTERNATIONAL CERTIFIED PROFESSIONAL ACCOUNTANTS | PERSONAL CARE PRODUCTS COUNCIL | THE BIG TEN CONFERENCE, INC. | CITIZENS FOR RESPONSIBLE ENERGY SOLUTIONS | ENTERTAINMENT SOFTWARE ASSOCIATION | BRISTOL-MYERS SQUIBB COMPANY | ALTRIA CLIENT SERVICES | PFIZER, INC. | PAC-12 CONFERENCE | ELI LILLY AND COMPANY | HOUSE RX, INC. | CSL BEHRING | JP MORGAN CHASE HOLDINGS, LLC | A PLACE FOR MOM, INC. | BUTTERFLY NETWORK, INC. | ATLANTIC COAST CONFERENCE | JAZZ PHARMACEUTICALS, INC. AND ITS SUBSIDIARIES, INCLUDING GREENWICH BIOSCIENCES | SOUTHEASTERN CONFERENCE | ABBOTT LABORATORIES | VERTEX PHARMACEUTICALS INCORPORATED | SUN PHARMACEUTICAL INDUSTRIES, INC. | GLAXOSMITHKLINE"
67990,DOUGLAS,NAPPI,"General Counsel, Counsel US Senate Committee on Banking, Housing & Urban Affairs",375,6,"U.S. MORTGAGE INSURERS | THE MAJORITY GROUP, LLC (ON BEHALF OF SAGENT) | INVESCO HOLDING COMPANY (US), INC. | ELECTRONX | INVESTMENT COMPANY INSTITUTE | MONARCH ALTERNATIVE CAPITAL LP | FINANCIAL INDUSTRY REGULATORY AUTHORITY | INVICTUS GLOBAL MANAGEMENT | DEFI EDUCATION FUND | ENOVA INTERNATIONAL | GLOBAL TRADING SYSTEMS, LLC | ARNOLD & ITKIN | SOLANA POLICY INSTITUTE | ALLSTATE INSURANCE COMPANY | MANAGED FUNDS ASSOCIATION | FIR TREE PARTNERS | UNITED STATES CHAMBER OF COMMERCE/CENTER FOR CAPITAL MARKETS COMPETITIVENESS | MOODY'S CORPORATION | BIPARTISAN POLICY CENTER ACTION | LOAN SYNDICATIONS AND TRADING ASSOCIATION | WEBBANK | FINANCIAL ACCOUNTING FOUNDATION | AUCTION.COM | MEMBERS EXCHANGE | PADSPLIT | PRETIUM | FERMAT CAPITAL MANAGEMENT | ECONOMIC SECURITY PROJECT ACTION | NATIXIS INVESTMENT MANAGERS, LLC | NATIONAL RENTAL HOME COUNCIL | SNAPDOCS, INC. | CAPITAL ONE FINANCIAL CORPORATION | EXPERIAN NORTH AMERICA | WESTCOR LAND TITLE INSURANCE COMPANY | BANCO AZTECA, SA | CLEO | NETFLIX"
68994,COLIN,HAYES,"Staff Director, U.S. Senate Committee on Energy & Natural Resources",375,18,"BALL CORPORATION | RECURRENT ENERGY, LLC | PRIMERGY SOLAR | ORSTED NORTH AMERICA INC. | CENTERLINE ACTION, INC. | NORTH SLOPE BOROUGH | SCHNEIDER ELECTRIC | ENGIE NORTH AMERICA, INC. | BREAKTHROUGH ENERGY ACTION | NATIONAL MINING ASSOCIATION | CANDELA RENEWABLES, LLC | AMERICAN CLEAN POWER ASSOCIATION | DELOREAN POWER | BPC ACTION (BIPARTISAN POLICY CENTER) | CLEAN ENERGY GRID ACTION | THE ALUMINUM ASSOCIATION | CLEARWAY ENERGY GROUP | PINE GATE RENEWABLES, LLC | NATIONAL WOODEN PALLET AND CONTAINER ASSOCIATION | ZERO EMISSION TRANSPORTATION ASSOCIATION (ZETA) | SOLIDUS RESOURCES, LLC | AMBLER METALS LLC | AMERICAN PHYSICAL SOCIETY | AMERICAN FLEET LEADERSHIP COALITION | BLUE RIDGE POWER LLC | NATIONAL ASSOCIATION OF WATER COMPANIES | TRI STATE GENERATION AND TRANSMISSIONASSOCIATION | ADVANCED ENERGY UNITED (FKA ADVANCED ENERGY ECONOMY) | MULBERRY MAGNETICS, INC. | NRG ENERGY | CLENERA, LLC | CENTER FOR COUNTERING DIGITAL HATE | BALANCED ROCK POWER, LLC | IP RENEWABLE ENERGY HOLDINGS LLC | AMERICAS GOLD AND SILVER CORPORATION | CRUSOE TECHNOLOGIES (FKA CRUSOE ENERGY) | LARAMIDE RESOURCES | REGAL BELOIT AMERICA, INC. | MICROSOFT CORPORATION | BAKER HUGHES COMPANY | NATIONAL PARK FOUNDATION | NATIONAL ELECTRICAL MANUFACTURERS ASSOCIATION (NEMA) | SMART GREEN AVIATION GROUP, INC (DBA CONNECT AIRLINES) | BROAD REACH POWER | NORTHERN CALIFORNIA POWER AGENCY | THE HEAR COALITION CORPORATION"
143287,KELSEY,CARLSON,"Special Assistant, National Security Council; Special Assistant, International Trade Administration, Dept of Commerce; Policy Advisor, Office of the Deputy Chief of Staff, Executive Office of the President; Confidential Assistant, Dept of Commerce",373,2,"REVANCE THERAPEUTICS INC. | GENUS LIFESCIENCES | U.S. RENAL CARE | IOR PARTNERS | MEDICAL DEVICE MANUFACTURERS ASSOCIATION | ACCURAY INCORPORATED | EAGLE PHARMACEUTICALS INC. | ENDO USA, INC., A MALLINCKRODT-ENDO COMPANY | CATALYST PHARMACEUTICALS | ILLUMINA, INC. | SUMITOMO PHARMA CO., LTD. (FORMERLY SUNOVION PHARMACEUTICALS, INC.) | TENNESSEE RURAL HEALTH IMPROVEMENT ASSOCIATION (FKN TENNESSEE FARM BR. ASSN.) | TERUMO BCT | NEUROTECH PHARMACEUTICALS | ENZYVANT THERAPEUTICS GMBH | AMGEN INC. | HORIZON THERAPEUTICS USA, INC. (FKA HORIZON PHARMA USA, INC.) | HARMONY BIOSCIENCES, LLC | STERIS CORPORATION | BOEHRINGER INGELHEIM PHARMACEUTICALS, INC. | BROOKDALE SENIOR LIVING INC. | MOMENTOUS | ANIVIVE LIFESCIENCES | LIVANOVA USA INC | TEK84 | SUPERNUS PHARMACEUTICALS INC | COLLEGIUM PHARMACEUTICAL | MASIMO | BIOGEN INC. | THERAGEN, INC. | ASTELLAS PHARMA US | SPARK THERAPEUTICS, INC. | THE ALLERGY, ASTHMA & SINUS CENTER | GILEAD SCIENCES, INC. | NEVRO CORPORATION | SSI GROUP | GLAUKOS CORPORATION (FKA AVEDRO, INC.) | ORGANON & CO. | BIOTISSUE | ARDELYX, INC. | WE WORK FOR HEALTH | INSTITUTE FOR GENE THERAPIES | PHARMING HEALTHCARE, INC. | LIFEWARD (FORMERLY REWALK ROBOTICS, INC.) | AURION BIOTECH | SPARC | SCPHARMACEUTICALS, INC."
62308,JENNIFER,WALSH,"AA; Deputy COS, COS: Rep. Dennis Cardoza; Field Representative: Rep. Vic Fazio; Staff Asst, Program Dir, EA: House Democratic Caucus",372,11,"SAN LUIS & DELTA-MENDOTA WATER AUTHORITY | TRACY HILLS HOLDING COMPANY LLC | ARTHRITIS KNEE PAIN CENTERS | ENDO USA, INC., A MALLINCKRODT-ENDO COMPANY | EQUIMED CORP | HAYMARKET MEDIA, INC. | LASH OPCO, LLC | FUELCELL ENERGY, INC. | CIOX HEALTH | QUICKMD | LIVELY | CONTINENTAL GENERAL HOLDINGS, LLC | SAN DIEGO COUNTY WATER AUTHORITY | BAUSCH HEALTH COMPANIES, INC. | LIVANOVA USA | HALOMD | CARDIAC RMS | JOHNSON CONTROLS, INC. | PAR HEALTH USA, LLC | NEXUS BRANDS GROUP, LLC | TEAM CYMRU, INC | OMEGA FLEX, INC. | SIGNATURE HEALTHCARE SERVICES, LLC | ENVISION HEALTHCARE (FORMERLY KNOWN AS EMCARE INC.) | HEALTHCARE REIMBURSEMENT SERVICES, INC. | BONUMOSE, INC. | FOUNDATION CONSUMER HEALTHCARE LLC | HANGER INC (FORMERLY HANGER ORTHOPEDIC) | CALIFORNIA HOSPITAL ASSOCIATION | CONSERVICE PARENT LLC | IRONROD HEALTH | RHYTHM MANAGEMENT GROUP | VECTOR REMOTE CARE | QUALITY REIMBURSEMENT SERVICES (QRS, INC.) | RAPID VIRAL DETECTION SYSTEMS LLC | CENTRAL COAST GARDEN PRODUCTS | MONUMENT | PERSONALIZED MEDICINE COALITION | OCTAGOS HEALTH, INC. | OMEGAFLEX"
67819,ANA,MA,"Chief of Staff, Congressman Raul Grijalva Chief of Staff, Small Business Administration Chief of Staff, Department of Labor",372,11,"PIMA COUNTY | SALT RIVER PROJECT | PAGE UTILITY ENTERPRISES | MOUNTAIN CAPITAL PARTNERS, LLC | ARIZONA DEPARTMENT OF TRANSPORTATION | TOWN OF SAHUARITA | GHOST MANAGEMENT GROUP, LLC | CITY OF SOMERTON (AZ) | CITY OF WINSLOW | TOWN OF SUPERIOR (ARIZONA) | DOUGLAS COUNTY SEWER DISTRICT NO. 1 | COCONINO COUNTY | CITY OF TOLLESON | CITY OF GLOBE, ARIZONA | KB HOME | TRI-CITY REGIONAL SANITARY DISTRICT | HYDRONALIX, INC. | CITY OF BUCKEYE (ARIZONA) | CITY OF WILLISTON (ND) | SANTA CRUZ COUNTY | CITY OF KINGMAN | GRAND RIVER BANDS OF OTTAWA INDIANS | DOUGLAS COUNTY | CITY OF COTTONWOOD | CITY OF FLAGSTAFF | CITY OF DOUGLAS, ARIZONA | SERRATO CORPORATION | BUCKSKIN SANITARY DISTRICT | NORTHERN ARIZONA INTERGOVERNMENTAL PUBLIC TRANSPORTATION AUTHORITY | CITY OF MARICOPA | CHILDREN'S MUSEUM TUCSON | CITY OF GOODYEAR (ARIZONA)"
70067,MONICA,POPP,"Chief of Staff/Deputy Chief of Staff, Office of Senate Republican Whip John Cornyn; Professional Staff Member, U.S. House of Representatives-Energy & Commerce Committee; Legislative Assistant, Senator Jim DeMint",371,8,"JAZZ PHARMACEUTICALS, INC. AND ITS SUBSIDIARIES, INCLUDING GREENWICH BIOSCIENCES | SOUTHEASTERN CONFERENCE | ABBOTT LABORATORIES | VERTEX PHARMACEUTICALS INCORPORATED | AIRPORTS COUNCIL INTERNATIONAL - NORTH AMERICA | ABBVIE INC. | FEDERATION OF AMERICAN HOSPITALS | DAIICHI SANKYO, INC. | AMGEN USA INC. | FORD MOTOR COMPANY | GENENTECH, INC. | PHARMACEUTICAL RESEARCH AND MANUFACTURERS OF AMERICA | VERIZON COMMUNICATIONS, INC. | 3M COMPANY | AICPA ASSOCIATION OF INTERNATIONAL CERTIFIED PROFESSIONAL ACCOUNTANTS | PERSONAL CARE PRODUCTS COUNCIL | THE BIG TEN CONFERENCE, INC. | BRIDGEBIO PHARMA | THE BIG 12 CONFERENCE, INC. | GOOGLE CLIENT SERVICES LLC | CURIE BIO OPERATIONS, LLC | JP MORGAN CHASE HOLDINGS, LLC | A PLACE FOR MOM, INC. | BUTTERFLY NETWORK, INC. | ALTRIA CLIENT SERVICES | PFIZER, INC. | PAC-12 CONFERENCE | ELI LILLY AND COMPANY | CITIZENS FOR RESPONSIBLE ENERGY SOLUTIONS | ENTERTAINMENT SOFTWARE ASSOCIATION | BRISTOL-MYERS SQUIBB COMPANY | CSL BEHRING | HOUSE RX, INC. | SUN PHARMACEUTICAL INDUSTRIES, INC. | GLAXOSMITHKLINE | SANOFI U.S. SERVICES, INC. | GRAIL, INC. | ATLANTIC COAST CONFERENCE"
140316,ELIZABETH,FOLEY,LA - Rep. McCollum,369,1,"DARTMOUTH COLLEGE | NATIONAL ASSOCIATION OF CREDIT SPECIALISTS | HALOMINE, INC. (D/B/A AVANTGUARD, INC.) | LINCOLN THERAPEUTICS | CEDARS-SINAI MEDICAL CENTER | INTELSAT GENERAL | GAME AEROSPACE | INTERNATIONAL SAFETY EQUIPMENT ASSOCIATION | HEALTHCARE STERILE PROCESSING ASSOCIATION | TOURO UNIVERSITY | RION INC. | THRIXEN | PROVIDENCE COLLEGE | NATIONAL BLACK COALITION OF FEDERAL AVIATION EMPLOYEES | NATIONAL FIRE SPRINKLER ASSOCIATION | FAIRVIEW HEALTH SERVICES | UNIVERSITY OF IDAHO | BLOOM ENERGY | MASSIF | UNIVERSITY OF UTAH | NATIONAL VOLUNTEER FIRE COUNCIL | HACKENSACK UNIVERSITY HEALTH NETWORK | NATIONAL BORDER PATROL COUNCIL | THE HAP FOUNDATION | TOBACCO 21 | UNITED STATES CAPITOL POLICE LABOR COMMITTEE | UNIVERSITY OF SAINT THOMAS | GLUCOTRACK, INC. | ASSOCIATION OF SURGICAL TECHNOLOGISTS | KOA BIO, LLC | FRONTIER PHARMACEUTICALS | PROGENY SYSTEMS | PARKER UNIVERSITY | AURAVAX THERAPEUTICS | ENERGETICS TECHNOLOGY CENTER | FRONTLINE WILDFIRE DEFENSE SYSTEMS | COMPREHENSIVE COMMUNICATION SERVICES | SHEPPARD PRATT HEALTH SYSTEM | PANTHERA VAX | OLD BRIDGE MINERALS | DAUNTLESS AIR | L3HARRIS TECHNOLOGIES | NATIONAL HISPANIC COALITION OF FEDERAL AVIATION EMPLOYEES | MOLDEX-METRIC, INC."
68758,OSWALDO,PALOMO,"L.A., Rep. Walsh; Staff Assistant, Rep. Walsh",366,2,"BOSTON ASSET MANAGEMENT ASSOCIATION, INC. | SK HYNIX AMERICA, INC. | AMERICAN PROMISE, INC. | FMR LLC | AMAZON.COM (FRA PILLPACK AN AMAZON COMPANY) | NEW PROFIT/AMERICA FORWARD | ATX NETWORKS | BLUESTAR STRATEGIES IN SUPPORT OF SCHOLARLY PUBLISHING & ACADEMIC RESOURCES COAL | COALITION FOR STUDENT OPPORTUNITY AND SUCCESS | ENOVA INTERNATIONAL, INC. | HILL EAST GROUP ON BEHALF OF AIRPORTS COUNCIL INTERNATIONAL - NORTH AMERICA | GRAMERCY FUNDS MANAGEMENT, LLC | CAPITOL HILL PARTNERS ON BEHALF OF AMERICAN CAMP ASSOCIATION | EMPOWER RETIREMENT LLC (FKA GREAT-WEST LIFE & ANNUITY INSURANCE COMPANY) | TICKPICK,LLC | RETHINK FOOD USA, INC. | AMERICAN FRIENDS OF KOSOVO - AN AD HOC COALITION | COLUMBIA SOUTHERN UNIVERSITY | CSG USA INC | SK AMERICAS, INC | ILLUMINA, INC. | PUTNAM INVESTMENTS | THE COHASSET GROUP ON BEHALF OF BLUESTAR MEDICAL | METRIPORT INC. | GREATER NEW YORK HOSPITAL ASSOCIATION | OW NORTH AMERICA LLC | UNIFORMED FIREFIGHTERS ASSOCIATION | ESTAR PARTNERS, LLC | HYUNDAI MOTOR COMPANY | GREAT GRAY TRUST COMPANY, LLC | AMHERST RESIDENTIAL LLC | CAPITOL HILL PARTNERS ON BEHALF OF AMERICAN STUDENT ASSISTANCE | IHEARTMEDIA | CORN REFINERS ASSOCIATION | HEADING HOME | NATIONAL GRID USA SERVICE COMPANY INC | EDUCATION FINANCE COUNCIL | TRELLIS COMPANY | TRIUMVIRATE ENVIRONMENTAL | MAYER BROWN ON BEHALF OF FREEDOM HOLDING CORP | ARTHUR KILL TERMINAL LLC | PILLSBURY WINTHROP SHAW PITTMAN LLP ON BEHALF OF BEMOL RETAIL SLR | QUANTUM XCHANGE | TWELVE BENEFIT CORP | MEDIACOM COMMUNICATIONS CORPORATION | AFINITI | MASSACHUSETTS EDUCATIONAL FINANCING AUTHORITY"
62920,CHRIS,GASTON,"Chief of Staff, Rep. Rush Holt",365,3,STATE STREET BANK AND TRUST CO. | EDWARD JONES INVESTMENTS | VANGUARD GROUP | MORGAN STANLEY & CO. LLC | NATIONAL RURAL ELECTRIC COOPERATIVE ASSN | EMPOWER RETIREMENT LLC | LPL FINANCIAL | LINCOLN NATIONAL CORPORATION | TIAA | MISSIONSQUARE RETIREMENT | FMR LLC | NATIONWIDE INSURANCE COMPANIES | AMERICAN BENEFITS COUNCIL | TRANSAMERICA LIFE INSURANCE COMPANY | MASSACHUSETTS MUTUAL LIFE INSURANCE COMPANY | SPARK INSTITUTE | RETIREMENT INDUSTRY TRUST ASSOCIATION | BROKER/DEALER COORDINATION GROUP | INSPIRA FINANCIAL | COMMITTEE OF ANNUITY INSURERS | COLLEGE SAVINGS FOUNDATION | INSPERITY | HOUSING ADVISORY GROUP | GIRL SCOUTS OF THE USA | NATIONAL ASSN OF PROFESSIONAL EMPLOYER ORGANIZATIONS
52320,JASON,POBLETE,Rep. Bill Thomas; Committee on House Administration,365,22,"PINGREE | MRS. GEORGENE OSTREICHER | SCHECHTER ROSOFF HERTZBERG FAMILIES | THE RITTER FAMILY | THE WASSALL FAMILY | HON. JOHN L. LOEB, JR. | THE SCOTT FAMILY | MS. DORI KAPLAN | THE RACITI FAMILY | PIEDRA FAMILY | SUSAN FALGOUT | BRANDON FAMILY | MS. MARGERY ELLEN LEEDER AND FAMILY | THE BUTTENHEIM FAMILY | PAGANINI | THE COLEMAN FAMILY | THE CONDON (VEEDER) FAMILY | ALEJANDRA SOFIA CASTILLO | OLGA FERNANDEZ | EARL TY M. OSTREICHER, JR. | SHARON OSTREICHER | MS. DO THI HONG VIET | MS. ELIZABETH SIMPSON AND FAMILY | MS. CAROLYN CHESTER AND FAMILY"
140175,BEN,HARNEY,"Deputy Staff Director, House Oversight Committee; Counsel, House Financial Services Committee; Counsel, Rep. Carolyn B. Maloney",365,1,"MELLON FINANCIAL SERVICES CORPORATE #1 (FORMERLY BANK OF NEW YORK MELLON CORP.) | FMR LLC | AMERICAN BANKERS ASSOCIATION | THE GLOBAL ATLANTIC FINANCIAL GROUP LLC | MISSIONSQUARE RETIREMENT | SENTILINK | AMERICAN INVESTMENT COUNCIL | SECURITIES INVESTOR PROTECTION CORPORATION | MERCURY TECHNOLOGIES, INC. | INSTITUTE OF INTERNATIONAL BANKERS | CENTER FOR CAPITAL MARKETS COMPETITIVENESS, U.S. CHAMBER OF COMMERCE | THE DEPOSITORY TRUST & CLEARING CORPORATION | AMERICAN EXPRESS COMPANY | COINBASE, INC. | TD BANK, N.A. | SWIFT, INC. | JPMORGAN CHASE HOLDINGS LLC | FISERV, INC. | CRYPTO COUNCIL FOR INNOVATION | AMERICAN EXPLORATION AND PRODUCTION COUNCIL (AXPC) | BLACKROCK FUNDS SERVICES GROUP LLC (FORMERLY BLACKROCK CAPITAL MANAGEMENT INC.) | LONDON STOCK EXCHANGE GROUP PLC | TWO SIGMA INVESTMENTS, LP | GEN DIGITAL INC (FORMERLY REPORTED AS MONEYLION TECHNOLOGIES INC. (MONEYLION) | WELLINGTON MANAGEMENT CO LLP | THE HARTFORD FINANCIAL SERVICES GROUP, INC. | EARLY WARNING SERVICES, LLC | FRANKLIN SQUARE HOLDINGS, L.P. | LEIF TECHNOLOGIES, INC. | AMAZON CORPORATE, LLC | FINANCIAL INDUSTRY REGULATORY AUTHORITY (""FINRA"" FORMERLY NASD) | WISE US INC."
59932,JASON,ROSENSTOCK,"Legislative Counsel, Rep. Tom Lantos",364,2,"ERNST & YOUNG U.S. LLP (EY) | AVANCI | PAYPAL | AMERICAN FINANCIAL SERVICES ASSOCIATION (AFSA) | PROTECT AMERICA'S SMALL SELLERS COALITION (INFORMAL COALITION) | SEEKOUT | ONEMAIN FINANCIAL GROUP, LLC | INCOMM HOLDINGS, INC. | THE GOODYEAR TIRE & RUBBER COMPANY | FINANCIAL SERVICES INSTITUTE | INTERDIGITAL, INC. | FORWARD FINANCING LLC | TRIPADVISOR LLC | INDEED, INC. | PUBREC LLC ON BEHALF OF PEOPLECONNECT | EBAY INC | FISHER INVESTMENTS | ROBINHOOD | REMITLY, INC. | T-MOBILE USA, INC. | JACKSON NATIONAL LIFE INSURANCE COMPANY | ENCORE CAPITAL GROUP | EQUIFAX INC. | ACORNS | NATIONAL PREMIUM FINANCING ASSOCIATION | FLUOR CORPORATION | JM FAMILY ENTERPRISES, INC | NATIONAL ASSOCIATION OF MUTUAL INSURANCE COMPANIES | COMCAST CORPORATION | PATHWARD, N.A."
65356,MICHAEL,HIGDON,"Rep. Hal Rogers: Chief of Staff/Appropriations Associate 2011-2013, Legislative Director 2007-2011; Legislative Asst 2003-2007; Rep. Roscoe Bartlett: Legislative Asst 2002-2003; Rep. Ron Packard Legis. Correspondent 1999-2001",363,7,"VIKEN DETECTION | BATTELLE MEMORIAL INSTITUTE | O'BRIEN, GENTRY, AND SCOTT LLC OBO DSG TECHNOLOGY | NATIONAL ASSOCIATION OF DEVELOPMENT ORGANIZATIONS | INTACT TECHNOLOGY | FLEXSYS AMERICA L.P. | CACI INTERNATIONAL, INC | GENERAL ATOMICS | THRUVISION AMERICA | C2 STRATEGIES (FORMERLY O'BRIEN, GENTRY, & SCOTT) OBO AXNES A/S | SEMPLASTICS LLC | MERCURY SYSTEMS, INC. | MARATHON TARGETS INC. | CHANTIER DAVIE CANADA INC. | HEAVISIDE INDUSTRIES INC. | LAM LHA OBO EXRUPTIVE | ORACLE CORPORATION | SAILDRONE INC. | C2 STRATEGIES (FORMERLY O'BRIEN, GENTRY, & SCOTT LLC) OBO RIVEER | C2 STRATEGIES (FORMERLY O'BRIEN, GENTRY & SCOTT) OBO HDT GLOBAL | TELEDYNE FLIR (FORMERLY FLIR SYSTEMS INC AND SUBSIDIARIES) | GOODYEAR TIRE & RUBBER COMPANY | C2 STRATEGIES (FKA O'BRIEN,GENTRY,& SCOTT) OBO BLUESKY INNOVATIONS HOLIDINGS INC | O'BRIEN, GENTRY, AND SCOTT OBO SATELLES, INC. | SUMMIT POINT TRAINING FACILITY | C2 STRATEGIES (FORMERLY O'BRIEN, GENTRY, & SCOTT) OBO X-BOW LAUNCH SYSTEMS | CUBIC CORPORATION | ANALOGIC CORPORATION | PROXFLYER AS | NATIONAL HEAD START ASSOCIATION | ISTARI, INC. | INTRAMOTEV, INC. | C2 STRATEGIES (FKA O'BRIEN,GENTRY,& SCOTT) OBO GREEN AMMO AS"
115644,LAURI,NG,"Senior Counsel, House Financial Services Committee",362,1,"UNITED SERVICES AUTOMOBILE ASSOCIATION (USAA) | POULTON ASSOCIATES, LLC | TIAA | SOFI TECHNOLOGIES, INC. | B.S.D. CAPITAL, INC. DBA LENDISTRY | INTUIT, INC. AND AFFILIATES | AFLAC, INC. | RENAISSANCE RE NORTH AMERICA | MELLON FINANCIAL SERVICES CORPORTATION #1 | BILT TECHNOLOGIES, INC. | ZESTFINANCE, INC. DBA ZEST AI | MUTUAL OF OMAHA INSURANCE COMPANY | THE AUTO CLUB GROUP | PRUDENTIAL FINANCIAL, INC. | KROLL BOND RATING AGENCY, INC. | PROTECTIVE LIFE CORPORATION | SOLO FUNDS | STATE FARM INSURANCE COMPANIES | WESTERN ALLIANCE BANK | FINANCIAL TECHNOLOGY ASSOCIATION (FTA) | CHIME FINANCIAL, INC. | MIDFIRST BANK | AMERIPRISE FINANCIAL | AMERICAN WOOD COUNCIL | EQUITABLE | MUNICIPAL SECURITIES RULEMAKING BOARD | KLARNA INC. | THE CAPITAL GROUP COMPANIES, INC. & ITS AFFILIATES | ALLSTATE INSURANCE COMPANY | 2U, INC. | RED ROCK BIOFUELS, LLC | NATIONWIDE INSURANCE | METROPOLITAN LIFE INSURANCE COMPANY | HSBC TECHNOLOGY & SERVICES (USA) INC. | ABIR | NEW YORK LIFE INSURANCE COMPANY | PAXOS TRUST COMPANY, LLC | THE NORTHWESTERN MUTUAL LIFE INSURANCE COMPANY | REGIONS BANK | MANUFACTURED HOUSING INSTITUTE | READYCAP LENDING LLC | STRIPE, INC."
52327,MAURICIO,TAMARGO,Foreign Claims Settlement Commission; Rep. I. Ros-Lehtinen,362,12,"PAGANINI | THE COLEMAN FAMILY | THE CONDON (VEEDER) FAMILY | THE SCOTT FAMILY | MS. DORI KAPLAN | THE RACITI FAMILY | PIEDRA FAMILY | SUSAN FALGOUT | BRANDON FAMILY | MS. ELIZABETH SIMPSON AND FAMILY | MRS. GEORGENE OSTREICHER | SCHECHTER ROSOFF HERTZBERG FAMILIES | THE RITTER FAMILY | THE WASSALL FAMILY | OLGA FERNANDEZ | EARL TY M. OSTREICHER, JR. | SHARON OSTREICHER | MS. CAROLYN CHESTER AND FAMILY | PINGREE | MS. MARGERY ELLEN LEEDER AND FAMILY | HON. JOHN L. LOEB, JR. | THE BUTTENHEIM FAMILY"
101409,MICHAEL,LONG,"Director of Member Services, Senior Advisor for SpeakerNancy Pelosi; Dep. Floor Director and Advisor, Dem Leader Nancy Pelosi; Special Asst and Staff Asst for Speaker Nancy Pelosi",362,2,"FORIS DAX, INC. D/B/A CRYPTO.COM | SYNOPSYS, INC. | MICRON TECHNOLOGY, INC. | KATAHDIN IMPACT INC. | FIRST FIVE ACTION FUND | ROCK CENTRAL | ALLIANCE TO MODERNIZE PRESCRIBING INFORMATION | MCKINSEY & COMPANY | RTX CORPORATION AND AFFILIATES | WINCHESTER AMMUNITION | KELLER POSTMAN | DOORDASH | ALZHEIMER'S ASSOCIATION | T-MOBILE USA, INC. | GOOGLE CLIENT SERVICES, LLC | DRUM MAJORS FOR CHANGE | TELEPHONE SYSTEMS INTERNATIONAL | BAXTER HEALTHCARE CORPORATION | STANDARD INDUSTRIES LTD. | DAVITA, INC. | SAZERAC COMPANY, INC. | AMERICAN OPTOMETRIC ASSOCIATION | HEALTH INDUSTRY DISTRIBUTORS ASSOCIATION | JAPAN TOBACCO INTERNATIONAL USA INC. | FANDUEL GROUP | CONSUMER TECHNOLOGY ASSOCIATION | CONSUMER BRANDS ASSOCIATION | GENERAL MOTORS | LEGO SYSTEMS, INC. | LOWE'S COMPANIES INC. | NATIONAL ASSOCIATION OF LETTER CARRIERS | ALKERMES, INC. | CUE HEALTH INC. | PET FOOD INSTITUTE | CONOCOPHILLIPS | ALLIANCE FOR SAFETY AND JUSTICE | THE BOEING COMPANY | ROCKET LIMITED PARTNERSHIP F/K/A RKT HOLDINGS, LLC | NATIONAL FOOTBALL LEAGUE"
61872,DAVID,SCHNITTGER,"Dep. Chief of Staff, Speaker Boehner, 2006-2015; Press Secr., Rep. John Boehner 1994-2001; Communications Director, House Committee on Education and the Workforce 2001-2005",361,1,"NATIONAL CANNABIS ROUNDTABLE | AVANTUS LLC | WESTINGHOUSE ELECTRIC COMPANY | CINTAS CORPORATION | THE LUBRIZOL CORPORATION | BUILDING TRADES EMPLOYERS ASSOCIATION | KKR | DIGITAL ANALYTICS FREEDOM ALLIANCE | THE KROGER CO. | AIRLINES FOR AMERICA | BUNGE NORTH AMERICA, INC. | VIRGIN ISLANDS PUBLIC FINANCE AUTHORITY (VIPFA) | SYMX HOLDINGS | WEST COAST UNIVERSITY | NATIONAL THOROUGHBRED RACING ASSOCIATION (NTRA) | TATA CONSULTANCY SERVICES | LEIDOS INC. | SOLAR ENERGY INDUSTRIES ASSOCIATION | ABB ASEA BROWN BOVERI LTD | CLEAN HARBORS, INC. | PARADIGM OPERATIONS LP | PBI-GORDON COMPANIES | JBT MAREL CORPORATION | HEXION, INC. | MARS INCORPORATED | AON SERVICE CORPORATION (FKA AON HEWITT) | SK HYNIX AMERICA, INC. | WILLIAM JESSUP UNIVERSITY | AMERICAN CONSERVATION COALITION ACTION | PORT HAMILTON REFINING AND TRANSPORTATION | AUTOS DRIVE AMERICA | IFOODDECISIONSCIENCES, INC. | BETTER MEDICARE ALLIANCE | ONTIC TECHNOLOGIES, INC. | JBS USA FOOD COMPANY | GLOBAL ELECTRONICS ASSOCIATION, FORMERLY KNOWN AND REPORTED AS IPC | MUSICFIRST | AIRPORTS FOR THE USVI | VERTIV GROUP CORPORATION | DISCOVERY COMMUNICATIONS LLC (FKA DISCOVERY COMMUNICATIONS) | LIGADO NETWORKS LLC | ELECTRICAL APPARATUS SERVICE ASSOCIATION, INC. (EASA) | MGM RESORTS INTERNATIONAL | HYPERION MATERIALS AND TECHNOLOGIES | GOVERNMENT OF U.S. VIRGIN ISLANDS | AMERICA'S POISON CENTERS (APC) | THE PROCTER AND GAMBLE COMPANY | BECTON, DICKINSON AND COMPANY | EPS INDUSTRY ALLIANCE | SOUTHWEST AIRLINES | BEYONDTRUST CORPORATION | BARTLETT MARITIME CORP. | UNION PACIFIC RAILROAD COMPANY"
143320,KATIE,SCHOETTLER,Communications Director & Senior Advisor - U.S. Senator Steve Daines; Press Secretary - House Committee on Natural Resources,361,1,"ATLANTA SPORTS COUNCIL | BYRON-BETHANY IRRIGATION DISTRICT | CONSERVICE PARENT LLC | BLUENALU, INC. | GREENTREE GROUP | PACIFIC EDGE DIAGNOSTICS USA | CALIFORNIA HOSPICE AND PALLIATIVE CARE ASSOCIATION | AMITY FOUNDATION | FUELCELL ENERGY, INC. | SEATTLE FWC26 ORGANIZING GROUP | WESTLANDS WATER DISTRICT | GREATER MIAMI CONVENTION & VISITORS BUREAU | CITY OF MOUNTAIN HOUSE | CRCD ENTERPRISES | MASTERBRAND, INC. | SIGNATURE HEALTHCARE SERVICES, LLC | TEAM CYMRU, INC | UNITED WATER CONSERVATION DISTRICT | OMEGA FLEX, INC. | KC2026 | ARTHRITIS KNEE PAIN CENTERS | ASSOCIATION FOR ACCESSIBLE MEDICINES | VERSITI BLOOD HEALTH, INC. | MANITOU AMERICA HOLDING, INC. | BEMIS MANUFACTURING | ALACHUA COUNTY | ENVISION HEALTHCARE (FORMERLY KNOWN AS EMCARE INC.) | BAY AREA HOST COMMITTEE | NEXUS BRANDS GROUP, LLC | HANGER INC (FORMERLY HANGER ORTHOPEDIC) | FOUNDATION CONSUMER HEALTHCARE LLC | CITY OF PANAMA | ROBBINS ENERGY, LLC | HALOMD | PHILADELPHIA SOCCER 2026 | HARRIS COUNTY-HOUSTON SPORTS AUTHORITY | SAN DIEGO COUNTY WATER AUTHORITY | NEW YORK/NEW JERSEY 2026 WORLD CUP HOST COMMITTEE | DALLAS SPORTS COMMISSION | KNOWLES CORPORATION | SPORTING KANSAS CITY | LAMPLIGHT | JOHNSON CONTROLS, INC. | BORGWARNER, INC. | CALIFORNIAS PROMISE NEIGHBORHOODS NETWORK | SAN LUIS & DELTA-MENDOTA WATER AUTHORITY | BOSTON SOCCER 2026 CORP. | TRACY HILLS HOLDING COMPANY LLC | ACCENTCARE, INC. | CALIFORNIA AVOCADO COMMISSION | OMEGAFLEX | BRIGHTLINE HOLDINGS LLC | LOS ANGELES WORLD CUP HOST COMMITTEE LLC | PERSONALIZED MEDICINE COALITION | OPAA! FOOD MANAGEMENT INC."
48067,BRANT,IMPERATORE,"Senior Counsel, House Financial Services Committee",360,1,"INTERCONTINENTALEXCHANGE, INC. | CONTINENTAL CASUALTY COMPANY | COMMERCIAL METALS COMPANY | WESTERN ALLIANCE BANK | CLIMAVISION OPERATING, LLC | LSP GENERATION IV, LLC | PIPELINE HEALTH SYSTEM | US CHASSIS MANUFACTURERS COALITION (UCMC) | TYSON SHARED SERVICES, INC. | PAXOS TRUST COMPANY, LLC | MANUFACTURED HOUSING INSTITUTE | AMAZON WEB SERVICES | LEDGER SAS | SOLANA FOUNDATION | INSTITUTE FOR PORTFOLIO ALTERNATIVES (IPA) | RBC CAPITAL MARKETS, LLC | AMERICAN WOOD COUNCIL | CITIGROUP WASHINGTON INC | CENTURY ALUMINUM | CEDAR INNOVATION FOUNDATION | FLUENCE ENERGY, LLC | NOMURA HOLDING AMERICA, INC. | SHELL USA, INC. | THE GOLDMAN SACHS GROUP, INC. | CQ MEDICAL | ADVANTAGE CAPITAL | OTC MARKETS GROUP | VISA USA, INC. | PARADIGM OPERATIONS, LP | ARCH CAPITAL GROUP (U.S.) INC. | LPL FINANCIAL LLC | MARK FOODS LLC | READYCAP LENDING LLC | PWC US GROUP LLP | EMERSON ELECTRIC CO. | FAIR ISAAC CORPORATION (DBA FICO) | META PLATFORMS, INC. | AMERICAN TRAILER MANUFACTURERS COALITION | SUMITOMO MITSUI BANKING CORPORATION (SMBC) | FEDERAL HOME LOAN BANK OF NEW YORK (FHLBNY) | BITCOIN DEPOT OPERATING LLC | METROPOLITAN LIFE INSURANCE COMPANY | NATIONWIDE INSURANCE | PFS INVESTMENTS, INC. | RED ROCK BIOFUELS, LLC"
47312,ALEXANDER,SILBEY,"Senior Policy Advisor, office of the House Majority Whip",358,8,"ASTRANIS SPACE TECHNOLOGIES CORP | PANTHEON DATA (FKA THE KENIFIC GROUP) | STAPLETON ASSOCIATES (ON BEHALF OF INQUISIT, LLC) | TRELLISWARE TECHNOLOGIES | FORTERRA (FKA RR.AI) | APPLIED INTUITION | PALANTIR TECHNOLOGIES | PALINDROMES, INC. | AUTONOMOUS DEFENSE TECHNOLOGIES CORP | CX2 | PARKER MEGGITT (FORMERLY MEGGITT USA) | CAMBIUM BIOMATERIALS | KARMAN-SD (FKA SYSTIMA TECHNOLOGIES, INC.) | CAC, LLC | SAN ANTONIO WATER SYSTEM | PACIFIC DEFENSE, LLC | THOR SOLUTIONS | ALAKAI DEFENSE SYSTEMS | REGENT CRAFT, INC. | FISICA | THE COLUMBIA GROUP, INC. | US CHEMICAL TECHNOLOGIES | CASTELION | MAPLARGE | PARKER HANNIFIN CORPORATION | GENASYS (FORMERLY LRAD CORPORATION) | AIM INTELLIGENT MACHINES"
9077,ANDREW,QUINN,"SA, LA - Rep. Hoyer",357,4,"MASSIF | UNIVERSITY OF UTAH | NATIONAL VOLUNTEER FIRE COUNCIL | ASCEND ELEMENTS | FRONTIER PHARMACEUTICALS | SKAYL | ADVANCED TECHNOLOGY INTERNATIONAL | PROGENY SYSTEMS | PARKER UNIVERSITY | AURAVAX THERAPEUTICS | HEALTHCARE STERILE PROCESSING ASSOCIATION | TOURO UNIVERSITY | INTELSAT GENERAL | THE UNIVERSITY OF TEXAS HEALTH SCIENCE CENTER AT SAN ANTONIO, STRONG STAR | GAME AEROSPACE | INTERNATIONAL SAFETY EQUIPMENT ASSOCIATION | NATIONAL BLACK COALITION OF FEDERAL AVIATION EMPLOYEES | NATIONAL FIRE SPRINKLER ASSOCIATION | FAIRVIEW HEALTH SERVICES | RION INC. | THRIXEN | PROVIDENCE COLLEGE | DAUNTLESS AIR | L3HARRIS TECHNOLOGIES | NATIONAL HISPANIC COALITION OF FEDERAL AVIATION EMPLOYEES | MOLDEX-METRIC, INC. | ECHANDIA MARINE US | SHEPPARD PRATT HEALTH SYSTEM | IDEAL AEROSMITH, INC. | PANTHERA VAX | OLD BRIDGE MINERALS | SMARTWORX | DARTMOUTH COLLEGE | NATIONAL ASSOCIATION OF CREDIT SPECIALISTS | HALOMINE, INC. (D/B/A AVANTGUARD, INC.) | LINCOLN THERAPEUTICS | CEDARS-SINAI MEDICAL CENTER | LEWIS UNIVERSITY | COMPREHENSIVE COMMUNICATION SERVICES | WEINBERG MEDICAL PHYSICS, INC. | ENERGETICS TECHNOLOGY CENTER | FRONTLINE WILDFIRE DEFENSE SYSTEMS | HACKENSACK UNIVERSITY HEALTH NETWORK | NATIONAL BORDER PATROL COUNCIL | THE HAP FOUNDATION | TOBACCO 21 | UNITED STATES CAPITOL POLICE LABOR COMMITTEE | UNIVERSITY OF SAINT THOMAS | GLUCOTRACK, INC. | ASSOCIATION OF SURGICAL TECHNOLOGISTS | KOA BIO, LLC | SYENTA INC. | UNIVERSITY OF IDAHO | BLOOM ENERGY | INTERNATIONAL ASSOCIATION OF FIREFIGHTERS, LOCAL NO. 36"
43975,DANIEL,MURPHY,"Chief of Staff to HUD Secretary; Personal Aide Vice President Quayle; Field Rep. Sen. Quayle; Intern Rep. Hiler; Intern, Sen. Quayle",354,5,"CDR MAGUIRE | RTX CORPORATION AND AFFILIATES (FKA RAYTHEON TECHNOLOGIES CORP. AND AFFILIATES) | SCOTTS MIRACLE-GRO COMPANY | CREDIT SUISSE SECURITIES (USA) LLC | CLEARY GOTTLIEB STEEN & HAMILTON LLP ON BEHALF OF VENEZUELA CREDITOR COMMITTEE | UNIVERSITY OF NOTRE DAME | FRANKLIN RESOURCES, INC. | CASA SYSTEMS, INC. | KARSUN SOLUTIONS | VANTAGE KNIGHT, LLC ON BEHALF OF SPICE WORLD | ENSTRUCTURE, LLC | GRAMERCY FUNDS MANAGEMENT, LLC | TOPSOE A/S | POLARIS INDUSTRIES | HCBS ADVOCACY, LLC | HELISERVICE USA LLC | CRESCO LABS | BRIGHTLINE HOLDINGS LLC (FORMERLY VIRGIN TRAINS USA) | S&P GLOBAL | QUOTE VELOCITY | UMA EDUCATION, INC. | THE REGENTS OF THE UNIVERSITY OF CALIFORNIA | PRUDENTIAL FINANCIAL, INC. | MIND SPRINGS HEALTH | ICF CONSULTING GROUP, INC. | UNIVERSITY OF WISCONSIN-MADISON | MATTRESS FIRM | THE REGENTS OF THE UNIVERSITY OF MICHIGAN | MOTION PICTURE ASSOCIATION | ASHBRITT ENVIRONMENTAL, INC. | WORLDVU DEVELOPMENT, LLC | THE TRUSTEES OF THE UNIVERSITY OF PENNSYLVANIA | GEOCOMPLY SOLUTIONS INC. | ALG SENIOR LLC | 160 DRIVING ACADEMY | SAS INSTITUTE INC. | AMERICAN LAND TITLE ASSOCIATION | COLUMBIA UNIVERSITY | CAPTOR CAPITAL CORP. | FLAGSTAR BANK | MARCUM LLP | COGNIZANT TECHNOLOGY SOLUTIONS | EMOVIS TECHNOLOGIES US, INC. | GREATER ORLANDO AVIATION AUTHORITY | SNAP INC."
65653,TARA,BILLINGSLEY,Special Assistant to the President and Senate Legislative Affairs Liaison,350,3,"BRASKEM AMERICA, INC. | BERGESON & CAMPBELL, P.C. | STATE WATER CONTRACTORS | DYNAX CORPORATION | EATON | PERPETUA RESOURCES, CORP. | ARCHROMA U.S. INC. | INTERNATIONAL LIQUID TERMINALS ASSOCIATION | AMBRI, INC. | NATIONAL ALLIANCE OF FOREST OWNERS | CLEAN FUELS ALLIANCE AMERICA (FKA NATIONAL BIODIESEL BOARD) | NRG ENERGY, INC. | SOUTHWIRE COMPANY | GEVO, INC. | JERA AMERICAS, INC. | MAGELLAN MIDSTREAM PARTNERS | ENERGY INFRASTRUCTURE COUNCIL | AMERICANS FOR CARBON DIVIDENDS (FORMERLY LISTED AS CLIMATE LEADERSHIP COUNCIL) | BP AMERICA, INC. | BIOTECHNOLOGY INNOVATION ORGANIZATION (BIO) | AMERICAN EXPLORATION & PRODUCTION COUNCIL | COLONIAL PIPELINE COMPANY | ONEOK | CROPLIFE AMERICA | RENEWABLE FUELS ASSOCIATION | IMPERIAL IRRIGATION DISTRICT | NATIONAL CORN GROWERS ASSOCIATION | COUNCIL ON RADIONUCLIDES AND RADIOPHARMACEUTICALS"
64036,STUART,CHAPMAN,"Chief of Staff, Representative Carolyn McCarthy; Chief of Staff, Representative Zack Space; Press Secretary, Senator Jay Rockefeller; Press Secretary, Representative Barbara Lee",348,1,"INTERDIGITAL, INC. | STRYKER CORPORATION | FIRST HEALTH ADVISORY | AMERICAN SENIORS HOUSING ASSOCIATION | BIOGEN | T-MOBILE USA, INC. | LIQUIDIA TECHNOLOGIES, INC. | #NOTJUSTFATIGUE | MODERN MEDICAID ALLIANCE | COMCAST CORPORATION | IMPRIVATA INC | AVANCI | TRANSCARENT | DYSAUTONOMIA INTERNATIONAL | VOCERA COMMUNICATIONS | AMYLYX | THE BIOSIMILARS FORUM | AVIS BUDGET CAR RENTAL, LLC | CND LIFE SCIENCES | VERATO, INC. | MONUMENT INC. | ENVIRONMENTAL WORKING GROUP | HEALTH LEVEL SEVEN INTERNATIONAL (HL7) | SMARTER TECHNOLOGIES | COLLEGE OF HEALTHCARE INFORMATION MANAGEMENT EXECUTIVES (CHIME) | ALORA PHARMACEUTICALS, LLC | CORIUM | INDEPENDENT RESTAURANT COALITION | OWLET BABY CARE | NATIONAL FOOTBALL LEAGUE | SOLVE ME/CFS INITIATIVE | ANTHROPIC PBC | PTC THERAPEUTICS, INC. | THE GOODYEAR TIRE & RUBBER COMPANY | NATIONAL ASSOCIATION FOR BEHAVIORAL HEALTHCARE"
57234,NORM,COLEMAN,U.S. Senator (2003-2009),345,9,"METINVEST INTERNATIONAL S.A. | BEAR SVTP DEVELOPMENT LLC | FIFA WORLD CUP PHILADELPHIA 2026 | ARTANIS CAPITAL, LLC | LG ENERGY SOLUTION, LTD. | JEWISH COMMUNITY CENTER IN MANHATTAN, INC. (AKA MARLENE MEYERSON JCC MANHATTAN) | FIFA WORLD CUP ATLANTA 2026 | FIFA WORLD CUP KANSAS CITY 2026 | PVH CORP | TOPS MARKETS LLC | NFL ENTERPRISES LLC | FIFA WORLD CUP DALLAS 2026 | FIFA WORLD CUP LOS ANGELES 2026 | MAIN STREET SPORTS GROUP DBA FANDUEL SPORTS NETWORK | NEXA TECHNOLOGIES | CARDONE INDUSTRIES INC. | SANMINA CORPORATION | SILVER POINT CAPITAL | UNITED STATES STEEL CORPORATION | ECLIPSE VENTURES, LLC | FIFA WORLD CUP SAN FRANCISCO BAY AREA 2026 | SOUTHERN UTE INDIAN TRIBE | OPENAI OPCO, LLC | ARGENTEM CREEK PARTNERS LP | ANSCHUTZ ENTERTAINMENT GROUP INC. | CURRENT CLINIC INC. | AMERICAN CLEANING INSTITUTE | ESSENTIA HEALTH | SKYWATER TECHNOLOGY FOUNDRY | NORTH AMERICAN INTERPIPE | LOUISIANA ENERGY SERVICES | HAWKEYE 360 | RURAL MEDIA GROUP | MERCEDES-BENZ USA, LLC | ALVOGEN, PHARMA US, INC. | THE AES CORPORATION | BOOKING HOLDINGS INC. | FIFA WORLD CUP SEATTLE 2026 | DEERE & COMPANY | CORETSU INC. | OFFICE OF THE COMMISSIONER OF BASEBALL | CANADIAN SOLAR INC. | FIFA WORLD CUP HOUSTON 2026 | FIFA WORLD CUP NEW YORK NEW JERSEY 2026 | NATIONAL WOMEN'S SOCCER LEAGUE, LLC | HELIENE INC. | SES AMERICOM INC | FIFA WORLD CUP BOSTON 2026 | MARIC HEALTHCARE, LLC | PATTERN ENERGY | XCEL ENERGY INC | INVENERGY LLC | MARLENE MEYERSON JCC MANHATTAN | T-MOBILE US, INC. | FIFA WORLD CUP MIAMI 2026 | HIDDEN LEVEL, INC | INHANCE TECHNOLOGIES LLC | CERTUM GROUP | COMPUTER & COMMUNICATIONS INDUSTRY ASSOCIATION"
67707,CHARLA,PENN,"LA, Rep. Pascrell; SA/LC/LA, Rep. Boyd",343,2,"ODYSSEY HOUSE LOUISIANA, INC. | ST. JOSEPH'S REGIONAL MEDICAL CENTER | MEADOWS MENTAL HEALTH POLICY INSTITUTE | RWJ BARNABAS HEALTH - FKA BARNABAS HEALTH | VALLEY HOSPITAL (VALLEY HEALTH SYSTEMS) | SPINAL STABILIZATION TECHNOLOGIES, LTD | NATIONAL ALLIANCE ON MENTAL ILLNESS | ACADEMY OF DOCTORS OF AUDIOLOGY | THE CENTER FOR GREAT EXPECTATIONS | ITILITI HEALTH, INC. | SOUTHEASTHEALTH | HOSPITAL ALLIANCE OF NEW JERSEY | INCLUSIVITY STRATEGIC CONSULTING | THE ACADEMY ADVISORS, INC. | DEBORAH HEART AND LUNG CENTER | DECODE HEALTH | KALEO | CLEANSLATE CENTERS INC | INTEGRITY HOUSE | PATIENTS RISING NOW | VERDE ENVIRONMENTAL TECHNOLOGIES, INC. | DIABETES PATIENT ADVOCACY COALITION | TREATMENT COMMUNITIES OF AMERICA | NATIONAL ASSOCIATION OF EMERGENCY MEDICAL TECHNICIANS | TIDALHEALTH (FKA NANTICOKE PENINSULA HEALTH) | ZOLL | INSPIRA HEALTH NETWORK | HEALTHCARE INSTITUTE OF NEW JERSEY | CENTER POINT, INC. | TRAUMA CENTER ASSOCIATION OF AMERICA"
66887,CHRISTINA,MCGARRY DAVID,"Legislative Assistant / Scheduler, Rep. Mario Diaz-Balart; Intern, Rep. Doc Hastings",343,3,"CITY OF MCALLEN, TEXAS | CLIFFSIDE LABS, LLC | SALUS AI LLC | UNITED STATES TELECOMMUNICATIONS TRAINING INSTITUTE | PALANTIR TECHNOLOGIES, INC. | WALMART INC | FERRERO USA, INC. | EXTREME NETWORKS | TSMC ARIZONA | FUELCELL ENERGY, INC. | JUNIPER NETWORKS | NATIONAL CABLE AND TELECOMMUNICATIONS ASSOCIATION | GENERAL DYNAMICS CORPORATION | WESTERN UNION | HOSPICE ACTION NETWORK | USA MANAGED CARE ORGANIZATION | WRAP TECHNOLOGIES, INC. | HAAS, INCORPORATED | LOCKHEED MARTIN CORPORATION | AMERICAN AIRLINES, INC. | LIFEWAY FOODS, INC. | ASSET PROTECTION & SECURITY SERVICES, LP | COMCAST CORPORATION | ENBRIDGE ENERGY COMPANY, INC. | TERADYNE, INC. | BRIGHTHOUSE FINANCIAL, INC. | CARNIVAL CORPORATION | CITY OF WESTON FLORIDA | UNITEDHEALTH GROUP, INC. | ALKERMES, INC. | PEACHTREE HEALTH GROUP, LLC | GECKO ROBOTICS, INC."
31020,LOUIE,PERRY,LA House Member Office (Huckaby),342,1,"CITY OF BAINBRIDGE, GEORGIA | FUND FOR A BETTER FUTURE, INC. | RINNAI AMERICA CORPORATION | MACON BIBB UNITED | TWIN PINES MINERALS, LLC | BIOLAB, INC. | FAMILIES AGAINST MANDATORY MINIMUMS | IDAHO FOREST GROUP, LLC | BOARD OF COMMISSIONERS OF LOWNDES COUNTY | KIDS IN NEED OF DEFENSE | JOHNSON & JOHNSON SERVICES INC | ZERO - THE END OF PROSTATE CANCER | THE PEW CHARITABLE TRUSTS | RAYONIER OPERATING COMPANY LLC | AMERICAN FOREST FOUNDATION | NATIONAL LIMOUSINE ASSOCIATION | CUBIC CORPORATION | NASCAR | CALIFORNIA ASSOCIATION OF WINEGRAPE GROWERS | OCMULGEE NATIONAL PARK AND PRESERVE INITIATIVE | PHOEBE PUTNEY HEALTH SYSTEM | TARGET CORPORATION | MAINE COAST FISHERMANS ASSOCIATION | SIGMA DEFENSE SYSTEMS LLC | SCALE AI, INC. | COBANK | GEORGIA HOSPITAL ASSOCIATION, INC. | AMERICAN WOOD COUNCIL | SOUTHERN MILLS, INC., D/B/A TENCATE PROTECTIVE FABRICS | UNITED EGG PRODUCERS | GLOBAL BUSINESS TRAVEL ASSOCIATION | ZEROFOX, INC. | AUGUSTA UNIVERSITY RESEARCH INSTITUTE | HANGAR TECHNOLOGIES, INC. | NATIONAL WILD TURKEY FEDERATION | UNITED NATURAL FOODS, INC. | STRIPE, INC. | DOUGHERTY COUNTY COMMISSION"
52725,CHRIS,ISRAEL,"U.S. Coordinator for International IP Enforcement; Deputy Chief of Staff, Department of Commerce; Deputy Assistant Secretary for Tech Policy, Department of Commerce",338,2,"NETLIST, INC. | INVENTORS DEFENSE ALLIANCE (IDA) | MUSIC IP HOLDINGS, INC. | ADEIA | DOLBY LABORATORIES, INC. | ATI, INC. | PARTNERSHIP FOR THE U.S. LIFE SCIENCE ECOSYSTEM (PULSE) | COUNCIL FOR INNOVATION PROMOTION (C4IP) | NIKE INC | ALLIANCE OF U.S. STARTUPS AND INVENTORS FOR JOBS | CONTINENTAL TIRE THE AMERICAS, LLC | ALLIANCE FOR A BETTER FUTURE | STRINGKING | GROUP14 TECHNOLOGIES | IRELL & MANELLA, LLP ON BEHALF OF VLSI TECHNOLOGY, LLC | THYSSENKRUPP NORTH AMERICA, INC | NEWS CORPORATION | ZUFFA AND AFFILIATES FKA WME GROUP | ABBVIE | PLASTICS INDUSTRY ASSOCIATION | PAUL, WEISS, RIFKIND, WHARTON & GARRISON LLP ON BEHALF OF QUALCOMM INCORPORATED | GLOBAL TELECOM | DARIC TECHNOLOGIES | CENTRIPETAL NETWORKS, INC. | COPYRIGHT ALLIANCE | NEWSGUARD TECHNOLOGIES | TOYOTA MOTOR NORTH AMERICA, INC. | CONTINENTAL TIRE THE AMERICAS, LLC FKA CONTINENTAL AUTOMOTIVE SYSTEMS US, INC. | PARAMOUNT SKYDANCE CORPORATION | INTERNATIONAL CODE COUNCIL (ICC) | COMCAST CORPORATION | AXEL SPRINGER | EFFICIENT POWER CONVERSION CORPORATION (EPC CORP.) | ARTERA | NATIONAL ASSOCIATION OF VOICE ACTORS | ORACLE CORPORATION | CHAMBERLAIN GROUP"
69617,ZACHARY,PRICE,Staff Assistant to Sen. Dan Coats,338,10,"JOHNSON & JOHNSON SERVICES INC | THE GAP, INC. | YUM! BRANDS | BERKSHIRE HATHAWAY ENERGY | LEGGETT & PLATT, INC. | PROCTER & GAMBLE COMPANY | BP AMERICA INC. | MACK ENERGY CORPORATION | APPLIED MATERIALS, INC. | NEXTERA ENERGY CAPITAL HOLDINGS INC. (FORMERLY NEXTERA ENERGY INC.) | CATERPILLAR INC | ALLIANZ CAPITAL PARTNERS GMBH | COMCAST CORPORATION | U.S. TRAVEL ASSOCIATION | FEDEX CORPORATION | MODERNATX, INC. | KENVUE INC. | IBM CORPORATION | PHILLIPS 66 COMPANY | ALLIANCE FOR BIOPHARMACEUTICAL COMPETITIVENESS AND INNOVATION | PFIZER, INC. | THE COCA COLA COMPANY | GENERAL MOTORS COMPANY | MOSAIC COMPANY | HEWLETT PACKARD ENTERPRISE COMPANY | NATIONAL RURAL ELECTRIC COOPERATIVE ASSOCIATION | INTEREST DEDUCTIBILITY WORKING GROUP | LUMEN TECHNOLOGIES (FORMERLY KNOWN AS CENTURYLINK, INC.) | ECONOMIC INNOVATION GROUP | SUNTORY GLOBAL SPIRITS (FORMERLY BEAM SUNTORY INC.) | TAX REFORM COALITION | PLUG POWER INC. | THE GOODYEAR TIRE & RUBBER COMPANY | REGENERON PHARMACEUTICALS, INC. | BAYER CORPORATION (FORMERLY KNOWN AS MONSANTO COMPANY)"
93678,TOLA,THOMPSON,Communications Director and Senior Legislative Assistant to U.S. Representative Carrie Meek (1993-2002); Chief of Staff to U.S. Representative Al Lawson (2017-2021),337,2,"AMERICAN VETERINARY MEDICAL ASSOCIATION | RENEW FINANCIAL GROUP LLC | VYSTAR CREDIT UNION | HOPE HEALTHCARE | WEATHERSTEM | SAINT LEO UNIVERSITY | JACKSONVILLE TRANSPORTATION AUTHORITY | GENETIX BIOTHERAPEUTICS INC. | IGUANA INVESTMENTS FLORIDA LLC | FARMACEUTICALRX OF PA, LLC | GADSDEN COUNTY, FL BOARD OF COUNTY COMMISSIONERS | AKIN GUMP STRAUSS HAUER & FELD (ON BEHALF OF NIPPON STEEL CORPORATION) | CAPLIN FAMILY OFFICES | MARTIN COUNTY, FLORIDA | METROPOLITAN GOVERNMENT OF NASHVILLE AND DAVIDSON COUNTY | SIMON WIESENTHAL CENTER, INC. | SHEIN TECHNOLOGY LLC | FEEDING FLORIDA, INC. | INDELIBLE BUSINESS SOLUTIONS, INC. | PALM BEACH COUNTY | AFRICELL UK LIMITED | MIAMI DADE COLLEGE FOUNDATION (F.K.A. FRIENDS OF MIAMI DADE COLLEGE) | BELLINI BETTER WORLD FOUNDATION | CRITICAL RESPONSE STRATEGIES | JACKSONVILLE PORT AUTHORITY (PREVIOUSLY THROUGH ALCALDE & FAY) | THE REGENTS OF THE UNIVERSITY OF MICHIGAN | EXTREMITY CARE LLC | CONTINENTAL STRATEGY, LLC ON BEHALF OF THE STATE UNIVERSITY SYSTEM OF FLORIDA | CITY OF JACKSONVILLE | ERC MODULAR INC., A DELAWARE CORP. | SOCURE INC. | RAI SERVICES COMPANY (FKA- RAISC) | LAKESIDE BLUFFS GROUP LLC | TIGER BIOSCIENCES | JEA | CITY OF MIAMI | GENMAB US, INC. | MORSELIFE HEALTH SYSTEM | RENEWABLE ENERGY AGGREGATORS, INC. | JACOBS ENGINEERING GROUP INC. | FERNANDO DIEZ BARROSO AZCARRAGA & MARIA LUCIA TOLO | MIAMI-DADE COUNTY PUBLIC SCHOOLS | FLORIDA AGRICULTURAL AND MECHANICAL UNIVERSITY | BRAIN ANEURYSM FOUNDATION | THE FOUNDATION UNITED | FLORIDA ATLANTIC UNIVERSITY | AGL SOLUTIONS, LLC | MOUNT SINAI MEDICAL CENTER | INDIAN RIVER STATE COLLEGE FOUNDATION, INC."
94404,BRYAN,MAXWELL,"Senior Defense Policy Advisor, Sen. Jeanne Shaheen; Military Legislative Assistant, Sen. Jeanne Shaheen; Military Legislative Assistant, Rep. Dan Maffei; Legislative Correspondent, Rep. John Hall; Staff Assistant, Rep. John Hall",336,3,"GE AEROSPACE | PHYSICAL SCIENCES INC. | FORGELINE SOLUTIONS | FINCANTIERI MARINE GROUP LLC | SEACORP | OTEEMO, INC. | LOCKHEED MARTIN CORPORATION | EXPANSIA GROUP | CIVICA RX | SHOOTER DETECTION SYSTEMS LLC | RELATIVITY SPACE | LIQUIDPISTON | VOYAGER TECHNOLOGIES | MABUS GROUP BEHALF OF SKYRYSE | SAINT-GOBAIN PERFORMANCE PLASTICS | BINERA, INC. | ARTESION | NATIONAL COUNCIL OF TEXTILE ORGANIZATIONS | MABUS GROUP BEHALF OF ZEEL | MVP ROBOTICS, INC. | PACIFIC DEFENSE | ALBANY ENGINEERED COMPOSITES INC | RANK ONE COMPUTING | SHEERGARD COMPOSITE SOLUTIONS, INC. | F.H. CANN &AMP; ASSOCIATES | GALVION | LUXIUM SOLUTIONS (FKA SAINT GOBAIN CRYSTALS) | STEALTH SOFTWARE TECHNOLOGIES | POPLICUS INC. D/B/A GOVINI | HUMAN SYSTEM INTEGRATION, INC. | STEEL FOUNDERS' SOCIETY OF AMERICA | ECHODYNE, INC. | GENERAL ATOMICS | HUNTSMAN CORPORATION | MABUS GROUP BEHALF OF NATIONAL SECURITY SOLUTIONS IDEMIA"
5843,TYSON,REDPATH,Legislative Assistant to Rep. John Boehner,335,3,"ALLTECH, INC. | UNFAIR USER FEE ON INTERNATIONAL AVIATION COALITION | ALTRIA CLIENT SERVICES LLC | CALIFORNIA CITRUS MUTUAL | WASHINGTON STATE POTATO COMMISSION | PEPSICO | COALITION TO PROMOTE U.S. AGRICULTURAL EXPORTS | BAYER CORPORATION | CSC SUGAR, LLC | CALIFORNIA RICE COMMISSION | UNITED NATURAL FOODS, INC. | HORMEL FOODS CORPORATION | OCEAN SPRAY CRANBERRIES | CHARTER COMMUNICATIONS, INC. | THE GOOD FOOD INSTITUTE, INC. | LAND O'LAKES INC | TUFTS UNIVERSITY | COMPEER FINANCIAL | SABRA DIPPING COMPANY, LLC | CARGILL INC | ABBOTT | NUTRIEN US LLC (FORMERLY KNOWN AS AGRIUM U.S. INC.) (A NUTRIEN LTD SUBSIDIARY) | NOVOZYMES NORTH AMERICA INC. | GROWTH ENERGY | NATIONAL POTATO COUNCIL | UNITED FRESH PRODUCE ASSOCIATION | CGB ENTERPRISES, INC. | CENTRAL VALLEY SALINITY COALITION, INC. | KRAFT HEINZ COMPANY | DIAGEO NORTH AMERICA, INC. | SAS INSTITUTE, INC. | MUSKET CORPORATION | GOLD STAR FOODS | NATIONAL GRAIN AND FEED ASSOCIATION | MCCAIN FOODS USA, INC. | NATIONAL RURAL ELECTRIC COOPERATIVE ASSOCIATION | NORTH AMERICAN RENDERERS ASSOCIATION | NVG, LLC (ON BEHALF OF REINVESTMENT FUND) | NATIONAL MILK PRODUCERS FEDERATION | FOOD SOLUTIONS ACTION | NATIONAL THOROUGHBRED RACING ASSOCIATION | CME GROUP, INC. | SINDAUCAR"
59960,ERIK,FATEMI,"Prof Staff Senate Approps Cmte (Byrd, Inouye, Mikulski)",335,2,"PULMONARY FIBROSIS FOUNDATION | NATIONAL RURAL WATER ASSOCIATION | THE ESOP ASSOCIATION | ASSOCIATION OF SCHOOLS AND PROGRAMS OF PUBLIC HEALTH | STRIVETOGETHER, INC. | THOMAS JEFFERSON UNIVERSITY | ASSOCIATION OF STATE AND TERRITORIAL HEALTH OFFICIALS | AMERICAN PRINTING HOUSE FOR THE BLIND | THE MICHAEL J. FOX FOUNDATION FOR PARKINSON'S RESEARCH | AMERICAN CANCER SOCIETY CANCER ACTION NETWORK, INC. | GENENTECH, INC. | THE PEW CHARITABLE TRUSTS | AARP | ASSOCIATION OF UNIVERSITY CENTERS ON DISABILITIES, INC. | WASHINGTON STATE UNIVERSITY | AMERICAN FOUNDATION FOR SUICIDE PREVENTION | MMV MEDICINES FOR MALARIA VENTURE | INDEPENDENT TELEVISION SERVICE, INC. | BLUEPRINT BIOSECURITY ACTION | TARGET ALS FOUNDATION, INC. | MENTAL HEALTH AMERICA | NURSE-FAMILY PARTNERSHIP DBA CHANGENT (FKA NURSE-FAMILY PARTNERSHIP) | BIG BROTHERS BIG SISTERS OF AMERICA | BROWN UNIVERSITY | SOCIETY FOR IMMUNOTHERAPY OF CANCER | CASE WESTERN RESERVE UNIVERSITY | NATIONAL DISABILITY RIGHTS NETWORK | INFANT SAFETY COMMITTEE, LLC | KIDS IN NEED OF DEFENSE | CITY OF HOPE MEDICAL CENTER | SANDY HOOK PROMISE FOUNDATION | ACT FOR NIH: ADVANCING CURES TODAY | ICF INTERNATIONAL INC. | Y | THE REGENTS OF THE UNIVERSITY OF CALIFORNIA | AMERICAN FEDERATION FOR AGING RESEARCH | MARSHALL UNIVERSITY RESEARCH CORP. | UNIVERSITY OF KENTUCKY | RTI INTERNATIONAL | SECURE DEMOCRACY | MR. DAN DOCTOROFF OBO TARGET ALS FOUNDATION INC. | AMERICAN SOCIETY OF ADDICTION MEDICINE, INC."
61584,AARON,CUTLER,"Senior Policy Advisor, House Com. Nat Resources (2014); Senior Advisor for Policy and Outreach, Office of House Majority Leader Eric Cantor (2013-2014); Deputy Policy Director , House Committee on Energy and Commerce (2009-2013)",335,9,"T-MOBILE US, INC. | FIFA WORLD CUP MIAMI 2026 | SILVER POINT CAPITAL | BAM TRADING SERVICES, INC./BINANCE.US | UNITED STATES STEEL CORPORATION | ARRENDADORA Y FACTOR BANORTE, S.A. DE C.V., SOFOM, E.R.,GRUPO FINANCIERO BANORTE | ECLIPSE VENTURES, LLC | FIFA WORLD CUP SAN FRANCISCO BAY AREA 2026 | SOUTHERN UTE INDIAN TRIBE | BOOKING HOLDINGS INC. | FIFA WORLD CUP SEATTLE 2026 | NOVA SOUTHEASTERN UNIVERSITY | DEERE & COMPANY | BINANCE HOLDINGS LIMITED | FIFA WORLD CUP ATLANTA 2026 | FIFA WORLD CUP KANSAS CITY 2026 | TOPS MARKETS LLC | MAIN STREET SPORTS GROUP DBA FANDUEL SPORTS NETWORK | FIFA WORLD CUP DALLAS 2026 | FIFA WORLD CUP LOS ANGELES 2026 | NEXA TECHNOLOGIES | FIFA WORLD CUP HOUSTON 2026 | FIFA WORLD CUP NEW YORK NEW JERSEY 2026 | CANADIAN SOLAR INC. | CHARACTER.AI | ALVOGEN, PHARMA US, INC. | HAWKEYE 360 | TENCENT AMERICA LLC | PEDIATRIC ASSOCIATES | THE AES CORPORATION | CNX RESOURCES CORPORATION | SES AMERICOM INC | FIFA WORLD CUP BOSTON 2026 | KAMEHAMEHA SCHOOLS | PATTERN ENERGY | INVENERGY LLC | ANHEUSER-BUSCH COMPANIES | TPG | GREAT LAKES CHEESE CO INC | AIG | CELLARES CORPORATION | JANE STREET GROUP, LLC | ARGENTEM CREEK PARTNERS LP | ANSCHUTZ ENTERTAINMENT GROUP INC. | CORPORATION SERVICES COMPANY | DELEK US ENERGY, INC. | DELTA OFFSHORE ENERGY PTE LTD | NOZAN JAAFAR MUSTAFA AND SHEIKH JAAFAR MUSTAFA | ELDRIDGE BUSINESS SERVICES, LLC | BEAR SVTP DEVELOPMENT LLC | FIFA WORLD CUP PHILADELPHIA 2026 | LG ENERGY SOLUTION, LTD. | CLIFFWATER LLC"
69242,DAVID,LESSTRANG,"1996 -2001: Dep. COS and LD, Rep. Jerry Lewis; Jan. 2005- Jan. 2007: Dep. Staff Dir., Com. on Approps; Jan. 2007-Jan. 2011: Professional Staff, House Com.on Approps; Jan. 2011-Aug. 2018: Clerk, Sub. on Interior, Environ. and Related Agencies.",332,1,"LA MAESTRA FOUNDATION ON BEHALF OF LA MAESTRA FAMILY CLINIC, INC. | WESTINGHOUSE ELECTRIC COMPANY | MANAGEMENT AND TRAINING CORPORATION | METROPOLITAN DISTRICT COMMISSION OF CONNECTICUT | LASSEN PEAK, INC. | BLUE STAR NBR, LLC | SIMPLOT COMPANY | MIAMI CHILDRENS HEALTH SYSTEM, INC. | THOMAS JEFFERSON UNIVERSITY | PERRIGO COMPANY | ASTRAZENECA UK LTD. | GOVERNMENT OF PUERTO RICO | OFFICE OF THE GOVERNOR, STATE OF COLORADO | THE MOSAIC COMPANY | ALLIANCE FOR BIOSECURITY | GOVERNMENT OF U.S. VIRGIN ISLANDS | AMERICA'S POISON CENTERS (APC) | DAYBROOK HOLDINGS, INC. | BARTLETT MARITIME CORP. | EPS INDUSTRY ALLIANCE | SHIMMICK CONSTRUCTION | CITY OF WESTMINSTER, COLORADO | THE UNIVERSITY OF MIAMI | PARA LA NATURALEZA, INC. | OCLC | THE COCA COLA COMPANY | HEXION, INC. | EFA EDUCATION, LLC | BETA TECHNOLOGIES | GLOBAL ELECTRONICS ASSOCIATION, FORMERLY KNOWN AND REPORTED AS IPC | RESTORATION FOREST PRODUCTS, LLC | WASHINGTON COMMANDERS FKA WASHINGTON FOOTBALL TEAM | WAYNE STATE UNIVERSITY | TRANSPORTATION INSTITUTE | ELECTRICAL APPARATUS SERVICE ASSOCIATION, INC. (EASA) | CONTROLLED THERMAL RESOURCES | MADISON MARQUETTE REALTY SERVICES L.P. | UNIVERSITIES SPACE RESEARCH ASSOCIATION | WEST COAST UNIVERSITY | SABIC INNOVATIVE PLASTICS US LLC | ALLIANCE OF NATIONAL HERITAGE AREAS (ANHA) | THE BOEING COMPANY | CLEAN HARBORS, INC. | THE DONOHOE COMPANIES | HUDSON TECHNOLOGIES | MIDLAND BUSINESS ALLIANCE | TRUGREEN LIMITED PARTNERSHIP | CCU COAL AND CONSTRUCTION, LLC | URBAN ATLANTIC | LIS TECHNOLOGIES, INC. | TASEKO MINES LIMITED"
70238,DAVID,HODGES,SW Washington Director for Sen. Murray,331,9,DISCOVERY CLEAN WATER ALLIANCE | CITY OF TUKWILA | YWCA CLARK COUNTY | CITY OF LYNDEN | COWLITZ PUBLIC UTILITY DISTRICT | CITY OF VANCOUVER WASHINGTON | CITY OF DUVALL | TIDEWATER | CITY OF LONGVIEW WASHINGTON | CITY OF LACEY WASHINGTON | COLUMBIA RIVER MENTAL HEALTH | CITY OF FERNDALE | CITY OF RIDGEFIELD | UNITED GRAIN CORPORATION | COWLITZ COUNTY | KING COUNTY WATER DISTRICT 54 | PORT OF BELLINGHAM | CITY OF CAMAS | CLARK REGIONAL WASTEWATER DISTRICT | SKAMANIA COUNTY ECONOMIC DEVELOPMENT COUNCIL | PEACE HEALTH | CITY OF KIRKLAND | SEH AMERICA | SKAGIT TRANSIT | MARION COUNTY OREGON | CITY OF BATTLE GROUND WASHINGTON | CITY OF BEAVERTON | PORT OF LONGVIEW | TILLAMOOK COUNTY CREAMERY ASSOCIATION
69342,JESSICA,SCHULKEN,"Clerk and Professional Staff Member, Senate Appropriations Subcommittee on Agriculture, Rural Development, Food and Drug Administration and Related Agencies",330,6,"GENERAL MILLS, INC. | LAND O'LAKES INC | UPSIDE FOODS INC. | CME GROUP, INC. | NATIONAL RURAL ELECTRIC COOPERATIVE ASSOCIATION | STRONGER AMERICA THROUGH SEAFOOD | ALLIANCE TO END HUNGER | NATIONAL POTATO COUNCIL | UNITED FRESH PRODUCE ASSOCIATION | GROWTH ENERGY | NVG, LLC (ON BEHALF OF REINVESTMENT FUND) | FOOD AND AGRICULTURE CLIMATE ALLIANCE | INDIGO AGRICULTURE, INC. | NATIONAL MILK PRODUCERS FEDERATION | ALTRIA CLIENT SERVICES LLC | CALIFORNIA CITRUS MUTUAL | MALNUTRITION ADVOCACY FUND | UNFAIR USER FEE ON INTERNATIONAL AVIATION COALITION | NATIONAL ANIMAL INTEREST ALLIANCE | NUTRIEN US LLC (FORMERLY KNOWN AS AGRIUM U.S. INC.) (A NUTRIEN LTD SUBSIDIARY) | AMERICAN TRADE ASSOCIATION FOR CANNABIS AND HEMP (ATACH) | TUFTS UNIVERSITY | PERFECT DAY INC | ZOETIS | HORMEL FOODS CORPORATION | ELEANOR CROOK | CARGILL INC | GLOBAL CROP DIVERSITY TRUST | ABBOTT | KRAFT HEINZ COMPANY | DIAGEO NORTH AMERICA, INC. | MCCAIN FOODS USA, INC. | SAS INSTITUTE, INC. | NATIONAL GRAIN AND FEED ASSOCIATION | GOLD STAR FOODS | BAYER CORPORATION | ORGANIC PRODUCE ASSOCIATION | OCEAN SPRAY CRANBERRIES | CHARTER COMMUNICATIONS, INC. | PEPSICO | COALITION TO PROMOTE U.S. AGRICULTURAL EXPORTS"
37794,DANIEL,BOSTON,"Health Policy Director, House Energy & Commerce; Deputy Chief of Staff & Spokesperson for Congresswoman Sue Kelly; Policy Advisory &Communications Director for Congressman Joe Knollenberg; Communications Advisor for Senator Mitch McConnell",330,8,"VERU, INC. | ADVANCED MEDICAL MANAGEMENT, INC. | FEMWELL GROUP HEALTH, INC. | JARRARD, INC ON BEHALF OF NFP ALLIANCE | ESSENTIA HEALTH | AMERICAN ASSOCIATION OF NATUROPATHIC PHYSICIANS | WISCONSIN HOSPITAL ASSOCIATION | VANCOUVER CLINIC | PREMIER HEALTHCARE SOLUTIONS, INC. | CEDAR VALLEY MEDICAL SPECIALISTS, P.C. | MODERNA US, INC. | ELSEVIER INC. | MISSOURI HOSPITAL ASSOCIATION | CLIFTON LARSON ALLEN, LLP | NATIONAL COUNCIL ON SEVERE AUTISM | BREG, INC. | UNITED COUNCIL ON WELFARE FRAUD | PRIVIA MEDICAL GROUP - NORTH TEXAS | SUMMIT TECHNOLOGY CONSULTING GROUP LLC DBA ALLOCORE | LIRIO | BILLINGS CLINIC | ENOVIS | CAREMOUNT MEDICAL | BON SECOURS MERCY HEALTH (FKA MERCY HEALTH) | CENTENE CORPORATION | STRATUM MED, INC. | OMADA HEALTH, INC. | HOSPICE AND PALLIATIVE NURSES ASSOCIATION | COLFAX CORPORATION | RELX INC | VOR - A VOICE OF REASON | EMERJA, INC."
143666,LAWRENCE,SPIVEY,"Professional Staff, Senate Appropriations Committee",329,2,"BNSF RAILWAY COMPANY | AMERICAN FLOOD COALITION ACTION INC | EVSTAR, LLC | AWS PUBLIC POLICY, AMERICAS | ASML US, LLC | RAINEY CENTER FREEDOM PROJECT | KALIROY FRESH, LLC | FORESCOUT TECHNOLOGIES, INC. | PALANTIR TECHNOLOGIES, INC. | RAPID RATINGS INTERNATIONAL, INC. | SEA MACHINES ROBOTICS | EDGETHEORY | BABEL STREET | ION STORAGE SYSTEMS, INC. | CELLEBRITE INC. | TENABLE, INC. | RADIANT INDUSTRIES, INC. | AURA SUB, LLC | LUKE | WALMART INC | MANAGEYOURID | NEC CORPORATION OF AMERICA | VENNTEL, INC. | SOLUGEN | CLEARPATH ACTION FOR CONSERVATIVE CLEAN ENERGY INC | ATOM COMPUTING | ITEX GROUP | APTARGROUP, INC. | NATIONAL SPECTRUM CONSORTIUM | THE SUSTAINABLE AVIATION FUEL COALITION | GLASS AVIATION HOLDINGS, INC. (D/B/A AIRSPACE DATA) | SYSTEMS INNOVATION ENGINEERING LLC | GULF SOUTH BUSINESS ROUNDTABLE | VERIZON COMMUNICATIONS, INC. | SOLANA POLICY INSTITUTE | BETA TECHNOLOGIES, INC. | EDGE AUTONOMY | GLAXOSMITHKLINE LLC | HYBRID PLASTICS | LOOKINGGLASS CYBER SOLUTIONS, INC. | LEIDOS | WHOOP | TANGRAM FLEX | REBELLION DEFENSE, INC. | ACXIOM LLC | CAE USA, INC | BASTILLE NETWORKS, INC. | INNOVATIVE SIGNAL ANALYSIS INC. | ACCENTURE, LLP | RUNSAFE SECURITY | XCF GLOBAL CAPITAL, INC. | MORGAN WHITE GROUP, INC. | ADVANCED TECHNOLOGY SYSTEMS COMPANY | SILVERLINING"
61615,BRIAN,SUTTER,"Staff Dir., W&M Health Subcommittee, Chairman Dave Camp April, 2013 - Dec. 2014; Professional Staff, W&M Health Subcommittee, Chairman Dave Camp, Jan. 2011 - April 2013;Leg Dir., Rep. Dave Camp, May '08 - Jan.,'11 Leg Asst.Rep Camp, Feb '03-May'08;",328,13,"GOODRX, INC | OPIO CONNECT, INC. | BYHEART, INC. | HUMACYTE | COHERUS BIOSCIENCES, INC | TRISALUS LIFE SCIENCES | UNITED STATES PHARMACOPEIAL CONVENTION (USP) | CIGNA | GLOBAL MEDICAL RESPONSE | CEDARS SINAI | ATEA PHARMACEUTICALS | JOHNSON CONTROLS INTERNATIONAL | BAUSCH HEALTH | VS DIAGNOSTICS | MIRAKI INNOVATION | ONE HEALTH PARTNERS | TEVA PHARMACEUTICALS USA | PURDUE PHARMA LLP | DAVITA INC | ACADIANA MANAGEMENT GROUP, LLC | CLENE NANOMEDICINE | CVS PREVIOUSLY AETNA | ASSOCIATION OF AMERICAN MEDICAL COLLEGES | ASSOCIATION FOR ACCESSIBLE MEDICINES (FORMERLY GENERIC PHARMACEUTICAL ASSOC.) | AMERICAN PODIATRIC MEDICAL ASSOCIATION | OCULAR THREPEUTIX | CHARLES RIVER LABORATORIES INTERNATIONAL, INC | ELEVANCE HEALTH, INC | UNITED NETWORK FOR ORGAN SHARING | AMERICAN CHIROPRACTIC ASSOCIATION, INC. | CENTRAL MICHIGAN UNIVERSITY | BETTER MEDICARE ALLIANCE | LHC GROUP, INC. | DEROYAL INDUSTRIES, INC. | COMMUNICATIONS EATON CORPORATION | HALEON US HOLDINGS, LLC"
26545,LOREN,MONROE,See prior filing,328,2,"MISSISSIPPI HOSPITAL ASSOCIATION | SOUTHERN COMPANY SERVICES INC | FANDUEL | DC WATER | NEW MERIDIAN CORPORATION | NUCOAL RESOURCES, LTD. | A PLACE FOR MOM, INC. | VINEYARD OFFSHORE INC. | AMERICAN CHAMBER OF COMMERCE IN AUSTRALIA (FKA AMCHAMS OF ASIA PACIFIC) | ARMIS | AMPLIFY EDUCATION, INC. | SENIOR CARE PHARMACY COALITION | ENTERTAINMENT SOFTWARE ASSOCIATION | VINEYARD WIND, LLC | UNIVERSITY OF MISSISSIPPI | RECYCLING INFRASTRUCTURE NOW | AMERICAN CHAMBER OF COMMERCE IN SOUTH CHINA | CAESARS ENTERPRISE SERVICES LLC | GLOBE SPECIALTY METALS, INC. | COACH USA | GLENCORE, LTD | MASSACHUSETTS MUTUAL LIFE INSURANCE COMPANY (MASSMUTUAL FINANCIAL GROUP) | OURO MINING INC. | NATIONAL SCHOOL BOARDS ASSOCIATION | CAREER EDUCATION COLLEGES AND UNIVERSITIES | AMERICAN HEALTH CARE ASSOCIATION | CANADIAN NATIONAL RAILROAD | HRP GROUP, LLC | SC HEALTH SPV, LLC"
71017,GAYLE,GERDES,Legislative Correspondent: Senator Timothy Hutchison; Legislative Assistant: Congressman Chris John; Intern: Congressman Jim McCrery and Congressman Cleo Fields,328,11,"BON SECOURS MERCY HEALTH (FKA MERCY HEALTH) | WISCONSIN HOSPITAL ASSOCIATION | VANCOUVER CLINIC | PREMIER HEALTHCARE SOLUTIONS, INC. | CEDAR VALLEY MEDICAL SPECIALISTS, P.C. | MODERNA US, INC. | SUMMIT TECHNOLOGY CONSULTING GROUP LLC DBA ALLOCORE | VERU, INC. | ADVANCED MEDICAL MANAGEMENT, INC. | FEMWELL GROUP HEALTH, INC. | JARRARD, INC ON BEHALF OF NFP ALLIANCE | ESSENTIA HEALTH | LIRIO | PRIVIA MEDICAL GROUP - NORTH TEXAS | BILLINGS CLINIC | ENOVIS | CAREMOUNT MEDICAL | BREG, INC. | AMERICAN ASSOCIATION OF NATUROPATHIC PHYSICIANS | ELSEVIER INC. | MISSOURI HOSPITAL ASSOCIATION | CLIFTON LARSON ALLEN, LLP | NATIONAL COUNCIL ON SEVERE AUTISM | UNITED COUNCIL ON WELFARE FRAUD | RELX INC | VOR - A VOICE OF REASON | EMERJA, INC. | CENTENE CORPORATION | STRATUM MED, INC. | OMADA HEALTH, INC. | HOSPICE AND PALLIATIVE NURSES ASSOCIATION"
67904,HADLEY,SOSNOFF,"Legislative Director, ID-1; Legislative Assistant ID-1; Legislative Correspondent NY-18; Staff Assistant NY-18",321,8,"MAPLEBEAR INC. D/B/A INSTACART | CALIBER FINANCIAL SERVICES | RETIRESAFE | BOCKORNY GROUP, INC. ON BEHALF OF SOUTH DAKOTA STATE UNIVERSITY | BOCKORNY GROUP, INC. ON BEHALF OF TRANSHUMANCE HOLDING COMPANY | S&P GLOBAL INC. | FEDERATION OF AMERICAN HOSPITALS | LEXINGTON LAW | ADVAMED:ADVANCED MEDICAL TECHNOLOGY ASSOCIATION | ROKU, INC. | AIR METHODS CORPORATION | CREDIT.COM (FORMERLY KNOWN AS PROGREXION ASG) | WELLS FARGO & COMPANY | ONLINE LENDERS ALLIANCE | AMERICAN HEALTH CARE ASSOCIATION | ZETA GLOBAL CORP. | KIDS STREET (FORMERLY KNOWN AS CONDISTA) | AMERICAN PROPERTY CASUALTY INSURANCE ASSOCIATION | PHARMACEUTICAL CARE MANAGEMENT ASSOCIATION | LIVERAMP, INC. | BOCKORNY GROUP, INC. ON BEHALF OF AGRI BEEF CO | ENVIRONMENTAL DEFENSE ACTION FUND | CAPITAL ONE FINANCIAL CORPORATION | GENERAL ATOMICS AERONAUTICAL SYSTEMS, INC."
150448,GEORGE,MILLER,"Leg Correspondent, 9/1986-6/1987 and 5/1985-12/1985; Counsel, Office of Rep. Robert Matsui, 2/1991-10/1994",321,10,"SAN LUIS OBISPO COUNTY-CA | EPHRAIM CITY, UT | VALLEJO, CA - CITY OF | CITY OF DOWNEY, CA | CENTERVILLE, UT-CITY OF | CITY OF BLAINE, MN | JOHNSON COUNTY, KS | GLENN-COLUSA IRRIGATION DISTRICT-CA | CITY OF WOODLAND CA | FOLSOM-CA CITY OF | RECLAMATION DISTRICT 108 | ROSEVILLE-CA CITY OF | EL DORADO COUNTY WATER AGENCY | SAN LUIS OBISPO COUNCIL OF GOVERNMENTS | SUTTER MUTUAL WATER COMPANY AND RECLAMATION DISTRICT 1500 | AIDS HEALTHCARE FOUNDATION | PLACER COUNTY TRANSPORTATION PLANNING AGENCY | NORTHERN CALIFORNIA WATER ASSOCIATION | BURLINGAME, CA - CITY OF | HAMPTON ROADS TRANSIT | CITY OF MORRO BAY, CA"
62126,ZACHARY,ISRAEL,"Intern for U.S. Senator Robert Menendez, 05/2009-07/2009; 01/2010 Intern for former U.S. Rep. Scott Murphy, 09/2009-04/2010 Intern for former U.S. Rep. Rush Holt, 06/2010-08/2010",321,6,"CITY OF NEW ROCHELLE, NY | COUNTY OF FAIRFAX | NATAT (NATIONAL ASSN OF TOWNS AND TOWNSHIPS | SANTA MONICA-CA, CITY OF | OCEANSIDE-CA CITY OF | FRIANT WATER AUTHORITY (FORMERLY FRIANT WATER USERS AUTHORITY) | BUTTE COUNTY-CA | FAMILY FARM ALLIANCE | CITY OF MORRO BAY, CA | WAKE COUNTY NC | THE FRESHWATER TRUST | NATIONAL SPECIAL DISTRICTS COALITION | ABTECH INDUSTRIES | LEE COUNTY, FL | YAKIMA BASIN JOINT BOARD | EPHRAIM CITY, UT | CITY OF ASHEVILLE, N.C. | CENTERVILLE, UT-CITY OF | JOHNSON COUNTY, KS | WEST COUNTY WASTEWATER DISTRICT | CITY OF FORT WAYNE, IN | UPPER OCCOQUAN SERVICE AUTHORITY | SALINE, MI - CITY OF | HAMILTON COUNTY | CITY OF ANNAPOLIS, MD"
98808,ELLIOT,HOWARD,"Professional Staff Member, Energy and Natural Resources Committee and Chairman Joe Manchin",320,4,"AMBRI, INC. | LUXEMBOURG INDUSTRIES, LTD. | CROPLIFE AMERICA | RENEWABLE FUELS ASSOCIATION | COUNCIL ON RADIONUCLIDES AND RADIOPHARMACEUTICALS | ENERGY INFRASTRUCTURE COUNCIL | BRASKEM AMERICA, INC. | STATE WATER CONTRACTORS | IMPERIAL IRRIGATION DISTRICT | NATIONAL CORN GROWERS ASSOCIATION | AMERICANS FOR CARBON DIVIDENDS (FORMERLY LISTED AS CLIMATE LEADERSHIP COUNCIL) | BIOTECHNOLOGY INNOVATION ORGANIZATION (BIO) | ARCHROMA U.S. INC. | NATIONAL ALLIANCE OF FOREST OWNERS | CLEAN FUELS ALLIANCE AMERICA (FKA NATIONAL BIODIESEL BOARD) | NRG ENERGY, INC. | SOUTHWIRE COMPANY | COLONIAL PIPELINE COMPANY | ONEOK | GEVO, INC. | JERA AMERICAS, INC. | MAGELLAN MIDSTREAM PARTNERS | SUSTAINEA | BP AMERICA, INC. | LOWER COLORADO RIVER AUTHORITY | EATON | PERPETUA RESOURCES, CORP."
71999,MIYA,PATEL,"Legislative Assistant, Rep. Joe Neguse (D-CO-02) // Legislative Counsel, Rep. John Delaney (D-MD-06) // Legal Fellow, House Financial Services Committee",320,4,"AIRBNB, INC. | STATE FARM | THE BUSINESS ROUNDTABLE | COGNIZANT TECHNOLOGY SOLUTIONS | COLUMBIA CARE | LIGADO NETWORKS | MARCH OF DIMES INC. | ANIMAL LEGAL DEFENSE FUND | ANTI-DEFAMATION LEAGUE | ANIMAL LEGAL DEFENSE LEGISLATIVE FUND | HOTWIRE COMMUNICATIONS, LTD. | NEWITY LLC | SCOTT'S MIRACLE-GRO | BLACK VETERANS EMPOWERMENT COUNCIL AND MISSION UPLIFT | SHIFT5 | SOCIETY FOR HUMAN RESOURCE MANAGEMENT | HOLLY STRATEGIES INCORPORATED (ON BEHALF OF WHOOP, INC.) | UNITED SERVICES AUTOMOBILE ASSOCIATION | FEDERAL HOME LOAN BANK OF SAN FRANCISCO | NATIONAL MPS SOCIETY | TESLA, INC. | SAGA EDUCATION | U.S. CHAMBER OF COMMERCE | FINANCIAL INDUSTRY REGULATORY AUTHORITY (""FINRA"") | DANAHER CORPORATION | DAILYPAY INC. | ALLIANCE OF NONPROFITS FOR INSURANCE, RRG | TAKE BACK THE COURT ACTION FUND | CAPITOL BRIDGE LLC | JOHNSON & JOHNSON SERVICES INC. | CAREER EDUCATION COLLEGES AND UNIVERSITIES | CSL BEHRING | LYFT, INC. | GOOGLE CLIENT SERVICES LLC | T-MOBILE USA, INC. | JPMORGAN CHASE HOLDINGS LLC | IN OUR OWN VOICE: NATIONAL BLACK WOMEN'S REPRODUCTIVE JUSTICE AGENDA | EQUITABLE HOUSING ACCESS PARTNERSHIP | RISEPOINT- FKA ACADEMIC PARTNERSHIPS"
58455,JEFFREY,LOVENG,"Legislative assistant for Rep Crapo 1993-1997; Chief of Staff to Rep. Bill Shuster, 2006-2011",318,5,"AMERICAN VASCULAR ASSOCIATES, LLC | FIRSTENERGY SERVICES COMPANY | CONSTELLATION ENERGY GENERATION, LLC (FKA CONSTELLATION ENERGY CONSERVATION) | YANDEX N.V. | ZIPLINE INTERNATIONAL, INC. | PLUG POWER, INC. | EXPAND ENERGY CORPORATION (FKA CHESAPEAKE ENERGY) | WILLIAMS COMPANIES | MISSISSIPPI STATE PORT AUTHORITY AT GULFPORT | TUSIMPLE | GRAND RIVER DAM AUTHORITY | AECOM | VASCULAR MANAGEMENT AND INNOVATIONS GROUP, LLC DBA MANGROVE MANAGEMENT PARTNERS | ASSOCIATION OF AMERICAN RAILROADS | CORINTHIA HOLDINGS PTE. LTD. | AMERICAN AIRLINES INC | SOUTHERN COMPANY GAS | STELLA JONES CORPORATION (FORMERLY KNOWN AS MCFARLAND CASCADE HOLDINGS, INC.) | CONSUMER TECHNOLOGY ASSOCIATION (FKA CONSUMER ELECTRONICS ASSOCIATION (CEA)) | COGNIZANT TECHNOLOGY SOLUTIONS | DELAWARE VALLEY REGIONAL CENTER | AMERICAN CONCRETE PIPE ASSOCIATION | SEPTA | DREDGING CONTRACTORS OF AMERICA | MANILDRA MILLING CORPORATION"
59796,CHELSEY,PENROD HICKMAN,"CoS, LD, Rep. Kay Granger; Deputy LD, LA Sen. Larry Craig",314,4,"VELICO MEDICAL | THE GOVERNOR'S PREVENTION PARTNERSHIP | PERSONNEL DECISIONS RESEARCH INSTITUTE, LLC | WORLDBUSINESS CAPITAL, INC. | BIRDON AMERICA | DEBORAH HEART AND LUNG CENTER | KALEO | MOTH + FLAME | SYNDERYS LLC | MEADOWS MENTAL HEALTH POLICY INSTITUTE | SPINAL STABILIZATION TECHNOLOGIES, LTD | DIABETES PATIENT ADVOCACY COALITION | PROLOGIS, L.P. | NATIONAL ASSOCIATION OF EMERGENCY MEDICAL TECHNICIANS | AALO ATOMICS | SETON HALL UNIVERSITY | PREMIER MEDICAL CORPORATION | I AM ALS | NATIONAL ALLIANCE ON MENTAL ILLNESS | AVX AIRCRAFT COMPANY | GIVE AN HOUR | TECHNIP ENERGIES USA, INC. | BETH MEDRASH GOVOHA | SIMS STRATEGIES (ON BEHALF OF CREIGHTON UNIVERSITY) | FRONTIER POLYMERS | ITILITI HEALTH, INC. | AUTOCON TECHNOLOGIES INC. | CANON FINANCIAL SERVICES, INC. | INCLUSIVITY STRATEGIC CONSULTING | THE ACADEMY ADVISORS, INC. | MAROTTA CONTROLS | ZENADRONE, INC. | NATIONAL TROOPERS COALITION | WATER TECH CORPORATION | OCEAN CONSERVANCY, INC. | PATIENTS RISING NOW | VERDE ENVIRONMENTAL TECHNOLOGIES, INC. | CLEANSLATE CENTERS INC | ADVANCED ROTOCRAFT TECHNOLOGY, INC. | COMMUNITY TRANSPORTATION ASSOCIATION OF AMERICA (CTAA) | WINDLIFT"
63716,JOHN,KINGSTON,"1993-2015, Congressman-U.S. House of Representatives",312,1,"SOCIETY OF CARDIO COMPUTED TOMOGRAPHY (SCCT) | HEARTFLOW, INC. | XCELERATE SOLUTIONS | DJI TECHNOLOGY | AMERICAN STAFFING ASSOCIATION | NEWSMAX | BARTLETT MARITIME CORP. | EPS INDUSTRY ALLIANCE | CHATHAM AREA TRANSIT (CAT) | PARA LA NATURALEZA, INC. | TEIJIN ARAMID USA INC | CMA CGM (AMERICA) LLC/ADVOCACY | ALLIANCE FOR BIOSECURITY | AMERICA'S POISON CENTERS (APC) | GOVERNMENT OF U.S. VIRGIN ISLANDS | THE BOEING COMPANY | ATC HEALTHCARE SERVICES, LLC | MANAGEMENT AND TRAINING CORPORATION | GOVERNMENT OF PUERTO RICO | GAINWELL TECHNOLOGIES LLC | PH-D FEMININE HEALTH SYSTEMS | POLICY AND TAXATION GROUP | CHC CONSULTING, LLC | HELLEN SYSTEMS, LLC | TRUGREEN LIMITED PARTNERSHIP | EFA EDUCATION, LLC | THE COCA COLA COMPANY | ASCENSUS SPECIALTIES LLC | IMPACT JOURNALS, LLC | PACE ASSOCIATION | LEIDOS INC."
141921,KEVIN,KELLY,"Chief Counsel/Floor Asst, Sec of the Democratic Conference; Chief Clerk/Maj Staff Dir, Senate VA/HUD Approps Subcomm",312,4,"SOUTHWEST RESEARCH INSTITUTE | CONSOLIDATED SAFETY SERVICES, INC. | CURATORS OF THE UNIVERSITY OF MISSOURI | UNIVERSITY OF PENNSYLVANIA PERELMAN SCHOOL OF MEDICINE | IBX, LLC | KBR, INC. F/K/A SGT, INC. | DANNIS WOLIVER KELLEY ON BEHALF OF LOS ANGELES UNIFIED SCHOOL DISTRICT | SHUT DOWN SHEIN | HILL INTERNATIONAL, INC. | ACCION OPPORTUNITY FUND COMMUNITY DEVELOPMENT | UNIVERSITY OF CALIFORNIA, SAN FRANCISCO | BLUE ORIGIN, LLC | NATIONAL ASSOCIATION OF SOFTWARE AND SERVICE COMPANIES | CC MEDIA PARTNERS AKA TRUE PRICES | ADVANCED ENVIRONMENTAL MONITORING HOLDINGS (AEMH) | CLEAR LABS | UNIVERSITY OF CONNECTICUT | SINGLETON SCHREIBER | THE RESEARCH FOUNDATION FOR THE STATE UNIVERSITY OF NEW YORK | PRIO PHARMA, INC. | THE STRONACH GROUP | COOKWARE SUSTAINABILITY ALLIANCE | CITY OF BALTIMORE | MORGAN STATE UNIVERSITY FOUNDATION | INVENTUS POWER | GMTO CORPORATION | HELICITY SPACE | THE JOHNS HOPKINS UNIVERSITY APPLIED PHYSICS LABORATORY LLC | SYNOPTIC DATA | RELATIVE DYNAMICS | BOARD OF REGENTS OF THE UNIVERSITY OF OKLAHOMA | GOODWIN PROCTER, LLP O/B/O OF MEDICAL PROPERTIES TRUST | SOUTHEASTERN UNIVERSITIES RESEARCH ASSOCIATION, INC. | ASSOCIATION OF UNIVERSITIES FOR RESEARCH IN ASTRONOMY, INC. | ADVANCING COMMUNITY VALUES | KEPLER COMMUNICATIONS US INC. | CHARGEBACKS911 | INTUITIVE MACHINES, LLC | VEOLIA ENVIRONNEMENT S.A."
138381,SCOTT,TOMINOVICH,SA - Rep. Hoyer,312,2,"GEORGE MASON UNIVERSITY | KENNEDY KRIEGER INSTITUTE | HABITAT FOR HUMANITY OF THE CHESAPEAKE | MEDSTAR HEALTH | COMMUNITY COUNCIL HEALTH SYSTEMS | GEORGETOWN UNIVERSITY | NEUROTRAUMA SCIENCES, LLC | UNIVERSITY OF PORTLAND | ST. THOMAS AQUINAS COLLEGE | FAMILY HEART FOUNDATION | VILLANOVA UNIVERSITY | MAIN LINE HEALTH | ROPER ST. FRANCIS HEALTHCARE | NATIONAL CENTER FOR MANUFACTURING SCIENCES | SOMALOGIC | THE CHEMOURS COMPANY | SPRING HILL COLLEGE | LYONDELLBASELL INDUSTRIES | UNIVERSITY OF MARYLAND BALTIMORE COUNTY (UMBC) | LOYOLA UNIVERSITY MARYLAND | PVS CHEMICAL SOLUTIONS | VIRTUA HEALTH FOUNDATION | VIRGINIA WESLEYAN UNIVERSITY | HEALTH CAREER COLLABORATIVE | GEMU VALVES"
71377,TRACY,TAYLOR,Sch. C at Agency for International Development,312,2,"YOUNGSTOWN STATE UNIVERSITY | INTERNATIONAL MOTORS FKA NAVISTAR | HUNTINGTON BANCSHARES | GENERAL DYNAMICS | PINNACLE WEST CAPITAL CORPORATION | APPLETON INTERNATIONAL AIRPORT | AARP | COLUMBUS REGIONAL AIRPORT AUTHORITY | WOOLPERT | INTERNATIONAL ASSOCIATION OF AMUSEMENT PARKS AND ATTRACTIONS | FOX VALLEY TECHNICAL COLLEGE | COMROD INC. | WORLDWIDE ERC, INC. | ALPHA-GAL ALLIANCE ACTION FUND | COLUMBUS CHAMBER OF COMMERCE | FP2 INC. | BLUECROSS BLUESHIELD OF SOUTH CAROLINA | NORFOLK SOUTHERN | TTX COMPANY | REPUBLIC SERVICES, FORMERLY REPORTED AS U.S. ECOLOGY"
66663,ALLISON,TREXLER,"Policy Director, House Energy and Commerce and Chairman Ed Whitfield",311,6,"BIOTECHNOLOGY INNOVATION ORGANIZATION (BIO) | AMERICANS FOR CARBON DIVIDENDS (FORMERLY LISTED AS CLIMATE LEADERSHIP COUNCIL) | ENERGY INFRASTRUCTURE COUNCIL | COUNCIL ON RADIONUCLIDES AND RADIOPHARMACEUTICALS | GEVO, INC. | JERA AMERICAS, INC. | MAGELLAN MIDSTREAM PARTNERS | COLONIAL PIPELINE COMPANY | ONEOK | CROPLIFE AMERICA | RENEWABLE FUELS ASSOCIATION | AMBRI, INC. | EATON | PERPETUA RESOURCES, CORP. | IMPERIAL IRRIGATION DISTRICT | NATIONAL CORN GROWERS ASSOCIATION | BRASKEM AMERICA, INC. | BERGESON & CAMPBELL, P.C. | NATIONAL ALLIANCE OF FOREST OWNERS | CLEAN FUELS ALLIANCE AMERICA (FKA NATIONAL BIODIESEL BOARD) | NRG ENERGY, INC. | SOUTHWIRE COMPANY | BP AMERICA, INC. | ARCHROMA U.S. INC."
65208,LESTER,MUNSON,"Staff Dir SFRC; COS Sen. Kirk; COS Rep. Kirk; Dep. Asst. Admin. USAID; COS, Global Health Bureau, USAID, Pub Aff Advisor, Leg and Pub Affairs Bureau, USAID; Comms Dir SFRC; Comms Dir and Prof Staff HFAC; Press Sec, Legis Asst, Intern, Rep. Hyde",308,6,"KURDISTAN REGIONAL GOVERNMENT | DAY & ZIMMERMANN GROUP, INC. | ISLAMIC RELIEF USA | A16Z CAPITAL MANAGEMENT, L.L.C. (D/B/A ANDREESSEN HOROWITZ) FKA AH CAPITAL MGMT | ABT GLOBAL | BEIJING XIAOMI MOBILE SOFTWARE CO., LTD (FKA EDWARD B. MACMAHON, JR., PLC) | KONTOOR BRANDS | BETTER WORLD FUND | MARQUIS MANAGEMENT | WORLD DOG ALLIANCE (HONG KONG) LIMITED | EOS DEFENSE SYSTEMS USA, INC. | AI SAQR AL JARIH REAL ESTATE INVESTMENT COMPANY | VANTAGE KNIGHT, LLC ON BEHALF OF SPICE WORLD | IRANIAN AMERICAN COMMUNITY OF NORTHERN CALIFORNIA | U.S. GLOBAL LEADERSHIP CAMPAIGN | AVIATOR CAPITAL MANAGEMENT, LLC | THE UNIVERSITY OF CHICAGO | INVERIS TRAINING SOLUTIONS | CALIFORNIA WALNUT COMMISSION | GLOBAL RISK ADVISORS | NATIONAL HEALTHY START ASSOCIATION | RTX CORPORATION AND AFFILIATES (FKA RAYTHEON TECHNOLOGIES CORP. AND AFFILIATES) | CHEMONICS INTERNATIONAL | AAR GOVERNMENT SERVICES, INC. | NEBIUS GROUP N.V. | AMERIFREIGHT SYSTEMS LLC | EMBASSY OF THE REPUBLIC OF AZERBAIJAN | GOLDEN VALLEY ELECTRIC ASSOCIATION | CARE ACTION NOW, INC. | ENVIROTECH VEHICLES, INC. | HUNTINGTON INGALLS INDUSTRIES, INC. (FKA HUNTINGTON INGALLS INCORPORATED) | ABBOTT LABORATORIES | RAZOM, INC. | GLENCORE, LTD | QEUK ON BEHALF OF PALLADIAN PARTNERS, L.P. AND HBK MASTER FUND L.P. | ABT ASSOCIATES"
108164,KATE,LYNCH,"Senior Leg. Asst., Rep John Larson; Leg. Asst., Rep Niki Tsongas; Leg. Asst., Rep. Martin Meehan.",305,5,"NATIONAL LIFELINE ASSOCIATION | AXON ENTERPRISE | TENASKA, INC. | CHEF ANN FOUNDATION | COALITION FOR APP FAIRNESS | SAMSARA INC. | CARBONFUND.ORG FOUNDATION | INTEL CORPORATION | GOLDEN STATE MEDICAL SUPPLY, INC. | HEROIC HEARTS PROJECT | TRANSPORTATION RESEARCH CENTER | NEW YORK STATE BROADCASTERS ASSOCIATION | HEARST TELEVISION INC. | CAMSTON WRATHER LLC | CISCO SYSTEMS | NATIONAL ASSOCIATION OF ENERGY SERVICE COMPANIES (NAESCO) | METROPOLITAN NEW YORK COORDINATING COUNCIL ON JEWISH POVERTY | NATIONAL ASSOCIATION OF BROADCASTERS | BALLYS CORPORATION | TOMAHAWK ROBOTICS | CITY OF COMMERCE CITY | POTOMAC HOLDINGS, LLC | RELX INC. | TELEVISION OPERATORS CAUCUS (TOC) | COLUMBUS PARTNERSHIP | FUNDPLAY FOUNDATION | P2P ALLIANCE | SAFE ADVERTISING COALITION | SES AMERICOM INC. | SPARACINO PLLC | CONSORTIUM OF LEADING ASYLUM & REFUGEE SERVICE PROVIDERS (INFORMAL COALITION) | NORFOLK SOUTHERN CORPORATION | ORACLE AMERICA, INC. | RAVEN | ATNI | WIGGINS CHILDS PANTAZIS FISHER GOLDFARB | DALLAS FORT WORTH INTERNATIONAL AIRPORT | DANDELION ENERGY | INSP | SKYRYSE | CONSCIOUS CONTENT MEDIA INC. | CRUISE LLC | PLAY SPORTS COALITION | KELLER POSTMAN LLC | MEDITERRANEAN SHIPPING COMPANY (USA) INC. | DIGITAL CURRENCY GROUP | U.S. TRAVEL ASSOCIATION | RIVIAN AUTOMOTIVE LLC | STANFORD UNIVERSITY | ALLIANCE TO PROTECT NANTUCKET SOUND | AIR PRODUCTS AND CHEMICALS, INC. | AIRPORTS COUNCIL INTERNATIONAL - NORTH AMERICA | CVS HEALTH | DENVER INTERNATIONAL AIRPORT | NATIONAL GRID USA"
139482,GRAHAM,HILL,"Staff Director & Sr. Counsel, House Transportation & Infrastructure",304,3,"HUNTINGTON INGALLS INDUSTRIES INC (FKA ALION SCIENCE AND TECHNOLOGIES) | BRAAVOS, LLC | JACKSON REDEVELOPMENT AUTHORITY | COBHAM ADVANCED ELECTRONIC SOLUTIONS, INC. | FSX, LLC (FORMERLY FREIGHT SHUTTLE INTERNATIONAL) | YUMA BN, LLC | NATIONAL STONE SAND AND GRAVEL ASSOCIATION | HARRISON, TEMBLADOR, HUNGERFORD, & GUERNSEY ON BEHALF OF D&D LANDHOLDINGS | TEKNIPLEX | XSOC CORPORATION FKA (SECURE CHANNELS) | GENERAL ATOMICS | KOCH GOVERNMENT AFFAIRS, LLC (FKA KOCH COMPANIES PUBLIC SECTOR, LLC) | MARIAN UNIVERSITY | CITY OF GREENWOOD | ST. BERNARD PORT, HARBOR AND TERMINAL DISTRICT | CITY OF DULUTH, MINNESOTA | CHILDREN'S HOSPITAL ASSOCIATION OF TEXAS | IBEX PARTNERS, LLC ON BEHALF OF WATER AND HEALTH ADVISORY COUNCIL | CITY OF ELKHART | OAK GROVE TECHNOLOGIES | VULCAN MATERIALS COMPANY | COUNTRYMARK COOPERATIVE | REWORLD FKA (COVANTA HOLDING CORPORATION) | INGEVITY CORPORATION | META PLATFORMS INC (FORMERLY FACEBOOK INC AND VARIOUS SUBSIDIARIES) | KNAUF INSULATION, INC. | AAR CORP. | AMERICAN FUEL AND PETROCHEMICAL MANUFACTURERS"
70203,JEREMY,STESLICKI,"Director of Appropriations, Sen. Tammy Baldwin; Policy Advisor, Rep. Sander Levin; Legislative Aide, Sen. Carl Levin",303,3,"UNIVERSITY OF MONTANA | NORTHWESTERN UNIVERSITY | OSHKOSH CORPORATION | FINCANTIERI MARINE GROUP LLC | SHINE TECHNOLOGIES (FKA PHOENIX, LLC) | NCD TECHNOLOGIES | MEXICHEM FLUOR | UNIVERSITY OF MICHIGAN | MONTANA STATE UNIVERSITY | GE VERNOVA POWER CONVERSION AND STORAGE FKA GENERAL ELECTRIC COMPANY | ODYNE SYSTEMS | MICHIGAN WHEEL | SIEMENS GOVERNMENT TECHNOLOGIES | COMPOSITE ENERGY TECHNOLOGIES, D/B/A GOETZ COMPOSITES | TCLAD INC. | STEALTH SOFTWARE TECHNOLOGIES | VETERANS FOR COMMON SENSE | CAMBRIDGE SEMANTICS, INC. | MCNALLY INDUSTRIES | METAL IMPROVEMENT COMPANY, LLC | ORBIA FLUOR & ENERGY MATERIALS USA (FKA SILATRONIX) | MRP TARGETING LLC | GELSIGHT, INC. | GE AEROSPACE | MARQUETTE UNIVERSITY | METALTEK INTERNATIONAL"
136662,KRISTEN,BAUTZ,"Senior Advisor and Special Projects Coordinator, Rep Wasserman Shultz",303,1,"GENENTECH | ELISABETH POTTER MD PLLC | U.S. WOMEN'S HEALTH ALLIANCE | JOHNSON & JOHNSON SERVICES INC | DAIICHI SANKYO INC | ORGANIZE ACTION NETWORK | CYTOKINETICS INC. | PHARMACOSMOS THERAPEUTICS INC. | NANTWORKS | BRIDGEBIO | HERON THERAPEUTICS, INC. | GILEAD SCIENCES INC. | ONEONCOLOGY INC. | LANTHEUS MEDICAL IMAGING, INC. | BEYONDSPRING INC. | DEXCOM, INC. | AMAG PHARMACEUTICALS, INC. | REPLIMUNE | EDWARDS LIFESCIENCES, LLC | NOVAVAX, INC. | SPR THERAPEUTICS | COMMUNITY ONCOLOGY ALLIANCE | CHARTER BROKERAGE | PHARMACEUTICAL RESEARCH AND MANUFACTURERS OF AMERICA | UNIQURE INC."
49748,MARK,LINDSAY,US House Staff,303,4,"GOVBIZ ADVANTAGE (FOR COYNE REAL ESTATE) | KINDMIND | METABOLIC SYNDROME INSULIN INFUSION HOLDINGS LLC | OYE THEREPEUTICS | GOVBIZ ADVANTAGE, INC. (FOR APTERA MOTORS, INC.) | LIVEON NY (FORMALLY CSCS) | CERESCAN | PAL HEALTH/DIGITAL 360 HEALTHCARE | VIVOS THERAPEUTICS, INC. | SOUTHEASTERN COLLEGE | DR PETER ULLRICH | MOBE LLC | GOVBIZ ADVANTAGE (FOR LIFE CONNECTION OHIO) | PARTSSOURCE | IDAHO CASE MANAGEMENT, INC. | POLICYBRIDGE | GOV BIZ ADVANTAGE, INC. (FOR QUANTUM KNIGHT) | DEMERX, INC | GAC SPONSOR, LLC | NEW MARKET VETERAN, LLC | ROCK AND ROLL HALL OF FAME AND MUSEUM | GOV BIZ ADVANTAGE, INC. (FOR FORTRESS WILDFIRE INSURANCE GROUP) | PROMEDTEK, INC. | EVERGLADES UNIVERSITY | AFRICA GREENTEC | SHIFTRX | ELECTROCORE | SPINQI LLC"
45714,CRAIG,SAPERSTEIN,Former Legislative Correspondent for Senator John Edwards,302,2,"AMERICAN BOARD OF MEDICAL SPECIALTIES | BLACKHAWK NETWORK | SLASHNEXT, INC. | GEORGE WASHINGTON UNIVERSITY | FELLOWES BRANDS | ABILENE CHRISTIAN UNIVERSITY | ZERORISC INC. | INTRA-CELLULAR THERAPIES, INC. | CITY OF GREENSBORO, NORTH CAROLINA | PROFESSIONAL CERTIFICATION COALITION | CENSYS, INC. | PSI SERVICES LLC | WINDWARD USA INC. | CORE4CE | EURONET WORLDWIDE, INC. | THESEUS TECHNOLOGY CORPORATION | HARRIS-STOWE STATE UNIVERSITY | ATTIVO NETWORKS | NETWORK COMMUNICATIONS INTERNATIONAL CORP. | TYCHON | AMERICAN WATER WORKS ASSOCIATION | GIGAMON | PORT CITY AIR, INC. | QUANTINUUM LLC | GLOBAL PATENT SOLUTIONS, LLC | FLASHPOINT INTELLIGENCE | YOGA ALLIANCE | STANISLAUS COUNTY CALIFORNIA | NEWCLEO LTD | PIXELS ON TARGET | CLEAN CORE THORIUM ENERGY | STANDARD GENERAL L.P. | VIAKOO INC. | QUANTIFIND | VICTAULIC | GEOBROADCAST SOLUTIONS, LLC | ACTIVEHOURS INC., D/B/A EARNIN | MONEY SERVICES BUSINESS ASSOCIATION, INC. | AMERICAN CHIROPRACTIC ASSOCIATION | EMCORE CORPORATION | CPS PROFESSIONAL SERVICES, LLC DBA CATHEXIS | PEMDAS TECHNOLOGIES AND INNOVATIONS | TICKPICK, LLC | BEDROCK SYSTEMS, INC. | SYNDERYS CYBER SOLUTIONS | ALABAMA A&M UNIVERSITY | CYERA US INC. | ASSOCIATION OF CYPRUS BANKS | EDF RENEWABLE ENERGY"
99946,KAROLINA,ARIAS,"Office of Senator Chris Van Hollen, Policy Advisor Senate Committee on Banking, Housing and Urban Affairs- Legislative Assistant and Staff Director Office of Senator Herb Kohl, Legislative Assistant. Treasury Department Leg. Affairs Advisor",302,5,"U.S. MORTGAGE INSURERS | INVESCO HOLDING COMPANY (US), INC. | THE MAJORITY GROUP, LLC (ON BEHALF OF SAGENT) | MARSH & MCLENNAN COMPANIES, INC. | MONARCH ALTERNATIVE CAPITAL LP | INVICTUS GLOBAL MANAGEMENT | DEFI EDUCATION FUND | AIR WORLDWIDE | DISCOVER FINANCIAL SERVICES, INC. | GLOBAL TRADING SYSTEMS, LLC | ARNOLD & ITKIN | NATIONAL ASSOCIATION OF MUTUAL INSURANCE COMPANIES | INSURANCE SERVICES OFFICE, INC. | ALLSTATE INSURANCE COMPANY | MANAGED FUNDS ASSOCIATION | FIR TREE PARTNERS | ICEYE | PROTECTIVE LIFE CORPORATION | UNITED STATES CHAMBER OF COMMERCE/CENTER FOR CAPITAL MARKETS COMPETITIVENESS | MOODY'S CORPORATION | THE MAJORITY GROUP, LLC (ON BEHALF OF PENNYMAC) | ARNALL GOLDEN GREGORY (O/B/O HOUSING AUTHORITY OF THE COUNTY OF SANTA BARBARA) | BIPARTISAN POLICY CENTER ACTION | BA SECURITIES, LLC | LOAN SYNDICATIONS AND TRADING ASSOCIATION | WEBBANK | FINANCIAL ACCOUNTING FOUNDATION | ARNALL GOLDEN GREGORY (O/B/O HOUSING AUTHORITY OF THE COUNTY OF BUTTE) | COALITION ORGANIZED FOR THE FUTURE OF INSURANCE REGULATION (COFIR) | MEMBERS EXCHANGE | PRETIUM | PADSPLIT | AFLAC, INC. | FERMAT CAPITAL MANAGEMENT | ECONOMIC SECURITY PROJECT ACTION | NATIONAL RENTAL HOME COUNCIL | SNAPDOCS, INC. | EXPERIAN NORTH AMERICA | WESTCOR LAND TITLE INSURANCE COMPANY | BANCO AZTECA, SA"
64811,EDWARD,HILD,"Chief of Staff, Sen. Lisa Murkowski; Deputy Chief of Staff, Sen. Pete Domenici",300,7,"BRAINCHIP INC. | POLARIS INDUSTRIES, INC. | OPTIMUM POWER HOLDING CO., LLC | AIM IMMUNOTECH INC. | URBAN REDEVELOPMENT AUTHORITY OF PITTSBURGH | THE RITESCREEN COMPANY, LLC | CITIZENS CLIMATE LOBBY | LA SEMICONDUCTOR | MISSION 22 | HERAEUS INCORPORATED | COLUMBIA COUNTY, FLORIDA | AMERICAN ELECTRIC POWER D/B/A TRANSOURCE PENNSYLVANIA LLC | TEAM WENDY LLC | CITY OF PITTSBURGH | NEW JERSEY RESOURCES CORPORATION | TUNGSTEN PARTS WYOMING, INC. | SUMMIT STRATEGIES ON BEHALF OF ASCEND PERFORMANCE MATERIALS | NOVAPHOS | EARTHWALK ORTHOTICS | CARLOW UNIVERSITY | CARNEGIE INSTITUTE DBA CARNEGIE MUSEUMS OF PITTSBURGH | VISABILITY | COPS DIRECT | PORT AUTHORITY OF ALLEGHENY COUNTY D/B/A PITTSBURGH REGIONAL TRANSIT | DURAVI | FINDLAY TOWNSHIP MUNICIPAL AUTHORITY | DUQUESNE UNIVERSITY | SUWANNEE COUNTY BOARD OF COUNTY COMMISSIONERS | WAYNESBURG UNIVERSITY | HOME CARE ASSOCIATION OF AMERICA | VIVANT BEHAVIORAL HEALTHCARE | DESIGN GROUP AMERICAS | MIDDLE EAST FORUM | PINE BELT CELLULAR, INC. | CLEAR STREET HOLDINGS LLC | PHILADELPHIA INDUSTRIAL DEVELOPMENT CORPORATION | PITTSBURGH ARENA REAL ESTATE REDEVELOPMENT | WHEMCO, INC. (FORMERLY LEHIGH HEAVY FORGE CORP.) | GRIGNARD PURE, LLC | INSPIRITEC, INC. | UGI ENERGY SERVICES, LLC | SELENE PHOTONICS | CRO, LLC | UV DEFENSE, LCC | WAVEFRONT ANALYSIS SYSTEMS LLC | TYCHE EXTRACTION COMPANY, LLC"
142566,VEN,NERALLA,"Chief of Staff, U.S. Rep. Andy Levin; Deputy Chief of Staff, U.S. Rep. Pramila Jayapal; Legislative Director, U.S. Rep. Barbara Lee; Legislative Assistant, U.S. Rep. Peter DeFazio; Senior Advisor, USDA; OPP; and MCC.",300,3,"NATIONAL ASSOCIATION OF BROADCASTERS | AMERICAN KIDNEY FUND | DELOITTE LLP | BIOGEN, INC. | BLACK VOTERS MATTER FUND | DAVITA, INC. | WELLS FARGO & COMPANY | QUEST DIAGNOSTICS INCORPORATED | NCTA - THE INTERNET & TELEVISION ASSOCIATION | AXON ENTERPRISE, INC. | B.S.D. CAPITAL, INC., DBA LENDISTRY | FAIR ISAAC CORPORATION (DBA FICO) | BLOCPOWER | APPLE INC. | AMERICAN FUEL & PETROCHEMICAL MANUFACTURERS (AFPM) | AMAZON CORPORATE LLC | NATIONAL ASSOCIATION OF BUSINESS POLITICAL ACTION COMMITTEES (NABPAC) | CARGILL, INCORPORATED | INTERACTIVE ADVERTISING BUREAU | ABBVIE, INC. | ADOBE INC. | CISCO SYSTEMS, INC. | ALKERMES, INC. | BRISTOL MYERS SQUIBB COMPANY | 1890 UNIVERSITIES FOUNDATION | OTSUKA AMERICA PHARMACEUTICAL INC"
93714,KEENAN,AUSTIN REED,"Chief of Staff, Rep. Donald McEachin; Deputy Chief of Staff, Rep. Frederica S. Wilson",300,1,"WALMART INC | ION STORAGE SYSTEMS, INC. | STARZ ENTERTAINMENT LLC | CRUISE LLC | EMERGENT BIOSOLUTIONS | COUNCIL FOR RESPONSIBLE NUTRITION | VISTRA CORPORATE SERVICES COMPANY | CAE USA, INC | ELLUME USA | MENTAL HEALTH AMERICA | CARESOURCE | REBELLION DEFENSE, INC. | FORD MOTOR COMPANY | ENVIVA, LLC | JEROME STEVENS PHARMACEUTICALS | GULF SOUTH BUSINESS ROUNDTABLE | SIEMENS CORPORATION | U.S. TIRE MANUFACTURERS ASSOCIATION | MALLINCKRODT | ARGO AI, LLC | OMIDYAR NETWORK SERVICES, LLC. | LYFT | EXACT SCIENCES CORPORATION | NUCOR CORPORATION | NEC CORPORATION OF AMERICA | AMGEN | MATCH GROUP HOLDINGS | TAKEDA PHARMACEUTICALS AMERICA, INC. | ATOM COMPUTING | VERTANICAL GMBH | ENTEK TECHNOLOGY HOLDING, LLC | TEXAS WOMAN'S UNIVERSITY FOUNDATION | XXII CENTURY GROUP | INTERNATIONAL SWAPS AND DERIVATIVES ASSOCIATION | TOPSOE, INC. | TALLGRASS ENERGY PARTNERS, LP | MANAGED FUNDS ASSOCIATION | AMERICAN FLOOD COALITION ACTION INC | CORMEDIX, INC. | ATMOS ENERGY CORPORATION | ADTALEM GLOBAL EDUCATION, INC. | AWS PUBLIC POLICY, AMERICAS | MINDBLOOM, INC."
69148,STONEY,BURKE,"Legislative Assistant, Rep. Chet Edwards (2006-2008) Chief of Staff, Rep. Will Hurd (2015-2018)",297,5,"ANTHROPIC, PBC | UNSTRUCTURED TECHNOLOGIES INC. | SHIFT 5 | COMCAST CORPORATION | REFINED TECHNOLOGIES | QUASISTATICS INC. | KRAUS HAMDANI AEROSPACE | ICON TECHNOLOGY, INC. | GENERAL GALACTIC | HOWARD ENERGY PARTNERS | AMAZON WEB SERVICES | DIGITAL ASSET (US) CORP | HIGH EARTH ORBIT ROBOTICS PTY LTD | MEXICO PACIFIC | TEN08 ENERGY | CHAOS INDUSTRIES | LILT | DARKSABER LABS | PIKE ELECTRIC | SAFIRE TECHNOLOGY GROUP | VENUS AEROSPACE | ALVA ELLIOT PARTNERS ON BEHALF OF GOOD DAY FARM LLC | BELL LEGAL GROUP | FANDUEL | TOWER19 ON BEHALF OF USAFACTS | FATHOM | HELSING INC. | VULCAN MATERIALS COMPANY | NATIONAL ASSOCIATION OF BANKRUPTCY TRUSTEES | IMBUE | ZEROEYES INC. | ALLTRACK | SOUTHERN COMPANY SERVICES, INC. | VISIONARY SOLUTIONS | THE WHITE LINE | OMEROS CORPORATION | NATIONAL ASSOCIATION OF FEDERAL EQUITY RECEIVERS (NAFER) | PODIMETRICS | EDGERUNNER AI, INC | PREMIUM PACKAGED PRODUCTS LLC"
45967,JAKE,JOHNSTON,"Leg. Director, Rep. Jay Inslee",297,2,"CITY OF MOUNT VERNON | TRI STATE MEMORIAL HOSPITAL | CURRY HEALTH NETWORK | CITY OF BOTHELL, WA | OLYMPIC MEDICAL CENTER | ISLAND HOSPITAL | SAMARITAN HEALTHCARE | FAMILY HEALTH CENTERS | GARFIELD COUNTY HOSPITAL DISTRICT | SNOQUALMIE VALLEY HEALTH | CITY OF BURIEN, WA | ODESSA MEMORIAL HEALTHCARE CENTER | CITY OF BREMERTON | CITY OF WOODINVILLE | EAST ADAMS RURAL HEALTHCARE | ASTRIA HEALTH (FORMERLY KNOWN AS SUNNYSIDE COMMUNITY HOSPITAL) | CITY OF LAKEWOOD | JEFFERSON HEALTHCARE | CITY OF CARNATION | CITY OF SHORELINE | OTHELLO COMMUNITY HOSPITAL | CITY OF LAKE FOREST PARK | JAMIE'S PLACE | SUMMIT PACIFIC MEDICAL CENTER | CITY OF MOUNTLAKE TERRACE | SKYLINE HEALTH"
142222,PATRICK,AMES,"Sr. Policy Advisor and Counselor, CFTC; Law Clerk CFTC Comm. Giancarlo; Law Clerk SEC Division of Enforcement",297,5,"VERANO HOLDINGS, LLC | PRUDENTIAL FINANCIAL, INC. | WORLDQUANT, LLC | DECENTRALIZATION RESEARCH CENTER | GEOCOMPLY SOLUTIONS INC. | VALERO SERVICES, INC. | BLACKROCK FUND SERVICES GROUP, LLC | GLENCORE, LTD | XACTUS | FLAGSTAR BANK | MARCUM LLP | THE DEPOSITORY TRUST & CLEARING CORPORATION | MILLENNIUM MANAGEMENT LLC | MATTRESS FIRM | A16Z CAPITAL MANAGEMENT, L.L.C. (D/B/A ANDREESSEN HOROWITZ) FKA AH CAPITAL MGMT | STANDARD CRYPTO | CENTIVA CAPITAL, LP | THE TRAVELERS COMPANIES, INC. AND SUBSIDIARIES | ANCERA | E.J. SAAD LAW FIRM | PHANTOM | CREDIT SUISSE SECURITIES (USA) LLC | ONTARIO TEACHERS' PENSION PLAN | UIPATH | NOMURA HOLDING AMERICA INC. | DEUTSCHE BANK USA | METLIFE GROUP, INC. (FKA METLIFE SERVICES AND SOLUTIONS, LLC) | DIGITAL CURRENCY GROUP | DRAGONFLY DIGITAL MANAGEMENT, LLC | PIVOT BIO | MASTERCARD INTERNATIONAL INCORPORATED | GALAXY DIGITAL HOLDINGS LP | MOONPAY USA LLC | AMERICAN LAND TITLE ASSOCIATION | CUISINE SOLUTIONS, INC. | FANDUEL | LOCKTON MANAGEMENT, LLC | SMBC AMERICAS HOLDINGS, INC. | ALLIANCE STRATEGIES | BLUE CORAL INC. | LILIUM CAPITAL | INTRAX INC. | HYPERLIQUID POLICY CENTER | FRANKLIN RESOURCES, INC. | UNIVERSAL NAVIGATION INC. | DAVE INC. | MARQUIS MANAGEMENT"
64321,JOEL,RIETHMILLER,"Deputy Chief of Staff, Rep. Baron Hill Part-Time Employee, Rep. John Carney",296,4,"THE COCA COLA COMPANY | TANIUM | BUTTERFLY NETWORK | GALVANICK | CRUNCHATLAS | 9 MOTHERS DEFENSE | DEREK WEBB LLC OBO THE CAMPAIGN FOR FAIRER GAMBLING | COBALT INSTITUTE | BLUESCAPE | INDUSTRIAL DEFENDER, LLC | VIRSEC | COHESITY | INDEPENDENT PAYROLL PROVIDERS ASSOCIATION | CARAHSOFT ON BEHALF OF ELASTIC | HYPERSCIENCE | TAQTILE | AUTONOMOUS CYBER | ANOMALI | UNITED POSTMASTERS AND MANAGERS OF AMERICA | ISACA | WALKME | QUINTESSENCE MARINE OBO INVERSA LEATHERS | MANUFACTURED HOUSING INSTITUTE | SEEQC, INC | AXONIUS | NETWORK PERCEPTION | INSANE CYBER | PACIFIC LIGHT & HOLOGRAM | INFLEQTION | SCALED AGILE INC | INTRUSION | NEURABLE"
80339,CHRISTIAN,LEE,"PSM-Detailee, Senate Appropriations Committee; House Liaison Assistant, Coast Guard House Liaison Office; Coast Guard Fellow, Select Committee on Homeland Security",296,5,"SYRACUSE UNIVERSITY | APPLIED INTUITION, INC. | ENVISION TECHNOLOGY, LLC | KISTEFOS AS | COMTECH TELECOMMUNICATIONS CYBER STRONG (FKA TELECOMMUNICATIONS SYSTEMS, INC.) | MERLIN INTERNATIONAL, INC. | ANDURIL INDUSTRIES, INC. | BEAUFORT REGIONAL CHAMBER OF COMMERCE | THE LEMOINE COMPANY, LLC | PSIQUANTUM | EPIRUS, INC. | KIDS IN NEED OF DEFENSE | MASTER BOAT BUILDERS, INC. | HIDDEN LEVEL, INC. | ENERGY CAPITAL VIETNAM | MARSHALL UNIVERSITY RESEARCH CORP. | TARGET HOSPITALITY CORP. | DIVE TECHNOLOGIES INC. | THE BOEING COMPANY | SEASATELLITES, INC. | US MARINE MANAGEMENT LLC | ASSOCIATED UNIVERSITIES, INC. | WORKDAY, INC. | PRE LLC OBO S2 RAPISCAN | BROWN UNIVERSITY | ST ENGINEERING NORTH AMERICA, INC. | BDR SOLUTIONS, LLC | PRESCIENT EDGE | S2 GLOBAL, INC. | U.S. MERCHANT MARINE ACADEMY ALUMNI ASSOCIATION AND FOUNDATION | BOSSIER PARISH POLICE JURY | GENERAL DYNAMICS | PARK UNIVERSITY | TRIDENT MARITIME SYSTEMS, INC. | RESPOND-US | RTX CORPORATION (FKA RAYTHEON TECHNOLOGIES CORPORATION) | AVANGRID MANAGEMENT COMPANY, LLC | KIRBY CORPORATION | ASSOCIATION FOR UNCREWED VEHICLE SYSTEMS INTERNATIONAL | UNIVERSITY OF NOTRE DAME | COLGATE UNIVERSITY | UNIVERSITY OF MAINE SYSTEM | MARITIME PARTNERS, LLC | QUANTUM TECHNOLOGY SCIENCES, INC. | HUNT DEVELOPMENT GROUP LLC | ALLIED UNIVERSAL SECURITY SERVICES LLC | GARMIN INTERNATIONAL, INC. | BLUE WATER AUTONOMY, INC. | ADVANCING MENTAL HEALTH FOR MILITARY FAMILIES, LLC"
64322,BRIAN,MCLAUGHLIN,"Research Assistant, Senate Homeland Security Committee Research Assistant, Senator Richard Durbin",296,6,"HUAWEI TECHNOLOGIES USA INC | PACIFIC LIGHT & HOLOGRAM | INFLEQTION | INDEPENDENT PAYROLL PROVIDERS ASSOCIATION | CARAHSOFT ON BEHALF OF ELASTIC | HYPERSCIENCE | TAQTILE | TANIUM | BUTTERFLY NETWORK | THE COCA COLA COMPANY | FUTUREWEI TECHNOLOGIES, INC | AUTONOMOUS CYBER | ANOMALI | UNITED POSTMASTERS AND MANAGERS OF AMERICA | ISACA | WALKME | SCALED AGILE INC | INTRUSION | NEURABLE | 9 MOTHERS DEFENSE | GALVANICK | CRUNCHATLAS | DEREK WEBB LLC OBO THE CAMPAIGN FOR FAIRER GAMBLING | COBALT INSTITUTE | BLUESCAPE | INDUSTRIAL DEFENDER, LLC | VIRSEC | COHESITY | MANUFACTURED HOUSING INSTITUTE | SEEQC, INC | AXONIUS | NETWORK PERCEPTION | INSANE CYBER"
69835,MICHAELEEN,CROWELL,"Leg Director, Rep. Denise Majette; Leg Director, Rep. John Lewis; Chief of Staff, US Sen. Bernie Sanders",296,1,"FIRST FIVE ACTION FUND | GENEVANT SCIENCES, INC. | SANDOZ INC. | RECYCLING LEADERSHIP COUNCIL | AMERICAN PSYCHOLOGICAL ASSOCIATION SERVICES, INC. | NATIONAL BUSINESS AVIATION ASSOCIATION | NOVO NORDISK, INC. | ALLIANCE OF COMMUNITY HEALTH PLANS | WAYMO LLC | NATIONAL FOOTBALL LEAGUE | GOODRX | S&P GLOBAL | DUKE ENERGY CORPORATION | HOLISTIC INDUSTRIES | BAXTER HEALTHCARE CORPORATION | DAVITA, INC. | T-MOBILE USA, INC. | DRUM MAJORS FOR CHANGE | GOOGLE CLIENT SERVICES, LLC | U.S. SUGAR CORPORATION | AMERICAN EXPLORATION & PRODUCTION COUNCIL | NATIONAL ASSOCIATION OF LETTER CARRIERS | LEGO SYSTEMS, INC. | ALKERMES, INC. | AMGEN, INC. FKA HORIZON THERAPEUTICS USA, INC. | PET FOOD INSTITUTE | CONOCOPHILLIPS | AMERICAN OPTOMETRIC ASSOCIATION | ORCHARD THERAPEUTICS NORTH AMERICA | CONSUMER BRANDS ASSOCIATION | GENERAL MOTORS | ALLIANCE TO MODERNIZE PRESCRIBING INFORMATION | MCKINSEY & COMPANY | LVMH MOET HENNESSY LOUIS VUITTON INC. | AMERICAN PETROLEUM INSTITUTE | PITNEY BOWES | DOORDASH | ALZHEIMER'S ASSOCIATION"
144804,CURTIS,PHILIP,"Deputy Chief of Staff, Rep. Lamar Smith/Professional Staff member, House Science Cmte; Legislative Director, Rep. Louie Gohmert; Legislative Counsel, Rep. Bill Cassidy; Legislative Correspondent, Sen. Chuck Grassley",296,1,"GLAXOSMITHKLINE LLC | FORD MOTOR COMPANY | NATIONAL SPECTRUM CONSORTIUM | SMITH BAGLEY, INC. | ENTRUST TECHNOLOGIES | ARGO AI, LLC | OMIDYAR NETWORK SERVICES, LLC. | CRUISE LLC | ACA CONNECTS - AMERICA'S COMMUNICATION ASSOCIATION | ATOM COMPUTING | TRILLIANT HEALTH | BROADCAST MUSIC, INC. | WHOOP | ACCENTURE, LLP | TRANE TECHNOLOGIES | CITY OF PROVO, UT | ASML US, LLC | AWS PUBLIC POLICY, AMERICAS | SIEMENS CORPORATION | U.S. TIRE MANUFACTURERS ASSOCIATION | ADVANCED TECHNOLOGY SYSTEMS COMPANY | HOTWIRE COMMUNICATIONS | WALMART INC | BABEL STREET | CELLEBRITE INC. | AURA SUB, LLC | TELEPHONE AND DATA SYSTEMS, INC. | VENNTEL, INC. | NEC CORPORATION OF AMERICA | RECORDING INDUSTRY ASSOCIATION OF AMERICA | MATCH GROUP HOLDINGS | UNITED STATES CELLULAR CORPORATION | HITRUST SERVICES CORP."
66524,KIRBY,GARRETT,LA for Rep. Walden,294,15,"THE BUS COALITION | ROGUE VALLEY TRANSIT | CITY OF LONGVIEW WASHINGTON | TIDEWATER | FOSS MARITIME COMPANY | CITY OF VANCOUVER WASHINGTON | CITY OF MEDFORD, OREGON | BENTON COUNTY | NAPA VALLEY TRANSPORTATION AUTHORITY | CITY OF LACEY WASHINGTON | DAMERA BUS SALES CANADA | DETROIT LAKE FOUNDATION | CITY OF BATTLE GROUND WASHINGTON | PORT OF LONGVIEW | TILLAMOOK COUNTY CREAMERY ASSOCIATION | CITY OF BEAVERTON | CLATSOP COUNTY | MARION COUNTY OREGON | SANTA CRUZ METRO | CITY OF PENDLETON | CITY OF TIGARD OREGON | PORT OF MORROW | CITY OF SHERWOOD, OREGON | SALEM KEIZER TRANSIT | CITY OF KLAMATH FALLS | UNITED GRAIN CORPORATION | CITY OF RIDGEFIELD | PORT OF BELLINGHAM"
68539,DAVID,STEWART,"Nov '15-Apr '18, Maj. SD Ways and Means; June '13-Nov '15, Pol Dir, Speaker Boehner; Dec '08-Jan '11: Pol Adv, Rep Boehner; Jan '11-June '13, Asst for Policy, Rep Boehner; Apr '07-Dec '08 Dep COS and LD, Rep English",293,1,"THE DONOHOE COMPANIES | SK AMERICAS, INC. | BUNGE NORTH AMERICA, INC. | HUDSON TECHNOLOGIES | CINTAS CORPORATION | KKR | THE LUBRIZOL CORPORATION | SK HYNIX AMERICA, INC. | MARS INCORPORATED | THE COCA COLA COMPANY | AON SERVICE CORPORATION (FKA AON HEWITT) | KIA CORPORATION (FORMERLY KNOWN AS KIA MOTORS CORPORATION) | HEXION, INC. | JUUL LABS, INC. | ASCENSUS SPECIALTIES LLC | PARADIGM OPERATIONS LP | PBI-GORDON COMPANIES | TINUUM GROUP LLC | NATIONAL THOROUGHBRED RACING ASSOCIATION (NTRA) | INFRA-BK, LLC | UNITED STATES INFRASTRUCTURE CORPORATION | ALLIANCE FOR FINANCING U.S. INFRASTRUCTURE, INC. | MGM RESORTS INTERNATIONAL | BROADRIDGE FINANCIAL SOLUTIONS, INC. | AMERICAN STAFFING ASSOCIATION | AUTOS DRIVE AMERICA | SOCIETY OF CARDIO COMPUTED TOMOGRAPHY (SCCT) | HEARTFLOW, INC. | RAD POWER BIKES LLC | VERTIV GROUP CORPORATION | BETA TECHNOLOGIES | JBS USA FOOD COMPANY | GLOBAL ELECTRONICS ASSOCIATION, FORMERLY KNOWN AND REPORTED AS IPC | RESTORATION FOREST PRODUCTS, LLC | NASSCOM (NATIONAL ASSOCIATION OF SOFTWARE AND SERVICE COMPANIES) | CMA CGM (AMERICA) LLC/ADVOCACY | PARA LA NATURALEZA, INC. | REYES HOLDING, L.L.C | COX ENTERPRISES, INC. | THOMAS JEFFERSON UNIVERSITY | GOVERNMENT OF U.S. VIRGIN ISLANDS | MOET HENNESSY USA"
93331,IAN,RAYDER,"Deputy Chief of Staff, Rep. Debbie Wasserman Schultz.",292,4,"TRANSPORTATION RESEARCH CENTER | CRUISE LLC | PLAY SPORTS COALITION | KELLER POSTMAN LLC | MEDITERRANEAN SHIPPING COMPANY (USA) INC. | DIGITAL CURRENCY GROUP | RELX INC. | TELEVISION OPERATORS CAUCUS (TOC) | COLUMBUS PARTNERSHIP | FUNDPLAY FOUNDATION | P2P ALLIANCE | SAFE ADVERTISING COALITION | NATIONAL LIFELINE ASSOCIATION | AXON ENTERPRISE | SES AMERICOM INC. | SPARACINO PLLC | CONSORTIUM OF LEADING ASYLUM & REFUGEE SERVICE PROVIDERS (INFORMAL COALITION) | NORFOLK SOUTHERN CORPORATION | AIR PRODUCTS AND CHEMICALS, INC. | AIRPORTS COUNCIL INTERNATIONAL - NORTH AMERICA | INTEL CORPORATION | GOLDEN STATE MEDICAL SUPPLY, INC. | HEROIC HEARTS PROJECT | NEW YORK STATE BROADCASTERS ASSOCIATION | HEARST TELEVISION INC. | CAMSTON WRATHER LLC | CISCO SYSTEMS | NATIONAL ASSOCIATION OF ENERGY SERVICE COMPANIES (NAESCO) | CIVITAS CAPITAL MANAGEMENT, LLC | U.S. TRAVEL ASSOCIATION | RIVIAN AUTOMOTIVE LLC | STANFORD UNIVERSITY | ALLIANCE TO PROTECT NANTUCKET SOUND | CVS HEALTH | DENVER INTERNATIONAL AIRPORT | CHEF ANN FOUNDATION | COALITION FOR APP FAIRNESS | SAMSARA INC. | CARBONFUND.ORG FOUNDATION | ORACLE AMERICA, INC. | RAVEN | ATNI | WIGGINS CHILDS PANTAZIS FISHER GOLDFARB | DALLAS FORT WORTH INTERNATIONAL AIRPORT | METROPOLITAN NEW YORK COORDINATING COUNCIL ON JEWISH POVERTY | NATIONAL ASSOCIATION OF BROADCASTERS | BALLYS CORPORATION | TOMAHAWK ROBOTICS | CITY OF COMMERCE CITY | POTOMAC HOLDINGS, LLC | INSP | DANDELION ENERGY | SKYRYSE | CONSCIOUS CONTENT MEDIA INC."
71240,GREG,BARNES,"Counsel, House Judiciary Committee",290,5,"NETWORK ADVERTISING INITIATIVE | ASSOCIATION FOR ACCESSIBLE MEDICINES | T-MOBILE USA, INC. | HIGH TECH INVENTORS ALLIANCE | PANDORA MEDIA LLC | LUTRON ELECTRONICS CO., INC. | THE INTERNET INFRASTRUCTURE COALITION (I2COALITION) | DIRECTV, LLC | INTERNATIONAL ASSOCIATION OF VENUE MANAGERS | CROWN CASTLE | NOKIA OF AMERICA CORPORATION | TOOLS FOR HUMANITY CORPORATION | ZEBRA TECHNOLOGIES | PORTER AND KORVICK, P.A. | MUSIC.INNOVATION.CONSUMERS COALITION ""MIC"" | TRAVEL TECH: THE TRAVEL TECHNOLOGY ASSOCIATION | UNITED FOR PATENT REFORM | SPOTIFY USA INC. | WINN STRATEGIES ON BEHALF OF THE PEW CHARITABLE TRUSTS | X CORP. (FORMERLY TWITTER, INC.) | PEW CHARITABLE TRUSTS | LINKEDIN | REYNOLDS AND REYNOLDS | SIIA | SCIENCE APPLICATIONS INTERNATIONAL CORPORATION | CAROLINA WEST WIRELESS"
37627,ANDREW,HARKER,House Agriculture Committee Intern,290,1,"NATIONAL POTATO COUNCIL | UNITED FRESH PRODUCE ASSOCIATION | AKIN GUMP STRAUSS HAUER & FELD LLP ON BEHALF OF NORTH AMERICAN PRODUCE COALITION | CGB ENTERPRISES, INC. | COMPEER FINANCIAL | ZOETIS | HORMEL FOODS CORPORATION | CALIFORNIA RICE COMMISSION | STRONGER AMERICA THROUGH SEAFOOD | MASTRONARDI PRODUCE-USA, INC. | NORTH AMERICAN RENDERERS ASSOCIATION | NATIONAL MILK PRODUCERS FEDERATION | ALTRIA CLIENT SERVICES LLC | WHOLESTONE PRESTAGE LLC (FORMERLY KNOW AS WHOLESTONE FARMS) | CALIFORNIA CITRUS MUTUAL | BAYER CORPORATION | ORGANIC PRODUCE ASSOCIATION | TONNIES LEBENSMITTEL GMBH & CO. KG | CARBON AUTONOMOUS ROBOTICS SYSTEMS | WASHINGTON STATE POTATO COMMISSION | PEPSICO | CME GROUP, INC. | CARGILL INC | NATIONAL ANIMAL INTEREST ALLIANCE | NEOGEN CORPORATION | NOVOZYMES NORTH AMERICA INC. | KRAFT HEINZ COMPANY | MCCAIN FOODS USA, INC. | SAS INSTITUTE, INC. | NATIONAL GRAIN AND FEED ASSOCIATION"
149308,LAURA,KEMPER,"Counsel, Sen. John Cornyn; Deputy Assistant Secretary for Legislation, U.S. Department of Health and Human Services; Counselor to the Secretary, U.S. Department of Health and Human Services",289,1,"ORGANON & CO. | SSI GROUP | GLAUKOS CORPORATION (FKA AVEDRO, INC.) | BIOTISSUE | ONE CALL, CORP | COLOPLAST CORP | AXOGEN CORPORATION | CATALYST PHARMACEUTICALS | ILLUMINA, INC. | PHATHOM PHARMACEUTICALS | GENETIX BIOTHERAPEUTICS | AGIOS PHARMACEUTICALS, INC. | TENNESSEE RURAL HEALTH IMPROVEMENT ASSOCIATION (FKN TENNESSEE FARM BR. ASSN.) | CIDR | TERUMO BCT | NEUROTECH PHARMACEUTICALS | RAYNER INTRAOCULAR LENSES LIMITED | NOVAVAX | BIOGEN INC. | MICROTRANSPONDER | HARROW INC. | GENUS LIFESCIENCES | CUBBY BEDS | MEDICAL DEVICE MANUFACTURERS ASSOCIATION | U.S. RENAL CARE | THE ALLERGY & ASTHMA ALLIANCE | INDIVIOR INC. | ASTELLAS PHARMA US | GILEAD SCIENCES, INC. | SI-BONE, INC. | THE ALLERGY, ASTHMA & SINUS CENTER | RECOR MEDICAL | CAPRICOR | ORCHARD THERAPEUTICS NORTH AMERICA | ATEA PHARMACEUTICALS, INC. | SPARK THERAPEUTICS, INC. | JCYTE, INC. | COLLEGIUM PHARMACEUTICAL | LIVANOVA USA INC | SUPERNUS PHARMACEUTICALS INC | NEUSPERA MEDICAL | NEVRO CORPORATION | SKY MARKETING CORPORATION | ACME UNITED CORPORATION | HARMONY BIOSCIENCES, LLC | INSMED, INC. | STERIS CORPORATION | ENDO USA, INC., A MALLINCKRODT-ENDO COMPANY | ACCURAY INCORPORATED | HR HEALTHCARE | AMGEN INC. | AVITA MEDICAL, INC. | BROOKDALE SENIOR LIVING INC. | BOEHRINGER INGELHEIM PHARMACEUTICALS, INC. | MOMENTOUS | INTRINSIC THERAPEUTICS | HEART FAILURE ADVOCATES OF AMERICA LLC | INNOVAGE | ALEXION PHARMACEUTICALS | GALVANIZE THERAPEUTICS, INC. | DIGITAL ALPHA ADVISORS LLC | MEDICARE ALLIANCE FOR BENEFICIARY ACCESS, INC. | SPARC | INSTITUTE FOR GENE THERAPIES | PHARMING HEALTHCARE, INC. | KENDAL NUTRICARE LTD | SCPHARMACEUTICALS, INC. | PAR HEALTH USA, LLC | AURION BIOTECH | SUMMIT BEHAVIORAL HEALTHCARE | WE WORK FOR HEALTH | ARDELYX, INC. | OPUS GENETICS, INC | AVALON HEALTHCARE SOLUTIONS"
56118,TONY,ESSALIH,"COS, LD, LA House Member Office (Culberson); LA House Member Office (Archer); SA House Member Office (Hastings); Intern House Member Office (Bliley)",286,9,"EMPOWER CLINIC SERVICES, LLC DBD EMPOWER PHARMACY | SANDY HOOK PROMISE FOUNDATION | THE UNIVERSITY OF TEXAS AT SAN ANTONIO | DALLAS COUNTY HOSPITAL DISTRICT D/B/A PARKLAND HEALTH | JOHN BEAN TECHNOLOGIES CORPORATION | HARRIS HEALTH SYSTEM | THE UNIVERSITY OF TEXAS SYSTEM | RTI INTERNATIONAL | TOWER SEMICONDUCTOR SAN ANTONIO, INC. | ZERO - THE END OF PROSTATE CANCER | THE BOEING COMPANY | SCALE AI, INC. | PONCE HEALTH SCIENCES UNIVERSITY | SAN JACINTO RIVER AUTHORITY | GREATER HOUSTON PARTNERSHIP | LONE STAR COLLEGE | MAINSPRING ENERGY INC | SAN JACINTO COLLEGE COMMUNITY DISTRICT | RTX CORPORATION (FKA RAYTHEON TECHNOLOGIES CORPORATION) | UNIVERSITY OF ST. THOMAS | FAMILY ENDEAVORS, INC. | CLINE STRATEGIC CONSULTING, LLC OBO HOUSTON METRO | KIRBY CORPORATION | CENTERPOINT ENERGY, INC. | SAMSUNG SEMICONDUCTOR, INC. | MAMMOTH FREIGHTERS LLC | KELLOGG BROWN & ROOT LLC | TEXAS CITY TERMINAL RAILWAY COMPANY | FIRST SERVICE CREDIT UNION | JOHNS HOPKINS UNIVERSITY | NEAR AIRPORT PARKING INDUSTRY TRADE ASSOCIATION (NAPITA) | SHAZAM, INC. | INTEGRATED ENERGY MATERIALS LLC | SYSCO CORPORATION | RICE UNIVERSITY | BIG BROTHERS BIG SISTERS OF AMERICA | W&T OFFSHORE, INC. | UNITED AIRLINES INC | OSHKOSH CORPORATION | SEMICONDUCTOR INDUSTRY ASSOCIATION | UNIVERSITY OF TEXAS HEALTH SCIENCE CENTER | RADIATRIC, INC. | WICHITA FALLS CHAMBER OF COMMERCE OBO SHEPPARD MILITARY AFFAIRS COMMITTEE | VYRIPHARM ENTERPRISES, INC. | BORDAS RENEWABLE ENERGY LLC"
71228,EMILY,WILKINSON-HOLLAND,"Staff -Rep. Price (2010-11), LA: Rep. Grimm (2011-12), Rep. Black (2012-13), Sen.Vitter (2013-2015), Sen. Heller (2015-17), Policy Adv. to the Sec.- Dept of HHS (3/2017-8/2017), Sr Advisor to Administrator - Ctrs for Medicare & Medicaid (8/17- 5/19)",286,8,"COMMUNICATIONS EATON CORPORATION | HALEON US HOLDINGS, LLC | CIGNA | BRE PROGRAM ADMINISTRATIVE SERVICES, LLC | CEDARS SINAI | GLOBAL MEDICAL RESPONSE | ASSOCIATION OF AMERICAN MEDICAL COLLEGES | COHERUS BIOSCIENCES, INC | HUMACYTE | CVS PREVIOUSLY AETNA | TEVA PHARMACEUTICALS USA | BAUSCH HEALTH | ONE HEALTH PARTNERS | ASSOCIATION FOR ACCESSIBLE MEDICINES (FORMERLY GENERIC PHARMACEUTICAL ASSOC.) | AMERICAN PODIATRIC MEDICAL ASSOCIATION | OCULAR THREPEUTIX | CHARLES RIVER LABORATORIES INTERNATIONAL, INC | ATEA PHARMACEUTICALS | JOHNSON CONTROLS INTERNATIONAL | TRISALUS LIFE SCIENCES | UNITED STATES PHARMACOPEIAL CONVENTION (USP) | PURDUE PHARMA LLP | DAVITA INC | CLENE NANOMEDICINE | AMERICAN CHIROPRACTIC ASSOCIATION, INC. | BETTER MEDICARE ALLIANCE | DEROYAL INDUSTRIES, INC. | ELEVANCE HEALTH, INC | UNITED NETWORK FOR ORGAN SHARING | GOODRX, INC | BYHEART, INC."
72986,RICK,DEARBORN,"Deputy Chief of Staff, President Donald Trump",285,1,"ZERO ABUSE PROJECT | CENTURY ALUMINUM | AMERICAN WOOD COUNCIL | RED ROCK BIOFUELS, LLC | COURIER PLUS, INC. DBA DUTCHIE | METROPOLITAN LIFE INSURANCE COMPANY | COPENHAGEN INFRASTRUCTURE PARTNERS INC. | DUKE ENERGY BUSINESS SERVICES LLC | LPL FINANCIAL LLC | AMERICANS FOR RESPONSIBLE INNOVATION | SH ADVISORS, LLC DBA SITUS HAWK | MUTUAL OF OMAHA INSURANCE COMPANY | INVESCO LTD | COMMERCIAL METALS COMPANY | VERIZON COMMUNICATIONS INC | LAFAYETTE SQUARE FOUNDATION, INC. | CQ MEDICAL | JOHNSON MATTHEY, INC. | MARK FOODS LLC | STELLAR DEVELOPMENT FOUNDATION | FLUENCE ENERGY, LLC | AMAZON WEB SERVICES | MANUFACTURED HOUSING INSTITUTE | MOSS & ASSOCIATES, LLC | SHELL USA, INC. | META PLATFORMS, INC. | AMERICAN TRAILER MANUFACTURERS COALITION | EMERSON ELECTRIC CO. | NEW YORK LIFE INSURANCE COMPANY | CERTIFIED FINANCIAL PLANNER BOARD OF STANDARDS, INC. | EVGO SERVICES LLC | HCBS ADVOCACY, LLC | SUN LIFE FINANCIAL (U.S.) SERVICES COMPANY INC. | TYSON SHARED SERVICES, INC. | US CHASSIS MANUFACTURERS COALITION (UCMC) | PIPELINE HEALTH SYSTEM | CLIMAVISION OPERATING, LLC | LSP GENERATION IV, LLC"
53268,ELIZABETH,FRAZEE,Legislative Counsel - Rep.Goodlatte/Press Sec.House E&C,285,36,"X CORP. (FORMERLY TWITTER, INC.) | PEW CHARITABLE TRUSTS | PANDORA MEDIA LLC | LUTRON ELECTRONICS CO., INC. | ZEBRA TECHNOLOGIES | SPOTIFY USA INC. | WINN STRATEGIES ON BEHALF OF THE PEW CHARITABLE TRUSTS | T-MOBILE USA, INC. | SCIENCE APPLICATIONS INTERNATIONAL CORPORATION | SIIA | LINKEDIN | REYNOLDS AND REYNOLDS | CAROLINA WEST WIRELESS | THE INTERNET INFRASTRUCTURE COALITION (I2COALITION) | DIRECTV, LLC | INTERNATIONAL ASSOCIATION OF VENUE MANAGERS | CROWN CASTLE | NOKIA OF AMERICA CORPORATION | TOOLS FOR HUMANITY CORPORATION | NETWORK ADVERTISING INITIATIVE | PORTER AND KORVICK, P.A. | MUSIC.INNOVATION.CONSUMERS COALITION ""MIC"" | TRAVEL TECH: THE TRAVEL TECHNOLOGY ASSOCIATION | UNITED FOR PATENT REFORM"
139348,STEVEN,SCHULTZ,"Legislative Assistant and Legislative Correspondent, Legislative Assistant, SeniorLegislative Assistant, and Legislative Counsel for the office of Rep. Donald M.Payne, Jr.; Shared Staff for the Committee on Transportation and Infrastructure.",285,3,"NEXTEON TECHNOLOGIES | UNITED STATES TOUR OPERATORS ASSOCIATION | GENERAL ELECTRIC COMPANY | SAN DIEGO COUNTY REGIONAL AIRPORT AUTHORITY | GENERAL MOTORS LLC | UNITED STATES CONTRACT WEATHER OBSERVING ASSOCIATION | NATIONAL BASKETBALL PLAYERS ASSOCIATION | INTERNATIONAL WAREHOUSE LOGISTICS ASSOCIATION | WAGGONER ENGINEERING | ASSOCIATION FOR UNMANNED VEHICLES SYSTEMS INTL. | WIRELESS INFRASTRUCTURE ASSOCIATION | JOBY AERO, INC. | AECOM TECHNICAL SERVICES, INC. | NATIONAL FOOTBALL LEAGUE PLAYERS ASSOCIATION | EMBRAER AIRCRAFT HOLDING, INC. | REGIONAL AIRLINE ASSOCIATION | THE GORDIAN GROUP, LLC | MARATHON PETROLEUM CORPORATION | CIRRUS DESIGN CORPORATION | GATX CORPORATION | NATIONAL TOUR ASSOCIATION | MAJOR LEAGUE BASEBALL PLAYERS ASSOCIATION | MAJOR LEAGUE SOCCER PLAYERS ASSOCIATION | CRRC MA CORPORATION | OFFSHORE MARINE SERVICES ASSOCIATION | NATIONAL HOCKEY LEAGUE PLAYERS ASSOCIATION"
141074,ALISON,GRAAB,"Attorney, Surface Transportation Board; Counsel, Senate Commerce Cmte; Policy Director, Senate Commerce Cmte.; Clerk, Senate Appropriations Cmte THUD",284,1,"PALANTIR TECHNOLOGIES, INC. | SEA MACHINES ROBOTICS | CITY OF PROVO, UT | ACCENTURE, LLP | CAE USA, INC | BASTILLE NETWORKS, INC. | INNOVATIVE SIGNAL ANALYSIS INC. | CRUISE LLC | SILVERLINING | SMITH BAGLEY, INC. | BNSF RAILWAY COMPANY | SOUTHLAND HOLDINGS, LLC | HOTWIRE COMMUNICATIONS | SIEMENS CORPORATION | U.S. TIRE MANUFACTURERS ASSOCIATION | XCF GLOBAL CAPITAL, INC. | ADVANCED TECHNOLOGY SYSTEMS COMPANY | FORD MOTOR COMPANY | THE SUSTAINABLE AVIATION FUEL COALITION | ELEVATE RENEWABLES F7, LLC | GLASS AVIATION HOLDINGS, INC. (D/B/A AIRSPACE DATA) | SOLANA POLICY INSTITUTE | SYSTEMS INNOVATION ENGINEERING LLC | VERIZON COMMUNICATIONS, INC. | EDGE AUTONOMY | NEXTNAV, LLC | TEXAS WOMAN'S UNIVERSITY FOUNDATION | UNITED STATES CELLULAR CORPORATION | VENNTEL, INC. | LEIDOS | WHOOP | TANGRAM FLEX | ACA CONNECTS - AMERICA'S COMMUNICATION ASSOCIATION | ATOM COMPUTING | LEGENCE HOLDINGS, LLC | LYFT | BETA TECHNOLOGIES, INC. | AMRIZE NORTH AMERICA INC. | AMERICAN FLOOD COALITION ACTION INC | DYNAVAX TECHNOLOGIES | EVSTAR, LLC | ATMOS ENERGY CORPORATION | CARBON REMOVAL ALLIANCE | AURA SUB, LLC | LUKE"
68626,BRENDAN,KRETZSCHMAR,LA House Member Office (Holden),284,2,"LONGSHOT SPACE TECHNOLOGIES | ACTUS ADVANCED SYSTEMS | GM DEFENSE, LLC | BLACKSKY HOLDINGS | X-BOW LAUNCH SYSTEMS | ZENITH AEROSPACE | GREEN AMMO AS | INTERNATIONAL TEST PILOTS SCHOOL (ITPS) | HDT GLOBAL | DSG TECHNOLOGY | BREN-TRONICS | SNOWBIRD TECHNOLOGIES | ARMATEC SURVIVABILITY CORP. | AST SPACEMOBILE | RIVEER | FORWARD POWER CO. | BEARS-LLC | ARES SECURITY | CUBIC DEFENSE APPLICATIONS, INC. | COCOON | TACTICAL LIGHTING SYSTEMS | SATELLES, INC. | DARKHIVE | EUTELSAT S.A. | HENDRICK MOTORSPORTS PERFORMANCE GROUP, LLC | MOTIV SPACE SYSTEMS | AEROCORE TECHNOLOGIES LLC | TEKNIAM"
57185,LAURA,BOZELL,"LA House Member Office (McCrery), Prof Staff Ways & Means Cmte (Camp)",284,5,"NURSE-FAMILY PARTNERSHIP DBA CHANGENT (FKA NURSE-FAMILY PARTNERSHIP) | THE NATIONAL COMMITTEE FOR QUALITY ASSURANCE | RENALOGIC, INC. | WELLSTAR HEALTH SYSTEM INC. | MARTINS POINT HEALTH CARE, INC. | HAYMARKET CENTER | GENWORTH NORTH AMERICA CORPORATION | GEORGIA HOSPITAL ASSOCIATION, INC. | CITY OF HOPE MEDICAL CENTER | THE UNIVERSITY OF LOUISIANA MONROE FOUNDATION | AMERICAN SOCIETY FOR RADIATION ONCOLOGY | GUNDERSEN LUTHERAN ADMINISTRATIVE SERVICES, INC. | CATHOLIC HEALTH ASSOCIATION | AMERICAN PORTABLE DIAGNOSTICS ASSOCIATION | JOHNSON & JOHNSON SERVICES INC | FRANCISCAN MISSIONARIES OF OUR LADY HEALTH SYSTEM | THE UNIVERSITY OF TEXAS SYSTEM | VIRTA HEALTH CORP. AND AFFILIATES | ZERO - THE END OF PROSTATE CANCER | CHILDREN'S NATIONAL MEDICAL CENTER | MARY BIRD PERKINS CANCER CENTER | UNIVERSITY OF CHICAGO | SPECIALTY CARE MANAGEMENT, LLC | CITY OF KNOXVILLE, TENNESSEE | HEALTHPLANONE, LLC | THE REGENTS OF THE UNIVERSITY OF CALIFORNIA | UNIVERSITY OF ARKANSAS FOR MEDICAL SCIENCES | PHOEBE PUTNEY HEALTH SYSTEM | ASSOCIATION OF HEALTH INFORMATION OUTSOURCING SERVICES | CITY OF MONROE, LOUISIANA | WILLIS NORTH AMERICA INC | SPRING VENTURE GROUP"
145552,JOHN,LEGANSKI,"Chief Dep., Speaker Off. '23; Chief Dep., Min. Leader Off. '22; Floor Dir., Min. Leader Off. '19-'21; Floor Dir., Maj. Leader Off. '17-'19; Dep. Floor Dir., Maj. Leader Off. '16; Floor Assist. Maj. Leader Off. '14-'15; Floor Assist. Maj. Whip Off.'13",283,19,"THE GOLDMAN SACHS GROUP, INC | SK HYNIX AMERICA, INC. | AMERICAN BANKERS ASSOCIATION | CHURCHILL DOWNS, INCORPORATED | FORETREX, INC. LTD (FORMERLY PACKERS SANITATION SERVICES, INC., LTD.) | J3D LABS, INC. | STARBUCKS | CROWLEY MARITIME CORPORATION | MGM RESORTS INTERNATIONAL | ID.ME, INC. | HSBC TECHNOLOGY & SERVICES USA, INC. | CSL BEHRING LLC | FEDEX CORPORATION | PRINCIPAL FINANCIAL GROUP | RYAN, INC. | MAXAR INTELLIGENCE INC. | EDISON ELECTRIC INSTITUTE | CENCORA, INC. | CRYSTALLEX | IRON MOUNTAIN | MCKINSEY & COMPANY | 1X TECHNOLOGIES | BIPARTISAN POLICY CENTER ACTION | TAH OPERATIONS LLC | COMCAST CORPORATION | SPACEX | THE BLACKSTONE GROUP | MAPLEBEAR INC. D/B/A INSTACART | INSIGHT TERMINAL SOLUTIONS, LLC | THE HOME DEPOT | ADVANCED MANUFACTURING COMPANY OF AMERICA, INC. | DIAGEO NORTH AMERICA, INC. | GE AEROSPACE | PRUDENTIAL FINANCIAL, INC. | INVESTMENT COMPANY INSTITUTE | NEXTERA ENERGY, INC. | EXXON MOBIL CORPORATION | PETSMART LLC | AMERICAN CLEAN POWER ASSOCIATION | THE PNC FINANCIAL SERVICES GROUP | CRUISE LINES INTERNATIONAL ASSOCIATION | META PLATFORMS, INC. | AMERICAN INVESTMENT COUNCIL | AGRIPPA INDUSTRIES INC. | CANAL EDGE, LLC | AMERICAN BANKERS ASSOCIATION'S CARD POLICY COUNCIL | MICROSOFT CORPORATION | AMERICAN EXPLORATION & PRODUCTION COUNCIL (AXPC) | LINKEDIN CORPORATION | GENENTECH, INC. | CONSTELLATION BRANDS, INC. | INTERNATIONAL FRANCHISE ASSOCIATION | CARGILL, INC. | S&P GLOBAL INC. | AIRLINES FOR AMERICA | H&R BLOCK, INC. | CAPITAL ONE FINANCIAL CORPORATION | HILTON WORLDWIDE | NORTHWESTERN UNIVERSITY | CITIGROUP WASHINGTON INC. | GENERAL DYNAMICS | T-MOBILE | MERCK & CO., INC. | HESS CORPORATION | SECURITIES INDUSTRY AND FINANCIAL MARKETS ASSOCIATION (SIFMA) | ALTRIA CLIENT SERVICES LLC | SOUTHERN COMPANY SERVICES, INC. | HISTORIC TAX CREDIT COALITION | NEW YORK LIFE | PROCTER & GAMBLE"
134466,CARLOS,JACKSON,"Legislative Assistant; House Member Office (Rep. Gwen Moore), Executive Assistant, Special Projects Coordinator, House Member Office (Kleczka)",282,4,"ADVANCED MEDICAL TECHNOLOGY ASSOCIATION | THE PEW CHARITABLE TRUSTS | GUNDERSEN LUTHERAN ADMINISTRATIVE SERVICES, INC. | CATHOLIC HEALTH ASSOCIATION | JOHNS HOPKINS UNIVERSITY | SPRING VENTURE GROUP | SIRIUSIQ OBO CLX HEALTH, LLC | CENTENE CORPORATION | MICHIGAN HEALTH & HOSPITAL ASSOCIATION | UC HEALTH, LLC AND ITS AFFILIATES | STUDENT FREEDOM INITIATIVE | UNIVERSITY OF ARKANSAS FOR MEDICAL SCIENCES | CHILDREN'S NATIONAL MEDICAL CENTER | PHOEBE PUTNEY HEALTH SYSTEM | OHIOHEALTH CORPORATION | NURSE-FAMILY PARTNERSHIP DBA CHANGENT (FKA NURSE-FAMILY PARTNERSHIP) | THE NATIONAL COMMITTEE FOR QUALITY ASSURANCE | BROWN UNIVERSITY | NATIONAL ALLIANCE TO END HOMELESSNESS | UNITED AIRLINES INC | NEBRASKA HOSPITAL ASSOCIATION | ACCREDITATION COUNCIL FOR GRADUATE MEDICAL EDUCATION | NATIONAL KIDNEY FOUNDATION | LIFEBRIDGE HEALTH SYSTEM | WESTERN ENVIRONMENTAL LAW CENTER | THE UNIVERSITY OF TEXAS SYSTEM | HARRIS HEALTH SYSTEM | ZERO - THE END OF PROSTATE CANCER | UNIVERSITY OF KENTUCKY | FRANCISCAN MISSIONARIES OF OUR LADY HEALTH SYSTEM | AMERICAN SOCIETY FOR RADIATION ONCOLOGY | DALLAS COUNTY HOSPITAL DISTRICT D/B/A PARKLAND HEALTH | UNIVERSITY OF TEXAS HEALTH SCIENCE CENTER | HEALTHPLANONE, LLC | THE REGENTS OF THE UNIVERSITY OF CALIFORNIA | ROMAN HEALTH VENTURES INC. DBA RO | GENWORTH NORTH AMERICA CORPORATION | GEORGIA HOSPITAL ASSOCIATION, INC. | AMERICAN COLLEGE OF PREVENTIVE MEDICINE | AMERICAN INSTITUTES FOR RESEARCH | WELLSTAR HEALTH SYSTEM INC. | SOLARI INC."
139779,JOHN,LUNDY,COS to Sen. Trent Lott; LA to Rep. Combest; LA to Rep. Espy,282,10,"GLOBAL TRAINING INSTITUTE | EVOLUTION SPACE | POLYMET ALLOYS, INC. | SAN JOAQUIN REFINING | FIRST SOUTH FARM CREDIT, ACA | LEIDOS | KANSAS CITY SOUTHERN RAILWAY COMPANY | UNITED SERVICE ORGANIZATIONS | BOZEL NORTH AMERICA, LLC | SANDERSON FARMS, INC. | SEEMANN COMPOSITES | UMBRA LAB, INC. | ERGON, INC. | TENAX AEROSPACE | IAC, LTD. | THINKOM SOLUTIONS, INC. | GRANITE TELECOMMUNICATIONS, LLC | V2X, INC. (FORMERLY KNOWN AS VERTEX AEROSPACE) | ELTA NORTH AMERICA | ENGINEERED TRANSPORTATION INTERNATIONAL | COMMAND POST TECHNOLOGIES, INC. | DIVERSIFIED EDUCATIONAL SYSTEMS, INC. | NATIONAL AVIATION ACADEMY | WAYNE FARMS, LLC | BROADWAY VENTURES, LLC | MATERIALS STRUCTURES COMPOSITES | ALLEN CONTROL SYSTEMS | CITE ARMORED | LIGADO NETWORKS | TAYLOR DEFENSE PRODUCTS, LLC | WILDER SYSTEMS"
48284,JOHN,COLBERT,"Schedule C Employee, Dept. of Labor 1996-2001",282,6,AMERICA FORWARD | AMERICAN CLEAN POWER ASSOCIATION | TREMONT STRATEGIES GROUP (F/K/A ADS VENTURES INC) | PER SCHOLAS | THE ASSOCIATION OF SCHOOLS OF ALLIED HEALTH PROFESSIONS | MERISTEM | MAXIMUS | YEAR UP | CENTER FOR EMPLOYMENT AND TRAINING | LOW INCOME INVESTMENT FUND | CONCORDANCE ACADEMY OF LEADERSHIP | SALT LAKE COMMUNITY COLLEGE | GOODWILL INDUSTRIES INTERNATIONAL | AMERICAN ASSOCIATION OF COMMUNITY COLLEGES | CAREERWISE COLORADO | UNIVERSITY OF LAVERNE | GIRL SCOUTS OF THE UNITED STATES OF AMERICA - GSUSA | NATIONAL ASSN OF STATE WORKFORCE AGENCIES
142899,WILL,TODD,"Prof Staff Member Senate Appropriations Committee, Legislative Aide, Legislative Asst, Dep Legislative Director Senate Member (Cochran)",281,2,"C2 STRATEGIES ON BEHALF OF DELTA BLACK | GENERAL DYNAMICS | UNITED LAUNCH ALLIANCE | PLANET LABS PBC | EO SOLUTIONS | HEALTH SUPPLY US | VORBECK MATERIALS CORP. | FLIGHT SAFETY INTERNATIONAL, INC. | ICEYE US, INC. | XONA SPACE SYSTEMS, INC. | NEROS TECHNOLOGIES | BY LIGHT PROFESSIONAL IT SERVICES LLC | COMMUNITY DEVELOPMENT FOUNDATION | TURBINEONE | H2L SOLUTIONS, INC. | INTEGER TECHNOLOGIES | YORK SPACE SYSTEMS | GRVTY - FKA ROYCE GEO | THE JOHNS HOPKINS UNIVERSITY APPLIED PHYSICS LABORATORY | EOPTIC | UNIVERSITY OF IDAHO COLLEGE OF ENGINEERING | HAVOCAI INC. | POSEIDON TECH CORPORATION | ONSEMI (ON SEMICONDUCTOR CORPORATION) | FURIENTIS INC. | FALCOMM | CAMGIAN CORPORATION | ZENO POWER SYSTEMS, INC. | SIERRA SPACE | AIR SPACE INTELLIGENCE INC. | NORTHROP GRUMMAN SYSTEMS CORPORATION | GENERAL ATOMICS AERONAUTICAL SYSTEMS, INC. | HYPERION TECHNOLOGY GROUP, INC. | FIRESTORM LABS INC | NARCORPS SPECIALTIES, LLC | SKYFI | STAR CATCHER INDUSTRIES, INC. | CACI INTERNATIONAL, INC. | ANDURIL INDUSTRIES INC | APPLIED RESEARCH ASSOCIATES, INC. (ARA) | GOVINI | PSIQUANTUM CORP. | SPACE KINETIC CORP. | KELA DEFENSE US, INC. | VALINOR ENTERPRISES | BASTILLE NETWORKS, INC. | ACCELINT HOLDINGS, LLC"
69605,ALEXANDRA,CAMPAU,"Health Policy Advisor and Counsel, House Budget Committee; Health Policy Counsel, Senate Republican Policy Committee; Special Assistant to the President for Health Policy, The White House/Executive Office of the President; Beachhead team member - HHS",279,8,"ACTIVE MINDS | ROTHMAN INSTITUTE | PUBLIC HEALTH MANAGEMENT CORPORATION | LOOK-ALIKE ADVOCACY COALITION (INFORMAL COALITION) | BEACHBODY LLC | RUSH UNIVERSITY SYSTEM FOR HEALTH | ZEP INC. | POST ACUTE RECOVERY, INC. D/B/A FORGE HEALTH | AGILITI HEALTH INC. | AMERICAN BOARD OF MEDICAL SPECIALTIES | CALIFORNIA CHILDREN'S HOSPITAL ASSOCIATION | THE WRIGHT CENTER FOR GRADUATE MEDICAL EDUCATION | NATIONAL ASSOCIATION OF BEHAVIORAL HEALTHCARE | ABSCI | HEALTH AND HOSPITAL CORPORATION OF MARION COUNTY INDIANA | AMERICA'S ESSENTIAL HOSPITALS | NATIONAL RESIDENT MATCHING PROGRAM | FEDERATION OF AMERICAN HOSPITALS | GENESIS HEALTHCARE, LLC | MEDICAID HEALTH PLANS OF AMERICA | PUBLIC PARTNERSHIPS, LLC | AMERIHEALTH CARITAS HEALTH PLAN | THOMAS JEFFERSON UNIVERSITY | PHILADELPHIA COLLEGE OF OSTEOPATHIC MEDICINE | RADNET, INC. | AMERICAN ACADEMY OF FAMILY PHYSICIANS | INDEPENDENCE BLUE CROSS | CALIFORNIA ASSOCIATION OF PUBLIC HOSPITALS AND HEALTH SYSTEMS | AMERICAN ASSOCIATION OF ORTHODONTISTS | FRESENIUS MEDICAL CARE NORTH AMERICA (FKA FRESENIUS MEDICAL CARE)"
32132,DAVID,ANDERSON,CEQ AD; Commerce Dept Sr Adv; OMB PAD,277,6,"ECOSYSTEM INVESTMENT PARTNERS | BOONE & CROCKETT CLUB | PANO AI, INC. | NATIONAL SHOOTING SPORTS FOUNDATION | THE NATURE CONSERVANCY | AMERICAN BATTLEFIELD TRUST (FKA CIVIL WAR TRUST) | NATIONAL FOREST FOUNDATION | SHINE MEDICAL TECHNOLOGIES | BNATIONAL CONFERENCE OF STATE HISTORIC PRESERVATION OFFICERS | NATIONAL WILDLIFE FEDERATION | MULE DEER FOUNDATION | JOHN NAU III | SONOMA WATER | FEDERAL FOREST RESOURCE COALITION | BINATIONAL SOFTWOOD LUMBER COUNCIL | NATIONAL PARK FOUNDATION | RESTORE AMERICA'S ESTUARIES | CHESAPEAKE CONSERVANCY | SCENIC HUDSON | FRIENDS OF BLACKWATER | CENTER FOR SPORTFISHING POLICY (FKA CENTER FOR COASTAL CONSERVATION) | WESTERN RIVERS CONSERVANCY | CHESAPEAKE BAY FOUNDATION | CALIFORNIA WATERFOWL | THEODORE ROOSEVELT CONSERVATION PARTNERSHIP | IDAHO FOREST GROUP | ASSOCIATION OF FISH AND WILDLIFE AGENCIES"
93673,DAO,NGUYEN,"Executive Director, Future Forum Caucus (Murphy), Senior Policy Advisor (Murphy), Senior Policy Advisor, Senior Legislative Assistant, Legislative Assistant, Legislative Aid, Staff Assistant (Schiff)",275,4,"NATIONAL KIDNEY FOUNDATION | THE ESOP ASSOCIATION | CASTLEROCK GREEN ENERGY, LLC | UNITED AIRLINES INC | HSBC TECHNOLOGY & SERVICES USA INC. | UNITED NATURAL FOODS, INC. | BIONTECH US INC. | SALLIE MAE BANK | ABBVIE INC. | THE MICHAEL J. FOX FOUNDATION FOR PARKINSON'S RESEARCH | ANALOG DEVICES, INC. | SEMICONDUCTOR INDUSTRY ASSOCIATION | COMMUNITY ASSOCIATIONS INSTITUTE | WINE AND SPIRITS WHOLESALERS OF AMERICA | SAMSUNG SEMICONDUCTOR, INC. | SIRIUSIQ OBO CLX HEALTH, LLC | MARAVAI INTERMEDIATE HOLDINGS, LLC | LYTEN, INC. | SCALE AI, INC. | CALIFORNIA WALNUT COMMISSION | GENERAL DYNAMICS | RTX CORPORATION (FKA RAYTHEON TECHNOLOGIES CORPORATION) | IHEARTMEDIA, INC. | JBS USA FOOD COMPANY | CACI INTERNATIONAL, INC. | THE MADISON GROUP, LLC OBO COMMUNITY NEWS MEDIA | BIG BROTHERS BIG SISTERS OF AMERICA | CARE IN ACTION | TARGET CORPORATION | PSIQUANTUM | NATIONAL HOCKEY LEAGUE | HABERMATOLEL POMO OF UPPER LAKE TRIBE | BY LIGHT PROFESSIONAL IT SERVICES LLC | ENVIRI CORPORATION FKA HARSCO CORPORATION | COALITION FOR WORKFORCE INNOVATION | AMERICAN SOCIETY FOR RADIATION ONCOLOGY | FIRESTORM LABS INC. | FAMILIES AGAINST MANDATORY MINIMUMS | THE REGENTS OF THE UNIVERSITY OF CALIFORNIA | HELIOGEN HOLDINGS, INC. | THE BOEING COMPANY | GOOGLE CLIENT SERVICES | THE UNIVERSITY OF TEXAS SYSTEM | AMERICAN PORTABLE DIAGNOSTICS ASSOCIATION | ZERO - THE END OF PROSTATE CANCER"
46386,JENNIFER,LUKAWSKI,"Leg. Dir. Rep. Dornan, Ex. Dir., U.S. House Con. Act. Team (Rep. Study Comm.); Intern, Staff Asst. Rep. Courter",275,3,"GRUBHUB HOLDINGS, INC. | AMPLIFY EDUCATION, INC. | NATIONAL SCHOOL BOARDS ASSOCIATION | UNIVERSITY OF NOTRE DAME | AMERICAN BEVERAGE ASSOCIATION | MAJOR CITIES CHIEFS ASSOCIATION | SC HEALTH SPV, LLC | DHL EXPRESS (USA), INC. | MCCARTHY BUILDING COMPANIES, INC. | IMPOSSIBLE FOODS INC. | NEW INDY CATAWBA LLC | NATIONAL RESILIENCE, INC. | APPLIED BIOLOGICS | ABIOMED INC | COMCAST CORPORATION | COX ENTERPRISES, INC. | RECYCLING INFRASTRUCTURE NOW | UPCODES | FRESENIUS MEDICAL CARE | UMA EDUCATION, INC. | KRAFT HEINZ COMPANY | SELECT MEDICAL CORPORATION | CONSUMER ACCESS TO REPAIR (CAR) COALITION | WK KELLOGG CO (FKA KELLOGG COMPANY) | FLOCK SAFETY | PHARMACEUTICAL RESEARCH AND MANUFACTURERS OF AMERICA | LIBERTY MEDIA CORPORATION | RAZOM, INC. | UNILEVER | ROCKWELL AUTOMATION | AVIATOR CAPITAL MANAGEMENT, LLC | GIBSON, DUNN & CRUTCHER, LLP ON BEHALF OF CURATIVE INC. | PACTIV EVERGREEN INC. | VERIZON COMMUNICATIONS INC | PEPSICO, INC. | TUSK PHILANTHROPIES"
139949,WILLIAM,LILES,"Senior Counsel, U.S. House Committee on Financial Services",274,1,"FMR LLC | ALLY FINANCIAL, INC. | MANAGED FUNDS ASSOCIATION | AMERICAN BANKERS ASSOCIATION | PLUME NETWORK, INC. | CBOE GLOBAL MARKETS, INC. | MORTGAGE BANKERS ASSOCIATION | ANCHOR LABS, INC. | INVESCO HOLDING COMPANY (US), INC. | FINALIS, INC. | ANGELLIST | AMERICAN CONSUMER AND INVESTOR INSTITUTE | PROSHARES | ROBINHOOD MARKETS, INC. | 24X NATIONAL EXCHANGE LLC | ONDO FINANCE, INC. | OPTIONS CLEARING CORPORATION | VIATRIS INC. | AKOYA LLC | DELOITTE LLP | HALO INVESTING | SECURITIZE, INC. | LIBERTY MUTUAL GROUP | DONNELLY FINANCIAL SOLUTIONS"
73396,ANTHONY,HOBBS,"Legislative Director, Congresswoman Carol Shea-Porter",274,4,"GOBRANDS, INC. | SAG-AFTRA | ROBERT TRENT JONES II LLC | TILE, INC. | BUNGIE INC. | COUNTY OF REEVES, TEXAS | IRISH DISTILLERS | PASACA CAPITAL, INC. | ASTRANIS SPACE TECHNOLOGIES CORP. | AMERICAN SOCIETY OF GOLF COURSE ARCHITECTS | K&L GATES LLP | RIOT GAMES, INC. | PLENTY UNLIMITED, INC. | NEWS MEDIA ALLIANCE | SONY INTERACTIVE ENTERTAINMENT | VANCE RIVER TERMINAL | SIERRA ENERGY | UNIDOSUS | AETHON ENERGY | CALIFORNIA ASSOCIATION OF PORT AUTHORITIES | BLACK DIAMOND STRATEGIES LLC ON BEHALF OF MAMMOTH ENERGY SERVICES INC. | THE POKEMON COMPANY INTERNATIONAL | CANOPY GROWTH CORPORATION | THE COUNTY OF NAPA, CALIFORNIA | CROWLEY MARITIME CORP. | GLYDWAYS, INC | DALRADIAN USA | LIBERTY DENTAL PLAN CORPORATION | CHIA NETWORKS | SYCUAN BAND OF THE KUMEYAAY NATION | FRONTIERS OPEN SCIENCE INC. | MITCHELL SILBERBERG & KNUPP LLP | WESTFIELD STATE UNIVERSITY | CIE MANUFACTURING | LABORATORY PRODUCTS ASSOCIATION | NATIONAL CLUB ASSOCIATION | BETA TECHNOLOGIES, INC. | AMERICAN CLEAN POWER ASSOCIATION"
109336,JAYSON,BRAUDE,"Office of Congresswoman Barragan, District Director; Office of Congresswoman Hahn, Legislative Counsel; Office of Senator Brown, Staff Assistant",274,2,MONTE VISTA WATER DISTRICT | COACHELLA VALLEY MOSQUITO AND VECTOR CONTROL DISTRICT | CITY OF ARTESIA | STINSON BEACH FIRE PROTECTION DISTRICT | CITY OF CONCORD | CITY OF PERRIS | CITY OF LAKEWOOD | SAN MATEO RESOURCE CONSERVATION DISTRICT | CITY OF MILPITAS | CITY OF BISHOP | CITY OF RANCHO PALOS VERDES | CITY OF CARSON | CITY OF SOUTH GATE | CITY OF JURUPA VALLEY | CITY OF INDIAN WELLS | CITY OF BAKERSFIELD | CITY OF PATTERSON | CRESTLINE VILLAGE WATER DISTRICT | CITY OF COACHELLA | CITY OF LA QUINTA | CITY OF UPLAND | CITY OF HOLLISTER | CITY OF MAYWOOD | CITY OF CERRITOS | CITY OF SAN JUAN BAUTISTA | CITY OF LYNWOOD | CITY OF LOMITA | CHINO VALLEY FIRE DISTRICT | CITY OF PARAMOUNT | COACHELLA VALLEY PUBLIC CEMETERY DISTRICT | RESOURCE CONSERVATION DISTRICT OF TEHAMA COUNTY | CITY OF GRANDVIEW | PALMDALE WATER DISTRICT
70241,JOSEPH,EAVES,"Legislative Director, Rep. Paul Tonko",273,18,"ZERO EMISSION TRANSPORTATION ASSOCIATION (ZETA) | PROTERIAL AMERICA LTD. | CRUSOE TECHNOLOGIES (FKA CRUSOE ENERGY) | NATIONAL ELECTRICAL MANUFACTURERS ASSOCIATION (NEMA) | BROAD REACH POWER | NORTHERN CALIFORNIA POWER AGENCY | NRG ENERGY | SPAN.IO, INC. | CENTER FOR COUNTERING DIGITAL HATE | NATIONAL ASSOCIATION OF WATER COMPANIES | NATIONAL OCEAN INDUSTRIES ASSOCIATION | BALL CORPORATION | RECURRENT ENERGY, LLC | ORSTED NORTH AMERICA INC. | PRIMERGY SOLAR | ASSOCIATION OF HOME APPLIANCE MANUFACTURERS | SCHNEIDER ELECTRIC | ENGIE NORTH AMERICA, INC. | CLEARWAY ENERGY GROUP | PINE GATE RENEWABLES, LLC | AMERICAN CLEAN POWER ASSOCIATION | DELOREAN POWER | CLEAN ENERGY GRID ACTION | BPC ACTION (BIPARTISAN POLICY CENTER) | THE ALUMINUM ASSOCIATION | INTERNATIONAL ASSOCIATION OF PLUMBING AND MECHANICAL OFFICIALS | HITACHI ENERGY USA INC. | REGAL BELOIT AMERICA, INC. | MICROSOFT CORPORATION | NATIONAL PARK FOUNDATION | IP RENEWABLE ENERGY HOLDINGS LLC | NATIONAL HYDROPOWER ASSOCIATION"
146083,RAGHAV,AGGARWAL,"Health Insurance Specialist, CMS; Senior Health Advisor (Detailee), Senate Finance Committee/Sen. Ron Wyden; Social Science Research Analyst, CMS; Intern, Sen. Feinstein; Secretarys Fellow, US Dept. of Interior",273,1,"EDWARDS LIFESCIENCES LLC | NOVARTIS | REGENERON PHARMACEUTICALS, INC. | NEUROCRINE BIOSCIENCES, INC. | TRANSMEDICS | STRYKER CORPORATION | AMGEN INC. | SCP-HEALTH | NATIONAL ALLIANCE FOR CARE AT HOME | REAL TIME MEDICAL SYSTEMS | ALLIANCE FOR REGENERATIVE MEDICINE | CARDINAL HEALTH | AMERICAN ASSOCIATION OF NURSE ANESTHESIOLOGY | QUOTE VELOCITY | FRESENIUS MEDICAL CARE | SELECT MEDICAL CORPORATION | PROLACTA BIOSCIENCE, INC. | COGNIZANT TECHNOLOGY SOLUTIONS | PEPSICO, INC. | AMERICAN HEALTH CARE ASSOCIATION | APPLIED BIOLOGICS | CENTENE CORPORATION | MATRIX MEDICAL NETWORK | OAK STREET HEALTH D/B/A CVS HEALTH | ALKERMES, INC. | BAYER CORPORATION | ACADEMY OF NUTRITION AND DIETETICS | LOCKTON MANAGEMENT, LLC | GLAXOSMITHKLINE, INC | SENIOR CARE PHARMACY COALITION | NYU LANGONE HEALTH | PFIZER, INC | THE ASSISTANCE FUND | MASS GENERAL BRIGHAM (FORMERLY KNOWN AS PARTNERS HEALTHCARE) | AMERICAN SOCIETY OF GENE AND CELL THERAPY | ESSILORLUXOTTICA (FKA ESSILOR OF AMERICA, INC.) | BIOTECHNOLOGY INNOVATION ORGANIZATION | INTERSYSTEMS PUBLIC SECTOR CORPORATION | WALGREEN CO. | HELLO HEART, INC | BECTON, DICKINSON AND COMPANY | BREAKTHROUGH T1D (F/K/A JDRF) | PHARMACEUTICAL RESEARCH AND MANUFACTURERS OF AMERICA | DIGNITY AND WELLNESS PATIENT SOLUTIONS, LLC | WELBEHEALTH | SWORD HEALTH"
147126,ROBERT,PORE,"Legislative Director, Cong. Jim Turner",272,15,"MOLNLYCKE HEALTH CARE US, LLC | HEALTHCARE ALLIANCE FOR PATIENT SAFETY (HCAPS) | SENDERO CLOVIS LLC | ASSOCIATION OF TEXAS PROFESSIONAL EDUCATORS | CREATIVE SOLUTIONS IN HEALTHCARE | TEXAS STATE AQUARIUM | KAIROS POWER | CITY OF WACO, TEXAS | CALHOUN PORT AUTHORITY | PORT OF CORPUS CHRISTI | PORTS-TO-PLAINS ALLIANCE | PACKSIZE INTERNATIONAL, LLC | TORQ/LITE | HYUK ""KEITH"" YOO | BUSINESS COUNCIL OF CANADA | THE APP LAB | THE AMERICAN INSTITUTE OF ARCHITECTS | ENERGY SOLUTIONS | MEWBOURNE OIL COMPANY | ATRICURE | ALLIANCE FOR PHARMACY COMPOUNDING | TEXEGY LLC | CRIUS TECHNOLOGY GROUP | CITY OF IRVING | ASSOCIATION FOR MATERIALS PROTECTION AND PERFORMANCE (FORMERLY NACE INT.) | AKER ARCTIC TECHNOLOGY, INC. | MJWT CONSULTING ON BEHALF OF WELLMED MEDICAL MANAGEMETN INC. | DISASTER RECOVERY SERVICES LLC | X-FAB TEXAS | CORPUS CHRISTI, TEXAS | DR. JOHN VALENTINI | NATIONAL INDEPENDENT AUTOMOBILE DEALERS ASSOCIATION"
73194,KELLIE,DONNELLY,"Chief Counsel, U.S. Senate Committee on Energy & Natural Resources",271,12,"ZERO EMISSION TRANSPORTATION ASSOCIATION (ZETA) | GREENBLU, INC., D/B/A TIDAL METALS | NATIONAL HYDROPOWER ASSOCIATION | NATIONAL MINING ASSOCIATION | TRIPLE OAK POWER LLC | IP RENEWABLE ENERGY HOLDINGS LLC | SCHNEIDER ELECTRIC | ENGIE NORTH AMERICA, INC. | BREAKTHROUGH ENERGY ACTION | BALL CORPORATION | ORSTED NORTH AMERICA INC. | PRIMERGY SOLAR | HITACHI ENERGY USA INC. | MICROSOFT CORPORATION | NATIONAL PARK FOUNDATION | CLEARWAY ENERGY GROUP | PINE GATE RENEWABLES, LLC | CENTER FOR LIQUEFIED NATURAL GAS | AMERICAN CLEAN POWER ASSOCIATION | DELOREAN POWER | BPC ACTION (BIPARTISAN POLICY CENTER) | CLEAN ENERGY GRID ACTION | THE ALUMINUM ASSOCIATION | GEOTHERMAL RISING ACTION, INC | BROAD REACH POWER | NORTHERN CALIFORNIA POWER AGENCY | NRG ENERGY | NATURAL GAS SUPPLY ASSOCIATION | CETUS ENERGY, INC. | TRI STATE GENERATION AND TRANSMISSIONASSOCIATION | NATIONAL ASSOCIATION OF WATER COMPANIES"
59585,AMANDA,WOOD,Sen. Bob Graham,271,10,"STREET SMARTS VR | ZOOLOGICAL SOCIETY OF THE PALM BEACH (THE) | CITY OF ALEXANDRIA, VA | NEXTCITY NETWORKS LLC | NEXTNRG HOLDING CORP. | VITELLO CONSULTING (ON BEHALF OF FORTUNE METALS LLC) | RAILSPIRE LLC | CONVERGED SERVICES, INC. | SARASOTA COUNTY FLORIDA | TRITIUM TECHNOLOGIES LLC | CITY OF LAUDERHILL, FLORIDA | CITY OF NORTH LAUDERDALE, FL | NTT DATA, INC. | DE NORA TECH, LLC | GENASYS INC (FORMERLY KNOWNS AS LRAD CORPORATION) | DYNO PUBLIC SAFETY TECHNOLOGIES INC. | PIGEONLY | KOPPERS INC. | CITY OF PALATKA, FLORIDA | SOUNDTHINKING INC. ( FORMERLY KNOWN AS SHOTSPOTTER INC. ) | KANSAS MUNICIPAL ENERGY AGENCY | REKOR SYSTEMS, INC. | CITY OF CAPE CORAL | INDIAN RIVER COUNTY, FL | LOADSPRING SOLUTIONS, INC. | TREATMENT ALTERNATIVES FOR SAFE COMMUNITIES, INC. | AEGIS RESPONSE, INC. | AB ENERGY USA | COLLIER COUNTY, FLORIDA | PI VARIABLES, INC., | C4 RECOVERY FOUNDATION | CITY OF TAMARAC, FL | ITERIS, INC. | NEIGHBORS AND NEIGHBORS ASSOCIATION, INC. | COUNTY OF HENNEPIN, MN | TANTALUS SYSTEMS INC. | ACE THEATER FOUNDATION, INC. | HITACHI VANTARA (FORMERLY KNOWN AS HITACHI DATA SYSTREMS) | CIVIC ROUNDTABLE, INC. | ASSOCIAZIONE INDUSTRIALI DELLE CARNI E DEI SALUMI | TOWN OF DAVIE FLORIDA | NORD ENGINEERING S.P.A. | BROWARD SHERIFF'S OFFICE | CART.COM, INC. | CLEAN REFINERIES INC."
144121,JEANNE,HAGGERTY,"Legislative Correspondent Senator Chuck Grassley and Senate Aging Committee (shared staff), Legislative Aide Senate Finance Committee, Health Policy Coordinator Health Subcommittee Energy and Commerce, Professional Staff Member",269,1,"AMGEN, INC. | RIVER REGION PSYCHIATRY ASSOCIATES | ARGENTUM MEDICAL | SYNEOS HEALTH, INC. | SOLVD HEALTH | GRAIL, LLC | MERCK & CO INC | NOVO NORDISK INC. | ZOETIS | CALIFORNIA LIFE SCIENCES | OWENS & MINOR, INC. | PHRMA | ACCESS TO HEALTH FOUNDATION | AMERICAN CANCER SOCIETY ACTION NETWORK, INC. | NATIONAL ASSOCIATION OF REHABILITATION PROVIDERS AND AGENCIES | TE CONNECTIVITY, INC. | GLOBAL DOWN SYNDROME FOUNDATION | ELI LILLY & COMPANY | WISCONSIN PHYSICIANS SERVICE INSURANCE CORPORATION (DBA WPS HEALTH SOLUTIONS) | RESEARCH SOCIETY ON ALCOHOL (FORMERLY KNOWNS AS RESEARCH SOCIETY ON ALCOHOLISM) | U.S. HEMP ROUNDTABLE | IRHYTHM TECHNOLOGIES | ELLIOTT MANAGEMENT | SANOFI, U.S. | BRISTOL-MYERS SQUIBB COMPANY | CONSUMER BRANDS ASSOCIATION | PLASMA PROTEIN THERAPEUTICS ASSOCIATION | INDIVIOR, INC. | ORGANON | THE JED FOUNDATION | RAYNER | DR. EMIL KAKKIS | CENTENE CORPORATION | I SQUARED CAPITAL ADVISORS (US) LLC | PFIZER | THE COUNCIL FOR RESPONSIBLE NUTRITION | BEONE MEDICINES ( FORMERLY KNOWN AS BEIGENE USA, INC.) | ABBVIE, INC. | NOVOCURE INC."
7527,WALKER,ROBERTS,"Dep. COS, House Intl. Rel. Comm.; Sp. Asst. to Pres.; Policy Analyst, Senate",269,4,"TEXTRON, INC. | QUECTEL WIRELESS SOLUTIONS CO., LTD. | ALIBABA GROUP HOLDING LIMITED | CHARLES RIVER LABORATORIES | AT CAPITAL PTE. LTD. | HUNTINGTON INGALLS INDUSTRIES, INC. (FKA HUNTINGTON INGALLS INCORPORATED) | COGNIZANT TECHNOLOGY SOLUTIONS | EMBASSY OF THE REPUBLIC OF AZERBAIJAN | VERITY INSTRUMENTS, INC. | U.S. GLOBAL LEADERSHIP CAMPAIGN | REPUBLIC OF INDIA | LETTERONE HOLDINGS S.A. | GLENCORE, LTD | DEVOLLI CORPORATION | JYSAN HOLDINGS | BEIJING XIAOMI MOBILE SOFTWARE CO., LTD (FKA EDWARD B. MACMAHON, JR., PLC) | WAYLINK ASSETS LIMITED | BETTER WORLD FUND | RED WHITE AND BLUE, LLC | KURDISTAN REGIONAL GOVERNMENT | NORD STREAM 2 AG | QUALCOMM INCORPORATED | SANDVINE | HONEYWELL INTERNATIONAL, INC. | WISON NEW ENERGIES COMPANY | RTX CORPORATION AND AFFILIATES (FKA RAYTHEON TECHNOLOGIES CORP. AND AFFILIATES) | CLEARY GOTTLIEB STEEN & HAMILTON LLP ON BEHALF OF VENEZUELA CREDITOR COMMITTEE | WESTERN DIGITAL CORPORATION"
37493,EDWARD,STEINER,"Legislative Assistant, Representative Farr",269,2,"SUCRO SOURCING L.L.C | ZONOS | CENTRIC BRANDS | THERABODY, INC. | DIGGS INC | CABINETWORKS GROUP | LT FOODS | AD HOC COALITION FOR U.S. NITRILE GLOVE COALITION | AMERICAN BATH GROUP | DEXTER AXLE COMPANY | KION NORTH AMERICA CORPORATION | BASE BRANDS, LLC | NORTHWEST PIPE COMPANY | HANESBRANDS INC | SUPERATV, LLC | LIDOCHEM, INC. | KALORIK | HEALTH INDUSTRY DISTRIBUTORS ASSOCIATION (HIDA) | L&L CANDLE CO. | ISOLATEK INTERNATIONAL | BON-AIRE INDUSTRIES | US COUNCIL FOR INTERNATIONAL BUSINESS | LEVITON MANUFACTURING COMPANY, INC. | AD HOC COALITION FOR APPAREL SUPPLY CHAIN RESILIENCY IN CENTRAL AMERICA | RAD POWER BIKE INC | POLYGROUP NORTH AMERICA INC. | PROVEFRUT | EXPOFLORES | TORMACH INC. | BECKETT CORPORATION | DOOSAN BOBCAT NORTH AMERICA | NATIONAL CUSTOMS BROKERS & FORWARDERS ASSOCIATION OF AMERICA, INC., (NCBFAA) | NEWELL BRANDS | WAYFAIR | FIRST SALE COALITION | COALITION FOR EFFECTIVE FORCED LABOR ENFORCEMENT | LUMILEDS NETHERLANDS BV | TRAEGER PELLET GRILLS LLC | AZUCAREROS DEL ISTMO CENTROAMERICANO | GRIMCO, INC. | GRADUATE PLASTICS, INC. D/B/A QUANTUM STORAGE | MAGELLAN CORPORATION | HAWASSA INDUSTRIAL PARK INVESTORS ASSOCIATION | NIELSEN-KELLERMAN COMPANY | CAMELBAK PRODUCTS, LLC | NORTHERN TOOL & EQUIPMENT COMPANY, INC. | RENFRO CORP. | BEACON WELLNESS BRANDS"
144776,SYD,TERRY,"COS, Rep. Jan Schakowsky; Policy Coordinator for Energy & Commerce; LD, Rep. Jan Schakowsky; Sr. LA, Rep. Mark Pocan; LA for Rep Pocan, Intern Senator Salazar, Intern Senator Levin",267,3,"NATIONAL LIFELINE ASSOCIATION | LIBERTY MEDIA CORPORATION | ADVANCING MENTAL HEALTH FOR MILITARY FAMILIES, LLC | PIRATE SHIP | EXELON BUSINESS SERVICES COMPANY LLC | SH 130 CONCESSION COMPANY, LLC | SPECTRA | MOTION PICTURE ASSOCIATION | U.S. ALUMINUM EXTRUDERS COALITION INC. | FUSE ENERGY TECHNOLOGIES CORP. | IAG CAPITAL MANAGEMENT, LLC | KOHLER CO. | THE PROCTER & GAMBLE COMPANY | MILWAUKEE TOOL | TOPSOE A/S | MCCARTHY BUILDING COMPANIES, INC. | POLARIS INDUSTRIES | NUCLEAR ENERGY INSTITUTE | U.S. ACUTE CARE SOLUTIONS, LLC | CUISINE SOLUTIONS, INC. | SCP-HEALTH | ENTERTAINMENT SOFTWARE ASSOCIATION | DELTA AIRLINES | ALBEMARLE CORPORATION | SHIFTKEY, LLC | U.S. ANESTHESIA PARTNERS, INC. | GRUBHUB HOLDINGS, INC. | MAJOR CITIES CHIEFS ASSOCIATION | LOCKTON MANAGEMENT, LLC | DOOSAN CORPORATION | SNAP INC. | A PLACE FOR MOM, INC. | ECHOSTAR CORPORATION D/B/A DISH | KRAFT HEINZ COMPANY | CONSUMER ACCESS TO REPAIR (CAR) COALITION | ANCERA | UNDIAGNOSED DISEASE NETWORK FOUNDATION | FLOCK SAFETY | UNIVERSITY OF WISCONSIN-MADISON | THE TRAVELERS COMPANIES, INC. AND SUBSIDIARIES | GEOCOMPLY SOLUTIONS INC. | ENSCO | COACH USA"
67397,GREGG,HARTLEY,Chief of Staff- Rep Blunt,267,16,"ALLIANCE FOR BUSINESS PARTNERSHIP | OUTDOOR AMUSEMENT BUSINESS ASSOCIATION | NATIONAL MILK PRODUCERS FEDERATION | JE DUNN CONSTRUCTION | VERU, INC. | FIVE RIVERS CONSERVATION GROUP LLC | JOHNS HOPKINS UNIVERSITY | EVERGY FORMERLY KANSAS CITY POWER AND LIGHT COMPANY | BELIEVER MEATS | WASHINGTON UNIVERSITY IN ST. LOUIS | CASSIDY & ASSOCIATES ON BEHALF OF DOE RUN COMPANY | WPC TECHNOLOGIES | ADVANCED THERMOVOLTAIC SYSTEMS INC. (FORMERLY BERKEN ENERGY LLC) | CASSIDY & ASSOCIATES (ON BEHALF OF BJC HEALTHCARE SYSTEMS) | MUTUALINK INC. | DIAMOND PET FOODS INC. | NOMI HEALTH, INC. | BUILD AMERICA MUTUAL | CASSIDY & ASSOCIATES ON BEHALF OF CERNER CORPORATION | UNIVERSITY OF HOUSTON | MISSOURI STATE UNIVERSITY | ALASKA NATIVE TRIBAL HEALTH CONSORTIUM | THE SUGAR ASSOCIATION | CASSIDY & ASSOCIATES ON BEHALF OF EXPEDIA INC. | SANDY BAY PARTNERS LLC | LINDSAY CORP. | LATHROP & GAGE ON BEHALF OF BRIDGETON LANDFILL LLC AND ROCK ROAD INDUSTRIES I | ANACOSTIA WATERSHED SOCIETY | NATIONAL CHILDREN'S ALLIANCE | GREAT AMERICAN OUTDOORS GROUP, LLC | HUSCH BLACKWELL ON BEHALF OF THE SNY ISLAND LEVEE DRAINAGE DISTRICT | TRANSITAMERICA SERVICES | CSMI, LLC | COALITION OF HOPE FOUNDATION | AT&T SERVICES INC | CASSIDY & ASSOCIATES ON BEHALF OF EAGLEPICHER TECHNOLOGIES LLC | EDP ENTERPRISES INC | BAYER U.S. LLC | WESTWAY ENTERPRISES LLC | AT&T, INC. | HUSCH BLACKWELL ON BEHALF OF THE FABIUS RIVER DRAINAGE DISTRICT | SES AMERICOM INC. | WP CONSTRUCTION AND MINING"
66492,PATRICK,GRANT,"Counsel, U.S. Senate Committe on Banking, Housing and Urban Affairs; Counsel and Legislative Assistant, Senator Christopher Dodd; Legislative Correspondent, Senator Joseph Lieberman",266,4,"CREDIT PROTECTION COALTION | APTIV, PLC | PRINTING UNITED ALLIANCE | WEWORK MANAGEMENT LLC | VERISIGN, INC. | AFFORDABLE HOUSING DEVELOPERS COUNCIL | ZUFFA AND AFFILIATES FKA WME GROUP | AMBAC ASSURANCE CORPORATION | DANONE NORTH AMERICA | 7 ELEVEN, INC. | VIRTU FINANCIAL, LLC | BEAM GLOBAL | LIVE NATION ENTERTAINMENT, INC. | BANCO SAN JUAN | ORACLE CORPORATION | MESA AIRLINES | CENTINEL PUBLIC PARTNERSHIPS, LLC | CONTINENTAL TIRE THE AMERICAS, LLC | OFFICE OF RONALD LAUDER | VEROS REAL ESTATE SOLUTIONS, LLC | FINCANTIERI MARINE GROUP LLC | KOREAN AIR CO., LTD | NEWSGUARD TECHNOLOGIES | TOYOTA MOTOR NORTH AMERICA, INC. | CONTINENTAL TIRE THE AMERICAS, LLC FKA CONTINENTAL AUTOMOTIVE SYSTEMS US, INC. | RURAL COUNTY REPRESENTATIVES OF CALIFORNIA | SUN GROUP HOLDINGS LIMITED"
43625,MICHELLE,EASTON,"Senior Policy Advisor, Democratic Whip Steny Hoyer; Legislative Asst. for Rep. Mike Thompson, Rep. Bob Matsui, and Senator Bob Graham",266,4,"ACCENTURE FEDERAL SERVICES | AMERICAN OSTEOPATHIC ASSOCIATION | H2 HEALTH | MALLINCKRODT PHARMACEUTICALS | AMYLYX PHARMACEUTICALS | THORN RUN PARTNERS (ON BEHALF OF THE PARTNERSHIP TO IMPROVE PATIENT CARE) | CARDINAL HEALTH (F.K.A. THE GLOVER PARK GROUP) | SAS | VERTEX PHARMACEUTICALS INCORPORATED | BLUE CROSS BLUE SHIELD ASSOCIATION | NATIONAL ELECTRICAL MANUFACTURERS ASSOCIATION (MITA) | MERCK | FLAGSHIP PIONEERING | ABBOTT (FORMERLY KNOWN AS ALERE INC.) | CALIFORNIA PROTONS CANCER THERAPY CENTER | ELI LILLY AND COMPANY | HEALTH CARE SERVICE CORPORATION | LINCARE | GILEAD SCIENCES, INC. | BRISTOL MYERS SQUIBB | BAXTER | HEALTHCARE DISTRIBUTION ALLIANCE (HEALTHCARE DISTRIBUTION MANAGMENT ASSN.) | NEUROCRINE BIOSCIENCES, INC. | FOUNDATION MEDICINE | GENENTECH, INC. | PHRMA | AMGEN INC | ALZHEIMER'S ASSOCIATION | AIS HEALTHCARE | ELEVANCE HEALTH, INC (F.K.A. ANTHEM, INC. & WELLPOINT, INC.) | BIOTECHNOLOGY INDUSTRY ORGANIZATION | HEALTHCARE LEADERSHIP COUNCIL | NOVO NORDISK INC. | NOVOCURE INC. | TAKEDA PHARMACEUTICALS AMERICA, INC. | 10X GENOMICS | ASTRAZENECA | BOEHRINGER INGELHEIM | BREAKTHROUGH T1D (FKA JUVENILE DIABETES RESEARCH FOUNDATION INTERNATIONAL) | ONE MEDICAL | OPEN PHILANTHROPY ACTION FUND | SAREPTA THERAPEUTICS | AMERICAN CANCER SOCIETY CANCER ACTION NETWORK (ACSCAN) | THE AMPUTEE COALITION | SANOFI US SERVICES INC (FORMERLY KNOWN AS GENZYME CORPORATION) | ABBVIE INC. | SIGNIFY (F.K.A. REMEDY BPCI PARTNERS, LLC) | BD (BECTON, DICKINSON AND COMPANY) | MEDICALLY HOME | LONGEVITY HEALTH PLAN | MEDICAL FACULTY ASSOCIATES, INC. | JAZZ PHARMACEUTICALS INC. | OTSUKA AMERICA PHARMACEUTICAL, INC. | GENTIVA (FORMERLY REPORTED AS HUMANA & KINDRED AT HOME)"
147159,HENRY,BRADLEY,"D. Chief of Staff, US Senate",266,2,"ASSOCIATION OF AMERICAN RAILROADS | SOUTHERN COMPANY GAS | AMERICAN AIRLINES INC | UNIVERSITY OF TULSA | GRAND RIVER DAM AUTHORITY | AECOM | CONSTELLATION ENERGY GENERATION, LLC (FKA CONSTELLATION ENERGY CONSERVATION) | YANDEX N.V. | ZIPLINE INTERNATIONAL, INC. | PLUG POWER, INC. | EXPAND ENERGY CORPORATION (FKA CHESAPEAKE ENERGY) | WILLIAMS COMPANIES | MISSISSIPPI STATE PORT AUTHORITY AT GULFPORT | CONSUMER TECHNOLOGY ASSOCIATION (FKA CONSUMER ELECTRONICS ASSOCIATION (CEA)) | COGNIZANT TECHNOLOGY SOLUTIONS | AMERICAN CONCRETE PIPE ASSOCIATION | FIRSTENERGY SERVICES COMPANY | DREDGING CONTRACTORS OF AMERICA | STELLA JONES CORPORATION (FORMERLY KNOWN AS MCFARLAND CASCADE HOLDINGS, INC.)"
53901,JEFF,BJORNSTAD,"Chief of Staff, Senator Patty Murray; Chief of Staff Rep. Rick Larsen; Chief of Staff Rep. Adam Smith",266,25,"KYMETA CORPORATION | CERNER CORPORATION | T-MOBILE | ALASKA AIRLINES | ALASKA ELECTRIC LIGHT & POWER COMPANY | CAPITOL VENTURE LLS (ON BEHALF OF VERKADA INC) | MCKAY HEALTHCARE AND REHABILITATION CENTER | SEATTLE ARENA COMPANY | CITY OF AUBURN | ALTRIA CLIENT SERVICES LLC | PUTALA STRATEGIES LLC (ON BEHALF OF PARTNER THERAPEUTICS) | ZEROEYES, INC. | VIGOR INDUSTRIAL, LLC | KING COUNTY | UNIVERSITY OF WASHINGTON | CITY OF BELLEVUE | PACIFIC MARINE & SUPPLY COMPANY | RAD POWER BIKES | AVISTA CORPORATION | SPARTAN SEALIFT | UNISON SOFTWARE, INC. | TRIWEST HEALTHCARE ALLIANCE | REBUILD LOCAL NEWS COALITION/THE GROUNDTRUTH PROJECT | THE SEATTLE TIMES"
71522,BENJAMIN,BROWN,"Counsel, U.S. Securities and Exchange Commission",266,3,"CBOE GLOBAL MARKETS, INC. | FMR LLC | ALLY FINANCIAL, INC. | MANAGED FUNDS ASSOCIATION | AMERICAN BANKERS ASSOCIATION | PLUME NETWORK, INC. | SECURITIZE, INC. | DELOITTE LLP | HALO INVESTING | LIBERTY MUTUAL GROUP | DONNELLY FINANCIAL SOLUTIONS | INVESCO HOLDING COMPANY (US), INC. | FINALIS, INC. | OPTIONS CLEARING CORPORATION | VIATRIS INC. | AKOYA LLC | ANGELLIST | PROSHARES | ROBINHOOD MARKETS, INC. | 24X NATIONAL EXCHANGE LLC | ONDO FINANCE, INC. | MORTGAGE BANKERS ASSOCIATION | ANCHOR LABS, INC."
141889,STACY,MCBRIDE,Senator Blunt - Chief of Staff,265,6,"ENTERPRISE HOLDINGS, INC. DBA ENTERPRISE MOBILITY | JE DUNN CONSTRUCTION | EBSCO PUBLISHING INC. | BRIGGS AND STRATTON | TOTAL WINE & MORE | AMERICAN GOLF INDUSTRY COALITION | BI-STATE DEVELOPMENT AGENCY | BOARD OF EDUCATION FOR THE SCHOOL DISTRICT OF SPRINGFIELD R-12 | PROMONTORY 150 LLC | WESTWAY ENTERPRISES LLC | EDP ENTERPRISES INC | AT&T, INC. | NATIONAL MUSIC PUBLISHERS' ASSOCIATION | ALLIANCE FOR AMERICA'S PROMISE | EXPEDIA GROUP | ACT EDUCATION CORP. | ALASKA NATIVE TRIBAL HEALTH CONSORTIUM | THE SUGAR ASSOCIATION | MISSOURI STATE UNIVERSITY | U.S. CHAMBER OF COMMERCE | LIBERTY VOTE | THE UNIVERSITY OF MISSOURI SYSTEM | JPH LAW LLP (ON BEHALF OF BLUE DIAMOND GROWERS) | HEART TO HEART HOSPICE | NATIONAL CHILDREN'S ALLIANCE | GREAT AMERICAN OUTDOORS GROUP, LLC | US STRATEGIC METALS | KNOWINK | BELIEVER MEATS | EVERGY FORMERLY KANSAS CITY POWER AND LIGHT COMPANY | WASHINGTON UNIVERSITY IN ST. LOUIS | COMPASS HEALTH NETWORK | JOHNS HOPKINS UNIVERSITY | MISSOURI BEHAVIORAL HEALTH COALITION | SKINCURE ONCOLOGY"
81439,PAUL,BOCK,"Counsel, Senate Judiciary Committee; Chief of Staff, Sen. Herb Kohl",264,2,"ALLIANCE FOR CELL THERAPY NOW | ALTRIA CLIENT SERVICES, LLC | FINANCIAL SERVICES INSTITUTE | SCENIC AMERICA | GOVERNMENT COUNSEL LLC ON BEHALF OF DELTA DENTAL OF CA | AMERICAN SOCIETY OF TRAVEL ADVISORS, INC. | NW NATURAL HOLDING COMPANY | KIA MOTORS CORPORATION | AMERICAN POLICY VENTURES ACTION | ERNST & YOUNG U.S. LLP (EY) | MORTGAGE BANKERS ASSOCIATION | COMCAST CORPORATION | KERBEROS CAPITAL FUND III LP | CGI FEDERAL, INC. | BORGWARNER INC. | MODERN MEDICAID ALLIANCE | EQUIFAX INC. | AMPLIFON USA | ZERO CARBON HYDROGEN COALITION (INFORMAL) | MEDLINE INDUSTRIES, LP | SMALL BUSINESS INVESTOR ALLIANCE (SBIA) | DELTA DENTAL PLANS ASSOCIATION | EBAY INC | BOEHRINGER INGELHEIM PHARMACEUTICALS, INC. | ROBINHOOD | HUMANITY FORWARD | IFP ACTION | GOVERNMENT COUNSEL LLC ON BEHALF OF AKORN INC. | PRUDENTIAL FINANCIAL, INC."
148140,ALEX,BOLTON,"Chief of Staff, Rep. Nicole Malliotakis",264,1,"NATIONAL ASSOCIATION OF BUSINESS POLITICAL ACTION COMMITTEES (NABPAC) | TRINITY UNIVERSITY | ADVANCED MANUFACTURING COMPANY OF AMERICA, INC. | DREAMFACTORY.COM | HILL EAST GROUP LLC ON BEHALF OF IDEMIA IDENTITY & SECURITY USA LLC | CREI HOLDINGS LLC | AIR SPACE INTELLIGENCE | ASTRANIS | CMG STRATEGY CO., LLC DBA CHIPOTLE MEXICAN GRILL, INC. | R2P INNOVATIONS | RECURSION | VANDERBILT UNIVERSITY | WASHINGTON UNIVERSITY IN ST. LOUIS | ASSOCIATION OF FIRETECH INNOVATION | SOUTHERN AIRWAYS EXPRESS | NATIONAL DRUG AND ALCOHOL SCREENING ASSOCIATION | NOVOZYMES NORTH AMERICA INC. | EMPIRE AVIATION | HALMAR | RIVET INDUSTRIES, INC. | SHIELD AI, INC. | CATTARAUGUS COUNTY | INDOTRONIX INTERNATIONAL CORPORATION | GRAYSTREET MANAGEMENT SERVICES LLC DBA GRAY STREET PARTNERS | NEW YORK BUILDING CONGRESS (NYBC) | POWEREX CORP. | AMERICAN HUMANE | THE CIGNA GROUP AND SUBSIDIARIES | GAMBIT DEFENSE, INC | US TRAVEL ASSOCIATION | ROBOTIC RESEARCH OPCO, LLC DBA FORTERRA | AMERICAN CHEMISTRY COUNCIL, INC. | PROLEGIS, LLC | WILLIAM MARSH RICE UNIVERSITY | BEKAERT CORPORATION | ADVANCED ENERGY UNITED | HILL EAST GROUP LLC ON BEHALF OF SYRACUSE REGIONAL AIRPORT AUTHORITY | LIVE EARTH IMAGING, INC. | NATIONAL ASSOCIATION OF CONVENIENCE STORES | CORASCLOUD, INC. | VALAR ATOMICS INC. | VM AGRITECH INC. | ENGLAND ECONOMIC AND INDUSTRIAL DEVELOPMENT DISTRICT | RACETRAC, INC. | SHIPPERS COALITION | GECKO ROBOTICS, INC. | ALSTOM TRANSPORTATION INC. | COLOSSAL BIOSCIENCES INC. | DETERRENCE DEFENSE INC. | EMORY UNIVERSITY | IQVIA | AMERICAN MARITIME CONGRESS | CRH AMERICAS MATERIALS, INC | DISASTER MANAGEMENT GROUP, LLC | SHIFT5 | PEREGRINE TECHNOLOGIES, INC."
114736,CARLOS,TRUJILLO,Former US OAS Ambassador,262,13,"MIAMI-DADE COUNTY | CARRIBEAN TRANSMISSION DEVELOPMENT COMPANY (CTDC) | MARFRIG GLOBAL FOODS S.A. | BIA FOODS | BENWORTH CAPITAL | ATLANTIDA GLOBAL SERVICES, INC | PUERTO RICO FISCAL AGENCY AND FINANCIAL ADVISORY AUTHORITY | TELEKOM SRBIJA | ASOCOLFLORES | DP DELTA FINANCE B.V. | CREI HOLDINGS | RECORDING INDUSTRY ASSOC. OF AMERICA | IEM INTERNATIONAL INC. | DRONEUP | COMPAGNIE FINANCIERE RICHEMONT SA | WEST MIAMI | AVANGRID | CENTRAL ROMANA CORPORATION, LTD. | TETHER OPERATIONS LIMITED | NOTARC MANAGEMENT GROUP | LOCKINGTON PARTNERS | MINERA AGUILAR S.A. | US WIND INC. | NORTHWIND TRADING LTD. | SWISHER INTERNATIONAL, INC (FORMERLY KNOWN AS SI GROUP CLIENT SERVICES) | EDENOR S.A. (EMPRESA DISTRIBUIDORA Y COMERCIALIZADORA NORTE S.A.) | ENFRAGEN MANAGEMENT SERVICES | HBI | EVOLUTION METALS AND TECHNOLOGIES CORP. | WILD SALMON CENTER | PEPPERTREE CAPITAL MANAGEMENT INC. | CONSEJO MEXICANO DE NEGOCIOS | FLORIDA VIRTUAL SCHOOL | GEO GROUP | GOOGLE CLOUD | SAMSUNG ELECTRONICS AMERICA | JACMEL PARTNERS | COZEN O'CONNOR | MERCURIA ENERGY AMERICA, LLC | CHARTER COMMUNICATIONS OPERATING, LLC | MIAMI DADE COUNTY TRANSPORTATION PLANNING ORGANIZATION (TPO) | UNIVERSITY OF NORTH FLORIDA/ STATE UNIVERSITY SYSTEM OF FLORIDA, BOARD OF GOVERN | SOCIEDAD DE FOMENTO FABRIL (SOFOFA) | MASTEC, INC. | MEDITERRANEAN SHIPPING COMPANY SA | TOTAL MILITARY MANAGEMENT | BALLY'S CORPORATION | CDR HEALTH | DOMA TECHNOLOGY, LLC | CITY OF DORAL | CITY OF MIAMI | COUPANG INC. | ANTHROPIC, PBC | SPORTS BETTING ALLIANCE (FKA SPORTS GAMBLING ALLIANCE) | GRAN TIERRA ENERGY INC. | EMERGE AMERICAS | AMERICAN TEXTILE & APPAREL | GRUPO FINANCIERO FICOHSA | EDEMSA (EMPRESA DISTRIBUIDORA DE ELECTRICIDAD DE MENDOZA S.A.) | COMMISSARIAT OF THE HOLY LAND | MGT | GRUPO ELEKTRA S.A.B. DE C.V. | DARLING INGREDIENTS | LTS | THE PLEXOS GROUP | CORPORACION INTERNACIONAL CEMCAL | ROLEX SA | AMERICAN SUGAR REFINERIES | APPLIED MATERIALS | LKQ CORPORATION | ST. JOHN'S COUNTY | CLEVELAND-CLIFFS INC. | CHAMBER OF INDUSTRY OF GUATEMALA | CENTENE CORPORATION | HELMERICK & PAYNE, INC. | GRUPO ALDECASA | THE GB GROUP S.A. | VOREX LLC | PADSPLIT, INC. | ECHOSTAR CORPORATION/ DBA DISH"
59711,CLARENCE,WILLIAMS,"Chief of Staff, Rep. Kendrick Meeks",262,24,"CITY OF WEST PARK, FLORIDA | EDWARD WATERS UNIVERSITY | COUNTY OF LOUDOUN, VIRGINIA | UMH PROPERTIES, INC. | CITY OF LAUDERHILL, FLORIDA | CITY OF NORTH LAUDERDALE, FL | NORFOLK AIRPORT AUTHORITY | CITY OF MIAMI GARDENS FLORIDA | ADVANCED GREEN TECHNOLOGIES, INC. | CROWDAI, INC. | AMERICAN WEATHER ENTERPRISE ASSOCIATION | CITY OF NORTH MIAMI | ANFIELD CONSULTING, INC. (ON BEHALF OF CITY OF FLAGLER BEACH, FL) | CENTRE HAITIEN DE RECHERCHE EN AMENAGEMENT ET EN DEVELOPPEMENT (CHRAD) | VIOLET DEFENSE LLC | CITY OF OPA-LOCKA, FLORIDA | TERUMO BLOOD AND CELL TECHNOLOGIES | BROWARD METROPOLITAN PLANNING ORGANIZATION | LANGTON ASSOCIATES INC. (ON BEHALF OF CITY OF JACKSONVILLE, FL | NATIONAL ASSOCIATION OF HISPANIC REAL ESTATE PROFESSIONALS | COUNTY OF HENNEPIN, MN | NATIONAL ASSOCIATION OF WATERFRONT EMPLOYERS | CIVIC ROUNDTABLE, INC. | UNIVERSITY OF MIAMI | VIRGINIA UNION UNIVERSITY | BUTTERFLY NETWORK, INC. | CITY OF MIAMI, FLORIDA | CITY OF PALATKA, FLORIDA | CITY OF LIGHTHOUSE POINT, FL | DYNO PUBLIC SAFETY TECHNOLOGIES INC. | FLORIDA MEMORIAL UNIVERSITY | VOLUSIA COUNTY, FLORIDA | AMERICAN HEALTHY ALTERNATIVES ASSOCIATION, INC. | LOADSPRING SOLUTIONS, INC. | GLOBALMED | CITY OF ALEXANDRIA, VA | STREET SMARTS VR | BOARD OF COUNTY COMMISSIONERS OF BREVARD COUNTY, FLORIDA | CART.COM, INC. | SIGNIFICANCE, INC. | BROWARD SHERIFF'S OFFICE | ECOSPEARS"
143732,MATTHEW,KELLOGG,"Deputy Asst Sec for Leg Affairs, US Treasury (Mar 2017-2018) Sr Policy Adviser and Counsel, House Majority Ldr McCarthy (Sept 2015-Mar 2017) Leg Asst, Rep Tom Reed (Nov 2010-Nov 2011)",262,1,"AMERICAN EXPLORATION AND PRODUCTION COUNCIL (AXPC) | NATIONAL CREDITORS BAR ASSOCIATION | MISSIONSQUARE RETIREMENT | INSTITUTE OF INTERNATIONAL BANKERS | MERCURY TECHNOLOGIES, INC. | CLEAN ECONOMY PROJECT | AMERICAN INVESTMENT COUNCIL | AUTO ALLIANCE FOR INNOVATION | SOCIAL FINANCE, INC. | MORTGAGE BANKERS ASSOCIATION | SUNCOR ENERGY (U.S.A.) INC., A DELAWARE CORPORATION | ONTARIO SYSTEMS, LLC D/B/A FINVI | TESLA, INC. | MELLON FINANCIAL SERVICES CORPORATE #1 (FORMERLY BANK OF NEW YORK MELLON CORP.) | EARLY WARNING SERVICES, LLC | KERN OIL AND REFINING COMPANY D/B/A KERN ENERGY | GEN DIGITAL INC (FORMERLY REPORTED AS MONEYLION TECHNOLOGIES INC. (MONEYLION) | SWIFT, INC. | JPMORGAN CHASE HOLDINGS LLC | FISERV, INC. | CRYPTO COUNCIL FOR INNOVATION | EREBOR GROUP, INC. | CLEAN ENERGY BUYERS ASSOCIATION (CEBA) | AMERICAN EXPRESS COMPANY | CHIME FINANCIAL INC. | COMMONWEALTH FUSION SYSTEMS | COINBASE, INC."
72487,CHARLES,RATHBURN,"Dir of Legislative Affairs, US Dept of Commerce (2018-2019); Professional Staff, US Senate Comm on Appropriations (2013-2018); Legislative Asst, US Sen Wicker (R-MS) (2011-2013); NOAA Sea Grant Legislative Fellow, US Sen Wicker (2010-2011)",261,17,"FIFA WORLD CUP BOSTON 2026 | KAMEHAMEHA SCHOOLS | PATTERN ENERGY | MAIN STREET AMERICA | DELTA OFFSHORE ENERGY PTE LTD | DOCUSIGN | NATIONAL ASSOCIATION OF ACOS | FIFA WORLD CUP ATLANTA 2026 | FIFA WORLD CUP KANSAS CITY 2026 | FIFA WORLD CUP SEATTLE 2026 | SAFE FLEET | FIFA WORLD CUP HOUSTON 2026 | FIFA WORLD CUP NEW YORK NEW JERSEY 2026 | WESTERN RIVERSIDE COUNTY REGIONAL CONSERVATION AUTHORITY | LOWER ELWHA KLALLAM TRIBE | AEROSPIKE INC. | FIFA WORLD CUP DALLAS 2026 | FIFA WORLD CUP LOS ANGELES 2026 | THE MACKINAC TECHNOLOGY COMPANY | NUCLEAR INNOVATION ALLIANCE | GALES FERRY INTERMODAL, LLC | LOOKINGGLASS CYBER SOLUTIONS, INC. | HIDDEN LEVEL, INC | FIFA WORLD CUP MIAMI 2026 | PALLADIAN PARTNERS, INC. | AMERICAN ACADEMY OF PEDIATRIC DENTISTRY | SANMINA CORPORATION | FIREFLY STS (FKA FIREFLY BLACK LLC) | SILVER POINT CAPITAL | KEARNEY & COMPANY, P.C. | FIFA WORLD CUP SAN FRANCISCO BAY AREA 2026 | SOUTHERN UTE INDIAN TRIBE | FIFA WORLD CUP PHILADELPHIA 2026 | ARTANIS CAPITAL, LLC | ESSENTIA HEALTH | SKYWATER TECHNOLOGY FOUNDRY | ALVOGEN, PHARMA US, INC. | HAWKEYE 360 | KEYSTONE INC | GRIFOLS SHARED SERVICES NORTH AMERICA, INC. | RIVADA NETWORKS | DOVER FOOD RETAIL"
51076,RONALD,ERITANO,LegCorr.SenLautenberg/LegAsst.RepDoggett,261,15,"CITY OF SAN MARCOS | ARMED SERVICES YMCA | TAYLOR ENGLISH DUMA LLP | SEA RESEARCH FOUNDATION | FUTURE PLANS | ACCELERATE COLORADO | STEADY | FAA MANAGERS ASSOCIATION INC | CLOVER AQUISITION GROUP | CITY OF AMARILLO, TX | CITY OF EAGLE PASS, TEXAS | CITY OF SAN ANTONIO, TX | RACKSPACE US, INC. | LOWE SYNDROME ASSOCIATION | TAYLOR FARMS | MIDLAND COUNTY, TEXAS | TEXAS STATE UNIVERSITY SYSTEM | TREND GAMING TEXAS | PERFORMING ARTS VENUES ALLIANCE | CITY OF BOERNE, TEXAS | ARAPAHOE COUNTY PUBLIC AIRPORT AUTHORITY | ASSOCIATION OF MILITARY BANKS OF AMERICA | LEADING BUILDERS OF AMERICA | AWARENESS IS PREVENTION | AMERICAN SYSTEMS CORPORATION | ADVANCED MANAGEMENT STRATEGIES GROUP, INC. | RIDER UNIVERSITY"
61759,HEATHER,MOLINO,"Staff Director House Intelligence Cmte; Deputy COS House Member Office, Director of Communications House Member Office (Ruppersberger)",261,1,"ASSOCIATED UNIVERSITIES, INC. | WORKDAY, INC. | SATELLES, INC. | SMX (FKA SMARTRONIX) | CARE IN ACTION | CUBIC CORPORATION | CACI INTERNATIONAL, INC. | THE UNIVERSITY OF ARIZONA | UNITED AIRLINES INC | COMTECH TELECOMMUNICATIONS CYBER STRONG (FKA TELECOMMUNICATIONS SYSTEMS, INC.) | IRIDIUM SATELLITE LLC | SHIFT5, INC. | PARRAID, LLC | CAPEWELL AERIAL SYSTEMS | CROWDSTRIKE, INC. | ANALOG DEVICES, INC. | LUMEN TECHNOLOGIES | QUANTUM TECHNOLOGY SCIENCES, INC. | ZEROFOX, INC. | THUNDERBOLT SOLUTIONS | ADOBE INC. | KRATOS DEFENSE & SECURITY SOLUTIONS | ANDURIL INDUSTRIES, INC. | AH DEFENSE LLC DBA JVIS DEFENSE | ULTRA FKA ULTRA ELECTRONICS - FLIGHTLINE SYSTEMS | PRIMORDIAL LABS | SAP AMERICA, INC. | PSIQUANTUM | FORTRESS INFORMATION SECURITY, LLC | SERVICENOW, INC. | BY LIGHT PROFESSIONAL IT SERVICES LLC | TATE, INC. | UNITED LAUNCH ALLIANCE | SCALE AI, INC. | BOSSIER PARISH POLICE JURY | CITADEL DEFENSE COMPANY | SIGMA DEFENSE SYSTEMS LLC | SAAB"
148520,FREDERICK,VAUGHAN,"Principal Deputy Asst. Secretary, Treasury Dept.; Deputy Asst. Secretary, Treasury Dept.; Senior Counsel, House Financial Services Cmte.; Associate Director, The White House; Confidential Asst., Office of Management & Budget",261,2,"COQUILLE INDIAN TRIBE | FINANCIAL INDUSTRY REGULATORY AUTHORITY, INC. (FINRA) | QUALTRICS INTERNATIONAL INC. | PHIBRO ANIMAL HEALTH CORPORATION | STOP GAS STATION HEROIN LLC | COTTAGE HEALTH HOSPITALS | SPORTS BETTING ALLIANCE | SANOFI US SERVICES INC. | EARTH AI INC. | GPD HOLDINGS LLC D/B/A COINFLIP | T1 ENERGY INC. | PMI US CORPORATE SERVICES INC. | THE GEO GROUP, INC. | KIDNEY CARE ACCESS COLAITION, INC. | AMERICAN TURKISH BUSINESS ROUNDTABLE | MONTE VALLE ENERGY LLC | MORGAN HUGHES ENERGY | TAURUS HOLDINGS INC. | EVERSHEDS SUTHERLAND ON BEHALF OF KCC SHIPOWNING AC. | ZYGMUNT SOLORZ | DIGICEL HOLDINGS (BERMUDA) LIMITED | LION COPPER AND GOLD CORP. | SPHERE LABS | ALPEK POLYESTER USA, LLC | HEALTH EQUALITY CAMPAIGN | SILVER BOW MINING CORP | ENERGY RIGHT | MARCH GL COMPANY | RAYONIER ADVANCED MATERIALS INC. | VANTIVE HEALTH LLC | PATINO & ASSOCIATES, P.A. | BERETTA USA CORP | YAMAHA MOTOR CORP. USA | BERNSTEIN EQUITY, LLC | UNIVERSITY OF NORTH CAROLINA AT CHAPEL HILL | SYBERJET LLC | PATIENTS TO FIGHT CHRONIC DISEASE | INTERNATIONAL LEGAL FINANCE ASSOCIATION | CFG FINANCIAL SERVICES LLC (FORMERLY KNOWN AS BRUCE ROBERTS) | CANTOR FITZGERALD, L.P. | GRAND PHARMACEUTICAL GROUP LTD (FKA EAST OCEAN MEDICAL (HONG KONG) LIMITED) | SYNGENTA CORPORATION | INTERNATIONAL MOTORS, LLC | ELI LILLY AND COMPANY | SPRINGFIELD ARMORY, INC. | PROJECT FOOD BOX | HANESBRAND INC. | TOWN OF PEMBROKE | LPA ENVIRONMENTAL FUND, LLC | PATIENTSACT | AMERICAN KITCHEN CABINET ALLIANCE | GENERAL DYNAMICS LAND SYSTEMS INC. | RIL USA, INC. | UNICOIN, INC. | NATIONAL SHOOTING SPORTS FOUNDATION INC. | NC WMG LOC, LLC | SWR INTERNATIONAL, INC. | GLOCK, INC. | TWENTY-NINE PALMS BAND OF MISSION INDIANS | GSK | REGENERON PHARMACEUTICALS INC. | ALEXANDER VON FURSTENBERG | SAS INSTITUTE INC. | EVERSHEDS SUTHERLAND LLP ON BEHALF OF MAUREL & PROM | NOVO NORDISK, INC. | RALEIGH-DURHAM AIRPORT AUTHORITY | VORTEX OPTICS | FRANCISCAN MISSIONARIES OF OUR LADY HEALTH SYSTEM | RTI INTERNATIONAL | SUMMIT SD, LLC | BITDEER | THE CONSERVATION FUND | ORNSTEIN-SCHULER INVESTMENTS, LLC"
60458,MICHAEL,BEER,"LA, Rep. Dave Hobson",260,4,"WOOLPERT | INTERNATIONAL ASSOCIATION OF AMUSEMENT PARKS AND ATTRACTIONS | KALLNER & ASSOCIATES ON BEHALF OF WORTHINGTON ENTERPRISES | OHIO VALLEY CONFERENCE | BLUECROSS BLUESHIELD OF SOUTH CAROLINA | AMK PROFESSIONAL SERVICES ON BEHALF OF EASTERN OHIO MILITARY AFFAIRS COMMISSION | CONNECT HOUSING BLOCKS | COMROD INC. | WORLDWIDE ERC, INC. | ALPHA-GAL ALLIANCE ACTION FUND | HORIZON LEAGUE | FOX VALLEY TECHNICAL COLLEGE | CITY OF ANNAPOLIS | KO CONSULTING ON BEHALF OF EASTERN OHIO MILITARY AFFAIRS COMMISSION | BIG SKY CONFERENCE | THE SOUTHERN CONFERENCE | WESTERN ATHLETIC CONFERENCE | YOUNGSTOWN STATE UNIVERSITY | COLUMBUS REGIONAL AIRPORT AUTHORITY | THE NATURE CONSERVANCY | ATLANTIC 10 CONFERENCE | AMK PROFESSIONAL SERVICES ON BEHALF OF EASTGATE REGIONAL COUNCIL OF GOVERNMENTS | TTX COMPANY | REPUBLIC SERVICES, FORMERLY REPORTED AS U.S. ECOLOGY | MARKEL CORPORATION | NORFOLK SOUTHERN | INTERNATIONAL MOTORS FKA NAVISTAR | HUNTINGTON BANCSHARES | GENERAL DYNAMICS | PINNACLE WEST CAPITAL CORPORATION | APPLETON INTERNATIONAL AIRPORT | AARP | METRO ATLANTIC ATHLETIC CONFERENCE | NICHOLAS COUNTY AIRPORT AUTHORITY | COLUMBUS CHAMBER OF COMMERCE | FP2 INC. | INTEGRIS INTERNATIONAL, INC. DBA BRI-STEEL MANUFACTURING | THE BIG WEST | WEST COAST CONFERENCE | THE SUMMIT LEAGUE"
67821,DAVID,RUDD,"Chief of Staff, Sen. Fritz Hollings",260,2,"WOOLPERT | INTERNATIONAL ASSOCIATION OF AMUSEMENT PARKS AND ATTRACTIONS | BLUECROSS BLUESHIELD OF SOUTH CAROLINA | COMROD INC. | ALPHA-GAL ALLIANCE ACTION FUND | FOX VALLEY TECHNICAL COLLEGE | YOUNGSTOWN STATE UNIVERSITY | UNITED AIRLINES, INC. | FILECOIN FOUNDATION | TTX COMPANY | REPUBLIC SERVICES, FORMERLY REPORTED AS U.S. ECOLOGY | NORFOLK SOUTHERN | INTERNATIONAL MOTORS FKA NAVISTAR | HUNTINGTON BANCSHARES | GENERAL DYNAMICS | AARP | COLUMBUS CHAMBER OF COMMERCE | FP2 INC. | AMERICAN ASSOCIATION OF AIRPORT EXECUTIVES"
145358,CHARLES,COOPER,"Chief of Staff for Rep. Adam Putnam(1/08-11/10); Policy Dir, House Republican Conference(1/07-3/08); Staff Dir, Republican Policy Committee(4/06-1/07); Leg Dir, Rep. Mario Diaz-Balart(1/03-4/06);Leg Assistant, Rep. Felix Grucci (10/1-1/03)",259,5,"VISTA OUTDOOR | COMPTIA, INC. | RECREATIONAL EQUIPMENT, INC. | AMERICAN PHYTOPATHOLOGICAL SOCIETY | LANCASTER COUNTY, NEBRASKA | PUBLIX SUPER MARKETS | RURAL VOICES FOR CONSERVATION COALITION | INFORMS | TALL TIMBERS RESEARCH, INC. | CLIMATE AND WILDFIRE INSTITUTE | AMERICAN BUS ASSOCIATION | THE AMHERST GROUP, LLC | BATTERY COUNCIL INTERNATIONAL | NATIONAL INDUSTRIES FOR THE BLIND | PEOPLEFORBIKES | LEAGUE TO SAVE LAKE TAHOE | GRANT THORNTON LLP | AMERICAN SOCIETY FOR THE PREVENTION OF CRUELTY TO ANIMALS | UNILEVER UNITED STATES, INC. ON BEHALF OF HELLMANN'S | LAKELAND REGIONAL HEALTH | OUTDOOR RECREATION ROUNDTABLE ASSOCIATION | KABOOM! | ACI PAYMENTS, INC. | ADVANCED CONCEPT INNOVATIONS | BLUEAIR INC. | PHYSICIANS COMMITTEE FOR RESPONSIBLE MEDICINE | SOCURE, INC."
60461,JENNY,DIJAMES,"LA and LD, Rep. Bud Cramer",259,3,"BLUECROSS BLUESHIELD OF SOUTH CAROLINA | AMK PROFESSIONAL SERVICES ON BEHALF OF EASTERN OHIO MILITARY AFFAIRS COMMISSION | CONNECT HOUSING BLOCKS | WOOLPERT | INTERNATIONAL ASSOCIATION OF AMUSEMENT PARKS AND ATTRACTIONS | KALLNER & ASSOCIATES ON BEHALF OF WORTHINGTON ENTERPRISES | FOX VALLEY TECHNICAL COLLEGE | DARKNESS TO LIGHT | CITY OF ANNAPOLIS | KO CONSULTING ON BEHALF OF EASTERN OHIO MILITARY AFFAIRS COMMISSION | COMROD INC. | WORLDWIDE ERC, INC. | ALPHA-GAL ALLIANCE ACTION FUND | INTERNATIONAL MOTORS FKA NAVISTAR | HUNTINGTON BANCSHARES | GENERAL DYNAMICS | PINNACLE WEST CAPITAL CORPORATION | APPLETON INTERNATIONAL AIRPORT | AARP | NICHOLAS COUNTY AIRPORT AUTHORITY | AMK PROFESSIONAL SERVICES ON BEHALF OF EASTGATE REGIONAL COUNCIL OF GOVERNMENTS | COLUMBUS REGIONAL AIRPORT AUTHORITY | THE NATURE CONSERVANCY | NORFOLK SOUTHERN | TTX COMPANY | REPUBLIC SERVICES, FORMERLY REPORTED AS U.S. ECOLOGY | MARKEL CORPORATION | YOUNGSTOWN STATE UNIVERSITY | COLUMBUS CHAMBER OF COMMERCE | FP2 INC."
61653,MARK,DEDRICK,"Staff Assistant, LD Rep. Darlene Hooley 1997; 2002-2006; Staff Assistant, LARep. Tony Hall 1998-2001; LA Rep. Rush Holt 2001-2002.",259,14,"CLACKAMAS COUNTY, OR | BUCHANAN INGERSOLL & ROONEY, PC ON BEHALF OF PITTSBURGH ARENA REAL ESTATE REDEVE | CITY OF SALEM | THE BOROUGH OF SEWICKLEY | COUNCIL OF INFRASTRUCTURE FINANCING AUTHORITIES (CIFA) | NATIONAL ASSOCIATION OF DEVELOPMENT ORGANIZATIONS | CONFEDERATED TRIBES OF GRAND RONDE | CITY OF BAKERSFIELD | RAIL SECURITY ALLIANCE | QUAKER VALLEY SCHOOL DISTRICT | PORT OF PASCO | NATIONAL UTILITY CONTRACTORS ASSOCIATION (NUCA) | AUTODESK, INC | PITTSBURGH AREA REAL ESTATE REDEVELOPMENT | NATIONAL FOREST HOMEOWNERS | CITY OF TUKWILA (WA) | YAMHILL COUNTY, OREGON | CITY OF LYNNWOOD, WA | PORT OF WALLA WALLA | CITY OF STOCKTON | PORT OF WHITMAN COUNTY, WASHINGTON | NORTHWEST REQUIREMENTS UTILITIES | METROPOLITAN YOUTH SYMPHONY | NORTHWEST NATIVE CHAMBER | ASCEND PERFORMANCE MATERIALS LLC | BY THE HAND FOR KIDS | COR DISPOSAL & RECYCLING | METROPOLITAN TRANSPORTATION COMMISSION"
144084,CHANDA,BETOURNEY,"Dep. Staff Director and Chief Counsel, Senate Appropriations Cmt; Chief Counsel Civil Law and Oversight, Sen. Counsel, Sen. Judiciary Cmt; Leg Asst. and Projects Dir., Leg. Corresp., Senator Leahy",258,1,"ABBOTT LABORATORIES | KATAHDIN IMPACT INC. | AIR LINE PILOTS ASSOCIATION | SANDOZ INC. | BLUE ORIGIN, LLC | SCALE | ESSITY NORTH AMERICA INC. | ALLIANCE TO MODERNIZE PRESCRIBING INFORMATION | LVMH MOET HENNESSY LOUIS VUITTON INC. | INTEGRAL AD SCIENCE | FOUNDATION STACK AI, INC. | OSHKOSH CORPORATION | KELLER POSTMAN | DOORDASH | URSA MAJOR TECHNOLOGIES, INC. | SHIELD AI | H&R BLOCK | GOOGLE CLIENT SERVICES, LLC | AUSTAL USA | AMERICAN EXPLORATION & PRODUCTION COUNCIL | COUNCIL ON FOUNDATIONS INC. | COALTION FOR ADULT BEVERAGE ALTERNATIVES | PARATEK PHARMACEUTICALS | STANDARD INDUSTRIES LTD. | ORCHARD THERAPEUTICS NORTH AMERICA | SAZERAC COMPANY, INC. | PARSONS CORPORATION | LEGO SYSTEMS, INC. | ALKERMES, INC. | BLACKWATCH INTERNATIONAL | AMGEN, INC. FKA HORIZON THERAPEUTICS USA, INC. | PET FOOD INSTITUTE | COHESITY, INC. | HEALTH SUPPLY US | MORRISON COHEN, LLP OBO REXMARK HOLDINGS, LLC | MASSACHUSETTS INSTITUTE OF TECHNOLOGY | NATIONAL CAPITOL CONTRACTING LLC | ALLIANCE OF COMMUNITY HEALTH PLANS | GENERAL ATOMICS AERONAUTICAL SYSTEMS, INC. | WAYMO LLC | THE BOEING COMPANY | NATIONAL ALLIANCE FOR BETTER NUTRITION | GEA MECHANICAL EQUIPMENT US, INC. | NATIONAL FOOTBALL LEAGUE | S&P GLOBAL"
139792,TY,MABRY,"Deputy Legislative Director/MLA, Senator Thad Cochran; Legislative Director, Rep. Gregg Harper; Legislative Director, Rep. Chip Pickering",257,9,"GRANITE TELECOMMUNICATIONS, LLC | COMMAND POST TECHNOLOGIES, INC. | DIVERSIFIED EDUCATIONAL SYSTEMS, INC. | NATIONAL AVIATION ACADEMY | BROADWAY VENTURES, LLC | WAYNE FARMS, LLC | LEIDOS | UNITED SERVICE ORGANIZATIONS | BOZEL NORTH AMERICA, LLC | ERGON, INC. | SEEMANN COMPOSITES | UMBRA LAB, INC. | LIGADO NETWORKS | TAYLOR DEFENSE PRODUCTS, LLC | WILDER SYSTEMS | GLOBAL TRAINING INSTITUTE | EVOLUTION SPACE | POLYMET ALLOYS, INC. | CITE ARMORED | SAN JOAQUIN REFINING | MATERIALS STRUCTURES COMPOSITES | ALLEN CONTROL SYSTEMS | V2X, INC. (FORMERLY KNOWN AS VERTEX AEROSPACE) | ELTA NORTH AMERICA | ENGINEERED TRANSPORTATION INTERNATIONAL | TENAX AEROSPACE | IAC, LTD. | THINKOM SOLUTIONS, INC."
71413,BRUCE,EVANS,Staff Director Senate Committee on Appropriations; Chief of Staff Senator Thad Cochran; Staff Director Senate Committee on Energy and Natural Resources; Clerk Senate Subcmte on Interior Appropriations,255,2,"RIM SERVICES, LLC | ORSTED NORTH AMERICA, INC. | VALERO ENERGY | NUCLEAR ENERGY INSTITUTE | T-MOBILE | BUSINESS ROUNDTABLE | TALEN ENERGY | ENBRIDGE (U.S.) INC. (FORMERLY SPECTRA ENERGY) | ENTERGY SERVICES LLC | BECHTEL NATIONAL, INC. | INDEPENDENCE HYDROGEN | COX AUTOMOTIVE, INC. | ORANO USA LLC | CONSORTIUM MANAGEMENT GROUP | MP MATERIALS | WESTERMAN, INC. | S&B FAMILY OF COMPANIES | BIA-ENERGY OPERATING COMPANY LLC | FEDERATION OF ELECTRIC POWER COMPANIES OF JAPAN | ENERGY TRANSFER PARTNERS | NEXTERA ENERGY INC | ULTRA SAFE NUCLEAR CORPORATION | X-ENERGY, LLC | EDISON CHOUEST OFFSHORE | CITY OF SAN FRANCISCO (WATER AND POWER DIVISION)"
56588,JUSTIN,DALY,"SENIOR COUNSEL TO US HOUSE COMMITTEE ON FINANCIAL SERVICES; SENIOR COUNSEL TO US SENATE COMMITTEE ON BANKING, HOUSING AND URBAN AFFAIRS; SENIOR COUNSEL TO US SECURITIES AND EXCHANGE COMMISSION",254,12,"PWC US GROUP LLP (FORMERLY PRICEWATERHOUSECOOPERS LLP) | S&P GLOBAL INC (FORMERLY MCGRAW HILL FINANCIAL) | CHIME FINANCIAL, INC. | AMERICAN FREE ENTERPRISE CHAMBER OF COMMERCE | BROADRIDGE FINANCIAL SOLUTIONS, INC. | MARINER FINANCE | ROBINHOOD MARKETS, INC. | S-3 GROUP, O/B/O COUNCIL FOR INVESTOR RIGHTS AND CORPORATE ACCOUNTABILITY, INC. | THE GOLDMAN SACHS GROUP, INC. | INVESTMENT COMPANY INSTITUTE | BLACKROCK FUNDS SERVICES GROUP LLC (FKA BLACKROCK, INC.) | STATE STREET BANK AND TRUST COMPANY | DEPOSITORY TRUST & CLEARING CORPORATION | ALLY FINANCIAL | XTX MARKETS LLC (AMERICAS) | TRANSUNION LLC | TRAVELERS COMPANIES INC AND SUBSIDIARIES (WAS THE TRAVELERS COMPANIES INC"
55171,MITCH,BUTLER,CEQ AD; DOI Dep. A/S FWP; L.A. Rep. McInnis,254,23,"NATIONAL PARK FOUNDATION | AIRBORNE SNOW OBSERVATORIES, INC. | WORLD WILDLIFE FUND | BNATIONAL CONFERENCE OF STATE HISTORIC PRESERVATION OFFICERS | NATIONAL WILDLIFE FEDERATION | TEHAMA-COLUSA CANAL AUTHORITY | BONEFISH & TARPON TRUST | THEODORE ROOSEVELT CONSERVATION PARTNERSHIP | TROUT UNLIMITED | PHEASANTS FOREVER | RUFFED GROUSE SOCIETY & AMERICAN WOODCOCK SOCIETY | SITES PROJECT AUTHORITY | AMERICAN BATTLEFIELD TRUST (FKA CIVIL WAR TRUST) | SILENCER CENTRAL | NATIONAL SHOOTING SPORTS FOUNDATION | ASSOCIATION OF FISH AND WILDLIFE AGENCIES | MULE DEER FOUNDATION | JOHN NAU III | FOUNDATION FOR AMERICA'S PUBLIC LANDS | MAGPUL INDUSTRIES CORP. | DELTA WATERFOWL"
33387,MARK,MIODUSKI,Prof Staff; House Approps Cmte (Obey),253,2,"NATIONAL KIDNEY FOUNDATION | NATIONAL RURAL WATER ASSOCIATION | ASSOCIATION OF SCHOOLS AND PROGRAMS OF PUBLIC HEALTH | SAVE THE CHILDREN FEDERATION INC. | ASSOCIATION OF STATE AND TERRITORIAL HEALTH OFFICIALS | THOMAS JEFFERSON UNIVERSITY | UNIVERSITY OF CHICAGO | SAREPTA THERAPEUTICS, INC. | THE PEW CHARITABLE TRUSTS | MERCK & COMPANY | WASHINGTON STATE UNIVERSITY | BAXTER HEALTHCARE CORPORATION | CITY OF SPRINGFIELD | PFIZER | AMERICAN FOUNDATION FOR SUICIDE PREVENTION | 317 COALITION | MENTAL HEALTH AMERICA | NATIONAL ALLIANCE TO END HOMELESSNESS | AMERICAN COLLEGE OF PREVENTIVE MEDICINE | ORCHARD THERAPEUTICS NORTH AMERICA | TRAVERE THERAPEUTICS, INC. | NATIONAL ASSOCIATION OF CHRONIC DISEASE DIRECTORS | Y | JOHNSON & JOHNSON SERVICES INC | RTI INTERNATIONAL | THE TASK FORCE FOR GLOBAL HEALTH, INC. | EDWARD M. KENNEDY INSTITUTE"
146780,KIMBERLY,LINTHICUM,"Legislative Director, Representative Bob Franks; Legislative Correspondent, Representative Charles Taylor; Legislative Correspondent, Representative Bill Martini",253,1,"SIEMENS HEALTHINEERS | AVS BIO | GINKGO BIOSECURITY | MEDICAL COUNTERMEASURES COALITION | PUERTO RICO DEPARTMENT OF HEALTH | SIDECAR HEALTH | U.S. CHAMBER OF COMMERCE GLOBAL INNOVATION POLICY CENTER | FLEXCARE | THE COALITION FOR 21ST CENTURY MEDICINE | GENENTECH, INC. | PHARMACEUTICAL RESEARCH AND MANUFACTURERS OF AMERICA | PMI US CORPORATE SERVICES INC. | SOUTHWEST TRANSPLANT ALLIANCE | AMERICAN POLICY VENTURES ACTION | KALDEROS, INC. | ALEXION PHARMACEUTICALS, INC. | BIOTECHNOLOGY INNOVATION ORGANIZATION | FERRING PHARMACEUTICALS INC. | HOSPICE COMPASSUS | NETLIST, INC. | ADULT VACCINE ACCESS COALITION | NOVO NORDISK INC. | ASTELLAS PHARMA US, INC. | MUTUAL OF OMAHA | NOMI HEALTH, INC. | GILEAD SCIENCES, INC. | MYRIAD GENETICS, INC. | ELI LILLY AND COMPANY | NOVARTIS, INC. | EMD SERONO INC. | BRISTOL-MYERS SQUIBB COMPANY | ALKERMES, INC. | BAYER CORPORATION | GENMAB | JOHNSON & JOHNSON SERVICES, INC. | OTSUKA AMERICA PHARMACEUTICAL, INC. | THE ORTHOFORUM | MED CLAIMS COMPLIANCE CORPORATION | AMERICAN COLLEGE OF RADIOLOGY | BIOGEN, INC. | CEPHEID | MERCK & CO., INC. | AMERICAN SOCIETY OF NEPHROLOGY | DH DIAGNOSTICS LLC | AMERICAN MEDICAL ASSOCIATION | EXELIXIS, INC. | HEALTH SUPPLY US LLC | TAKEDA PHARMACEUTICALS AMERICA, INC. | ALNYLAM PHARMACEUTICALS, INC. | BIODESIX, INC. | TRUIST FINANCIAL CORPORATION | APOLLO GLOBAL MANAGEMENT | FOX CORPORATION | MCKESSON CORPORATION | OSRX PHARMACEUTICALS | ILLUMINA, INC."
68402,HEIDEH,SHAHMORADI,"Staff Director, Senate Transportation, Housing and Urban Development, and Related Agencies Appropriations Subcommittee",253,3,"CHARLESTON COUNTY AVIATION AUTHORITY | FORD MOTOR COMPANY | ASSOCIATION OF EQUIPMENT MANUFACTURERS | QUALCOMM INCORPORATED | BENTLEY SYSTEMS | SKINNY LABS, INC. DBA SPIN | RTX CORPORATION | AMERICAN ASSOCIATION OF AIRPORT EXECUTIVES | ATRIUM HEALTH | U.S. CHAMBER OF COMMERCE | NEXTNAV | CITY OF LUBBOCK, TEXAS ON BEHALF OF LUBBOCK PRESTON SMITH INTERNATIONAL AIRPORT | PITTSBURGH-BUTLER REGIONAL AIRPORT | GENERAL AVIATION MANUFACTURERS ASSOCIATION | AIR TRAFFIC CONTROL ASSOCIATION | AMERICAN TRUCKING ASSOCIATIONS | IONTRA | METROPOLITAN TRANSPORTATION COMMISSION | ENVIRI CORPORATION (FORMERLY HARSCO CORPORATION) | COMMERCIAL VEHICLE TRAINING ASSOCIATION | CONCRETE MASONRY AND HARDSCAPES ASSOCIATION (FORMERLY NAT'L CONCRETEMASONRYASSN) | LANCASTER AIRPORT AUTHORITY | SOUTHWEST AIRLINES | FLUOR CORPORATION | AMERICAN CEMENT ASSOCIATION (FORMERLY PORTLAND CEMENT ASSOCIATION) | 5G AUTOMOTIVE ASSOCIATION E.V."
47192,JONATHAN,MANTZ,See prior filing,252,1,"LOCKTON MANAGEMENT, LLC | OPTICA (FKA THE OPTICAL SOCIETY) | SC HEALTH SPV, LLC | RTX CORPORATION AND AFFILIATES (FKA RAYTHEON TECHNOLOGIES CORP. AND AFFILIATES) | NATIONAL SCHOOL BOARDS ASSOCIATION | CAREER EDUCATION COLLEGES AND UNIVERSITIES | COMCAST CORPORATION | COX ENTERPRISES, INC. | UPCODES | RECYCLING INFRASTRUCTURE NOW | CTIA | NEW INDY CATAWBA LLC | KOHLER CO. | POLARIS INDUSTRIES | HCBS ADVOCACY, LLC | MCCARTHY BUILDING COMPANIES, INC. | PIVOT BIO | SMART GLOVE CORPORATION SDN. BHD. | DHL EXPRESS (USA), INC. | TOPSOE A/S | QURATE RETAIL GROUP | ANCORA | EPIGENOMICS, INC. | HNTB CORPORATION | SAMSUNG ELECTRONICS AMERICA | CONSUMER ACCESS TO REPAIR (CAR) COALITION | CJ AMERICA, INC. | AMERICAN CHAMBER OF COMMERCE IN AUSTRALIA (FKA AMCHAMS OF ASIA PACIFIC) | UNIVERSITY OF WISCONSIN-MADISON | QUALCOMM INCORPORATED | WORLDVU DEVELOPMENT, LLC | EXELON BUSINESS SERVICES COMPANY LLC | BENTLEY SYSTEMS, INCORPORATED | SELECT MEDICAL CORPORATION | RIGETTI & CO., LLC | GLOBALSTAR | VERIZON COMMUNICATIONS INC | COGNIZANT TECHNOLOGY SOLUTIONS | SNAP INC. | VITOL INC. | CORE SCIENTIFIC, INC. | ECHOSTAR CORPORATION D/B/A DISH | A PLACE FOR MOM, INC. | OVERSEAS SHIPHOLDING GROUP, INC. | SPIE | CDR MAGUIRE | NUCLEAR ENERGY INSTITUTE | NCTA-THE INTERNET & TELEVISION ASSOCIATION | ROCKWELL AUTOMATION | LANDOVER SATURN 5 | AVIATOR CAPITAL MANAGEMENT, LLC | DO & CO NEW YORK CATERING, INC."
23160,DONNA,MULLINS,"CoS/Approps Staff, Rep. Frelinghuysen and Rep. Dean Gallo; CoS Senator Chiesa",251,1,"NEW JERSEY INSTITUTE OF TECHNOLOGY | DBV TECHNOLOGIES | KIDS2, LLC | I AM ALS | NATIONAL ALLIANCE ON MENTAL ILLNESS | MASS GENERAL BRIGHAM | JOHNSON AND JOHNSON SERVICES, INC. | DR. LORNA BREEN HEROES FOUNDATION | FRONTIER POLYMERS | SOUTHEASTHEALTH | MONROE COUNTY WATER AUTHORITY | ROWAN UNIVERSITY | INCLUSIVITY STRATEGIC CONSULTING | DREW UNIVERSITY | NATIONAL TROOPERS COALITION | WATER TECH CORPORATION | SUPPLY CHAIN FEDERATION | PROLOGIS, L.P. | VUZIX CORPORATION | HOPE FOR MARIAN (NPC) | STEVENS INSTITUTE OF TECHNOLOGY | ZOLL | NATIONAL FRAGILE X FOUNDATION | AVX AIRCRAFT COMPANY | HEALTHCARE INSTITUTE OF NEW JERSEY"
146909,JENNIFER,FORREST,Executive Asst. Rep. Greg Walden,251,1,"AURA SUB, LLC | RADIANT INDUSTRIES, INC. | TELEPHONE AND DATA SYSTEMS, INC. | CRUISE LLC | VISTRA CORPORATE SERVICES COMPANY | FORD MOTOR COMPANY | TIMBERHP | ELEVATE RENEWABLES F7, LLC | GULF SOUTH BUSINESS ROUNDTABLE | U.S. TIRE MANUFACTURERS ASSOCIATION | SHARDA CROPCHEM USA | HOTWIRE COMMUNICATIONS | SMITH BAGLEY, INC. | OMIDYAR NETWORK SERVICES, LLC. | LEGENCE HOLDINGS, LLC | NUCOR CORPORATION | THE ALUMINUM ASSOCIATION | DULCICH, INC. D/B/A PACIFIC SEAFOOD GROUP | RECORDING INDUSTRY ASSOCIATION OF AMERICA | UNITED STATES CELLULAR CORPORATION | GAMECHANGE ENERGY TECHNOLOGIES CORP. | KALIROY FRESH, LLC | ACA CONNECTS - AMERICA'S COMMUNICATION ASSOCIATION | DISTILLED SPIRITS COUNCIL | ENTEK TECHNOLOGY HOLDING, LLC | AMERMIN | BROADCAST MUSIC, INC. | NEXTNAV, LLC | ASML US, LLC | NEXTDECADE CORPORATION | TOPSOE, INC. | TRANE TECHNOLOGIES | CITY OF PROVO, UT | TALLGRASS ENERGY PARTNERS, LP | MINDBLOOM, INC. | MANAGED FUNDS ASSOCIATION | AMRIZE NORTH AMERICA INC. | ITC HOLDINGS CORPORATION | EVSTAR, LLC | CARBON REMOVAL ALLIANCE"
48877,ADAM,INGOLS,"Chief of Staff, US Department of Energy; Senior Advisor, US Department of Energy; Special Assistant, White House Office of Legislative Affairs; Policy Assistant, Speaker of the House Hastert",251,19,"ORSTED NORTH AMERICA, INC. | VALERO ENERGY | NUCLEAR ENERGY INSTITUTE | BUSINESS ROUNDTABLE | TALEN ENERGY | ENBRIDGE (U.S.) INC. (FORMERLY SPECTRA ENERGY) | ENTERGY SERVICES LLC | BECHTEL NATIONAL, INC. | INDEPENDENCE HYDROGEN | ISO NEW ENGLAND | COX AUTOMOTIVE, INC. | ORANO USA LLC | MP MATERIALS | WESTERMAN, INC. | S&B FAMILY OF COMPANIES | BIA-ENERGY OPERATING COMPANY LLC | FEDERATION OF ELECTRIC POWER COMPANIES OF JAPAN | ENERGY TRANSFER PARTNERS | NEXTERA ENERGY INC | ULTRA SAFE NUCLEAR CORPORATION | X-ENERGY, LLC | EDISON CHOUEST OFFSHORE | CITY OF SAN FRANCISCO (WATER AND POWER DIVISION)"
59650,DEVIN,RHINERSON,Legislative Assistant,250,5,FEDERATED INDIANS OF THE GRATON RANCHERIA | COLORADO RIVER INDIAN TRIBES | WEST LOS ANGELES VETERANS' COLLECTIVE | KCOE ISOM | NATION'S FINEST | APPLUS TECHNOLOGIES | MORONGO BAND OF MISSION INDIANS | DEKRA NORTH AMERICA | CATAWBA INDIAN NATION OF SOUTH CAROLINA | SAN DIEGO COUNTY WATER AUTHORITY | PASKENTA BAND OF NOMLAKI INDIANS | SALT RIVER PIMA MARICOPA INDIAN COMMUNITY | CA STATE ASSEMBLY | BISHOP PAIUTE TRIBE | QUAPAW NATION | DISTILLERIA SERRALLES | SANTA YNEZ BAND OF CHUMASH INDIANS | NAPA VALLEY VINTNERS ASSOCIATION | WORLDWIDE ENVIRONMENTAL PRODUCTS (WEP) | ONEIDA TRIBE OF INDIANS OF WISCONSIN | CALIFORNIA ASSOCIATION OF VETERAN SERVICE AGENCIES | COLUSA INDIAN COMMUNITY | KARUK TRIBE
148200,MICHAEL,FERENCE,Dir of Strategic Development for Majority Leader Eric Cantor,250,6,"XCEL ENERGY SERVICES, INC. | MICRON TECHNOLOGY, INC. | WILDCAT DISCOVERY TECHNOLOGIES, INC. | BLOOM ENERGY CORPORATION | CTIA THE WIRELESS ASSOCIATION | S&P GLOBAL | DUKE ENERGY CORPORATION | LIGADO NETWORKS | T-MOBILE USA, INC. | HANGAR ALPHA LLC | AMERICAN EXPLORATION & PRODUCTION COUNCIL | JPMORGAN CHASE HOLDINGS LLC | U.S. SUGAR CORPORATION | KAYRROS, INC. | KPMG LLP | PARSONS CORPORATION | BRUNSWICK CORPORATION | CUE HEALTH INC. | KOCH GOVERNMENT AFFAIRS, LLC FKA KOCH COMPANIES PUBLIC SECTOR, LLC | GENERAL MOTORS | MCKINSEY & COMPANY | COMMONWEALTH LNG | LKQ CORPORATION | OSHKOSH CORPORATION | AMERICAN COUNCIL FOR CAPITAL FORMATION | AMERICAN PETROLEUM INSTITUTE | DOORDASH"
141688,JEFF,MILLER,Former Member US Congress,248,2,"MCDERMOTT+ CONSULTING (ON BEHALF OF THE AMERICAN ACADEMY OF OPHTHALMOLOGY) | OCEANSOUND PARTNERS | SAFE PRO GROUP, INC. | CAPITOL HILL CONSULTING GROUP (ON BEHALF OF LHC GROUP) | HERENOW HELP, INC. | INTEGRITY ANALYTICS, LLC | TIKTOK INC. | SIGNATURE PERFORMANCE, INC. | UNITED HEALTHCARE SERVICES, INC. | VIZIENT, INC. | SABAN REAL ESTATE, LLC | LUKE HOLDINGS, INC. (FKA LUKE STAFFING) | PALANTIR TECHNOLOGIES, INC. | ROLLS-ROYCE NORTH AMERICA | DOUGLAS COUNTY PUD | ZEEL NETWORKS, INC. | BOOZ ALLEN HAMILTON INC. | VANDERBILT UNIVERSITY | SAS INSTITUTE INC. | BRIDGE: BUILDING RESILIENT INFRASTRUCTURE & DEVELOPING GREATER EQUITY | TECHLAUNCH ACADEMY | UPTODATE, INC. | CAN COMMUNITY HEALTH | DAIMLER TRUCK NORTH AMERICA LLC | NOVAVAX, INC. | SUPERIOR OPTICAL LABS, INC. | NIAGARA BOTTLING, LLC | CERTREE | MCDERMOTT+ CONSULTING (ON BEHALF OF ABBOTT DIABETES CARE) | CARESOURCE MISSION | INSIGHTEC, INC. | NTT DATA SERVICES FEDERAL GOVERNMENT, LLC | SUNCOKE ENERGY | BAPTIST HEALTH CARE, INC. | BIOMERIEUX, INC. | IRVING OIL LTD. | PAPER EXCELLENCE HOLDINGS CORPORATION | PUBLIX SUPER MARKETS, INC. | COLONIAL MANAGEMENT GROUP, LP | SAVANTAGE SOLUTIONS, INC. | CALIFORNIA AVOCADO COMMISSION | LIFESCIENCE LOGISTICS | ZSCALER INC."
142519,JOSEPH,MELO,"Rep. Jerry McNerney, PA",248,4,"CITY OF PALM DESERT | CITY OF MONTEREY PARK | CITY OF LA VERNE | RANCHO SANTIAGO COMMUNITY COLLEGE DISTRICT | CITY OF TRACY | YOSEMITE COMMUNITY COLLEGE DISTRICT | CITY OF ATASCADERO | CITY OF STANTON | COAST COMMUNITY COLLEGE DISTRICT | LONG BEACH COMMUNITY COLLEGE DISTRICT | CITY OF SANTA BARBARA | AVA COMMUNITY ENERGY | CITY OF MORENO VALLEY | CITY OF EMERYVILLE | CITY OF HEMET | CITY OF BERKELEY | CITY OF MISSION VIEJO | CITY OF EL MONTE | CITY OF COALINGA | CITY OF SUNNYVALE | CITY OF WESTMINSTER | CITY OF MURRIETA | CITY OF UNION CITY | ALL HOME, A PROJECT OF TIDES CENTER | CITY OF SANTA CLARA | CITY OF STOCKTON | CITY OF FULLERTON | SAN GABRIEL VALLEY COUNCIL OF GOVERNMENTS | CITY OF SAN PABLO | CITY OF TURLOCK | CARL ZEISS X-RAY MICROSCOPY, INC | CITY OF PALO ALTO | CITY OF LA MESA | CITY OF SOUTH EL MONTE | MERCED COUNTY ASSOCIATION OF GOVERNMENTS | SOUTH ORANGE COUNTY COMMUNITY COLLEGE DISTRICT | SANTA CLARITA COMMUNITY COLLEGE DISTRICT | AVANTUS"
18762,MARC,GERSON,House Ways and Means Committee Majority Tax Counsel,247,9,"AMERICAN FIDELITY CORPORATION | MT. VERNON INVESTMENTS LP | AMERICAN PROPERTY CASUALTY INSURANCE ASSOCIATION | GUSTO | NETFLIX, INC. | T-MOBILE USA | MARRIOTT INTERNATIONAL, INC. | BECHTEL CORPORATION | NEWHOUSE BROADCASTING CORPORATION | CROSSHARBOR CAPITAL PARTNERS LLC | AMERICAN STAFFING ASSN | MONEYGRAM INTERNATIONAL INC. | SEMICONDUCTOR INDUSTRY ASSOCIATION | DARDEN RESTAURANTS, INC. | NOKIA OF AMERICA CORPORATION (FORMERLY KNOWN AS ALCATEL-LUCENT USA INC.) | RAI SERVICES COMPANY | ASSURED GUARANTY LTD | HP, INC. | THE CARLYLE GROUP | AMERICAN HONDA MOTOR CO INC | GBX GROUP LLC | GARMIN INTERNATIONAL, INC. (FORMERLY REPORTED AS GARMIN LTD.) | MCDONALD'S CORPORATION | STENSON TAMADDON, LLC | HCBS ADVOCACY, LLC | ACCENTURE, LLP"
148824,CHRIS,KELLY,"Health Policy Dir., Leg. Asst., Leg. Corr., Front Office Coordinator, Staff Asst. Sen. Blackburn",246,1,"DIGNITY AND WELLNESS PATIENT SOLUTIONS, LLC | WELBEHEALTH | SWORD HEALTH | QUOTE VELOCITY | IOWA PRIMARY CARE ASSOCIATION (NATIONAL PRIMARY CARE ASSOCIATION HUB) | RADIOLOGY PARTNERS | FINDHELP | SENIOR CARE PHARMACY COALITION | NYU LANGONE HEALTH | STAMFORD HEALTH | ADVANCED MEDICAL TECHNOLOGY ASSOCIATION | MONTANA HEALTH SOLUTIONS, INC. | TRANSMEDICS | STRYKER CORPORATION | GRADY HEALTH SYSTEM | INDUCTIVEHEALTH INFORMATICS | GLAXOSMITHKLINE, INC | SHIFTKEY, LLC | U.S. ANESTHESIA PARTNERS, INC. | AKEBIA THERAPEUTICS, INC. | CENTENE CORPORATION | MATRIX MEDICAL NETWORK | OAK STREET HEALTH D/B/A CVS HEALTH | ALKERMES, INC. | ADVOCATE HEALTH | APPLIED BIOLOGICS | LUMEXA IMAGING, INC. (FKA US RADIOLOGY SPECIALISTS) | PFIZER, INC | AMERICAN SOCIETY OF GENE AND CELL THERAPY | U.S. ACUTE CARE SOLUTIONS, LLC | NATIONAL ALLIANCE FOR CARE AT HOME | SCP-HEALTH | ALLIANCE FOR REGENERATIVE MEDICINE | REAL TIME MEDICAL SYSTEMS | ACADEMY OF NUTRITION AND DIETETICS | KIDNEY CARE PARTNERS | COLORECTAL CANCER ALLIANCE | PHARMACEUTICAL RESEARCH AND MANUFACTURERS OF AMERICA | BREAKTHROUGH T1D (F/K/A JDRF) | VAXCYTE, INC. | SELLERS DORSEY | BIOTECHNOLOGY INNOVATION ORGANIZATION | WALGREEN CO. | THE CHILDREN'S HOSPITAL OF PHILADELPHIA | HELLO HEART, INC | EDWARDS LIFESCIENCES LLC | TEXAS ESSENTIAL HEALTHCARE PARTNERSHIPS | NOVARTIS | RAI SERVICES COMPANY | FEDERATION OF AMERICAN HOSPITALS"
142122,BRET,MANLEY,"Chief of Staff, Rep. Rodney Davis 19-22; Chief of Staff, Rep. Jeff Denham 17-18; Legislative Director, Rep. Jeff Denham 11-17; Financial Services Policy Advisor, Rep. Gary Miller 08-10; Legislative Correspondent, Rep. Gary Miller 07-08.",246,12,"JOBY AERO, INC. | NATIONAL FOOTBALL LEAGUE PLAYERS ASSOCIATION | THE DONOHOE COMPANIES, INC. | MARATHON PETROLEUM CORPORATION | AIR METHODS CORPORATION | GATX CORPORATION | INTERNATIONAL WAREHOUSE LOGISTICS ASSOCIATION | ENTERTAINMENT SOFTWARE ASSOCIATION | SOCIETY OF CHEMICAL MANUFACTURERS & AFFILIATES | NATIONAL BASKETBALL PLAYERS ASSOCIATION | APPLIED DIGITAL | NATIONAL HOCKEY LEAGUE PLAYERS ASSOCIATION | NCTA-THE INTERNET AND TELEVISION ASSOCIATION | NEXTEON TECHNOLOGIES | UNITED STATES TOUR OPERATORS ASSOCIATION | OFFSHORE MARINE SERVICES ASSOCIATION | ENERGY FAIR TRADE COALITION | ATOMIC MACHINES, INC. | EXCELLA CO. | GENERAL ELECTRIC COMPANY | FEDEX | MICROSOFT CORPORATION | INKIT WORLDWIDE LLC | MAJOR LEAGUE BASEBALL PLAYERS ASSOCIATION | MAJOR LEAGUE SOCCER PLAYERS ASSOCIATION | ZEROAVIA | WIRELESS INFRASTRUCTURE ASSOCIATION | NO SURPRISE BILL, LLC"
142755,CHERI,BUSTOS,2013-2023 US Senator,245,18,"MESSER FINANCIAL GROUP | THE MANITOWOC COMPANY, INC. | NATIONAL PUBLIC FINANCE GUARANTEE CORPORATION | MAXSIP TELECOM | KOREA ZINC COMPANY, LTD. | AITEO GROUP | ENERGIA NATURALIS AND PPD GROUP | KNOX COUNTY AREA PARTNERSHIP FOR ECONOMIC DEVELOPMENT | THE CHICAGO CENTER | CITY OF DECATUR | ONE EARTH SEQUESTATION LLC | ILLINOIS ALLIANCE OF BOYS AND GIRLS CLUB | ILLINOIS CORN GROWERS ASSOCIATION | GOTION, INC. | SOYBEAN GROWERS (FKA ILLINOIS SOYBEAN ASSOCIATION) | HIGHLAND COMMUNITY COLLEGE | VAULT CCS44.01 | SOLANA POLICY INSTITUTE | ILLINOIS STATE UNIVERSITY | CEDAR INNOVATION FOUNDATION | ORACLE AMERICA INC. FKA ORACLE CORPORATION | OPEN AI | NATIONAL AGRICULTURAL GENOTYPING CENTER | CORN BELT PORTS | LINEBARGER GOGGAN BLAIR & SAMPSON | RENEWABLE FUELS ASSOCIATION | CITY OF ROCK ISLAND | COUNTY OF WINNEBAGO | AMEREN SERVICE CORPORATION FKA AMEREN | CITY OF EAST MOLINE, ILLINOIS | CLEAN ENERGY BUYERS ASSOCIATION"
148710,KIERSTIN,STRADFORD-PATTERSON,"Legislative Correspondent and Systems Administration, Rep. Elijah Cummings Legislative Assistant and Systems Administration, Rep. Kweisi Mfume",244,4,"MECKLENBURG COUNTY | COUNTY OF KAUA'I | CORNERSTONE GOVERNMENT AFFAIRS OBO MARAVAI LIFESCIENCES | SOUTHEASTERN PENNSYLVANIA TRANSPORTATION AUTHORITY (SEPTA) | TRUST FOR PUBLIC LAND | CITY OF EUGENE | TUALATIN HILLS PARK AND RECREATION DISTRICT | SPRINGFIELD SCHOOL DISTRICT #19 | CITY OF SPRINGFIELD OR | LANE COUNTY OREGON | CITY OF TOLEDO, OH | SOUTH SUBURBAN MAJOR CRIMES TASK FORCE | EUGENE 4J SCHOOL DISTRICT | NATIONAL ABLE NETWORK | E-COM 9-1-1 DISPATCH CENTER | RENCO-USA, INC. | SOUTH COM | WILLAMALANE PARK & RECREATION DISTRICT | SOUTHLAND WATER AGENCY | NEW CASTLE COUNTY, DE | AREA OFFICE ON AGING OF NORTHWESTERN OHIO, INC. | TOLDEO METRO AREA COUNCIL OF GOVERNMENTS OBO TOLEDO REGIONAL ALLIANCE | METROPARKS TOLEDO | VILLAGE OF SOUTH HOLLAND, IL | TOLEDO AREA REGIONAL TRANSIT AUTHORITY (TARTA) | SOLAR UNITED NEIGHBORS ACTION | REGIONAL TRANSPORTATION AUTHORITY (RTA) | DEALOOKUP.COM, INC."
69493,GARRETT,DURST,Staff Rep. Garamendi,244,12,"ALAMEDA COUNTY FLOOD CONTROL AND WATER CONSERVATION DISTRICT, ZONE 7 | THE NATURE CONSERVANCY | NATIONAL FOREST FOUNDATION | PANO AI, INC. | MARINE BIOLOGICAL LABORATORY | BONEFISH & TARPON TRUST | TEHAMA-COLUSA CANAL AUTHORITY | ECOSYSTEM RESTORATION BUSINESS ASSOCIATION | DELTA WATERFOWL | CALIFORNIA WATERFOWL | LOS VAQUEROS RESERVOIR JPA | BINATIONAL SOFTWOOD LUMBER COUNCIL | WESTERN STATES RANCHES LLC | FEDERAL FOREST RESOURCE COALITION | SCENIC HUDSON | RESTORE AMERICA'S ESTUARIES | AIRBORNE SNOW OBSERVATORIES, INC. | SOUTH VALLEY WATER ASSOCIATION | PIKES PEAK WATERWAYS ENTERPRISE CORPORATION | IDAHO FOREST GROUP | ECOSYSTEM INVESTMENT PARTNERS | SITES PROJECT AUTHORITY | PIXLEY IRRIGATION DISTRICT | COLORADO RIVER DISTRICT | CALTROUT | MUNICIPAL WATER DISTRICT OF ORANGE COUNTY"
67244,FRANK,MCCARTHY,House Transportation Committee; Representative Sue Kelly (NY-19),243,3,"INTERNATIONAL BROTHERHOOD OF TEAMSTERS | TRANSPORT WORKERS UNION OF AMERICA AFL-CIO | AMERICAN FEDERATION OF GOVERNMENT EMPLOYEES | NATURAL PRODUCTS ASSOCIATION | SOUTHWEST AIRLINES PILOT ASSOCIATION | HUMANITY FORWARD | HEALTH ALLIANCE GROUP, INC. | NATIONAL ELECTRICAL CONTRACTORS ASSOCIATION | PBF HOLDING COMPANY LLC | THE UNITED ASSOCIATION OF PLUMBERS, FITTERS, WELDERS AND SERVICE TECHS | INTERNATIONAL ASSOCIATION OF SHEET METAL, AIR, RAIL & TRANSPORTATION WORKERS | SHEET METAL AND AIR CONDITIONING CONTRACTORS ASSOCIATION NATIONAL ASSOCIATION | KREINDLER & KREINDLER (FOR CERTAIN AMERICAN 5342 CLIENTS) | VULCAN MATERIALS COMPANY | HITT CONTRACTING, INC. | NATIONAL ASSOCIATION OF LETTER CARRIERS | NETJETS ASSOCIATION OF SHARED AIRCRAFT PILOTS | UNITED BROTHERHOOD OF CARPENTERS"
63702,PAUL,DININO,Deputy Chief of Staff Senate Member Office (Reid),243,10,"SMITH DAWSON & ANDREWS OBO CITY OF DAYTON OH | CORNERSTONE GOVERNMENT AFFAIRS OBO NEAR AIRPORT INDUSTRY TRADE ASSOCIATION | CORNERSTONE GOVERNMENT AFFAIRS OBO AMERICAN GAMING ASSOCIATION | CORNERSTONE GOVERNMENT AFFAIRS OBO CITY OF DES MOINES | WAVERLY GROUP OBO TROIKA SOLUTIONS | CORNERSTONE GOVERNMENT AFFAIRS OBO YAYASAN BERBAKTI SEMANGAT INDONESIA | CORNERSTONE GOVERNMENT AFFAIRS OBO TATE, INC. | CORNERSTONE GOVERNMENT AFFAIRS OBO KIRBY CORPORATION | CORNERSTONE GOVERNMENT AFFAIRS OBO GARMIN INTERNATIONAL, INC. | CORNERSTONE GOVERNMENT AFFAIRS OBO COMMUNITIES IN SCHOOLS | CORNERSTONE GOVERNMENT AFFAIRS OBO CIRCLE INTERNET FINANCIAL, INC. | CORNERSTONE GOVERNMENT AFFAIRS OBO THE PHOENIX | CORNERSTONE GOVERNMENT AFFAIRS OBO ID.ME, LLC | CORNERSTONE GOVERNMENT AFFAIRS OBO VETERANS GUARDIAN | CORNERSTONE GOVERNMENT AFFAIRS OBO HELIOGEN HOLDINGS, INC. | CORNERSTONE GOVERNMENT AFFAIRS OBO R4 TECHNOLOGIES, INC. | CORNERSTONE GOVERNMENT AFFAIRS OBO ADVANCED MATERIALS AND DEVICES, INC. | WAVERLY GROUP OBO NORTHWEST HARDWOODS | CORNERSTONE GOVERNMENT AFFAIRS OBO LOCUS SOLUTIONS, LLC | CORNERSTONE GOVERNMENT AFFAIRS OBO ZERO - THE END OF PROSTATE CANCER | CORNERSTONE GOVERNMENT AFFAIRS OBO CHILDHELP | CORNERSTONE GOVERNMENT AFFAIRS OBO NIKE, INC. | CORNERSTONE GOVERNMENT AFFAIRS OBO INTEGRATED ENERGY MATERIALS LLC | CORNERSTONE GOVERNMENT AFFAIRS OBO NEW MEXICO STATE UNIVERSITY | CORNERSTONE GOVERNMENT AFFAIRS OBO 3 PROTON LITHIUM INC. | CORNERSTONE GOVERNMENT AFFAIRS OBO IDAHO FOREST GROUP, LLC | MAXIMUS | CORNERSTONE GOVERNMENT AFFAIRS OBO NASCAR | CORNERSTONE GOVERNMENT AFFAIRS OBO IRIDIUM SATELLITE LLC | CORNERSTONE GOVERNMENT AFFAIRS OBO NERVGEN PHARMA CORP. | CIGAR RIGHTS OF AMERICA | CORNERSTONE GOVERNMENT AFFAIRS OBO EPIRUS, INC."
55182,JOSEPH,BARTON,LA House Member Office (Boehner),243,2,"MERLIN INTERNATIONAL, INC. | WICHITA FALLS CHAMBER OF COMMERCE OBO SHEPPARD MILITARY AFFAIRS COMMITTEE | SIERRA SPACE CORPORATION | APPLIED INTUITION, INC. | UNITED AIRLINES INC | OSHKOSH CORPORATION | NATIONAL LIMOUSINE ASSOCIATION | CRITICAL METALS CORP. | THE CATHOLIC UNIVERSITY OF AMERICA | GM DEFENSE, LLC | COVENANT AVIATION SECURITY | GLOBAL BUSINESS TRAVEL ASSOCIATION | STATE OF HAWAII DEPARTMENT OF TRANSPORTATION | ASSOCIATION FOR UNCREWED VEHICLE SYSTEMS INTERNATIONAL | EPIRUS, INC. | TATE, INC. | ULTRA FKA ULTRA ELECTRONICS - FLIGHTLINE SYSTEMS | GENERAL DYNAMICS | UNITED LAUNCH ALLIANCE | SIGMA DEFENSE SYSTEMS LLC | S2 GLOBAL, INC. | AMERICAN CRITICAL MINERALS ASSOCIATION | U.S. MERCHANT MARINE ACADEMY ALUMNI ASSOCIATION AND FOUNDATION | PRE LLC OBO S2 RAPISCAN | NEAR AIRPORT PARKING INDUSTRY TRADE ASSOCIATION (NAPITA) | STARFIGHTERS SPACE, INC. | SHIFT5, INC. | GREATER OKLAHOMA CITY CHAMBER | GOOGLE CLIENT SERVICES | JOHN BEAN TECHNOLOGIES CORPORATION | SEASATELLITES, INC. | THE BOEING COMPANY | TRUE ANOMALY, INC. | ADVANCED NAVIGATION AND POSITIONING CORPORATION | UNIVERSITY OF KENTUCKY | ZERO - THE END OF PROSTATE CANCER | SUBLIME SYSTEMS, INC."
50158,AURENE,MARTIN,"Acting Assistant Secretary - Indian Affairs, Department of Interior Senior Counsel, Senate Committee on Indian Affairs",242,8,HOOPA VALLEY TRIBE | SEMINOLE TRIBE OF FLORIDA | PIT RIVER TRIBE | RESOURCES LEGACY FUND | POKAGON BAND OF POTAWATOMI | MATCH-E-BE-NASH-SHE-WISH BAND OF POTTAWATOMI INDIANS (GUN LAKE TRIBE) | VIDEO GAMING TECHNOLOGIES | ALASKA NATIVE TRIBAL HEALTH CONSORTIUM | SHINGLE SPRINGS RANCHERIA | COW CREEK BAND OF UMPQUA TRIBE OF INDIANS | MASHANTUCKET PEQUOT TRIBAL NATION | PUEBLO OF LAGUNA | PECHANGA BAND OF LUISENO MISSION INDIANS | SAGINAW CHIPPEWA INDIAN TRIBE OF MICHIGAN | BAD RIVER BAND OF LAKE SUPERIOR TRIBE OF CHIPPEWA INDIANS | NATIONAL INDIAN GAMING ASSOCIATION | YOCHA DEHE WINTUN NATION | HARD ROCK INTERNATIONAL | NATIVE AMERICAN FINANCE OFFICER'S ASSOCIATION | DRY CREEK RANCHERIA BAND OF POMO INDIANS | TAOS PUEBLO | QUILEUTE TRIBAL NATION
141629,CHRISTOPHER,DAVIS,"Staff Assistant, Legislative Assistant, Senior Legislative Assistant, and Legislative Director - Rep. Rick Boucher (2006-2011.",242,5,"PURDUE PHARMA LLP | DAVITA INC | CLENE NANOMEDICINE | ASSOCIATION OF AMERICAN MEDICAL COLLEGES | CVS PREVIOUSLY AETNA | ATEA PHARMACEUTICALS | JOHNSON CONTROLS INTERNATIONAL | TRISALUS LIFE SCIENCES | CIGNA | CEDARS SINAI | GLOBAL MEDICAL RESPONSE | ELEVANCE HEALTH, INC | UNITED NETWORK FOR ORGAN SHARING | AMERICAN CHIROPRACTIC ASSOCIATION, INC. | BETTER MEDICARE ALLIANCE | DEROYAL INDUSTRIES, INC. | GOODRX, INC | BYHEART, INC. | COHERUS BIOSCIENCES, INC | HUMACYTE | COMMUNICATIONS EATON CORPORATION | HALEON US HOLDINGS, LLC | BAUSCH HEALTH | ONE HEALTH PARTNERS | TEVA PHARMACEUTICALS USA | ASSOCIATION FOR ACCESSIBLE MEDICINES (FORMERLY GENERIC PHARMACEUTICAL ASSOC.) | AMERICAN PODIATRIC MEDICAL ASSOCIATION | OCULAR THREPEUTIX | CHARLES RIVER LABORATORIES INTERNATIONAL, INC"
109925,DEBRA,CURTIS,"1998-2013: Legislative Director, Chief of Staff, Rep. Pete Stark; jointly Professional Staff on Committee on Ways and Means, Health Subcommittee",242,1,"CARDA HEALTH, INC. | GILLETTE CHILDREN'S SPECIALTY HEALTHCARE | 340B HEALTH | UNITY POINT HEALTH | TRINITY HEALTH | AMERICAN NETWORK OF COMMUNITY OPTIONS AND RESOURCES | HELP AT HOME | STANFORD HEALTH CARE | ASCENSION HEALTH ALLIANCE D/B/A ASCENSION | PREMISE HEALTH | THE MENTOR NETWORK | PATIENTS FOR AFFORDABLE DRUGS NOW | NATIONAL COUNCIL ON AGING | AIS HEALTHCARE | MAIMONIDES MEDICAL CENTER | HOSPICE ACTION NETWORK | AMERICA'S ESSENTIAL HOSPITALS | AMERICAN ACADEMY OF OPHTHALMOLOGY | ASSOCIATION FOR COMMUNITY AFFILIATED PLANS | NATIONAL ACADEMY OF ELDER LAW ATTORNEYS | WHOLESOME WAVE, INC. | PREVENTIVE MEDICINE RESEARCH INSTITUTE | CHILDREN'S HOSPITAL OF ALABAMA | CAMBER HEALTH | STATIONMD"
85412,ANDREW,JONES,"Legislative Counsel, U.S. Representative Ruben Hinojosa; Legislative Director and Counsel, U.S. Representative Ben Ray Lujan",242,4,"NATIONAL ASSOCIATION OF BROADCASTERS | AMERICAN KIDNEY FUND | DELOITTE LLP | BIOGEN, INC. | DAVITA, INC. | WELLS FARGO & COMPANY | QUEST DIAGNOSTICS INCORPORATED | NCTA - THE INTERNET & TELEVISION ASSOCIATION | AXON ENTERPRISE, INC. | FAIR ISAAC CORPORATION (DBA FICO) | BLOCPOWER | APPLE INC. | AMERICAN FUEL & PETROCHEMICAL MANUFACTURERS (AFPM) | AMAZON CORPORATE LLC | NATIONAL ASSOCIATION OF BUSINESS POLITICAL ACTION COMMITTEES (NABPAC) | CARGILL, INCORPORATED | INTERACTIVE ADVERTISING BUREAU | ABBVIE, INC. | ADOBE INC. | CISCO SYSTEMS, INC. | DENDREON PHARMACEUTICALS LLC | ALKERMES, INC. | BRISTOL MYERS SQUIBB COMPANY | OTSUKA AMERICA PHARMACEUTICAL INC"
148207,KRISTI,REMINGTON,"Deputy Assistant Attorney General, US Department of Justice; Senior Counsel, House Government Reform Committee",242,1,"INTEL CORPORATION | ABBOTT LABORATORIES | NETFLIX | SANDOZ INC. | AMERICAN PSYCHOLOGICAL ASSOCIATION SERVICES, INC. | RECYCLING LEADERSHIP COUNCIL | TIN CAN UNTECHNOLOGIES, INC. | META PLATFORMS, INC. (FORMERLY FACEBOOK, INC. AND VARIOUS SUBSIDIARIES) | TELGOO5 | ESSITY NORTH AMERICA INC. | COMMONWEALTH LNG | WALGREEN COMPANY | INTEGRAL AD SCIENCE | VIATRIS (MYLAN, INC) | LKQ CORPORATION | T-MOBILE USA, INC. | GOOGLE CLIENT SERVICES, LLC | AMERICAN EXPLORATION & PRODUCTION COUNCIL | EXPEDIA GROUP | BRIGHTHOUSE SERVICES LLC | DAVITA, INC. | NATIONAL INSURANCE CRIME BUREAU | INTERNATIONAL LEGAL FINANCE ASSOCIATION | NETCHOICE | EASTMAN CHEMICAL COMPANY | HEALTH INDUSTRY DISTRIBUTORS ASSOCIATION | SNCF AMERICA INC | FANDUEL GROUP | CONSUMER TECHNOLOGY ASSOCIATION | NATIONAL ELECTRICAL MANUFACTURERS ASSOCIATION | VAPOR TECHNOLOGY ASSOCIATION | LOWE'S COMPANIES INC. | REPUBLIC SERVICES, INC. | FRESENIUS KABI | PNC FINANCIAL INC. | COHESITY, INC. | MASSACHUSETTS INSTITUTE OF TECHNOLOGY | TELNYX | VIASAT, INC. | CTIA THE WIRELESS ASSOCIATION | ALLIANCE FOR SAFETY AND JUSTICE | WALMART INC. | NATIONAL FOOTBALL LEAGUE | FAMILIES AGAINST MANDATORY MINIMUMS | PRUDENTIAL FINANCIAL, INC. | GOODRX"
139131,MARTHA,ROBY,Former Member of U.S. House of Representatives,241,1,"LANCASTER COLONY CORPORATION | CITY OF AUBURN, AL | ROCKY RESEARCH | AMBIPAR HOLDING USA, INC. | MONTGOMERY AIRPORT AUTHORITY | WARRIOR MET COAL, INC. | THE GEO GROUP, INC. | DUCTILE IRON PIPE RESEARCH ASSOCIATION | BLUE WATER THINKING LLC | MONTGOMERY AREA CHAMBER OF COMMERCE | SAMSON EXTRACTS, LLC | E. A. RENFROE & COMPANY, INC. | DEFUSE TECHNOLOGIES, LLC | VITALSOURCE TECHNOLOGIES, LLC | ADCOM TECHNOLOGIES LLC | KAIROS INDUSTRIAL | UNIVERSITY OF NORTH ALABAMA | NATIONAL CEMENT COMPANY OF ALABAMA, INC. | THE CITY OF EUFAULA | KROPP HOLDINGS, INC. | CITY OF DOTHAN, AL | IMMIGRATION VOICE CORP. | PANACEA HEALTH CORPORATION | BASTCORE, INC. | RON GROUP, LLC, D/B/A BLUE SKY SPECIALTY PHARMACY | THE WATER WORKS AND SEWER BOARD OF THE CITY OF GREENVILLE | THE CONAFAY GROUP (FOR ANTIMICROBIALS WORKING GROUP) | DIALYSIS CLINIC, INC. | ENVIVA INC."
62229,ROBERT,LEHMAN,CoS Portman 11-15; CoS OMB 06-07; CoS USTR 05-06; CoS Rep Portman 03-05; CoS Rep Combest 93-03; LD/LA Rep Combest; Lobby Spec. House Clerk 88-89,241,17,"KIA CORPORATION (FORMERLY KNOWN AS KIA MOTORS CORPORATION) | BIOLAB | BEER INSTITUTE | GLENCORE INTERNATIONAL AG | ALDEN TORCH FINANCIAL LLC | WALGREEN CO. | 3M COMPANY | INFOBLOX | INTUIT, INC. AND AFFILIATES (FORMERLY INTUIT INC.) | VMWARE, INC. | TWIN METALS MINNESOTA LLC | AMERICAN SOCIETY OF MECHANICAL ENGINEERS | NATIONAL GROCERS ASSOCIATION | NEPHRON NITRILE, LLC | CARBEK INC. | SINCLAIR BROADCAST GROUP | CLARK CONSTRUCTION GROUP, LLC | STEPHEN P. LYNCH | ELECTROLUX NORTH AMERICA | AMERICAN FINANCIAL GROUP, INC. | SIERRA PACIFIC INDUSTRIES | THE KRAFT HEINZ COMPANY | CITIZENS FOR RESPONSIBLE ENERGY SOLUTIONS | ETSY, INC. | OWENS CORNING CORPORATION | BRAMBLES (PREVIOUSLY REPORTED AS BRAMBLES LIMITED)"
105627,JULIE,LASSETER,"Former Congressional Aide (U.S. House, U.S. Senate), Former Schedule C (DOD)",240,18,BIPARTISAN COMMISSION ON BIODEFENSE | TRANSCEND ENGINEERING | AFLAC | GINKGO BIOWORKS | MARATHON TARGETS | CLEARSPEED | GENE CAPTURE | PTS EXPEDITIONARY COMMUNICATIONS | SMOOTH STONE | CAPTURA BIOPHARMA | WSR INSURANCE SERVICES | RECCE PHARMACEUTICALS | ARTESION INC | KDF ENTERPRISES LLC | LIVE OAK BANKING COMAPNY | MERIDIAN MEDICAL TECHNOLOGIES | SHUNNARAH VAIL | SIREN CARE INC | INVARIANT CORPORATION | CONEXON LLC | FRESHAIR SENSORS | LOVELL GOVERNMENT SERVICES | ELUSYS THERAPUTICS | HUDSONALPHA | ASTERES | YULISTA INTEGRATED SOLUTIONS LLC | TRADEVERIFYD (FKA MESUR.IO)
60021,TODD,HARMER,LA to Sen Chambliss,240,2,"LEOLABS, INC. | HADRIAN AUTOMATION | ZONE 5 TECHNOLOGIES | NAMMO, INC. | LEONARDO ELECTRONICS US INC. | RED SIX AEROSPACE INC. | SYSTECON NORTH AMERICA | STRATOLAUNCH, LLC | KRATOS DEFENSE & SECURITY SOLUTION, INC. | RAYTHEON TECHNOLOGIES CORPORATION | SPACEX | IPERFORMX | CESIUMASTRO, INC. | LEIDOS | CURTISS-WRIGHT CORPORATION | CLEARVIEW AI | FLORIDA INSTITUTE OF TECHNOLOGY | L3 HARRIS (FORMERLY L-3 TECHNOLOGIES) | INTRINSIC ENTERPRISES INC. | GENERAL DYNAMICS | LYTEN, INC. | TOP ACES CORP. | ACCENTURE FEDERAL SERVICES LLC | PCP-TACTICAL LLC AND GORILLA AMMUNITION COMPANY | EPIRUS, INC. | TEXTRON INC. | ARCO DB COMPANIES, INC. | C-SPEED, LLC | HUNT COMPANIES, INC. | SPIRIT AEROSYSTEMS, INC. | ZULU PODS, INC. | ATLAS DEVICES | HAVN WEAR | IMPULSE SPACE | SAP AMERICA, INC. | K2 SPACE CORPORATION | ENIGMA AEROSPACE | GENERAL ATOMICS | VARDA SPACE INDUSTRIES, INC."
70972,JUSTIN,BROWER,"MLA, Rep. Dutch Ruppersberger",239,12,"DEEPSIG INC. | HASHICORP | KLAS GOVERNMENT, INC. | US ORDNANCE | TAQTILE | ACALVIO TECHNOLOGIES | VARONIS PUBLIC SECTOR LLC | LYNX SOFTWARE TECHNOLOGIES | TANIUM INC. | RS TECHNOLOGIES INC. | ARMAMENTS RESEARCH COMPANY | ROLLS-ROYCE NORTH AMERICA | TOMAHAWK ROBOTICS | AMERICAN RHEINMETALL SYSTEMS, LLC | MAGPUL INDUSTRIES CORPORATION, INC. | PRIVATE TECH, INC. | EUTELSAT AMERICA CORP. | OSHKOSH CORPORATION | SHIFT5 | CHARTER COMMUNICATIONS INC. | PLASAN NORTH AMERICA | RAFT LLC | SCOLA | KODIAK ROBOTICS | ZSCALER, INC. AND AFFILIATES | CARAHSOFT TECHNOLOGY CORPORATION ON BEHALF OF ZSCALER (CARAHSOFT TECH CORP) | ADYTON PBC | SHIELD AI | CACI INTERNATIONAL INC. | RTX CORPORATION AND AFFILIATES (FKA RAYTHEON TECHNOLOGIES CORPORATION AND AFFIL | PRIMERAI | METALS AFFORDABILITY INITIATIVE ASSOCIATION | MILLENNIUM CORPORATION | EXPRESSION NETWORKS, LLC"
72960,SCOTT,DZIENGELSKI,"Rep. Murphy (PA-18): Leg. Dir. (2015-2017), Sr. Leg. Asst. (2013-2015), Leg. Asst.(2012-2013), Leg. Corr. (2011-2012), Staff Asst.(2010-2011); Energy and Commerce Committee: Staff (2015-2017)",238,21,"COMPUTER & COMMUNICATIONS INDUSTRY ASSOCIATION | SOLACE HEALTH | GE HEALTHCARE PHARMACEUTICAL DIAGNOSTICS | ST. PETERSBURG COLLEGE FOUNDATION, INC. | GREATER BALTIMORE COMMITTEE | FLAGLER COLLEGE | MOLECULIGHT CORPORATION | HINGE HEALTH | MARC COALITION | MEDICARE ACCESS TO SKIN SUBSTITUTES COALITION (MASS COALITION) (INFORMAL) | PRELUDEDX | ACADIA HEALTHCARE | ATARA BIOTHERAPEUTICS, INC. | PHOTOCURE, INC. | SWARTHMORE COLLEGE | AMARIN PHARMA, INC. | EXAMWORKS | ADVENTIST HEALTHCARE | POINTCLICKCARE TECHNOLOGIES, INC. | TAURX PHARMACEUTICALS LTD | KIDNEY TRANSPLANT COLLABORATIVE | VOICES OF ALZHEIMER'S, INC. | UNITED CDPAP, INC. | SENIOR CARE PHARMACY COALITION | MULTICARE HEALTH SYSTEM | ACERA SURGICAL, INC. | ASSOCIATION OF CLAIMS PROFESSIONALS (FORMERLY AAICP) | KANEKA PHARMA AMERICA, LLC | SUMITOMO PHARMA AMERICA (FORMERLY SUNOVION PHARMACEUTICALS, INC.)"
66235,CHRISTOPHER,SARLEY,"Policy Coordinator, House Energy & Commerce Committee; Policy Director, Sr Legis Asst, House Member Office (Shimkus); Sr Legis Asst, Legislative Assistant, Legislative Correspondent, Staff Assistant, House Member Office (Hastert)",238,1,"NELSON ENERGY, LLC | SIRIUSIQ OBO CLX HEALTH, LLC | THE PEW CHARITABLE TRUSTS | ENVIRI CORPORATION FKA HARSCO CORPORATION | NORSK HYDRO USA, LLC | MAINSPRING ENERGY INC | XLIGHT INC. | LOCUS SOLUTIONS, LLC | IHEARTMEDIA, INC. | AVANGRID MANAGEMENT COMPANY, LLC | NATIONAL KIDNEY FOUNDATION | SAN JACINTO RIVER AUTHORITY | VALERO SERVICES, INC. | SOCIETY OF INDEPENDENT GASOLINE MARKETERS OF AMERICA | RINNAI AMERICA CORPORATION | WESTERN ENVIRONMENTAL LAW CENTER | CASTLEROCK GREEN ENERGY, LLC | R4 TECHNOLOGIES, INC. | APPLIED INTUITION, INC. | GARMIN INTERNATIONAL, INC. | ARCONIC CORPORATION | THE MICHAEL J. FOX FOUNDATION FOR PARKINSON'S RESEARCH | ENERGY CAPITAL VIETNAM | AMERICAN PORTABLE DIAGNOSTICS ASSOCIATION | NATIONAL ASSOCIATION OF TRUCK STOP OPERATORS | ZERO - THE END OF PROSTATE CANCER | GOOGLE CLIENT SERVICES | URBIX, INC. | AMERICAN SOCIETY FOR RADIATION ONCOLOGY | THE ALUMINUM ASSOCIATION | AMERICAN CLEAN POWER ASSOCIATION | EXXONMOBIL | HOOVER CIRCULAR SOLUTIONS | HEALTH CARE ALLIANCE FOR PATIENT SAFETY | AMERICAN CRITICAL MINERALS ASSOCIATION | STUDENT FREEDOM INITIATIVE | AMERICAN VETERINARY MEDICAL ASSOCIATION | MENTAL HEALTH AMERICA | ELANCO ANIMAL HEALTH"
61665,JAMES,KOLB,"Staff Director for the House Highway and Transit Subcommittee from 2007-2014. Director of Congressional Affairs, U.S. Department of Transportation- 1998-2001.",238,8,"QUIKRETE (FKA U.S. PIPE) | OWNER-OPERATORS INDEPENDENT DRIVERS ASSOCIATION | WASHINGTON STATE DEPARTMENT OF TRANSPORTATION | NATIONAL UTILITY CONTRACTORS ASSOCIATION (NUCA) | AUTODESK, INC | TEXAS CENTRAL PARTNERS | DAUPHIN COUNTY, PA | HOOD RIVER-WHITE SALMON BRIDGE AUTHORITY | SULLIVAN STRATEGIES LLC ON BEHALF OF US TRAVEL ASSOCIATION (FORMERLY KNOWN AS S) | NORFOLK SOUTHERN | THE DOERRER GROUP ON BEHALF OF UBER TECHNOLOGIES, INC. | PROFESSIONAL ENGINEERS IN CALIFORNIA GOVERNMENT | FAIRMOUNT PARK CONSERVANCY | NATIONAL ASSOCIATION OF DEVELOPMENT ORGANIZATIONS | AMERICAN CONCRETE PIPE ASSOCIATION | WILLAMETTE INTERMODAL GROUP (FKA OREGON SHIPPING GROUP) | THE ASSOCIATION OF UNION CONSTRUCTORS | METROPOLITAN TRANSPORTATION COMMISSION | TRI-COUNTY METROPOLITAN TRANSPORTATION DISTRICT OF OREGON (TRIMET) | PORT OF HOOD RIVER, OREGON | RAILS TO TRAILS CONSERVANCY | CHARLES & POTOMAC CAPITAL LLC"
145299,KENDRA,ISAACSON,"Pensions Policy Director and Senior Tax Counsel, Sen. Patty Murray",238,1,"SUN LIFE FINANCIAL (U.S.) SERVICES COMPANY INC. | WILLIS NORTH AMERICA INC. | VESTWELL HOLDINGS, INC | STATE FARM INSURANCE COMPANIES | INVESCO LTD | PROTECTIVE LIFE CORPORATION | PAYCHEX, INC. | TIAA | ALLSTATE INSURANCE COMPANY | NATIONWIDE INSURANCE | METROPOLITAN LIFE INSURANCE COMPANY | AFLAC, INC. | THE ESOP ASSOCIATION (TEA) | THE NORTHWESTERN MUTUAL LIFE INSURANCE COMPANY | STABLE VALUE INVESTMENT ASSOCIATION (SVIA) | BETTERMENT LLC | CERTIFIED FINANCIAL PLANNER BOARD OF STANDARDS, INC. | NEW YORK LIFE INSURANCE COMPANY | LPL FINANCIAL LLC | PONTERA, INC. | PRUDENTIAL FINANCIAL, INC. | INVESTMENT ADVISER ASSOCIATION (IAA) | UNITED SERVICES AUTOMOBILE ASSOCIATION (USAA) | INSTITUTE FOR PORTFOLIO ALTERNATIVES (IPA) | INSURANCE STABILIZATION COALITION | NATIONAL COORDINATING COMMITTEE FOR MULTIEMPLOYER PLANS (NCCMP) | EQUITABLE"
140174,KIRA,FLAHERTY,Legislative Consultant,238,2,"NATIONAL COUNCIL FOR DIVERSITY IN HEALTH PROFESSIONS | ACCESSIA HEALTH (FORMERLY PATIENT SERVICES INCORPORATED) | ASSOCIATION OF MINORITY HEALTH PROFESSIONS SCHOOLS | COALITION FOR CLINICAL & TRANSLATIONAL SCIENCE (FORMERLY JOINT ADVOCACY COALIT.) | AMERICAN THORACIC SOCIETY | SLEEP RESEARCH SOCIETY | NEPHURE | NATIONAL AHEC ORGANIZATION | PREVENT BLINDNESS | ST GEORGE'S UNIVERSITY SCHOOL OF MEDICINE | NUTRITION & MED. FOODS COALITION (FORMERLY ENTERA HEALTH, INC.) | TUSKEGEE UNIVERSITY COLLEGE OF VETERINARY MEDICINE | MOREHOUSE SCHOOL OF MEDICINE | UNIVERSITY OF ST AUGUSTINE FOR HEALTH SCIENCES | AMERICAN ASSOCIATION OF NEUROMUSCULAR & ELECTRODIAGNOSTIC MEDICINE | ORASURE TECHNOLOGIES INC | CHOOSE HEALTHY LIFE | PF CARRUS CAREERS, LLC | FOUNDATION FOR SARCOIDOSIS RESEARCH | CAIPHI, INC"
70135,RODNEY,WHITLOCK,"2011-2015: Health Policy Director, Sen. Chuck Grassley; 2005-2010: Health Policy Advisor, Senate Finance Committee; 2003-2005: Legislative Director, Rep. Charlie Norwood; 1997-2002: Legislative Assistant, Rep. Charlie Norwood",236,1,"ASCENSION HEALTH ALLIANCE D/B/A ASCENSION | PREMISE HEALTH | STATIONMD | PREVENTIVE MEDICINE RESEARCH INSTITUTE | UNITED STATES MEDICAL COMPRESSION ALLIANCE | HOSPICE ACTION NETWORK | CHILDREN'S HOSPITAL OF ALABAMA | CAMBER HEALTH | CARDA HEALTH, INC. | AMERICA'S ESSENTIAL HOSPITALS | CAMPAIGN FOR SUSTAINABLE DRUG PRICING | AMERICAN ACADEMY OF OPHTHALMOLOGY | THE MENTOR NETWORK | PATIENTS FOR AFFORDABLE DRUGS NOW | NATIONAL COUNCIL ON AGING | CONNECTIONS HEALTH SOLUTIONS | AMERICAN NETWORK OF COMMUNITY OPTIONS AND RESOURCES | MAIMONIDES MEDICAL CENTER | ASSOCIATION FOR COMMUNITY AFFILIATED PLANS | NATIONAL ACADEMY OF ELDER LAW ATTORNEYS | UNITY POINT HEALTH | TRINITY HEALTH | HELP AT HOME | 340B HEALTH | VUEPOINT DIAGNOSTICS"
141958,SARAH,VENUTO,"Senior Advisor (Manchin); Counsel, Comm Energy & Natural Resources Chief Counsel; Chief Counsel (Manchin); Staff Director, Comm on Energy & Natural Resources; Director, Office of External Affairs, Federal Energy Regulatory Commission",235,14,"PSIQUANTUM | GINKGO BIOWORKS, INC. | RCF MANAGEMENT L.L.C. | CENTERPOINT ENERGY, INC. | AMERICAN WOOD COUNCIL | NELSON ENERGY, LLC | CRITICAL METALS CORP. | FERVO ENERGY COMPANY | PLAYGROUND GLOBAL, LLC | FUND FOR A BETTER FUTURE, INC. | VANTAGE DATA CENTERS MANAGEMENT COMPANY, LLC | W&T OFFSHORE, INC. | AMERICAN CRITICAL MINERALS ASSOCIATION | EXXONMOBIL | HOOVER CIRCULAR SOLUTIONS | AMPERE COMPUTING LLC | MMR GROUP, INC. | MAINSPRING ENERGY INC | XLIGHT INC. | ICF INTERNATIONAL INC. | 3 PROTON LITHIUM INC. | AMERICAN CLEAN POWER ASSOCIATION | TACTICAL RESOURCES, CORP. | SUBLIME SYSTEMS, INC. | NATIONAL ASSOCIATION OF TRUCK STOP OPERATORS | SHIFT5, INC. | ENERGY CAPITAL VIETNAM | GREATER OKLAHOMA CITY CHAMBER | MARSHALL UNIVERSITY RESEARCH CORP. | GOOGLE CLIENT SERVICES | ARCONIC CORPORATION | LILA SCIENCES, INC. | AGILITAS ENERGY INC. | STATE OF HAWAII DEPARTMENT OF ENERGY | SOCIETY OF INDEPENDENT GASOLINE MARKETERS OF AMERICA | RINNAI AMERICA CORPORATION | LYTEN, INC. | PHILLIPS 66 COMPANY | ASSOCIATED UNIVERSITIES, INC. | GENERAC POWER SYSTEMS, INC. | AVANGRID MANAGEMENT COMPANY, LLC | EAGLE ENERGY METALS CORP."
73053,JORDON,SIMS,"Defense Fellow, Chief of Staff; Rep. Kay Granger",235,3,"AUTONOMOUS CYBER | ANOMALI | QUINTESSENCE MARINE OBO INVERSA LEATHERS | SEEQC, INC | MANUFACTURED HOUSING INSTITUTE | AXONIUS | NETWORK PERCEPTION | INSANE CYBER | 9 MOTHERS DEFENSE | GALVANICK | CRUNCHATLAS | BLUESCAPE | INDUSTRIAL DEFENDER, LLC | VIRSEC | COHESITY | DEREK WEBB LLC OBO THE CAMPAIGN FOR FAIRER GAMBLING | COBALT INSTITUTE | THE COCA COLA COMPANY | TANIUM | BUTTERFLY NETWORK | INTRUSION | NEURABLE | PACIFIC LIGHT & HOLOGRAM | INFLEQTION | WALKME | CARAHSOFT ON BEHALF OF ELASTIC | HYPERSCIENCE | TAQTILE"
107209,STEPHEN,BORG,"Legislative Correspondent, Legislative Assistant, Legislative Director, Deputy Chief of Staff, Chief of Staff - Representative Timothy V. Johnson",235,7,"ENTERPRISE COMMUNICATIONS ADVOCACY COALITION | PIKE | ACCUITY | COMMUNITY RESTORATION ALLIANCE | SELLER FINANCE COALITION (SFC) | BRIAN GLACKIN & ASSOCIATES LLC ON BEHALF OF EMPIRICAL SYSTEMS AEROSPACE, INC. | PLASTICS INDUSTRY ASSOCIATION | MASON CONTRACTORS ASSOCIATION OF AMERICA | SANDBOXX, INC. | NVIDIA | BRICK INDUSTRY ASSOCIATION | AMERICAN CATALOG MAILERS ASSOCIATION | AMERICAS STYRENICS | ROWND | ARRL, THE NATIONAL TRADE ASSOCIATION FOR AMATEUR RADIO | THE DOCTORS COMPANY | INFINITY FLIGHT GROUP | FLIGHT SCHOOL ASSOCIATION OF NORTH AMERICA | NATIONAL REAL ESTATE INVESTORS ASSOCIATION | ARTHUR J. GALLAGHER & CO. | EMPIRICAL SYSTEMS AEROSPACE, INC. | VITA INCLINATA TECHNOLOGIES, INC. | INTERNATIONAL ASSOCIATION OF FIREFIGHTERS | RELX INC. | GRAFTECH INTERNATIONAL LTD. | GRID RASTER INC. | STI/SPFA | BLACKBERRY CORP."
14682,SUSAN,HIRSCHMANN,"COS, Rep. Van Hilleary and Majority Whip Tom DeLay",235,3,"GLOBAL DOWN SYNDROME FOUNDATION | LIFESCIENCE LOGISTICS | THE INTERNET & TELEVISION ASSN (FORMERLY NTL CABLE & TELECOMMUNICATIONS ASSN) | BUHLER QUALITY YARNS CORPORATION | HAMILTON SHIRTS, LTD. | MAUS & HOFFMAN | SOUTHWESTERN COMPANY | US GUATEMALA BUSINESS COUNCIL | TE CONNECTIVITY, INC. | AMERICAN COUNCIL OF LIFE INSURERS | CMBRC SERVICES, LLC | EXIGER | AMERICA'S PUBLIC TELEVISION STATIONS | HUVEPHARMA | JOSEPH ABBOUD MANUFACTURING CORP (FKA J.A. APPAREL CORP) | ELI LILLY & COMPANY | THE UNIVERSITY OF MONTEVALLO | BUSINESS ROUNDTABLE | WISCONSIN PHYSICIANS SERVICE INSURANCE CORPORATION (DBA WPS HEALTH SOLUTIONS) | U.S. HEMP ROUNDTABLE | THE VANGUARD GROUP, INC. | TOM JAMES COMPANY | PFIZER | NATIONAL CENTER FOR DEFENSE MANUFACTURING AND MACHINING | ONMED, LLC | VISA | RIPPLE LABS, INC. | GCOM SOFTWARE LLC D/B/A VOYATEK | SUPIMA | ORGANON | PAULSON & CO. INC. | INVEST IN EDUCATION COALITION | IRHYTHM TECHNOLOGIES | SANOFI, U.S. | BRISTOL-MYERS SQUIBB COMPANY | KANSAS STATE UNIVERSITY | AMERICAN PROPERTY CASUALTY INSURANCE ASSOCIATION | CONSUMER BRANDS ASSOCIATION | AMGEN, INC. | ADVANCED MEDICAL TECHNOLOGY ASSOCIATION (ADVAMED) | NEW ENGLAND SHIRT CO | RIVER REGION PSYCHIATRY ASSOCIATES | MITRA FUTURE TECHNOLOGIES, INC. | THE IMMIGRATION HUB | SYNEOS HEALTH, INC. | FORD MOTOR COMPANY | ARGENTUM MEDICAL | HARDWICK CLOTHES | AMERICAN ACADEMY OF EMERGENCY MEDICINE (AAEM) | OWENS & MINOR, INC. | PHRMA | BLOOM ENERGY | AMERICAN AIRLINES, INC. | CITY OF ANNISTON, ALABAMA | HILLSDALE COLLEGE | ACCESS TO HEALTH FOUNDATION | AMERICAN CANCER SOCIETY ACTION NETWORK, INC. | YOTTA TECHNOLOGIES | COMCAST CORPORATION | HICKEY FREEMAN TAILORED CLOTHING, INC | MERCK & CO INC | NOVO NORDISK INC. | ZOETIS | GRAIL, LLC | AFFORDABLE HOUSING TAX CREDIT COALITION | W DIAMOND GROUP CORPORATION | BEONE MEDICINES ( FORMERLY KNOWN AS BEIGENE USA, INC.) | JPMORGAN CHASE HOLDINGS, LLC | ABBVIE, INC. | NOVOCURE INC. | COLORADO NONPROFIT DEVELOPMENT CENTER ON BEHALF OF ONE CHANCE TO GROW UP | STANLEY BLACK & DECKER INC | FIBER INDUSTRIES LLC (DBA DARLING FIBERS) | IPI ACTION FUND | EPC POWER | CUBE YADKIN GENERATION, LLC | RAI SERVICES COMPANY | CITY OF CLANTON, ALABAMA | MIOTAL | SIGNIFY HEALTH | UNISON SOFTWARE, INC. | COALITION FOR A 21ST CENTURY POSTAL SERVICE | NORFOLK SOUTHERN CORPORATION | NEWS MEDIA ALLIANCE | BAYER CORPORATION | LIBERTY UNIVERSITY | CENTENE CORPORATION | I SQUARED CAPITAL ADVISORS (US) LLC | ISLAND CAPITAL PARTNERS, LTD | COUPANG, INC. | BIOBOT ANALYTICS | ELEVANCE HEALTH, INC. (FORMERLY REPORTED AS ANTHEM, INC.) | POARCH BAND OF CREEK INDIANS | SOLVD HEALTH | NATIONAL ASSN OF STATE TREASURERS (NAST) | VICTORY LANE AVIATION | ROCHESTER TAILORED CLOTHING, INC. | RAYNER | CITY OF GADSDEN, ALABAMA | DR. EMIL KAKKIS | RADIANCE TECHNOLOGIES, INC. | DAVIDSON INSTITUTE FOR TALENT DEVELOPMENT"
121734,ASHLEE,JOHNSON,"Staff Assistant, Rep. Mike Ross; Executive Assistant, Senate Committee on Agriculture, Nutrition, and Forestry; Legislative Analyst, White House Liaison, Chief of Staff to Deputy Secretary, USDA; Policy Assistant, Domestic Policy Council",235,7,"GROWTH ENERGY | UPL NA, INC. | CENTRAL VALLEY SALINITY COALITION, INC. | LAND O'LAKES INC | NEW AGE MEATS | PERFECT DAY INC | COMPEER FINANCIAL | CALIFORNIA RICE COMMISSION | ZOETIS | UNITED NATURAL FOODS, INC. | THE GOOD FOOD INSTITUTE, INC. | INDIGO AGRICULTURE, INC. | NATIONAL MILK PRODUCERS FEDERATION | FOOD AND AGRICULTURE CLIMATE ALLIANCE | ALLTECH, INC. | WHOLESTONE PRESTAGE LLC (FORMERLY KNOW AS WHOLESTONE FARMS) | ALTRIA CLIENT SERVICES LLC | BAYER CORPORATION | CSC SUGAR, LLC | TONNIES LEBENSMITTEL GMBH & CO. KG | CARBON AUTONOMOUS ROBOTICS SYSTEMS | PEPSICO | FOOD SOLUTIONS ACTION | CME GROUP, INC. | CARGILL INC | NUTRIEN US LLC (FORMERLY KNOWN AS AGRIUM U.S. INC.) (A NUTRIEN LTD SUBSIDIARY) | NEOGEN CORPORATION | MCCAIN FOODS USA, INC. | SAS INSTITUTE, INC. | MUSKET CORPORATION | NATIONAL GRAIN AND FEED ASSOCIATION | GOLD STAR FOODS | KRAFT HEINZ COMPANY"
139788,SUSAN,BUTLER,COS to Rep Chip Pickering; LA to Sen. Trent Lott,234,9,"MATERIALS STRUCTURES COMPOSITES | ALLEN CONTROL SYSTEMS | SANDERSON FARMS, INC. | SEEMANN COMPOSITES | UMBRA LAB, INC. | COMMAND POST TECHNOLOGIES, INC. | DIVERSIFIED EDUCATIONAL SYSTEMS, INC. | NATIONAL AVIATION ACADEMY | SAN JOAQUIN REFINING | WAYNE FARMS, LLC | BROADWAY VENTURES, LLC | V2X, INC. (FORMERLY KNOWN AS VERTEX AEROSPACE) | ELTA NORTH AMERICA | ENGINEERED TRANSPORTATION INTERNATIONAL | TENAX AEROSPACE | IAC, LTD. | THINKOM SOLUTIONS, INC. | UNITED SERVICE ORGANIZATIONS | LEIDOS | BOZEL NORTH AMERICA, LLC | ERGON, INC. | GRANITE TELECOMMUNICATIONS, LLC | GLOBAL TRAINING INSTITUTE | EVOLUTION SPACE | POLYMET ALLOYS, INC. | LIGADO NETWORKS | TAYLOR DEFENSE PRODUCTS, LLC | CITE ARMORED"
47432,TIMOTHY,YEHL,Congressman Frank Pallone; Senator Frank Lautenberg,233,6,"AMERICAN ACADEMY OF HOSPICE AND PALLIATIVE CARE | LIFENET HEALTH | VITAS HEALTHCARE CORPORATION | NEW JERSEY SHARING NETWORK | AMERICAN SOCIETY OF PLASTIC SURGERY | AMERICAN ASSOCIATION OF TISSUE BANKS | COALITION OF STATE RHEUMATOLOGY ORGANIZATIONS | CORNING, INC. | JOHNSON & JOHNSON SERVICES INC | AMERICAN COLLEGE OF SURGEONS | PHARMACEUTICAL RESEARCH MANUFACTURERS OF AMERICA | INFECTIOUS DISEASE SOCIETY OF AMERICA | TOBII-DYNAVOX | ALLIANCE OF SPECIALTY MEDICINE | AMERICAN GASTROENTEROLOGICAL ASSOCIATION | AMERICAN ACADEMY OF ORTHOPAEDIC SURGEONS"
1699,JASON,SCHENDLE,"Legislative Counsel, Sen. Mary Landrieu",232,2,"BLUE SKY INFRASTRUCTURE, LLC | RADIANT INDUSTRIES, INC. | LA-1 COALITION | ORIGIN MATERIALS | ACORN CONSULTING OBO SHELL USA INC. | ELEVATE RENEWABLES F7, LLC | THE SUSTAINABLE AVIATION FUEL COALITION | GULF SOUTH BUSINESS ROUNDTABLE | REMORA | SIEMENS CORPORATION | INDEPENDENT PETROLEUM ASSOCIATION OF AMERICA | XCF GLOBAL CAPITAL, INC. | U.S. TIRE MANUFACTURERS ASSOCIATION | SHARDA CROPCHEM USA | PERMIAN RESOURCES CORPORATION | SIEMENS ENERGY | BNSF RAILWAY COMPANY | ARRAY TECH, INC. | LYFT | LEGENCE HOLDINGS, LLC | NUCOR CORPORATION | THE ALUMINUM ASSOCIATION | DULCICH, INC. D/B/A PACIFIC SEAFOOD GROUP | SOLUGEN | GAMECHANGE ENERGY TECHNOLOGIES CORP. | EQUINOR US OPERATIONS LLC | NISOURCE INC. | ENTEK TECHNOLOGY HOLDING, LLC | AMERMIN | MURPHY OIL CORPORATION | NATURAL GAS SUPPLY ASSN | DUKE ENERGY | NEXTDECADE CORPORATION | TRANE TECHNOLOGIES | TOPSOE, INC. | ITC HOLDINGS CORPORATION | TALLGRASS ENERGY PARTNERS, LP | AMRIZE NORTH AMERICA INC. | AMERICAN FLOOD COALITION ACTION INC | ATMOS ENERGY CORPORATION | EVSTAR, LLC | AWS PUBLIC POLICY, AMERICAS | CARBON REMOVAL ALLIANCE"
63570,GEORGE,MCELWEE,"Chief of Staff, Rep Charlie Dent",232,2,"NATIONAL TECHNOLOGY SECURITY COALITION | RAVN | VOLVO GROUP NORTH AMERICA | SECOND FRONT SYSTEMS | SHIPT | THE LANDLINE COMPANY | AMERICAN COUNCIL OF ENGINEERING COMPANIES | PEOPLE FOR THE ETHICAL TREATMENT OF ANIMALS (PETA) | CITY OF ABERDEEN, MARYLAND | ATOMOS SPACE | CHURCHILL MORTGAGE | LENDMARK FINANCIAL SERVICES | GRANITE CONSTRUCTION INCORPORATED (FORMERLY GRANITE CONSTRUCTION COMPANY) | OPPORTUNITY ZONE ASSOCIATION OF AMERICA | CYWARE | AMERICAN ASSOCIATION OF SUICIDOLOGY | COMMONWEALTH OF PENNSYLVANIA | MARQUE VENTURES | PENNSYLVANIA ASSISTED LIVING ASSOCIATION (PALA) | IONIC SECURITY | ASSOCIATION OF PROFESSIONAL PIPELINE SURVEYORS (APPS) | SALUTE HOME LOANS | AIRCRAFT MECHANICS FRATERNAL ASSOCIATION | POWER ENGINEERS, INC. | INVEST IN UNITED STATES OF AMERICA (IIUSA) | GREYSTAR | FIVE FORKS"
113477,KATIE,HAZLETT,"U.S. Department of Energy Office of Congressional and Intergovernmental Affairs: Principal Deputy Assistant Secretary; House Member Office: Rodney Frelinghuysen: Chief of Staff (2017-2019), Deputy CofS (2014-2017), LD (2011-2014), LA (2006-2011)",232,1,"PENNSYLVANIA ASSISTED LIVING ASSOCIATION (PALA) | AMERICAN ASSOCIATION OF SUICIDOLOGY | COMMONWEALTH OF PENNSYLVANIA | OPPORTUNITY ZONE ASSOCIATION OF AMERICA | CYWARE | AIRCRAFT MECHANICS FRATERNAL ASSOCIATION | POWER ENGINEERS, INC. | INVEST IN UNITED STATES OF AMERICA (IIUSA) | GREYSTAR | FIVE FORKS | IONIC SECURITY | ASSOCIATION OF PROFESSIONAL PIPELINE SURVEYORS (APPS) | AMERICAN COUNCIL OF ENGINEERING COMPANIES | PEOPLE FOR THE ETHICAL TREATMENT OF ANIMALS (PETA) | NATIONAL TECHNOLOGY SECURITY COALITION | RAVN | VOLVO GROUP NORTH AMERICA | SALUTE HOME LOANS | CITY OF ABERDEEN, MARYLAND | ATOMOS SPACE | CHURCHILL MORTGAGE | LENDMARK FINANCIAL SERVICES | GRANITE CONSTRUCTION INCORPORATED (FORMERLY GRANITE CONSTRUCTION COMPANY) | MARQUE VENTURES | SECOND FRONT SYSTEMS | SHIPT | THE LANDLINE COMPANY"
150293,BRETT,MEEKS,"Deputy Health Policy Director, Senate Committee on Health, Education, Labor and Pensions; Deputy Press Secretary, Office of Senator Lamar Alexander",232,1,"TENNESSEE RURAL HEALTH IMPROVEMENT ASSOCIATION (FKN TENNESSEE FARM BR. ASSN.) | CIDR | TERUMO BCT | NEUROTECH PHARMACEUTICALS | RAYNER INTRAOCULAR LENSES LIMITED | SPARC | PHARMING HEALTHCARE, INC. | KENDAL NUTRICARE LTD | SCPHARMACEUTICALS, INC. | PAR HEALTH USA, LLC | ORGANON & CO. | SSI GROUP | GLAUKOS CORPORATION (FKA AVEDRO, INC.) | BIOTISSUE | ONE CALL, CORP | COLOPLAST CORP | AXOGEN CORPORATION | COLLEGIUM PHARMACEUTICAL | LIVANOVA USA INC | SUPERNUS PHARMACEUTICALS INC | NEUSPERA MEDICAL | SUMMIT BEHAVIORAL HEALTHCARE | WE WORK FOR HEALTH | ARDELYX, INC. | OPUS GENETICS, INC | AVALON HEALTHCARE SOLUTIONS | INTRINSIC THERAPEUTICS | HEART FAILURE ADVOCATES OF AMERICA LLC | INNOVAGE | ALEXION PHARMACEUTICALS | GALVANIZE THERAPEUTICS, INC. | MEDICARE ALLIANCE FOR BENEFICIARY ACCESS, INC. | BROOKDALE SENIOR LIVING INC. | BOEHRINGER INGELHEIM PHARMACEUTICALS, INC. | MOMENTOUS | NOVAVAX | BIOGEN INC. | MICROTRANSPONDER | HARROW INC. | AMGEN INC. | AVITA MEDICAL, INC. | ENDO USA, INC., A MALLINCKRODT-ENDO COMPANY | ACCURAY INCORPORATED | HR HEALTHCARE | HARMONY BIOSCIENCES, LLC | INSMED, INC. | STERIS CORPORATION | SKY MARKETING CORPORATION | ACME UNITED CORPORATION | ASTELLAS PHARMA US | GILEAD SCIENCES, INC. | SI-BONE, INC. | THE ALLERGY, ASTHMA & SINUS CENTER | RECOR MEDICAL | CAPRICOR | ORCHARD THERAPEUTICS NORTH AMERICA | ATEA PHARMACEUTICALS, INC. | JCYTE, INC. | MEDICAL DEVICE MANUFACTURERS ASSOCIATION | U.S. RENAL CARE | THE ALLERGY & ASTHMA ALLIANCE | INDIVIOR INC. | CATALYST PHARMACEUTICALS | ILLUMINA, INC. | PHATHOM PHARMACEUTICALS | GENETIX BIOTHERAPEUTICS | AGIOS PHARMACEUTICALS, INC. | GENUS LIFESCIENCES | CUBBY BEDS"
61699,KEITH,PEMRICK,"Legislative Director, Rep Tim Holden",232,2,"MARQUE VENTURES | OPPORTUNITY ZONE ASSOCIATION OF AMERICA | CYWARE | AMERICAN ASSOCIATION OF SUICIDOLOGY | COMMONWEALTH OF PENNSYLVANIA | IONIC SECURITY | ASSOCIATION OF PROFESSIONAL PIPELINE SURVEYORS (APPS) | AIRCRAFT MECHANICS FRATERNAL ASSOCIATION | POWER ENGINEERS, INC. | INVEST IN UNITED STATES OF AMERICA (IIUSA) | GREYSTAR | FIVE FORKS | CITY OF ABERDEEN, MARYLAND | ATOMOS SPACE | CHURCHILL MORTGAGE | NATIONAL TECHNOLOGY SECURITY COALITION | RAVN | VOLVO GROUP NORTH AMERICA | SALUTE HOME LOANS | AMERICAN COUNCIL OF ENGINEERING COMPANIES | PEOPLE FOR THE ETHICAL TREATMENT OF ANIMALS (PETA) | SECOND FRONT SYSTEMS | SHIPT | THE LANDLINE COMPANY | PENNSYLVANIA ASSISTED LIVING ASSOCIATION (PALA) | LENDMARK FINANCIAL SERVICES | GRANITE CONSTRUCTION INCORPORATED (FORMERLY GRANITE CONSTRUCTION COMPANY)"
147448,BRENT,MERCHANT,"Deputy Chief of Staff, U.S. Department of Energy",232,2,"EAST CENTRAL INDIANA REGIONAL PLANNING DISTRICT | FORT HAYS TECH-NORTHWEST (FKA NORTHWEST KANSAS TECHNICAL COLLEGE) | APPALACHIA SERVICE PROJECT | CITY OF BEATRICE, NEBRASKA | WAYNE COUNTY HOSPITAL | CITY OF YUKON, OK | HUTCHINSON REGIONAL HEALTH SYSTEM | MARIAN UNIVERSITY | CRISP REGIONAL HEALTH SERVICES | HOLZER HEALTH SYSTEM | GOLDEN VALLEY MEMORIAL HEALTHCARE | CITY OF RICHLANDS, VA | FRANKLIN MEDICAL CENTER | COXHEALTH | CITY OF SANTA PAULA, CA | COULEE MEDICAL CENTER | FLORIDA POLYTECHNIC UNIVERSITY | GAYLORD SPECIALTY HEALTHCARE | CITY OF POMPANO BEACH, FLORIDA | SULLIVAN COUNTY, NH | COVENANT LIVING COMMUNITIES AND SERVICES | HILBERT COLLEGE | CITY OF TALLADEGA, AL | OGEECHEE TECHNICAL COLLEGE | MCKENZIE HEALTH SYSTEM | HIGHLANDS COUNTY, FL | CITY OF NATCHITOCHES, LA | LEAVENWORTH COUNTY, KS | ST. MARY'S HEALTH WAGON | CITY OF NAPA, CA | THOMAS JEFFERSON UNIVERSITY DBA JEFFERSON HEALTH | SPANISH PEAKS REGIONAL HEALTH CENTER | HOLY NAMES UNIVERSITY | CITY OF LOUISVILLE, OH | LAKE REGIONAL HEALTH SYSTEM | WAYNE HEALTHCARE | TAZEWELL COUNTY, VIRGINIA | STAFFORD COUNTY, VIRGINIA | UNIVERSITY HEALTH SYSTEM, INC. DBA UNIVERSITY OF TENNESSEE MEDICAL CENTER | CITY OF GOODLAND, KS | UINTAH BASIN TECHNICAL COLLEGE | KANSAS CITY KANSAS COMMUNITY COLLEGE | NORTHWEST KANSAS TECHNICAL COLLEGE | FRIEND COMMUNITY HEALTHCARE SYSTEM | MASONS CONTRACTORS ASSOCIATION OF AMERICA | GRANT COUNTY, WA | NORTHWESTERN STATE UNIVERSITY | FORT HAYS STATE UNIVERSITY | KEUKA COLLEGE | MONTGOMERY COUNTY, KS | CITY OF HERMISTON, OREGON | NATCHITOCHES REGIONAL MEDICAL CENTER | WESTCHESTER MEDICAL CENTER HEALTH NETWORK | CITY OF CLAREMONT, NH | MEMORIAL HEALTHCARE SYSTEM DBA CHI MEMORIAL | CITY OF OPA-LOCKA, FL | STILLWATER MEDICAL CENTER | CATALINA ISLAND MEDICAL CENTER | PARKVIEW MEDICAL CENTER | CITY OF RIVER FALLS, WI | CENTER FOR TRANSFORMING LIVES | NORTH CADDO MEDICAL CENTER | LIMESTONE UNIVERSITY FKA LIMESTONE COLLEGE | COLUMBIA GORGE COMMUNITY COLLEGE | D'YOUVILLE UNIVERSITY | HILLSDALE HOSPITAL | CALIFORNIA BAPTIST UNIVERSITY | CHI ST. VINCENT HEALTH | AMERICAN LEPROSY MISSIONS | NORTHWEST FLORIDA STATE COLLEGE | PIKEVILLE MEDICAL CENTER | CITY OF BURLEY, ID | COLBY PUBLIC SCHOOLS | CITY OF BLANCHARD, OK | CITY OF ONTARIO, OR | TEXAS HEALTH RESOURCES | JUST US 4 YOUTH | CITY OF HAVERHILL, MA | JACKSON PARISH HOSPITAL | SAFIRE TECHNOLOGY GROUP, INC. | ISLAND COUNTY, WA | NYACK COLLEGE | ASCENSION PARISH SHERIFF'S OFFICE | CITY OF MANASSAS PARK, VIRGINIA | BOONE MEMORIAL HEALTH, INC. (FORMERLY BOONE MEMORIAL HOSPITAL, INC.) | UNITED WAY OF TARRANT COUNTY | PINE REST CHRISTIAN MENTAL HEALTH SERVICES | GARNET HEALTH | CITY OF SPRINGDALE, AR | TOWN OF WINDSOR, CALIFORNIA | MARSHALL HEALTH NETWORK (FORMERLY MOUNTAIN HEALTH NETWORK) | UMATILLA COUNTY, OR | HARDIN-SIMMONS UNIVERSITY | ST. JOHNS RIVER STATE COLLEGE"
145020,REBECCA,ALCORN,"Senior Policy Advisor, Sen. Mike Crapo and Policy Advisor, Senate Finance Committee",232,2,"REMITLY | CQ MEDICAL | THE GOLDMAN SACHS GROUP, INC. | STRIPE, INC. | STELLAR DEVELOPMENT FOUNDATION | FACTSET RESEARCH SYSTEMS INC. | CERTIFIED FINANCIAL PLANNER BOARD OF STANDARDS, INC. | BETTERMENT LLC | NEW YORK LIFE INSURANCE COMPANY | NATIONAL COORDINATING COMMITTEE FOR MULTIEMPLOYER PLANS (NCCMP) | JANUARY TECHNOLOGIES, INC. | PAXOS TRUST COMPANY, LLC | BARCLAYS US GPF INC. | MANUFACTURED HOUSING INSTITUTE | NESTIDD | SOLANA FOUNDATION | INSTITUTE FOR PORTFOLIO ALTERNATIVES (IPA) | LEDGER SAS | ALLSTATE INSURANCE COMPANY | PFS INVESTMENTS, INC. | SIXTH STREET PARTNERS, LLC | CORELOGIC DBA COTALITY (FKA CORELOGIC) | WESTERN ALLIANCE BANK | BILT TECHNOLOGIES, INC. | INTERNATIONAL COUNCIL OF SHOPPING CENTERS, INC. DBA ICSC | VESTWELL HOLDINGS, INC | MUTUAL OF OMAHA INSURANCE COMPANY | FINANCIAL TECHNOLOGY ASSOCIATION (FTA) | SUN LIFE FINANCIAL (U.S.) SERVICES COMPANY INC. | WILLIS NORTH AMERICA INC. | CORELOGIC DBA COTALITY | BITCOIN DEPOT OPERATING LLC | COURIER PLUS, INC. DBA DUTCHIE | THE ESOP ASSOCIATION (TEA) | MID-SIZED BANK COALITION OF AMERICA | VISA USA, INC. | PARADIGM OPERATIONS, LP | OTC MARKETS GROUP | SOFI TECHNOLOGIES, INC. | PAYCHEX, INC. | B.S.D. CAPITAL, INC. DBA LENDISTRY | INTUIT, INC. AND AFFILIATES"
76215,MAURICE,KURLAND`,"LA,Sen.LA/Congressman Silvestre Reyes",232,22,"CITY OF CORAL SPRINGS, FL | CITY OF OVIEDO, FL | CITY OF BOCA RATON FL | CITY OF FORT LAUDERDALE, FL | CITRUS COUNTY | CITY OF LAUDERDALE LAKES | CITY OF HALLANDALE BEACH | LAKE COUNTY | MIAMI-DADE TRANSPORTATION PLANNING ORGANIZATION | ASSOCIATION OF CALIFORNIA EGG FARMERS | CITY OF ALPHARETTA, GEORGIA | CITY OF RIVIERA BEACH FLORIDA | CITY OF PALM BAY, FLORIDA | CITY OF DEERFIELD BEACH | CITY OF OCOEE, FL | CITY OF MIRAMAR, FLORIDA | COCONUT GROVE CONDO, LLC"
26120,VICKI,HART,"Senator Bob Dole, Senator Trent Lott",232,4,CHEMED CORPORATION | PHARMACEUTICAL RESEARCH MANUFACTURERS OF AMERICA | AMERICAN SOCIETY OF PLASTIC SURGERY | HEART RHYTHM SOCIETY | EMERGENCY DEPARTMENT PRACTICE MANAGEMENT ASSOCIATION | AMERICAN COLLEGE OF MOHS SURGEONS | JOHNSON & JOHNSON SERVICES INC | AMERICAN COLLEGE OF SURGEONS | COALITION OF STATE RHEUMATOLOGY ORGANIZATIONS | VITAS HEALTHCARE CORPORATION | AMERICAN ASSOCIATION OF TISSUE BANKS | ONCOLOGY NURSING SOCIETY | STIMLABS | NATIONAL INFUSION CENTER ASSOCIATION | ROWE PLASTIC SURGERY | AMERICAN ACADEMY OF HOSPICE AND PALLIATIVE CARE | LIFENET HEALTH | ALLIANCE OF SPECIALTY MEDICINE | AMERICAN GASTROENTEROLOGICAL ASSOCIATION | AMERICAN ACADEMY OF ORTHOPAEDIC SURGEONS | INFECTIOUS DISEASE SOCIETY OF AMERICA | TOBII-DYNAVOX | PROFESSIONAL COMPOUNDING CENTERS OF AMERICA | BETA BIONICS
68403,JAMES,O'KEEFFE,"Deputy Staff Director, Senate Committee on Environment and Public Works; Senior Analyst for Transportation, Senate Budget Committee",232,6,"NEXTNAV | CITY OF LUBBOCK, TEXAS ON BEHALF OF LUBBOCK PRESTON SMITH INTERNATIONAL AIRPORT | RAILS-TO-TRAILS CONSERVANCY | BENTLEY SYSTEMS | ATLAS ARTERIA N.A. | SKINNY LABS, INC. DBA SPIN | QUALCOMM INCORPORATED | AUTOMOTIVE COALITION FOR TRAFFIC SAFETY | GENERAL AVIATION MANUFACTURERS ASSOCIATION | CAPITAL SOUTHEAST CONNECTOR JPA | CHARLESTON COUNTY AVIATION AUTHORITY | FORD MOTOR COMPANY | ASSOCIATION OF EQUIPMENT MANUFACTURERS | 5G AUTOMOTIVE ASSOCIATION E.V. | CONCRETE MASONRY AND HARDSCAPES ASSOCIATION (FORMERLY NAT'L CONCRETEMASONRYASSN) | U.S. CHAMBER OF COMMERCE | FLUOR CORPORATION | AMERICAN CEMENT ASSOCIATION (FORMERLY PORTLAND CEMENT ASSOCIATION) | CEMEX INC | IONTRA | TRI-COUNTY METROPOLITAN TRANSPORTATION DISTRICT OF OREGON (TRIMET) | METROPOLITAN TRANSPORTATION COMMISSION | ENVIRI CORPORATION (FORMERLY HARSCO CORPORATION) | COMMERCIAL VEHICLE TRAINING ASSOCIATION"
139832,ANNA,KARAKITSOS,"Staff Assistant, Senate Environment and Public WorksCommittee (2008-2009, Research Assistant/Office Manager,Senate EPW Committee (2011-2012), Professional StaffMember, Senate EPW Committee (2012-2016)",232,17,"THE METALS COMPANY | AMERICAN AUTOMOTIVE LEASING ASSOCIATION (AALA) | THE TREVOR PROJECT | CESSATION THERAPEUTICS | THAI UNION GROUP PCL | DUKE ENERGY CORPORATION | VALERO ENERGY CORP | ENERGY FORWARD | NATIONAL BRAIN TUMOR SOCIETY | SOUTHERN COMPANY | AMEREN | BREASTFEEDING AND INFANT DEVELOPMENT SUPPORT ALLIANCE (INFORMAL COALITION) | AIR LIQUIDE USA LLC | SALT RIVER PROJECT | AMERICAN CEMENT ASSOCIATION (FORMERLY PORTLAND CEMENT ASSOCIATION) | NAVIGATOR CO2 VENTURES LLC | VISTRA ENERGY (FKA ENERGY FUTURE HOLDINGS) | REPSOL SERVICES COMPANY | MONTROSE ENVIRONMENTAL INC. | PET RESIN ASSOCIATION | MCKINSEY & COMPANY | ELECTRICITY CANADA | DELEK US HOLDINGS, INC. | ASSOCIATION OF PLASTIC RECYCLERS | THE BOPPY COMPANY, LLC | STANDARD INDUSTRIES, INC."
49013,MARK,REY,Former Undersecretary of Agriculture,231,6,"LOCKHEED MARTIN CORPORORATION | WESTERN PACIFIC TIMBER, LLC | SOUTH 32 HERMOSA, INC | FOREST PRODUCTS INDUSTRY NATIONAL LABOR MANAGEMENT COMMITTEE | WESTERN ASSOCIATION OF FISH AND WILDLIFE AGENCIES | NATIONAL OLDER WORKERS CAREER CENTER | PUBLIC TIMBER PURCHASERS GROUP | WILDLAW | ENVIRONMENTAL INVESTIGATION AGENCY | IDAHO FOREST GROUP | TROUT UNLIMITED | HISPANIC COMMUNICATIONS NETWORK | MITH-TH-KWUH ECONOMIC DEVELOPMENT CORPORATION | MIGHT EARTH, INC"
68761,DAVID,VITTER,"US Senator, 2005-2017; US Representative, 1999-2005",231,13,"SOUTHEAST LOUISIANA FLOOD PROTECTION AUTHORITY WEST | ALPHAMIN RESOURCES CORP | KATMAI GOVERNMENT SERVICES LLC | REFORM ACTION FUND | JEFFERSON PARISH SCHOOLS | DELFI LABS | SOUTHEAST LOUISIANA FLOOD PROTECTION AUTHORITY EAST | MONTANA TECHNOLOGIES LLC | ACCORDIA PARTNERS, LLC | THOMA -SEA MARINE CONSTRUCTORS, LLC | TUYA, INC. | CABOT CORPORATION | ANIMAL WELLNESS ACTION | PLACQUEMINES PORT HARBOR AND TERMINAL DISTRICT | VENICE PORT COMPLEX | ALIBABA GROUP HOLDING LIMITED | TENCENT AMERICA LLC | PHARMACEUTICAL CARE MANAGEMENT ASSOCIATION | KOREA ZINC COMPANY, LTD. | SV MANAGEMENT SWITZERLAND AG | TRADE WEST CONSTRUCTION CO. | CLEAN ENERGY BUYERS ASSOCIATION | LOYOLA UNIVERSITY NEW ORLEANS | WEBULL TECHNOLOGIES INC. | GROWTH[PERIOD] OBO WASHINGTON GAS LIGHT COMPANY | CHAMBERS COUNTY IMPROVEMENT DISTRICT NO. 1 | YEALINK (XIAMEN) NETWORK TECHNOLOGY CO. LTD. | BETTER SCHOOLS FOR A BETTER FUTURE | CAITHNESS ENERGY, LLC | ENDEAVOR ENERGY HOLDINGS LLC | SOCIETY FOR HUMAN RESOURCES MANAGEMENT | POWER AND COMMUNICATIONS CONTRACTORS ASSOCIATION | DENHAM CAPITAL MANAGEMENT LP | SAGINT"
29197,SUSAN,RAMTHUN,Senator Bill Frist,231,3,"JOHNSON & JOHNSON SERVICES INC | EMERGENCY DEPARTMENT PRACTICE MANAGEMENT ASSOCIATION | AMERICAN SOCIETY OF PLASTIC SURGERY | AMERICAN ASSOCIATION OF TISSUE BANKS | ONCOLOGY NURSING SOCIETY | VITAS HEALTHCARE CORPORATION | AMERICAN ACADEMY OF ALLERGY, ASTHMA, AND IMMUNOLOGY | CHEMED CORPORATION | PHARMACEUTICAL RESEARCH MANUFACTURERS OF AMERICA | AMERICAN SOCIETY OF BREAST SURGEONS | INFECTIOUS DISEASE SOCIETY OF AMERICA | AMERICAN ACADEMY OF HOSPICE AND PALLIATIVE CARE | AMERICAN COLLEGE OF MOHS SURGEONS | ALLIANCE OF SPECIALTY MEDICINE | AMERICAN GASTROENTEROLOGICAL ASSOCIATION | AMERICAN ACADEMY OF ORTHOPAEDIC SURGEONS | COALITION OF STATE RHEUMATOLOGY ORGANIZATIONS | CORNING, INC."
121994,WILLIAM,TRANGHESE,"Legislative Assistant, Communications Director, Chief of Staff - Rep. Richard Neal",231,2,"RIOT GAMES, INC. | ESG CLEAN ENERGY, LLC | BETA TECHNOLOGIES, INC. | AMERICAN CLEAN POWER ASSOCIATION | LIBERTY DENTAL PLAN CORPORATION | CHIA NETWORKS | WESTFIELD STATE UNIVERSITY | MITCHELL SILBERBERG & KNUPP LLP | CALIFORNIA ASSOCIATION OF PORT AUTHORITIES | CIE MANUFACTURING | GOBRANDS, INC. | UNIDOSUS | AETHON ENERGY | SIERRA ENERGY | BLACK DIAMOND STRATEGIES LLC ON BEHALF OF MAMMOTH ENERGY SERVICES INC. | NEWS MEDIA ALLIANCE | TILE, INC. | BLUEJAY DIAGNOSTICS, INC. | BUNGIE INC. | COUNTY OF REEVES, TEXAS | CANOPY GROWTH CORPORATION | THE COUNTY OF NAPA, CALIFORNIA | DALRADIAN USA | CROWLEY MARITIME CORP. | THE POKEMON COMPANY INTERNATIONAL | IRISH DISTILLERS | PASACA CAPITAL, INC. | AMERICAN SOCIETY OF GOLF COURSE ARCHITECTS | K&L GATES LLP | SAG-AFTRA | ROBERT TRENT JONES II LLC"
16412,COURTNEY,JOHNSON,"Research Assistant, House Energy & Commerce Committee",231,6,"MALLINCKRODT | SIEMENS ENERGY | I AM ALS | INSEPARABLE ACTION, INC. | ITC HOLDINGS CORPORATION | MINDBLOOM, INC. | AMRIZE NORTH AMERICA INC. | AMERICAN FLOOD COALITION ACTION INC | DYNAVAX TECHNOLOGIES | ATMOS ENERGY CORPORATION | AWS PUBLIC POLICY, AMERICAS | AMGEN | BOSTON SCIENTIFIC CORPORATION | TAKEDA PHARMACEUTICALS AMERICA, INC. | HITRUST SERVICES CORP. | GAMECHANGE ENERGY TECHNOLOGIES CORP. | PALANTIR TECHNOLOGIES, INC. | STARZ ENTERTAINMENT LLC | AURA SUB, LLC | CALVARY HOSPITAL | CONNECT4STRATEGIES ON BEHALF OF FCS - FAMILIAL CHYLOMICRONEMIA | BLUE SKY INFRASTRUCTURE, LLC | ACADEMY ADVISORS | EQUINOR US OPERATIONS LLC | NISOURCE INC. | THE BLACKSTONE GROUP | BOSE CORPORATION | ARRAY TECH, INC. | APTARGROUP, INC. | ORIGIN MATERIALS | ACORN CONSULTING OBO SHELL USA INC. | TEAM HEALTH | ELEVATE RENEWABLES F7, LLC | HEARX USA, INC. | JEROME STEVENS PHARMACEUTICALS | LYFT | EXACT SCIENCES CORPORATION | THE ALUMINUM ASSOCIATION | TEXAS WOMAN'S UNIVERSITY FOUNDATION | XXII CENTURY GROUP | COUNCIL ON RADIONUCLIDES AND RADIOPHARMACEUTICALS | LEIDOS | TRILLIANT HEALTH | CAE USA, INC | ELLUME USA | MENTAL HEALTH AMERICA | SIEMENS CORPORATION | INDEPENDENT PETROLEUM ASSOCIATION OF AMERICA | MORGAN WHITE GROUP, INC. | SHARDA CROPCHEM USA | U.S. TIRE MANUFACTURERS ASSOCIATION | PERMIAN RESOURCES CORPORATION | COUNCIL FOR RESPONSIBLE NUTRITION | EMERGENT BIOSOLUTIONS"
142961,PATRICK,LARGE,"Chief of Staff to Rep Steve Palazzo, Legislative Assistant to Rep. Sullivan, Legislative Correspondent to Rep. Charles Boustany",230,1,"TEXTRON INC. | INFRASCAN, INC. | S2G INVESTMENTS, LLC | C-SPEED, LLC | HUNT COMPANIES, INC. | PALO ALTO NETWORKS, INC. | AECOM | LEIDOS | CURTISS-WRIGHT CORPORATION | INTERNATIONAL STABILITY OPERATIONS ASSOCIATION | THE ACUTRONIC COMPANY | 3M COMPANY | STRATOLAUNCH, LLC | SPACEX | RAYTHEON TECHNOLOGIES CORPORATION | PRINTED CIRCUIT BOARD ASSOCIATION OF AMERICA | GM DEFENSE LLC | ZSCALER, INC. AND AFFILIATES | AMAZON WEB SERVICES | GENERAL ATOMICS | GENERAL DYNAMICS | FLORIDA STATE UNIVERSITY | ACCENTURE FEDERAL SERVICES LLC | BATTELLE MEMORIAL INSTITUTE | J.A. GREEN AND COMPANY (FOR SHIELD AI) | IRON MOUNTAIN INFORMATION MANAGEMENT, LLC | SAP AMERICA, INC."
67634,JUSTIN,SAYFIE,"Commissioner, Commission on White House Fellows",230,3,"KRA MANAGEMENT LLC | AXINN, VELTROP & HARKRIDER LLP ON BEHALF OF VERIFORCE | NAHIGIAN STRATEGIES ON BEHALF OF CLARIOS | RIPPLE LABS INC. | AMERICAN EXPRESS GLOBAL BUSINESS TRAVEL | PRESCIENT MEDICINE HOLDINGS, INC. | SIMPSON THACHER & BARTLETT LLP | CITY OF NORTH MIAMI BEACH | CENTERLINE LIBERTIES, INC. | ANDREW LEE | GE PRECISION HEALTHCARE LLC | HILLANDALE GETTYSBURG, LLC | NORTH BROWARD HOSPITAL DISTRICT D/B/A BROWARD HEALTH | ACCUTAR BIOTECHNOLOGY, INC. | KIMBERLY-CLARK CORPORATION | UNIVERSITY OF MIAMI | KIRKLAND & ELLIS LLP | ROBINHOOD | FIVETRAN, INC. | BROWARD COLLEGE FOUNDATION | ALKERMES, INC. | CONSTELLATION ENERGY | IBUSINESS FUNDING | NATIONAL ASSOCIATION OF CHAIN DRUG STORES | USA FREEDOM LLC | TOTAL COMMUNITY OPTIONS, INC. DBA INNOVAGE | URANIUM ENERGY CORPORATION | AXINN, VELTROP & HARKRIDER LLP ON BEHALF OF BRADYPLUS | ELLIS GEORGE LLP | AUDIOEYE | CHRIS KISE & ASSOCIATES, P.A. ON BEHALF OF ROGER VER | PUBLIX SUPER MARKETS, INC. | MOSS & ASSOCIATES | TERADYNE, INC. | THE CRANEWARE GROUP (F.K.A. SENTRY DATA SYSTEMS) | DOREL JUVENILE GROUP, INC. | CITY OF MIAMI BEACH, FLORIDA | LAKESIDE BLUFFS GROUP LLC | BLOOM ENERGY | KIRKLAND & ELLIS LLP ON BEHALF OF EVOLVE BUYER, LLC AND YODA TOPCO, LP"
27053,DALE,DIRKS,Legislative Consultant,230,2,"AMERICAN LUNG ASSOCIATION | WAIHA WARRIORS | ACCESSIA HEALTH (FORMERLY PATIENT SERVICES INCORPORATED) | NATIONAL COUNCIL FOR DIVERSITY IN HEALTH PROFESSIONS | NATIONAL SCLERODERMA FOUNDATION | UNIVERSITY OF ST AUGUSTINE FOR HEALTH SCIENCES | AMERICAN ASSOCIATION OF NEUROMUSCULAR & ELECTRODIAGNOSTIC MEDICINE | AMERICAN LIVER FOUNDATION | MOREHOUSE SCHOOL OF MEDICINE | COALITON OF SKIN DISEASES | ORASURE TECHNOLOGIES INC | CHOOSE HEALTHY LIFE | PULMONARY HYPERTENSION ASSOCIATION | RESTLESS LEGS SYNDROME FOUNDATION, INC | U.S. HEREDITARY ANGIOEDEMA ASSOCIATION | EPILEPSY FOUNDATION | CHRONIC DISEASE DAY/CHRONIC DISEASE ALLIANCE | NEPHURE | NATIONAL ALOPECIA AREATA FOUNDATION | GBS/CIDP FOUNDATION INTERNATIONAL | INTERNATIONAL FOUNDATION FOR GASTROINTESTINAL DISORDERS (FRMRLY INT'L FDTN FUN) | NATIONAL ECZEMA ASSOCIATION | ST GEORGE'S UNIVERSITY SCHOOL OF MEDICINE | NUTRITION & MED. FOODS COALITION (FORMERLY ENTERA HEALTH, INC.) | PROJECT SLEEP | TUSKEGEE UNIVERSITY COLLEGE OF VETERINARY MEDICINE | THE NATIONAL PANCREAS FOUNDATION | DYSTONIA MEDICAL RESEARCH FOUNDATION | NATIONAL AHEC ORGANIZATION | LYMPHATIC EDUCATION & RESEARCH NETWORK | METAVIVOR RESEARCH AND SUPPORT, INC. | ASSOCIATION OF MINORITY HEALTH PROFESSIONS SCHOOLS | COALITION FOR CLINICAL & TRANSLATIONAL SCIENCE (FORMERLY JOINT ADVOCACY COALIT.) | DIGESTIVE DISEASE NATIONAL COALITION | AMERICAN THORACIC SOCIETY | SLEEP RESEARCH SOCIETY | HOPE CHARITIES | INTERSTITIAL CYSTITIS ASSOCIATION"
69194,KEVIN,EASTMAN,Legislative Director,229,5,ONEIDA TRIBE OF INDIANS OF WISCONSIN | KODO GE LLC | MORONGO BAND OF MISSION INDIANS | INTERNATIONAL ASSOCIATION OF MOVERS - (FORMERLY -H H G F A A) | SAN DIEGO COUNTY WATER AUTHORITY | COLORADO RIVER INDIAN TRIBES | MOORETOWN RANCHERIA | SANTA YNEZ BAND OF CHUMASH INDIANS | KCOE ISOM | TULARE COUNTY ASSOCIATION OF GOVERNMENTS | AMERICAN RIVERS ACTION FUND | COLUSA INDIAN COMMUNITY | KARUK TRIBE | CATAWBA INDIAN NATION OF SOUTH CAROLINA | SAN MANUEL BAND OF MISSION INDIANS | FEDERATED INDIANS OF THE GRATON RANCHERIA | SALT RIVER PIMA MARICOPA INDIAN COMMUNITY | BISHOP PAIUTE TRIBE | QUAPAW NATION | PASKENTA BAND OF NOMLAKI INDIANS
67723,MICHAEL,HAYWOOD,"LA, Senator Jim Bunning; LA, Rep. Dave Camp",229,4,"INTERNATIONAL SWAPS AND DERIVATIVES ASSOCIATION | INDEPENDENT PETROLEUM ASSOCIATION OF AMERICA | SHARDA CROPCHEM USA | SIEMENS CORPORATION | AMERICAN TRANSMISSION COMPANY, LLC | SIEMENS ENERGY | EQUINOR US OPERATIONS LLC | NISOURCE INC. | EDISON ELECTRIC INSTITUTE | AMERICANS STANDING FOR SIMPLIFICATION OF THE ESTATE TAX, INC. (ASSET) | SWEDISH MATCH NORTH AMERICA | GAMECHANGE ENERGY TECHNOLOGIES CORP. | MURPHY OIL CORPORATION | NATURAL GAS SUPPLY ASSN | NUCOR CORPORATION | THE ALUMINUM ASSOCIATION | TIMBERHP | ELEVATE RENEWABLES F7, LLC | GULF SOUTH BUSINESS ROUNDTABLE | ACORN CONSULTING OBO SHELL USA INC. | SOLANA POLICY INSTITUTE | ARRAY TECH, INC. | SOLUGEN | PRIMORIS SERVICES CORPORATION | TALLGRASS ENERGY PARTNERS, LP | AMRIZE NORTH AMERICA INC. | MANAGED FUNDS ASSOCIATION | EVSTAR, LLC | CARBON REMOVAL ALLIANCE | TRANE TECHNOLOGIES | FORESCOUT TECHNOLOGIES, INC. | GENERAL CIGAR CO INC | NEXTDECADE CORPORATION"
52116,GARY,PALMQUIST,"Legislative Director: Rep. Dennis Cardoza, Rep. Bob Clement, Rep. Ken Bentsen",228,2,"CARBON SOLUTIONS GROUP | ARA PARTNERS | MEDICAL DEVICE MANUFACTURERS ASSOCIATION | GLAXOSMITHKLINE LLC | ASSOCIATION OF AIR MEDICAL SERVICES | NATIONAL ASSOCIATION FOR BEHAVIORAL HEALTHCARE | BIOGEN | MODERN MEDICAID ALLIANCE | ALKERMES, INC. | ADVANCED DRAINAGE SYSTEMS | NOVARTIS CORPORATION | BOEHRINGER INGELHEIM PHARMACEUTICALS, INC. | PACIFIC MEDICAL, INC. | ENVIRONMENTAL WORKING GROUP | NATIONAL HOME INFUSION ASSOCIATION | NATIONAL ASSOCIATION FOR THE EMPLOYMENT OF PEOPLE WHO ARE BLIND (NAEPB) | PROFESSIONAL COMPOUNDING CENTERS OF AMERICA | GRIFOLS SHARED SERVICES NORTH AMERICA, INC. | KIA MOTORS CORPORATION | STERIS CORPORATION | MAXIM HEALTHCARE SERVICES, LLC | EVERYWHERE COMMUNICATIONS | STANISLAUS SURGICAL HOSPITAL"
72342,RYAN,LEAVITT,"Sen. Mike Lee- Special Assistant, Senate Judiciary Committee- Clerk, Sen. Dean Heller - Clerk, Staff Assistant, Legislative Correspondent, Sen. Orrin Hatch- Counsel, Senate Judiciary Committee- Counsel, Rep. John Curtis- Deputy Chief of Staff",228,17,"SOUTH JORDAN, UTAH | SOUTH COAST WATER DISTRICT | AMERICAN CAPITOL GROUP OBO BALANCE OF NATURE | PARK CITY UTAH | WASATCH FRONT REGIONAL COUNCIL | LEHI, UTAH | THE BENNETT CONSULTING GROUP FKA THE BENNETT CONSULTING GROUP OBO CITY OF MOAB | UTAH TRANSIT AUTHORITY (UTA) | BEACH CITIES HEALTH DISTRICT | MILLCREEK, UTAH | SPREAD THE WORD NEVADA | CENTERLINE ACTION, INC. | SONIC HEALTHCARE USA | UTAH VALLEY UNIVERSITY | ADVANTAGE CAPITAL | KNOWMADICS, INC | SNOHOMISH COUNTY, WASHINGTON | COVINGTON WATER DISTRICT | HOLLADAY, UTAH | CITY OF SPANISH FORK, UTAH | PATEL PARTNERS OBO NIAGARA BOTTLING, LLC"
43042,PATRICK,RAFFANIELLO,"Chief of Staff, Congressman Bill Brewster",228,2,"UNITED PARCEL SERVICE | SOLAR MADE IN AMERICA COALITION, INC. | ALTRIA CLIENT SERVICES LLC | WATEREUSE ASSOCIATION | NATIONAL MINING ASSOCIATION | INVESTMENT COMPANY INSTITUTE | INTERNATIONAL LEGAL FINANCE ASSOCIATION | NUCLEAR ENERGY INSTITUTE | NATIONAL ASSOCIATION OF INSURANCE AND FINANCIAL ADVISORS | ADVANCED BIOFUELS ASSOCIATION | PARTNERSHIP FOR CONSERVATION | INTUIT, INC. AND AFFILIATES (FORMERLY INTUIT, INC.) | PSEG | TECO ENERGY INC. | SOUTHWESTERN POWER GROUP | CONSERVATION COALITION | MCCORMICK & COMPANY, INC. | SIBANYE STILLWATER | ITC HOLDINGS CORP. | WHITE MOUNTAINS CAPITAL, LLC"
61847,LELAND,COGLIANI,Professional Staff of the Senate Energy and Water Appropriations Subcommittee; Senior Analyst at the Government Accountability Office,228,3,"PURDUE UNIVERSITY | TEXAS TECH UNIVERSITY SYSTEM | CALIFORNIA INSTITUTE OF TECHNOLOGY | PACIFIC FUSION CORPORATION | AMERICAN SOCIETY OF PLANT BIOLOGISTS | GEORGIA INSTITUTE OF TECHNOLOGY | PHOTONIS | UNIVERSITY OF ARIZONA | SPARK CLIMATE SOLUTIONS | SOUTH DAKOTA SCIENCE & TECHNOLOGY AUTHORITY | AMPWAVE DEFENSE | ACTIVATE GLOBAL, INC. | THE UNIVERSITY OF RHODE ISLAND RESEARCH FOUNDATION | UNIVERSITY OF OKLAHOMA | UNIVERSITY OF ILLINOIS | AMERICAN SOCIETY FOR ENGINEERING EDUCATION | FOUNDATION FOR ENERGY SECURITY AND INNOVATION | UNIVERSITY OF ROCHESTER | VENTUREWELL | SOCIETY FOR INDUSTRIAL AND APPLIED MATHEMATICS | ARETE GLACIER INITIATIVE | TUFTS UNIVERSITY | ULTRA SAFE NUCLEAR CORPORATION | TULANE UNIVERSITY | FERMIFORWARD DISCOVERY GROUP, LLC | THE REGENTS OF THE UNIVERSITY OF COLORADO | NORTHEASTERN UNIVERSITY | ARMADA SYSTEMS, INC."
148206,MALLOY,MCDANIEL,"Policy Advisor, Senate Minority Leader Mitch McConnell; Whip Liaison, Senate Majority Whip Mitch McConnell; Floor Assistant, Senate Majority Leader Trent Lott; Cloakroom Assistant, Office of the Republican Secretary",228,1,"T-MOBILE USA, INC. | GOOGLE CLIENT SERVICES, LLC | EXPEDIA GROUP | BRIGHTHOUSE SERVICES LLC | COUNCIL ON FOUNDATIONS INC. | SWISHER INTERNATIONAL INC. | DAVITA, INC. | CENTER ON BUDGET AND POLICY PRIORITIES | COALITION OF MANUFACTURERS OF SMOKING ALTERNATIVES | WALMART INC. | NOVO NORDISK, INC. | THE BUSINESS ROUNDTABLE, INC. | CONSUMER TECHNOLOGY ASSOCIATION | BROWN-FORMAN CORPORATION | HEALTH INDUSTRY DISTRIBUTORS ASSOCIATION | FANDUEL GROUP | INTEL CORPORATION | KATAHDIN IMPACT INC. | AMERICAN PSYCHOLOGICAL ASSOCIATION SERVICES, INC. | SHIELD AI | CENTER FOR RESPONSIBLE LENDING | OSHKOSH CORPORATION | NATIONAL FOOTBALL LEAGUE | FAMILIES AGAINST MANDATORY MINIMUMS | PRUDENTIAL FINANCIAL, INC. | CTIA THE WIRELESS ASSOCIATION | ALLIANCE OF COMMUNITY HEALTH PLANS | LIVE EARTH IMAGING INC. | WAYMO LLC | META PLATFORMS, INC. (FORMERLY FACEBOOK, INC. AND VARIOUS SUBSIDIARIES) | CIGAR ASSOCIATION OF AMERICA | SOUTHWEST AIRLINES CO. | FRESENIUS KABI | PNC FINANCIAL INC. | CONOCOPHILLIPS | RTX CORPORATION AND AFFILIATES | WALGREEN COMPANY | INTEGRAL AD SCIENCE | VIATRIS (MYLAN, INC) | MCKINSEY & COMPANY | LKQ CORPORATION | VAPOR TECHNOLOGY ASSOCIATION | LOWE'S COMPANIES INC. | REPUBLIC SERVICES, INC. | BRUNSWICK CORPORATION"
107381,PARKER,POLING,"Spec. Asst to Dir. of Media Affairs 01-03; Comm. on Educ. and Workforce, Chairman Boehner 03-04; Law Clerk to Chairman Toner, FEC 05-06; COS, Cong. McHenry 07-14; COS, Chief Dep. Whip McHenry 14-18 in Office of Maj. Whip Scalise.",228,2,"NEW YORK LIFE | HISTORIC TAX CREDIT COALITION | THE BROADWAY LEAGUE | CITIGROUP WASHINGTON INC. | GENERAL DYNAMICS | T-MOBILE | META PLATFORMS, INC. | HESS CORPORATION | SECURITIES INDUSTRY AND FINANCIAL MARKETS ASSOCIATION (SIFMA) | ALTRIA CLIENT SERVICES LLC | THE GOLDMAN SACHS GROUP, INC | SK HYNIX AMERICA, INC. | AMERICAN BANKERS ASSOCIATION | CHURCHILL DOWNS, INCORPORATED | AMERICAN CLEAN POWER ASSOCIATION | SPARK THERAPEUTICS | AMERICAN BANKERS ASSOCIATION'S CARD POLICY COUNCIL | AMERICAN EXPLORATION & PRODUCTION COUNCIL (AXPC) | MAPLEBEAR INC. D/B/A INSTACART | THE HOME DEPOT | COMCAST CORPORATION | SPACEX | THE BLACKSTONE GROUP | SESAC RIGHTS MANAGEMENT, INC. | DRAKEN INTERNATIONAL, LLC | PRINCIPAL FINANCIAL GROUP | FEDEX CORPORATION | RYAN, INC. | GSO CAPITAL PARTNERS | EXXON MOBIL CORPORATION | GE AEROSPACE | PRUDENTIAL FINANCIAL, INC. | DIAGEO NORTH AMERICA, INC. | NEXTERA ENERGY, INC. | AMERICAN INNOVATION: THE AI PROJECT, INC | WASHINGTON COMMANDERS FOOTBALL TEAM | HILTON WORLDWIDE | TEAMHEALTH | AIRLINES FOR AMERICA | H&R BLOCK, INC. | CAPITAL ONE FINANCIAL CORPORATION | CONSTELLATION BRANDS, INC. | GENENTECH, INC. | ID.ME, INC. | MGM RESORTS INTERNATIONAL | HSBC TECHNOLOGY & SERVICES USA, INC. | SORENSON COMMUNICATIONS | CENCORA, INC. | ADVENT INTERNATIONAL CORP. LLC | IRON MOUNTAIN | STARBUCKS"
72793,CHARLES,CARITHERS,"Prof Staff, House Homeland (Thompson); Brookings Legis Fellow, Senate Homeland (Carper)",227,3,"R4 TECHNOLOGIES, INC. | APPLIED INTUITION, INC. | UNITED AIRLINES INC | HSBC TECHNOLOGY & SERVICES USA INC. | NUTANIX, INC. AND ITS AFFILIATES | ENVISION TECHNOLOGY, LLC | IRIDIUM SATELLITE LLC | FOUNDATION FOR MISSISSIPPI HISTORY | KENTUCKY STATE UNIVERSITY | ARLO TECHNOLOGIES, INC. | MERLIN INTERNATIONAL, INC. | EPIRUS, INC. | PARRAID, LLC | KIDS IN NEED OF DEFENSE | SHIFT5, INC. | GOOGLE CLIENT SERVICES | JOHN BEAN TECHNOLOGIES CORPORATION | THE BOEING COMPANY | DIPLOMATIC PERSPECTIVE | TRUE ANOMALY, INC. | ZERO - THE END OF PROSTATE CANCER | INTEGRATED ENERGY MATERIALS LLC | ALABAMA AGRICULTURAL AND MECHANICAL UNIVERSITY | CACI INTERNATIONAL, INC. | MORRIS COLLEGE | RICE UNIVERSITY | SWYFT, INC. | UNITED NEGRO COLLEGE FUND, INC. | TARGET CORPORATION | SCALE AI, INC. | BOSSIER PARISH POLICE JURY | SIGMA DEFENSE SYSTEMS LLC | EVERBRIDGE, INC. | SAAB | IHEARTMEDIA, INC. | DILLARD UNIVERSITY | PALANTIR | TUNICA BILOXI TRIBE OF LOUISIANA | ASSOCIATION FOR UNCREWED VEHICLE SYSTEMS INTERNATIONAL | ATLANTA UNIVERSITY CENTER CONSORTIUM, INC. | ID.ME, LLC | SNOWFLAKE INC. | GARMIN INTERNATIONAL, INC. | QUANTUM TECHNOLOGY SCIENCES, INC."
56748,ALEX,DELPIZZO,"Legislative Director/Legislative Asst, Rep. Ferguson; Staff Asst, House Transportation and Infrastructure Committee",227,1,"AMYLYX | THE BIOSIMILARS FORUM | ALLIANCE TO SAVE AMERICA'S 340B PROGRAM (ASAP 340B) | ELI LILLY AND COMPANY | NATIONAL HOME INFUSION ASSOCIATION | UNITE US | GLAXOSMITHKLINE LLC | INTERDIGITAL, INC. | ROPER ST. FRANCIS HEALTHCARE | VILLANOVA UNIVERSITY | AMERICAN SOCIETY OF CONSULTANT PHARMACISTS (ASCP) | REPUBLIC AIRLINES, INC. | PHYSICIAN-LED HEALTHCARE FOR AMERICA | NATIONAL FOOTBALL LEAGUE | ALKERMES, INC. | ADVANCED DRAINAGE SYSTEMS | NOVARTIS CORPORATION | LIQUIDIA TECHNOLOGIES, INC. | MODERN MEDICAID ALLIANCE | ALORA PHARMACEUTICALS, LLC"
138385,DAVID,URBAN,COS Sen. Specter; 11th Chair of the Ame. Battle Monuments Comm.; USMA Board of Visitors,226,2,"NATIONAL RURAL ELECTRIC COOPERATIVE ASSOCIATION | FIRE SECURITY INC. | SUSTAINMENT | THE TRUSTEES OF THE UNIVERSITY OF PENNSYLVANIA | EUTELSAT NETWORK SOLUTIONS (F/K/A EACOWT) | AMERICAN BEVERAGE ASSOCIATION | DOOSAN CORPORATION | HRP GROUP, LLC | AAR GOVERNMENT SERVICES, INC. | REGENT CRAFT INC. | DECISION LENS INC. | VOYAGER TECHNOLOGIES, INC. (FKA VOYAGER SPACE HOLDINGS, INC.) | EMBASSY OF THE KINGDOM OF BAHRAIN TO THE UNITED STATES | RELATIVITY SPACE | SOFI TECHNOLOGIES, INC. | 7 ELEVEN, INC. | REPUBLIC OF INDIA | ARMAMENT RESEARCH COMPANY | HONEYWELL INTERNATIONAL, INC. | MILWAUKEE TOOL | VERANO HOLDINGS, LLC | SIDLEY AUSTIN LLP ON BEHALF OF HEWLETT PACKARD ENTERPRISE | LOCKHEED MARTIN CORPORATION | BECTON, DICKINSON AND COMPANY | THE CHILDREN'S HOSPITAL OF PHILADELPHIA | CIRCLE | QURATE RETAIL GROUP | ANCORA | GIBSON, DUNN & CRUTCHER, LLP ON BEHALF OF CURATIVE INC. | LIGADO NETWORKS LLC | CNX RESOURCES CORPORATION | CITIGROUP WASHINGTON INC. | SKADDEN, ARPS, SLATE, MEAGHER & FLOM LLP ON BEHALF OF CANPACK GROUP, INC. | WILMERHALE ON BEHALF OF ARCHER DANIELS MIDLAND COMPANY"
141279,JOSEPH,BRAZAUSKAS,"Cnsl, HComm on Oversight and Gov't Reform(2011-2015).SrCnsl, Env. Subcomm Staff Dir, H Science Space&TechComm(2015-2018).Assoc Dep. GC, USEPA (2018-2019).Assoc Admin Off. Cong&Intgvmt Relations(2019-2021).SrCnsl, HComm on Oversight&Reform(21-22)",225,12,"VALERO ENERGY CORP | ENERGY FORWARD | METHANEX (DBA METHANEX USA LLC, METHANEX LOUISIANA LLC, METHANEX GEISMAR III LLC | CEMENT KILN RECYCLING COALITION | AMEREN | AIR LIQUIDE USA LLC | KINDER MORGAN, INC | DT MIDSTREAM, INC. | VISTRA ENERGY (FKA ENERGY FUTURE HOLDINGS) | FBI AGENTS ASSOCIATION | CHENIERE ENERGY, INC. | WINDOW COVERING MANUFACTURERS ASSOCIATION | AVERY DENNISON CORPORATION | SALT RIVER PROJECT | PORTABLE GENERATOR MANUFACTURERS ASSOCIATION (PGMA) | THE JUDGE ROTENBERG CENTER | BEX CARBON | DUKE ENERGY CORPORATION | THE METHANOL INSTITUE | MODINE MANUFACTURING COMPANY | TARGA RESOURCES CORPORATION | DELEK US HOLDINGS, INC. | ASSOCIATION OF PLASTIC RECYCLERS | STANDARD INDUSTRIES, INC. | MONTROSE ENVIRONMENTAL INC. | DENKA PERFORMANCE ELASTOMER LLC | PET RESIN ASSOCIATION | POET LLC | GEVO, INC. | MARITIME INNOVATION COALITION | POLARIS INDUSTRIES | RINNAI AMERICA CORPORATION | NATIONAL AUTOMOBILE DEALERS ASSOCIATION | NAVIGATOR CO2 VENTURES LLC | GULF COAST WATER AUTHORITY"
115068,MICHAEL,OSCAR,"From 2002-2010, Michael Oscar served on the staff of the former U.S. Sen. Arlen Specter (PA).",225,15,"UPSTATE NIAGARA COOPERATIVE, INC. | BIG BROTHERS BIG SISTERS NEW YORK CITY | PHILADELPHIA VISITOR CENTER CORPORATION | FINISHING TRADES INSTITUTE OF THE MID ATLANTIC REGION | AMERICAN SUBCONTRACTOR ASSOCIATION | FCA INTERNATIONAL | NATIONAL ELECTRICAL CONTRACTORS ASSOCIATION - PENN-DEL-JERSEY CHAPTER | BIG BROTHERS BIG SISTERS MIDDLE TENNESSEE | FRIENDS OF FATHER JUDGE HIGH SCHOOL, INC. | ARSENAL ASSOCIATES | CARPENTERS' COMPANY OF THE CITY AND COUNTY OF PHILADELPHIA | M&SCA OF EASTERN PA | VETRI COMMUNITY PARTNERSHIP | LABOR & ENERGY ALLIANCE | BIG BROTHERS BIG SISTERS INDEPENDENCE REGION | APEEL SCIENCES | AMERICAN COUNCIL OF INDEPENDENT LABORATORIES | AGRI-MARK, INC | MONROE ENERGY, LLC | STEAMFITTERS LOCAL 420 | CORNERSTONE BIOCOMP ENTERPRISES, INC."
123422,DAVID,LASSETER,"Former Congressional Aide (U.S. House), Former Schedule C (DOD and DOJ)",224,19,CAPTURA BIOPHARMA | ELUSYS THERAPUTICS | HUDSONALPHA | ASTERES | NIGHTHAWK BIOSCIENCES | MERIDIAN MEDICAL TECHNOLOGIES | SHUNNARAH VAIL | BIPARTISAN COMMISSION ON BIODEFENSE | GINKGO BIOWORKS | TRANSCEND ENGINEERING | AFLAC | YULISTA INTEGRATED SOLUTIONS LLC | TRADEVERIFYD (FKA MESUR.IO) | SIREN CARE INC | SMOOTH STONE | ARTESION INC | LOVELL GOVERNMENT SERVICES | FRESHAIR SENSORS | KDF ENTERPRISES LLC | LIVE OAK BANKING COMAPNY | INVARIANT CORPORATION | CONEXON LLC | MARATHON TARGETS | CLEARSPEED | RECCE PHARMACEUTICALS | GENE CAPTURE | PTS EXPEDITIONARY COMMUNICATIONS
148621,C. MAGGIE,(MOORE) AARON,"Sr. Prof. Staff & Prof. Staff, Senate Cmte on Small Business; Prof. Staff, House Cmte on Small Business; Leg. Clerk/Finance Admin, Cmte on House Admin.; Staff Asst, Cmte on House Admin.; Intern, Cmte on House Admin.",224,2,"COLLEGE AVENUE STUDENT LOANS LLC | DTH SATELLITE SERVICES, LLC | AMERICAN LAND TITLE ASSOCIATION | DAPPER LABS INC. | POINT DIGITAL FINANCE, INC. | ALLY FINANCIAL INC. | OSCILAR INC. | FREE SPEECH COALITION, INC. | ALLSTATE | BANK POLICY INSTITUTE | THE PEW CHARITABLE TRUSTS | INTUIT, INC. AND AFFILIATES (FORMERLY INTUIT, INC.) | EUCLID MORTGAGE INSURANCE SERVICES, LLC | LEGALZOOM, INC. | CHAMBER OF DIGITAL COMMERCE | TASSATPAY (FKA PERICLES GROUP LLC) | DAVE, INC. | MORNINGSTAR DBRS, INC. | INVESTMENT COMPANY INSTITUTE | WYOMING DEPOSIT & TRANSFER CORP. DBA BANKWYSE | BILL.COM LLC | PALM FINANCE, INC. | ORCHID LABS, INC. | ALLIANCE FOR INNOVATIVE REGULATION (AIR) | PINWHEEL API | ANCHORAGE DIGITAL | STRUCTURED FINANCE ASSOCIATION | BLOCK INC FORMERLY REPORTED AS SQUARE INC | CITIZENS BANK, N.A."
139804,KARYN,RICHMAN,"Program Examiner, Executive Office of the President, Office of Management and Budget; Professional Staff, House Appropriations Committee",222,4,"NUTANIX, INC. AND ITS AFFILIATES | COMTECH TELECOMMUNICATIONS CYBER STRONG (FKA TELECOMMUNICATIONS SYSTEMS, INC.) | KISTEFOS AS | ADOBE INC. | ICF INTERNATIONAL INC. | THE LEMOINE COMPANY, LLC | GINKGO BIOWORKS, INC. | NINETWELVE LLC | ORCHARD THERAPEUTICS NORTH AMERICA | TRAVERE THERAPEUTICS, INC. | INTUIT, INC. AND AFFILIATES | HIDDEN LEVEL, INC. | PARRAID, LLC | RK STRATEGIC MANAGEMENT SOLUTIONS, LLC | TARGET HOSPITALITY CORP. | SEASATELLITES, INC. | JOHNS HOPKINS UNIVERSITY | COMMUNITY ASSOCIATIONS INSTITUTE | SATELLES, INC. | SIRIUSIQ OBO CLX HEALTH, LLC | HYPERSONIC GROUND TEST CENTER INC | SAREPTA THERAPEUTICS, INC. | CACI INTERNATIONAL, INC. | ST ENGINEERING NORTH AMERICA, INC. | BDR SOLUTIONS, LLC | FAMILY ENDEAVORS, INC. | PRESCIENT EDGE | AARP | LUMEN BIOSCIENCE, INC. | PALANTIR | ULTRA FKA ULTRA ELECTRONICS - FLIGHTLINE SYSTEMS | SAP AMERICA, INC. | BLUEPRINT BIOSECURITY ACTION | ASSOCIATION FOR UNCREWED VEHICLE SYSTEMS INTERNATIONAL | AMERICAN PRINTING HOUSE FOR THE BLIND | QUANTUM TECHNOLOGY SCIENCES, INC. | BLUE WATER AUTONOMY, INC. | ALLIED UNIVERSAL SECURITY SERVICES LLC | RAIN SCIENTIFIC INC. | ADVANCING MENTAL HEALTH FOR MILITARY FAMILIES, LLC"
114059,JOSEF,NOVOTNY,"Clerk of the House - Clerks Miller, Haas & Johnson",222,34,"OXFAM AMERICA | ACT EDUCATION CORP. | NOMI HEALTH, INC. | HUSCH BLACKWELL LLP ON BEHALF OF MONARCH-CHESTERFIELD LEVEE DISTRICT | SKINCURE ONCOLOGY | A3 GLOBAL, INC. | CURTIS, MALLET-PREVOST, COLT & MOSLE LLP (ON BEHALF OF SILGAN CONTAINERS) | VERU, INC. | NATIONAL MILK PRODUCERS FEDERATION | EBSCO PUBLISHING INC. | CSMI, LLC | HUSCH BLACKWELL ON BEHALF OF THE SNY ISLAND LEVEE DRAINAGE DISTRICT | LIBERTY VOTE | THE UNIVERSITY OF MISSOURI SYSTEM | MISSOURI STATE UNIVERSITY | UNIVERSITY OF HOUSTON | ACCEL | CAN MANUFACTURERS INSTITUTE | U.S. CHAMBER OF COMMERCE | A. T. STILL UNIVERSITY | NATIONAL CHILDREN'S ALLIANCE | KNOWINK | ARGENTUM | HUSCH BLACKWELL ON BEHALF OF THE FABIUS RIVER DRAINAGE DISTRICT | NATIONAL MUSIC PUBLISHERS' ASSOCIATION | BAYER U.S. LLC | CENTER ROAD SOLUTIONS, LLC | TOTAL WINE & MORE"
66011,AUSTIN,HARRISON,"March 2009: Intern for Cong. Gregg Harper; May-Aug. 2013: Intern for Sen. Thad Cochran; January-May 2015: June-August 2015: U.S. Department of State, intern, U.S. Embassy, Zagreb, Croatia.",222,1,"ALLIANCE FOR BIOSECURITY | THE MOSAIC COMPANY | MINERAL COMMODITIES LTD. | ALLIANCE OF NATIONAL HERITAGE AREAS (ANHA) | INFRA-BK, LLC | ALLIANCE FOR FINANCING U.S. INFRASTRUCTURE, INC. | THE COCA COLA COMPANY | BLUE STAR NBR, LLC | SIMPLOT COMPANY | BETA TECHNOLOGIES | TRANSPORTATION INSTITUTE | LIGADO NETWORKS LLC | ENERGY MARKETERS OF AMERICA | WESTERVELT ECOLOGICAL SERVICES | GAINWELL TECHNOLOGIES LLC | JABIL, INC. | BITCOIN POLICY INSTITUTE | PARADIGM OPERATIONS LP | PBI-GORDON COMPANIES | ATC HEALTHCARE SERVICES, LLC | UKPEAGVIK INUPIAT CORPORATION | CLEAN HARBORS, INC. | HELLEN SYSTEMS, LLC | SUNFLORA, INC. | JUMP CRYPTO HOLDINGS LLC | CLEANSPARK, INC. | AMERICAN ROADS | NATIONAL AIR TRAFFIC CONTROLLERS ASSOCIATION | NATIONAL CANNABIS ROUNDTABLE | CHC CONSULTING, LLC | IAC | NATIONAL ASSOCIATION FOR OILHEAT RESEARCH AND EDUCATION | PEBBLE PARTNERSHIP LIMITED | KALSHI INC. | 1 NATION ACTION, INC. | H CYCLE, LLC | AMERICAN STAFFING ASSOCIATION | HD HYUNDAI ELECTRIC CO. LTD."
48261,ERIC,TOBER,Staff Asst House Mem (Bruce); Sen Project Dir (Johnston),222,5,"NATIONAL OCEAN POLICY COALITION | HORN CREEK LAKE BASIN INTERCEPTOR SEWER DISTRICT | UNIVERSITY OF LOUISIANA LAFAYETTE | LOCUS SOLUTIONS, LLC | THE LEMOINE COMPANY, LLC | SAN JACINTO RIVER AUTHORITY | VALERO SERVICES, INC. | RINNAI AMERICA CORPORATION | THE ESOP ASSOCIATION | TRIBAL SOLUTIONS MEDICAL LLC | LAND O'LAKES, INC. | ENERGY CAPITAL VIETNAM | BATON ROUGE AREA FOUNDATION | ZERO - THE END OF PROSTATE CANCER | SEMINOLE TRIBE OF FLORIDA | THE UNIVERSITY OF LOUISIANA MONROE FOUNDATION | HABERMATOLEL POMO OF UPPER LAKE TRIBE | ENVIRI CORPORATION FKA HARSCO CORPORATION | PONCA TRIBE OF NEBRASKA | KIRBY CORPORATION | TUNICA BILOXI TRIBE OF LOUISIANA | LOUISIANA ENERGY SERVICES, LLC DBA URENCO USA | CENTERPOINT ENERGY, INC. | DESOTO COUNTY REGIONAL UTILITY AUTHORITY | CITY OF MONROE, LOUISIANA | CUBIC CORPORATION | CITY OF DES MOINES | JR AUTOMATION | W&T OFFSHORE, INC. | WASHINGTON STATE UNIVERSITY | EAGLE ENERGY METALS CORP. | AVANGRID MANAGEMENT COMPANY, LLC | POLK COUNTY, IOWA | VOCXI HEALTH | NELSON ENERGY, LLC | SHELBY COUNTY, TN | AGILITAS ENERGY INC. | CITY OF BAINBRIDGE, GEORGIA | TRIBAL SOLUTIONS GROUP | CURIUM US LLC | NORTH WIND TEST, LLC (FKA CALSPAN AERO SYSTEMS ENGINEERING, INC.)"
60457,REBECCA,ANDERSON,White House Office of Legislative Affairs,222,2,"WOOLPERT | INTERNATIONAL ASSOCIATION OF AMUSEMENT PARKS AND ATTRACTIONS | KALLNER & ASSOCIATES ON BEHALF OF WORTHINGTON ENTERPRISES | INTERNATIONAL MOTORS FKA NAVISTAR | HUNTINGTON BANCSHARES | GENERAL DYNAMICS | PINNACLE WEST CAPITAL CORPORATION | APPLETON INTERNATIONAL AIRPORT | AARP | NICHOLAS COUNTY AIRPORT AUTHORITY | COLUMBUS CHAMBER OF COMMERCE | FP2 INC. | YOUNGSTOWN STATE UNIVERSITY | TTX COMPANY | REPUBLIC SERVICES, FORMERLY REPORTED AS U.S. ECOLOGY | MARKEL CORPORATION | NORFOLK SOUTHERN | COLUMBUS REGIONAL AIRPORT AUTHORITY | THE NATURE CONSERVANCY | COMROD INC. | WORLDWIDE ERC, INC. | ALPHA-GAL ALLIANCE ACTION FUND | BLUECROSS BLUESHIELD OF SOUTH CAROLINA | FOX VALLEY TECHNICAL COLLEGE"
143245,JUSTIN,SOK,"Sr Advisor Leg Affairs, US Treasury (June 2018 - January 2020); Legislative Director Rep Jason Smith (2013-2018)",221,1,"ENACT HOLDINGS, INC. | FMR LLC | ALLIANCE FOR BUSINESS PARTNERSHIPS | AMERICAN BANKERS ASSOCIATION | INSTITUTE OF INTERNATIONAL BANKERS | SECURITIES INDUSTRY AND FINANCIAL MARKETS ASSOCIATION (SIFMA) | APPRAISAL INSTITUTE | CLEAN ECONOMY PROJECT | TESLA, INC. | AMERICAN EXPLORATION AND PRODUCTION COUNCIL (AXPC) | BLACKROCK FUNDS SERVICES GROUP LLC (FORMERLY BLACKROCK CAPITAL MANAGEMENT INC.) | LEIF TECHNOLOGIES, INC. | KERN OIL AND REFINING COMPANY D/B/A KERN ENERGY | THE HARTFORD FINANCIAL SERVICES GROUP, INC. | WISE US INC. | AMAZON CORPORATE, LLC | MISSIONSQUARE RETIREMENT | AMERICAN INVESTMENT COUNCIL | SENTILINK | AUTO ALLIANCE FOR INNOVATION | MORTGAGE BANKERS ASSOCIATION | AMERICAN EXPRESS COMPANY | COINBASE, INC. | COMMONWEALTH FUSION SYSTEMS | SMBC AMERICAS HOLDINGS, INC. | TD BANK, N.A. | CLEAN ENERGY BUYERS ASSOCIATION (CEBA) | CRYPTO COUNCIL FOR INNOVATION"
70372,ROSS,ARNETT,Communications Director,220,5,MORONGO BAND OF MISSION INDIANS | DEKRA NORTH AMERICA | ONEIDA TRIBE OF INDIANS OF WISCONSIN | CALIFORNIA ASSOCIATION OF VETERAN SERVICE AGENCIES | PASKENTA BAND OF NOMLAKI INDIANS | FEDERATED INDIANS OF THE GRATON RANCHERIA | SALT RIVER PIMA MARICOPA INDIAN COMMUNITY | CA STATE ASSEMBLY | BISHOP PAIUTE TRIBE | QUAPAW NATION | APPLUS TECHNOLOGIES | NATIONAL ASSN OF CREDIT MANAGEMENT | GLASS PACKAGING INSTITUTE (GPI) | SAN FRANCISCO BAR PILOTS ASSN | SAN MANUEL BAND OF MISSION INDIANS | TULARE COUNTY ASSOCIATION OF GOVERNMENTS | KASASA | COLUSA INDIAN COMMUNITY | KARUK TRIBE | INTERNATIONAL FACILITY MANAGEMENT ASSN | WEST LOS ANGELES VETERANS' COLLECTIVE | SANTA YNEZ BAND OF CHUMASH INDIANS | WORLDWIDE ENVIRONMENTAL PRODUCTS (WEP)
51449,CARLYLE,THORSEN,"General Counsel & AA, Rep. Tom DeLay; Deputy Asst. Attorney General, Dept. of Justice; Counsel, House Judiciary Committee; Legislative Counsel, Rep. McCollum and LoBiondo",220,3,"NATIONAL FIRE PROTECTION ASSOCIATION | INTERNATIONAL ASSOCIATION OF SCIENTIFIC, TECHNICAL & MEDICAL PUBLISHERS (STM) | WESTERN UNION | CAPITOL DOME ADVOCACY OBO AMERICAN SOCIETY OF COMPOSERS, AUTHORS, AND PUBLISHERS | POLITAN CAPITAL MANAGEMENT | CULTURAL CARE AU PAIR | COPYRIGHT CLEARANCE CENTER | BELL LEGAL GROUP | INTERNATIONAL ALLIANCE OF THEATRICAL STAGE EMPLOYEES | INTERNATIONAL TRADEMARK ASSOCIATION | HEALTHCARE DISTRIBUTION ALLIANCE | INTERNATIONAL LABOUR ORGANIZATION | BEER INSTITUTE | AMERICAN ASSOCIATION FOR JUSTICE | COMCAST CORPORATION | DIRECTORS GUILD OF AMERICA | INTERNATIONAL COUNCIL OF SHOPPING CENTERS | NEW VENTURE FUND | PHARMACEUTICAL RESEARCH AND MANUFACTURERS OF AMERICA | BRIA ARTIFICIAL INTELLIGENCE INC."
140948,STEPHEN,BOYD,Assistant Attorney General at Department of Justice; former Congressional Aide (House and Senate),220,10,RECCE PHARMACEUTICALS | ELUSYS THERAPUTICS | HUDSONALPHA | ASTERES | SIREN CARE INC | YULISTA INTEGRATED SOLUTIONS LLC | TRADEVERIFYD (FKA MESUR.IO) | BIPARTISAN COMMISSION ON BIODEFENSE | TRANSCEND ENGINEERING | AFLAC | GINKGO BIOWORKS | MERIDIAN MEDICAL TECHNOLOGIES | SHUNNARAH VAIL | INVARIANT CORPORATION | CONEXON LLC | ARTESION INC | SMOOTH STONE | LOVELL GOVERNMENT SERVICES | FRESHAIR SENSORS | GENE CAPTURE | PTS EXPEDITIONARY COMMUNICATIONS | CAPTURA BIOPHARMA | MARATHON TARGETS | CLEARSPEED
100919,LEONARD,WOLFSON,"Assistant Secretary, HUD; Acting FHA Commissioner; General Deputy Assistant Secretary, HUD; Deputy Assistant Secretary, HUD; Director of Legislative Affairs, HUD; Legislative Director, Rep. Christopher Shays",219,5,"WESTCOR LAND TITLE INSURANCE COMPANY | CBC MORTGAGE AGENCY | WEBBANK | ARNALL GOLDEN GREGORY (O/B/O HOUSING AUTHORITY OF THE COUNTY OF BUTTE) | DEFI EDUCATION FUND | MONARCH ALTERNATIVE CAPITAL LP | INTERNATIONAL COUNCIL OF SHOPPING CENTERS | BIPARTISAN POLICY CENTER ACTION | THE MAJORITY GROUP, LLC (ON BEHALF OF PENNYMAC) | ARNALL GOLDEN GREGORY (ON BEHALF OF SOUTHWEST HOUSING COMPLIANCE CORPORATION) | PRETIUM | PADSPLIT | INSURANCE SERVICES OFFICE, INC. | VANTAGESCORE SOLUTIONS, LLC | SAN DIEGO HOUSING COMMISSION | ARNALL GOLDEN GREGORY (O/B/O HOUSING AUTHORITY OF THE COUNTY OF SANTA BARBARA) | ARNALL GOLDEN GREGORY (ON BEHALF OF THE LOCAL HOUSING ADMINISTRATORS COALITION) | CREDIT UNION NATIONAL ASSOCIATION. INC. DBA AMERICA'S CREDIT UNIONS | NATIONAL RENTAL HOME COUNCIL | MR. COOPER | SNAPDOCS, INC. | PENNYMAC FINANCIAL SERVICES | U.S. MORTGAGE INSURERS | THE MAJORITY GROUP, LLC (ON BEHALF OF SAGENT)"
79410,ANTHONY,BEDELL,Deputy Assistant Secretary for Congressional Affairs,218,7,"MILLSAPPS, BALLINGER & ASSOCIATES, LLC | ITERIS, INC. | BROWARD METROPOLITAN PLANNING ORGANIZATION | LANGTON ASSOCIATES INC. (ON BEHALF OF CITY OF JACKSONVILLE, FL | TAMPA PORT AUTHORITY | NORTHEAST FLORIDA HEALTHY START COALITION, INC. | CITY OF CORAL GABLES | 3M COMPANY | FLORIDA RURAL ECONOMIC DEVELOPMENT ASSOCIATION, INC. | REKOR SYSTEMS, INC. | NATIONAL ASSOCIATION OF WATERFRONT EMPLOYERS | AMERICA'S SBDC | GOVERNORS HIGHWAY SAFETY ASSOCIATION | HITACHI RAIL | BELL DANCY INDUSTRIES | COUNTY OF LOUDOUN, VIRGINIA | TERAWATT INFRASTRUCTURE, INC. | JFK NTO LLC | TRITIUM TECHNOLOGIES LLC | RAILSPIRE LLC | VIRGINIA PORT AUTHORITY | CITY OF DEBARY, FL | TOWN OF BAY HARBOR ISLANDS, FL | OZINGA READY MADE CONCRETE, INC. | UPS (UNITED PARCEL SERVICE) | OKEECHOBEE COUNTY, FL | CITY OF ALEXANDRIA, VA | ELG TAMPA LLC | NTT DATA, INC. | NORFOLK AIRPORT AUTHORITY | TRANSURBAN (USA) INC. | CITY OF VIRGINIA BEACH, VA | CROWDAI, INC. | HITACHI, LTD. | ST. JOHNS SHIP BUILDING"
146689,DAVID,PLANNING,"Floor Dir, House Maj Whip; Staff Dir, House Smll Biz Cmte; Spec. Asst to Pres/Leg Affairs, Exec Office of Pres; Dep. Dir Coalitions& Mmbr Services, House Financial Cmte; Floor Asst, House Maj Whip; Spec. Asst, House Chf Dep. Whip; Staff Asst, Speak",218,24,"GENERAC POWER SYSTEMS, INC. | RUNE TECHNOLOGIES, INC. | ADVANCED MEDICAL TECHNOLOGY ASSOCIATION | CHENEGA CORPORATION | FL2024-008, INC. | UNITED PARCEL SERVICE | UNIVERSITY OF NOTRE DAME | CITIGROUP WASHINGTON INC | AMERICAN WOOD COUNCIL | TUNICA BILOXI TRIBE OF LOUISIANA | EXXONMOBIL | STRIPE, INC. | BIONTECH US INC. | CHILDREN'S NATIONAL MEDICAL CENTER | CHILDHELP | FLOCK HOMES, INC. | AMERICA'S VETDOGS | CASE WESTERN RESERVE UNIVERSITY | NASCAR | A16Z CAPITAL MANAGEMENT FKA ANDREESSEN HOROWITZ | NATIONAL ALLIANCE TO END HOMELESSNESS | SUMMIT TECHNOLOGY CONSULTING GROUP, LLC D/B/A ALLOCORE | ARLO TECHNOLOGIES, INC. | GOOGLE CLIENT SERVICES | BLACKROCK FUNDS SERVICES GROUP LLC | THE BOEING COMPANY | ZERO - THE END OF PROSTATE CANCER | SEMINOLE TRIBE OF FLORIDA | BOWDOIN COLLEGE | SANDY HOOK PROMISE FOUNDATION | INTUIT, INC. AND AFFILIATES | OFFICE OF THE COMMISSIONER OF BASEBALL D/B/A MAJOR LEAGUE BASEBALL | ALLIED UNIVERSAL SECURITY SERVICES LLC | PAYCOM PAYROLL, LLC | ID.ME, LLC | BAKER HUGHES COMPANY | ZEROFOX, INC. | MAYER BROWN LLP OBO CIRCLE INTERNET FINANCIAL, INC. | ADOBE INC. | BEAUFORT REGIONAL CHAMBER OF COMMERCE | OCTAPHARMA USA, INC. | THE LEMOINE COMPANY, LLC | JBS USA FOOD COMPANY | IHEARTMEDIA, INC. | ADVANCED MICRO DEVICES, INC. | SCALE AI, INC. | US CHAMBER OF COMMERCE | THE CENTER FOR PLANNING EXCELLENCE, INC. | NATIONAL ASSOCIATION OF HOME BUILDERS | VETERANS GUARDIAN | MARAVAI INTERMEDIATE HOLDINGS, LLC | BANCFIRST | PHILLIPS 66 COMPANY | THE J.M. SMUCKER COMPANY | CLIMBING KITES LLC"
143861,EMILY,LAVERY,"Legislative Correspondent / Deputy Legislative Assistant, Legislative Assistant, Sen. Tim Scott (R-SC) // Staff Director, Senate Finance Subcommittee on Energy, Natural Resources, and Infrastructure",217,3,"FINANCIAL INDUSTRY REGULATORY AUTHORITY (""FINRA"") | DANAHER CORPORATION | U.S. CHAMBER OF COMMERCE | SOCIETY FOR HUMAN RESOURCE MANAGEMENT | SCOTT'S MIRACLE-GRO | PROMISED LAND OPPORTUNITY ZONE FUNDS | EQUITABLE HOUSING ACCESS PARTNERSHIP | RISEPOINT- FKA ACADEMIC PARTNERSHIPS | AUTOFLEX FLEET | DAILYPAY INC. | ALLIANCE OF NONPROFITS FOR INSURANCE, RRG | NETAPP, INC. | JOHNSON & JOHNSON SERVICES INC. | VIVA QQF MANAGEMENT, LLC | EQUIFAX INC. | THE BUSINESS ROUNDTABLE | STATE FARM | T-MOBILE USA, INC. | JPMORGAN CHASE HOLDINGS LLC | GOOGLE CLIENT SERVICES LLC | AIRBNB, INC. | THE DIGITAL CHAMBER | UNITED SERVICES AUTOMOBILE ASSOCIATION | FEDERAL HOME LOAN BANK OF SAN FRANCISCO | SAGA EDUCATION | NATIONAL MPS SOCIETY"
139835,BRYAN,WELLS,"Policy Advisor, Senator Pat Roberts",217,5,"MCKESSON CORPATION AND ITS AFFILIATE US ONCOLOGY (FORMERLY US ONCOLOGY) | THE MAX HENRY GROUP LLC DBA QUANTUM TECHNOLOGY | FRANKLIN CREDIT MANAGEMENT CORP. | BRAEBURN PHARMACEUTICALS, INC. | TRIMBLE NAVIGATION LIMITED | SCRIBEAMERICA | HENDERSON-COLUMBIA CORP. AND THE ESTATE OF WILBUR C. HENDERSON | MODERNATX, INC. | KYOWA KIRIN | ALTICOR, INC. | ANGELS FOR CHANGE | VERTICAL HEALTH SERVICES | INTUIT, INC. AND AFFILIATES | VERTEX PHARMACEUTICALS INCORPORATED | ANGEL STUDIOS | PRIME TRUST LLC | META PLATFORMS INC. | NATIONAL MINING ASSOCIATION | 1776 HEALTHCARE"
96834,JED,BHUTA,NC-11 Legislative Director; TN-08- Legislative Assistant; FL- Sen Staff Assistant,216,7,"EDISON ELECTRIC INSTITUTE | AMAZON WEB SERVICES, INC | PEDIATRIC NEURO-ONCOLOGY CONSORTIUM FOUNDATION | KALSHI, INC. | MASTERCARD, INC | EASTMAN CHEMICAL COMPANY | MILLER STRATEGIES, LLC ON BEHALF OF AMAZON WEB SERVICES, INC. | SOUTHERN COMPANY SERVICES, INC | K&L GATES ON BEHALF OF ANSYS, INC. | GENERAL MOTORS COMPANY | AQUIA GROUP ON BEHALF OF ANTHROPIC, PBC | LINCOLN PARK GROUP O/B/O RIPCORD, INC. | BIRCH CREEK DEVELOPMENT | RYAN LLC | USAFACTS | K&L GATES O/B/O CLARK STREET ASSOCIATES O/B/O LATTICE SEMICONDUCTOR | ALVA ELLIOT PARTNERS ON BEHALF OF GOOD DAY FARM LLC | EDGE CREEK PARTNERS ON BEHALF OF MET HOLDING AG | K&L GATES ON BEHALF OF ASTRANIS SPACE TECHNOLOGY CORPORATION | LINCOLN PARK GROUP ON BEHALF OF CITY OF PALMDALE | OCEANTHERM USA | MILLER STRATEGIES, LLC ON BEHALF OF OAK VIEW GROUP, LLC | SENTINEL MIDSTREAM LLC | ASTRANIS SPACE TECHNOLOGY CORPORATION"
141323,DANIEL,ZIEGLER,"Executive Director, Republican Study Committee; Legislative Director for Rep Doug Lamborn",214,2,"ROCHESTER TAILORED CLOTHING, INC. | DAVIDSON INSTITUTE FOR TALENT DEVELOPMENT | INVEST IN EDUCATION COALITION | FEDERATION OF EXCHANGE ACCOMODATORS, INC. | SANOFI, U.S. | EAST WEST CENTER | ELLIOTT MANAGEMENT | AMERICAN PROPERTY CASUALTY INSURANCE ASSOCIATION | CONSUMER BRANDS ASSOCIATION | SUPIMA | PAULSON & CO. INC. | INDIVIOR, INC. | IPI ACTION FUND | EPC POWER | THE VANGUARD GROUP, INC. | PFIZER | TOM JAMES COMPANY | ELI LILLY & COMPANY | JOSEPH ABBOUD MANUFACTURING CORP (FKA J.A. APPAREL CORP) | BUSINESS ROUNDTABLE | U.S. HEMP ROUNDTABLE | COLORADO NONPROFIT DEVELOPMENT CENTER ON BEHALF OF ONE CHANCE TO GROW UP | W DIAMOND GROUP CORPORATION | JPMORGAN CHASE HOLDINGS, LLC | ABBVIE, INC. | NOVOCURE INC. | OWENS & MINOR, INC. | PHRMA | BLOOM ENERGY | HILLSDALE COLLEGE | AMERICAN AIRLINES, INC. | YOTTA TECHNOLOGIES | FORD MOTOR COMPANY | UNISON SOFTWARE, INC. | CUBE YADKIN GENERATION, LLC | MIOTAL | AMGEN, INC. | NEW ENGLAND SHIRT CO | GCOM SOFTWARE LLC D/B/A VOYATEK | VISA | MERCK & CO INC | NOVO NORDISK INC. | ZOETIS | SMA SOLAR TECHNOLOGY AG | ELEVANCE HEALTH, INC. (FORMERLY REPORTED AS ANTHEM, INC.) | NATIONAL COALITION FOR ACCESS TO AUTISM SERVICES (NCAAS) | NEWS MEDIA ALLIANCE | SALLIE MAE BANK | I SQUARED CAPITAL ADVISORS (US) LLC | ISLAND CAPITAL PARTNERS, LTD | NORFOLK SOUTHERN CORPORATION | HONOLULU AUTH. FOR RAPID TRNS. (PREVIOUSLY KNOWN AS INFRACONSULT, LLC.) | COUPANG, INC. | US GUATEMALA BUSINESS COUNCIL | TE CONNECTIVITY, INC. | EXIGER | THE INTERNET & TELEVISION ASSN (FORMERLY NTL CABLE & TELECOMMUNICATIONS ASSN) | BUHLER QUALITY YARNS CORPORATION | HAMILTON SHIRTS, LTD. | MAUS & HOFFMAN | AMERICAN COUNCIL OF LIFE INSURERS"
67714,SARAH,EGGE,"1998-2000 Legislative Assistant to Senator Bob Kerrey; 2001-2012 Senior Budget Analyst for Senate Budget Committee (Kent Conrad); Fall 2011, Deputy Staff Director, Joint Select Committee on Deficit Reduction",214,15,"CHIESI USA, INC. | THE PERMANENTE FEDERATION | ADVANCED CARE AT HOME (ACH) COALITION | AMRYT PHARMA | BRISTOL-MYERS SQUIBB | CARIS SCIENCE INC | ALNYLAM PHARMACEUTICALS, INC. | UNITED STATES OF CARE CAMPAIGN | NATIONAL ASSOCIATION OF COMMUNITY HEALTH CENTERS | CSL BEHRING LLC | UNITEDHEALTH GROUP | BIPARTISAN POLICY CENTER ACTION | AMERICAN ACADEMY OF FAMILY PHYSICIANS | AMERICA'S PHYSICIAN GROUPS | ANHEUSER-BUSCH COMPANIES | AMERICAN KIDNEY FUND | ALKERMES, INC. | JOHNSON & JOHNSON SERVICES, INC."
64756,MATT,WEINSTEIN,"Legislative Director to Rep Byrne, Sr LA to Rep Bonner, LA to Rep Rogers",214,1,"BASCOM HUNTER TECHNOLOGIES, INC. | LEONARDO ELECTRONICS US INC. | AURA TECHNOLOGIES, INC. | BOLLINGER SHIPYARDS, LLC | TARGET HOSPITALITY | K2 SPACE CORPORATION | AVALANCHE, INC. | NATIONAL DEFENSE CORPORATION | GENERAL DYNAMICS | NUCLEAR ENERGY INSTITUTE | PERSISTENT SYSTEMS, LLC | BAYLOR UNIVERSITY | L3 HARRIS (FORMERLY L-3 TECHNOLOGIES) | AUTOCAR LLC | ATLAS DEVICES | CONSORTIUM MANAGEMENT GROUP | PALO ALTO NETWORKS, INC. | HUNT COMPANIES, INC. | EPIRUS, INC. | TEXTRON INC. | MEZZO TECHNOLOGIES | MP MATERIALS | MCM TECHNOLOGY, LLC | AGY HOLDING CORPORATION | POARCH BAND OF CREEK INDIANS | KRATOS DEFENSE & SECURITY SOLUTION, INC. | CESIUMASTRO, INC. | RAYTHEON TECHNOLOGIES CORPORATION | ALMONTY INDUSTRIES | AECOM | LEIDOS | CURTISS-WRIGHT CORPORATION"
137692,MARK,COPELAND,"Senior Policy Advisor, Senator Tammy Duckworth; Legislative Director, Congressman Mark DeSaulnier; and Legislative Director, Congressman Tim Bishop.",214,3,"CHARLESTON COUNTY AVIATION AUTHORITY | FORD MOTOR COMPANY | SPIRE ENERGY | CITY OF CALUMET CITY | ASSOCIATION OF EQUIPMENT MANUFACTURERS | QUALCOMM INCORPORATED | BENTLEY SYSTEMS | U.S. CHAMBER OF COMMERCE | RAILS-TO-TRAILS CONSERVANCY | NEXTNAV | CITY OF LUBBOCK, TEXAS ON BEHALF OF LUBBOCK PRESTON SMITH INTERNATIONAL AIRPORT | GENERAL AVIATION MANUFACTURERS ASSOCIATION | AUTOMOTIVE COALITION FOR TRAFFIC SAFETY | AMERICAN TRUCKING ASSOCIATIONS | IONTRA | ENVIRI CORPORATION (FORMERLY HARSCO CORPORATION) | COMMERCIAL VEHICLE TRAINING ASSOCIATION | CONCRETE MASONRY AND HARDSCAPES ASSOCIATION (FORMERLY NAT'L CONCRETEMASONRYASSN) | SOUTHWEST AIRLINES | FLUOR CORPORATION | AMERICAN CEMENT ASSOCIATION (FORMERLY PORTLAND CEMENT ASSOCIATION) | 5G AUTOMOTIVE ASSOCIATION E.V."
72039,MILAN,DALAL,"Staff Dir., Senate Banking Subcom on Securities, Insurance, and Investments; Staff Dir., Senate Banking Subcom on National Security, International Trade, and Finance; Senior Economic Advisor, Sen. Mark Warner; Legislative Dir, Rep. Gregory Meeks",214,2,"HINDU AMERICAN FOUNDATION | POLYGON LABS SERVICES (SWITZERLAND) AG | OPPORTUNITY FINANCIAL | COINBASE, INC. | BITWISE ASSET MANAGEMENT | FINANCIAL TECHNOLOGY ASSOCIATION | AMERICAN ENDOWMENT FOUNDATION | PROOF OF STAKE ALLIANCE | COUNCIL FOR INVESTOR RIGHTS AND CORPORATE ACCOUNTABILITY, INC. | REPUBLIC CONSULTING, LLC ON BEHALF OF WORKIVA | ALTERNATIVE INVESTMENT MANAGEMENT ASSOCIATION | REN ACQUISITION COMPANY LLC | BUILD OUR WAY OUT ADVOCACY INC. | IEX GROUP, INC. | XTX MARKETS LLC (AMERICAS) | FORTIFI FINANCIAL, INC. | INTERNATIONAL LEGAL FINANCE ASSOCIATION | S-3 GROUP O/B/O COUNCIL FOR INVESTOR RIGHTS AND CORPORATE ACCOUNTABILITY, INC. | FEDERAL HOME LOAN BANK OF ATLANTA | GRASS OPCO LTD. | PLAID INC. | REPUBLIC CONSULTING, LLC ON BEHALF OF MORTGAGE BANKERS ASSOCIATION | MAXWELL FINANCIAL LABS, INC. | BLUEVINE INC. | NATIONAL ASSOCIATION OF CONVENIENCE STORES (NACS) | PARADIGM OPERATIONS LP | POINTSTATE CAPITAL LP | NAVIENT SOLUTIONS, LLC | DYNAMOFL, INC. | INSTITUTIONAL SHAREHOLDER SERVICES INC. (ISS) | URVIN FINANCE"
99008,DANA,GRESHAM,"Chief of Staff, Senator Doug Jones",213,1,"AMAZON WEB SERVICES | MANUFACTURED HOUSING INSTITUTE | MOSS & ASSOCIATES, LLC | META PLATFORMS, INC. | AMERICAN TRAILER MANUFACTURERS COALITION | B.S.D. CAPITAL, INC. DBA LENDISTRY | SHELL USA, INC. | BOXING OPCO, LLC | COMMERCIAL METALS COMPANY | VERIZON COMMUNICATIONS INC | ZILLOW GROUP, INC. | SH ADVISORS, LLC DBA SITUS HAWK | DUKE ENERGY BUSINESS SERVICES LLC | MASTER SOLUTIONS, LLC OBO BIRMINGHAM JEFFERSON COUNTY TRANSIT AUTHORITY (BJCTA) | HCBS ADVOCACY, LLC | ROCK CENTRAL | TYSON SHARED SERVICES, INC. | US CHASSIS MANUFACTURERS COALITION (UCMC) | AMERICAN WOOD COUNCIL | CENTURY ALUMINUM | ROCKET LIMITED PARTNERSHIP | METROPOLITAN LIFE INSURANCE COMPANY | FEDERAL HOME LOAN BANK OF NEW YORK (FHLBNY) | 2U, INC. | RED ROCK BIOFUELS, LLC | PIPELINE HEALTH SYSTEM | CLIMAVISION OPERATING, LLC | LSP GENERATION IV, LLC | JOHNSON MATTHEY, INC. | MARK FOODS LLC | FLUENCE ENERGY, LLC | EMERSON ELECTRIC CO. | PWC US GROUP LLP | EVGO SERVICES LLC"
142911,KELLI,BRIGGS,"Chief of Staff, Rep. Pat Tiberi; DC Chief of Staff, Rep. Tiberi; Deputy Chief of Staff, Rep. Tiberi; Legislative Director, Rep. Tiberi; Legislative Assistant, Rep. Tiberi; and Staff Assistant, Rep. Tiberi",212,5,"INSP | DANDELION ENERGY | SKYRYSE | CONSCIOUS CONTENT MEDIA INC. | NORFOLK SOUTHERN CORPORATION | SES AMERICOM INC. | SPARACINO PLLC | CVS HEALTH | RELX INC. | TELEVISION OPERATORS CAUCUS (TOC) | COLUMBUS PARTNERSHIP | FUNDPLAY FOUNDATION | KELLER POSTMAN LLC | CRUISE LLC | PLAY SPORTS COALITION | MEDITERRANEAN SHIPPING COMPANY (USA) INC. | RIVIAN AUTOMOTIVE LLC | U.S. TRAVEL ASSOCIATION | ALLIANCE TO PROTECT NANTUCKET SOUND | HEARST TELEVISION INC. | INTEL CORPORATION | GOLDEN STATE MEDICAL SUPPLY, INC. | HEROIC HEARTS PROJECT | TENASKA, INC. | CHEF ANN FOUNDATION | COALITION FOR APP FAIRNESS | SAMSARA INC. | AIR PRODUCTS AND CHEMICALS, INC. | AIRPORTS COUNCIL INTERNATIONAL - NORTH AMERICA | NATIONAL LIFELINE ASSOCIATION | AXON ENTERPRISE | CAMSTON WRATHER LLC | CISCO SYSTEMS | NATIONAL ASSOCIATION OF ENERGY SERVICE COMPANIES (NAESCO) | BURFORD CAPITAL LLC | METROPOLITAN NEW YORK COORDINATING COUNCIL ON JEWISH POVERTY | NATIONAL ASSOCIATION OF BROADCASTERS | CITY OF COMMERCE CITY | POTOMAC HOLDINGS, LLC | RAVEN | ATNI | ORACLE AMERICA, INC. | WIGGINS CHILDS PANTAZIS FISHER GOLDFARB | DALLAS FORT WORTH INTERNATIONAL AIRPORT | TRANSPORTATION RESEARCH CENTER"
67864,CHRISTIAN,MORGAN,Chief of Staff - Rep Wagner,212,11,"HUSCH BLACKWELL ON BEHALF OF THE FABIUS RIVER DRAINAGE DISTRICT | SES AMERICOM INC. | ARGENTUM | VERU, INC. | FIVE RIVERS CONSERVATION GROUP LLC | JE DUNN CONSTRUCTION | CAN MANUFACTURERS INSTITUTE | HUSCH BLACKWELL LLP ON BEHALF OF MONARCH-CHESTERFIELD LEVEE DISTRICT | ADVANCED THERMOVOLTAIC SYSTEMS INC. (FORMERLY BERKEN ENERGY LLC) | PROMONTORY 150 LLC | NATIONAL CHILDREN'S ALLIANCE | THE UNIVERSITY OF MISSOURI SYSTEM | A3 GLOBAL, INC. | GENESIS SYSTEMS, LLC | CURTIS, MALLET-PREVOST, COLT & MOSLE LLP (ON BEHALF OF SILGAN CONTAINERS) | HUSCH BLACKWELL ON BEHALF OF THE SNY ISLAND LEVEE DRAINAGE DISTRICT | UNIVERSITY OF HOUSTON | MISSOURI STATE UNIVERSITY | FIRST COMMAND FINANCIAL SERVICES | CENTER ROAD SOLUTIONS, LLC | BAYER U.S. LLC | AT&T, INC."
64381,DEVON,SEIBERT-BAILEY,Cong. David McKinley,212,5,"ST. JOSEPH MEMORIAL HOSPITAL | ST. JOHN'S COLLEGE OF NURSING | CENTURA HEALTH | GAYLORD HOSPITAL | HACKENSACK MERIDIAN HEALTH | ALABAMA ORGAN CENTER | MEMORIAL REGIONAL HEALTH | OCHSNER HEALTH SYSTEM | BENEFIS HEALTH SYSTEM | PROMEDICA HEALTH SYSTEM | PARKVIEW HEALTH SYSTEM | MID-AMERICA TRANSPLANT | DONOR NETWORK WEST | OSF HEALTHCARE SYSTEM | SKYLINE HOSPITAL | PULLMAN REGIONAL HOSPITAL | SOUTHWEST TRANSPLANT ALLLIANCE | UNIVERSITY OF KANSAS HOSPITAL AUTHORITY | HARDIN MEMORIAL HOSPITAL | SHEPHERD CENTER | RIDGECREST REGIONAL HOSPITAL | THE QUEEN'S HEALTH SYSTEMS | PARAGONIX TECHNOLOGIES | BAPTIST HEALTHCARE SYSTEM | CRAIG HOSPITAL | LAFAYETTE REGIONAL HEALTH CENTER | ST. CROIX REGIONAL MEDICAL CENTER | LINCOLN HEALTH | METHODIST LE BONHEUR HEALTHCARE | TRI-STATE MEMORIAL | OSCEOLA MEDICAL CENTER | ROANE GENERAL HOSPITAL | PIEDMONT HEALTHCARE | OUR LEGACY FLORIDA | LOPA | CENTRACARE HEALTH SYSTEM | ALICE PECK DAY MEMORIAL HOSPITAL | CONTINUING CARE HOSPITAL | TRINITY HEALTH | SILVER BIRCH LIVING, LLC | MOTHER FRANCES HOSPITAL | PRESBYTERIAN HEALTH PLAN | UNION GENERAL HOSPITAL | HEALTHLINX | SELBY GENERAL HOSPITAL | BINGHAM MEMORIAL HOSPITAL | NORTH SUNFLOWER MEDICAL CENTER | NATIONAL ALLIANCE FOR NURSING EDUCATION (NANE) | HENRY FORD HEALTH SYSTEM | COMMUNITY MEMORIAL HOSPITAL | MASSAC MEMORIAL HOSPITAL | GRITMAN MEDICAL CENTER | AULTMAN HOSPITAL | MARGARET ROLLINS SCHOOL OF NURSING | KETTERING COLLEGE | GREATER REGIONAL MEDICAL CENTER | HOWARD MEMORIAL HOSPITAL | LEGACY HEALTH"
121847,CLIFTON,WILLIAMS,"District Director, Congresswoman Marcia L. Fudge",212,6,"CUYAHOGA LAND BANK | CLEVELAND LD, LLC | BURTEN, BELL, CARR DEVELOPMENT INC. | JACKSON STATE UNIVERSITY | NJOY | THE MILLENNIA COMPANIES | LORAIN CITY SCHOOL DISTRICT | UNITED BLACK FUND | IDEMIA | HOPE ENTERPRISE CORPORATION | CITY OF GARY | CITY OF ELKHART | FORT HARRISON REUSE AUTHORITY | NETLOGX | ST. BERNARD PORT, HARBOR AND TERMINAL DISTRICT | KNOWLEDGE SERVICES | SHERWIN WILLIAMS | WOOLPERT | RANKIN HINDS PEARL RIVER FLOOD & DRAINAGE CONTROL DISTRICT | NORTH AMERICAN MIDWAY ENTERTAINMENT | JACKSON REDEVELOPMENT AUTHORITY | UNIVERSITY HOSPITALS | DELTA REGIONAL AUTHORITY"
100796,ERIC,SNELGROVE,Former professional staff member with the House Armed Services Committee.,211,12,OVERLAND AI | WIRESCREEN | INTEGRATE SPACE CORPORATION | SOLESTIAL | MANIFEST CYBER | HEDRON SPACE INC. | ELROY AIR | VECTOR DEFENSE | CORRIDIAN | ALBEDO SPACE CORP. | EUDIA | PSIQUANTUM | NOMINAL | CLARIFAI INC. | WHISPER AERO INC. | CONDUCTOR AI | ACCION SYSTEMS | MERCURY SYSTEMS INC. | VANNEVAR LABS | NOOKS | GENERAL INTUITION FEDERAL | ANTARES INDUSTRIES | OBVIANT | DIVERGENT TECHNOLOGIES INC. | NATIONAL STEM TALENT INITIATIVE | WEBAI INC. | GENEINFOSEC | MODERN INTELLIGENCE INC. | PICOGRID | JAMA SOFTWARE
37173,KARINA,LYNCH,"Staff, Senate Special Committee on Aging; Staff, Senate Committee on Government Affairs; Senate Committees on Aging and Gov. Affairs",211,5,"AMGEN, INC. | ADVANCED MEDICAL TECHNOLOGY ASSOCIATION (ADVAMED) | IOWA CONFLUENCE WATER TRAILS (FORMERLY CENTRAL IOWA WATER TRAILS) | ELEVANCE HEALTH, INC. (FORMERLY REPORTED AS ANTHEM, INC.) | THE GREAT OUTDOORS FOUNDATION | SOLVD HEALTH | NOVO NORDISK INC. | ZOETIS | NATIONAL ASSOCIATION OF REHABILITATION PROVIDERS AND AGENCIES | AMERICAN ACADEMY OF EMERGENCY MEDICINE (AAEM) | PHRMA | AMERICAN AIRLINES, INC. | LIFESCIENCE LOGISTICS | ELI LILLY & COMPANY | RESEARCH SOCIETY ON ALCOHOL (FORMERLY KNOWNS AS RESEARCH SOCIETY ON ALCOHOLISM) | WISCONSIN PHYSICIANS SERVICE INSURANCE CORPORATION (DBA WPS HEALTH SOLUTIONS) | IRHYTHM TECHNOLOGIES | SANOFI, U.S. | PLASMA PROTEIN THERAPEUTICS ASSOCIATION | INDIVIOR, INC. | ORGANON | THE JED FOUNDATION | RAYNER | DR. EMIL KAKKIS | NEWS MEDIA ALLIANCE | BAYER CORPORATION | MT PHARMA AMERICA, INC. | PFIZER | VERTEX PHARMACEUTICALS INCORPORATED"
71300,ERIN,NEAL,Sen. Bill Nelson,209,17,"THE TOMORROW COMPANIES, INC. | RAGNAROK INDUSTRIES | EXPLORATION LABORATORIES LLC, AKA EXLABS | AD ASTRA ROCKET COMPANY | OCEAN INFINITY-AMERICA | FATHOM TANKS | ASTRANIS SPACE TECHNOLOGIES CORP. | NEXA CAPITAL PARTNERS | L3 HARRIS TECHNOLOGIES, INC. | SAVIT | ATLAS SPACE OPERATIONS | ASTROSCALE U.S. INC. | INNOVATIVE ROCKET TECHNOLOGIES INC. (IROCKET) | EARTH OBSERVANT INC. | SCIENCE APPLICATIONS INTERNATIONAL CORPORATION | LIGADO NETWORKS | NEXTGEN AERONAUTICS, INC. | SPARC RESEARCH | UMBRA LAB, INC. | COGNITIVE SPACE | NORTH VALLEY MILITARY INSTITUTE, NVMI | SPACE KINETIC | ASTRA SPACE OPERATIONS, INC. | GRID.AERO | TRL11 | ENSEMBLE GOVERNMENT SERVICES, LLC | QUESTAR CONCEPTS, LLC | INNOVEERING, LLC | EXQUADRUM | ASSURED SPACE ACCESS, INC."
73447,RALPH,HELLMANN,"Leg Assist US House, Leg Director US House, Policy Analyst RSC, Policy Director Whip Office, Policy Director Speaker, Business Liaison Small Business Administration",209,3,"NANTWORKS, LLC | DROPBOX | TOYOTA | SPOTIFY | SANCTUARY SYSTEMS | AURORA INNOVATION, INC. | CONSUMER TECHNOLOGY ASSOCIATION | ETSY, INC. | SILICON VALLEY TAX DIRECTORS GROUP | BOOKING HOLDINGS | NATIONAL ASSOCIATION OF HOME BUILDERS | AARP | SYNOPSYS | YAHOO INC, AND VAR. SUBS/AFFILIATES (FKA COLLEGE PARENT, L.P. DBA ""YAHOO"") | ANTI-DEFAMATION LEAGUE (ADL) | CHARTER BROKERAGE | NEUROLOGICAL SURGERY, PC | INTEL CORP"
142229,RYAN,DATTILO,"Counsel, House Judiciary Committee, Regulatory Reform, Commercial and Antitrust Law Subcommittee (2017-2018) Senior Counsel, Senate Judiciary Committee (2018-2019) Chief Counsel for Antitrust and Bankruptcy, Senate Judiciary (2019 -2021)",208,3,"COMCAST CORPORATION | SHIFT 5 | ANTHROPIC, PBC | UNSTRUCTURED TECHNOLOGIES INC. | NATIONAL ASSOCIATION OF FEDERAL EQUITY RECEIVERS (NAFER) | SOUTHERN COMPANY SERVICES, INC. | VISIONARY SOLUTIONS | THE WHITE LINE | EDGERUNNER AI, INC | LILT | CHAOS INDUSTRIES | NATIONAL ASSOCIATION OF BANKRUPTCY TRUSTEES | VULCAN MATERIALS COMPANY | IMBUE | ALLTRACK | VENUS AEROSPACE | BELL LEGAL GROUP | FANDUEL | TOWER19 ON BEHALF OF USAFACTS | FATHOM | HOWARD ENERGY PARTNERS | AMAZON WEB SERVICES | QUASISTATICS INC. | KRAUS HAMDANI AEROSPACE | DIGITAL ASSET (US) CORP | HIGH EARTH ORBIT ROBOTICS PTY LTD"
139925,JOSEFINA,PRESCOTT,"Counselor, Department of Health and Human Services // LD/Dep. Chief of Staff, Rep. Steven Horsford (D-NV-04) // Leg. Assistant, Sen. Tammy Duckworth (D-IL) // Leg. Assistant, Rep. Tammy Duckworth (D-IL-09) // Leg. Aide, Sen. Richard Durbin (D-IL)",208,7,"THE LACTATION NETWORK LLC | DAILYPAY INC. | INTERSECTIONS OF OUR LIVES | HOTWIRE COMMUNICATIONS, LTD. | AMERICA'S HEALTH INSURANCE PLANS (AHIP) | SCOTT'S MIRACLE-GRO | BLACK VETERANS EMPOWERMENT COUNCIL AND MISSION UPLIFT | NATIONAL ASIAN PACIFIC AMERICAN WOMENS FORUM | SHIFT5 | QUALTRICS INTERNATIONAL INC. (FORMERLY KNOWN AS QUALTRICS LLC) | JPMORGAN CHASE HOLDINGS LLC | US AGAINST ALZHEIMERS | IN OUR OWN VOICE: NATIONAL BLACK WOMEN'S REPRODUCTIVE JUSTICE AGENDA | MARCH OF DIMES INC. | FRESENIUS MEDICAL CARE HOLDINGS, INC. | WESTERN CONSERVATION ACTION | CAMBRIDGE BOXHILL LANGUAGE ASSESSMENT PTY LTD AS TRUSTEE FOR THE CAMBRIDGE BOXHI | VITAL SALUD | CAPITOL BRIDGE LLC | CVS HEALTH (AND SUBSIDIARIES) | JOHNSON & JOHNSON SERVICES INC. | CSL BEHRING | RISEPOINT- FKA ACADEMIC PARTNERSHIPS | FEDERAL HOME LOAN BANK OF SAN FRANCISCO | NATIONAL MPS SOCIETY | DANAHER CORPORATION | REPRODUCTIVE FREEDOM FOR ALL"
68397,LUDMILLA,KASULKE (NEE SAVELIEFF),"2003- Intern Sen. DeWine; Jan. 06-May 06: Intern, WH Council on Environ. Quality; May 06-April 07: Ex. Assist., Chairman, WH Council on Environmental Quality; April 07-Jan. 09: Special Assist., Chairman, WH Council on Environmental Quality",207,1,"NISSAN NORTH AMERICA, INC. | PBI-GORDON COMPANIES | JBT MAREL CORPORATION | TEADIT GROUP | GLOBAL ELECTRONICS ASSOCIATION, FORMERLY KNOWN AND REPORTED AS IPC | KTM NORTH AMERICA, INC. | CINTAS CORPORATION | NLMK PENNSYLVANIA | THE LUBRIZOL CORPORATION | CONSORCIO AZUCARERO DE EMPRESAS INDUSTRIALES (CAEI) | SK AMERICAS, INC. | BUNGE NORTH AMERICA, INC. | SAMBAZON, INC | ZIPPO MANUFACTURING COMPANY | VERTIV GROUP CORPORATION | TUNGSTEN MINING NL | UNITED STATES COUNCIL FOR INTERNATIONAL BUSINESS | HD HYUNDAI ELECTRIC CO. LTD. | HEINEKEN USA | LASSONDE PAPPAS AND COMPANY, INC. | FULGENT SUN FOOTWEAR CO. LTD | NASSCOM (NATIONAL ASSOCIATION OF SOFTWARE AND SERVICE COMPANIES) | TEIJIN ARAMID USA INC | AMERICAN CONSERVATION COALITION ACTION | CMA CGM (AMERICA) LLC/ADVOCACY | SK HYNIX AMERICA, INC. | MARS INCORPORATED | HEXION, INC. | STATE STREET STRATEGIES (DBA ONE+ STRATEGIES) OBO VIVEK SHARMA | KIA CORPORATION (FORMERLY KNOWN AS KIA MOTORS CORPORATION) | CHASE CORPORATION | ZIROCA INC. | AUTOS DRIVE AMERICA | JABIL, INC. | CRRC SIFANG AMERICA INCORPORATED | VIEGA LLC | BARTLETT MARITIME CORP. | MATCH GROUP | GEMMY INDUSTRIES | BECTON, DICKINSON AND COMPANY"
141547,DAVID,MARTEN,"Legislative Director, Sen. Maria Cantwell; Legislative Assistant, Sen. MariaCantwell; Legislative Assistant, Rep. Denny Heck; Legislative Correspondent, Rep. Denny Heck.",207,5,"ZEROAVIA | RESOURCE PUBLIC AFFAIRS (ON BEHALF OF SUPPLY BUILD CANADA) | GONZAGA UNIVERSITY | PORT OF SEATTLE | BABCOCK & WILCOX ENTERPRISES, INC. | CHELAN DOUGLAS REGIONAL PORT AUTHORITY | NEXTEON TECHNOLOGIES | UNITED STATES TOUR OPERATORS ASSOCIATION | AECOM TECHNICAL SERVICES, INC. | SPOKANE AIRPORT BOARD | OFFSHORE MARINE SERVICES ASSOCIATION | SOLAMERICA ENERGY | CENTRAL PUGET SOUND REGIONAL TRANSIT | CITY OF MOSES LAKE | PORT OF EDMONDS | MICROSOFT CORPORATION | WASHINGTON STATE DEPARTMENT OF FISH AND WILDLIFE | THE NORTHWEST SEAPORT ALLIANCE | MARATHON PETROLEUM CORPORATION | THE GORDIAN GROUP, LLC | INTERNATIONAL WAREHOUSE LOGISTICS ASSOCIATION | ALASKA INDUSTRIAL DEVELOPMENT AND EXPORT AUTHORITY | CIRRUS DESIGN CORPORATION"
67679,JEFFREY,WIENER,"LA, US Senate",207,23,"PHIBRO ANIMAL HEALTH CORPORATION | POLESTAR PERFORMANCE AB | AMERICAN SUNTANNING ASSOCIATION | YSLETA DEL SUR PUEBLO TRIBE | C6 STRATEGIES, LLC ON BEHALF OF REVEAL TECHNOLOGY, INC. | NATIONAL PORK PRODUCERS COUNCIL | THE WINE AND SPIRITS WHOLESALERS OF AMERICA | HOUGHTON MAIN STREET FOUNDATION | HURON CONSULTING SERVICES, LLC. | MAHER & ASSOCIATES, LLC, DBA MAHER ADVANCED MANUFACTURING | 3D SYSTEMS CORPORATION | LUPIN, INC. | BIOMEME, INC. | DISRUPTIVE BEVERAGE, INC. (DBA NOWADAYS) | NOOSPHERE VENTURES, LP | AMERICAN POSTAL WORKERS UNION, AFL-CIO | INNOVAS INDIANA, LLC | PRESERVATION TECHNOLOGIES, L.P. | RAFA LABORATORIES, LTD | GEORGIA PUBLIC AFFAIRS ON BEHALF OF FULTON COUNTY, GEORGIA | VALNEVA AUSTRIA GMBH"
67394,WILLIAM,FOX,"House Transportation Committee, Legislative Assistant",206,12,"CJ LAKE, LLC (ON BEHALF OF CITY OF THORNTON) | OUTDOOR AMUSEMENT BUSINESS ASSOCIATION | NATIONAL MILK PRODUCERS FEDERATION | ZURN ELKAY WATER SOLUTIONS | CAN MANUFACTURERS INSTITUTE | MOTORCYCLE RIDERS FOUNDATION | DIAMOND PET FOODS INC. | CJ LAKE, LLC (ON BEHALF OF COUNTY OF MERCED) | BUILD AMERICA MUTUAL | WPC TECHNOLOGIES | SAN JOAQUIN VALLEY AIR POLLUTION CONTROL DISTRICT | EVERGY FORMERLY KANSAS CITY POWER AND LIGHT COMPANY | CJ LAKE, LLC (ON BEHALF OF SAN JOAQUIN COUNCIL OF GOVERNMENTS) | ALAMEDA COUNTY TRANSPORTATION COMMISSION | COUNTY OF MERCED | LATHROP & GAGE ON BEHALF OF BRIDGETON LANDFILL LLC AND ROCK ROAD INDUSTRIES I | CJ LAKE, LLC (ON BEHALF OF FRESNO COMMUNITY HOSPITAL AND MEDICAL CENTER) | CJ LAKE, LLC (ON BEHALF OF MARCH JOINT POWERS AUTHORITY) | CJ LAKE, LLC (ON BEHALF OF BAY AREA RAPID TRANSIT DISTRICT) | CJ LAKE, LLC (ON BEHALF OF ALAMEDA COUNTY TRANSPORTATION COMMISSION) | RDP (FORMERLY VENTURA COUNTY COMMUNITY - NAVY ACTION PARTNERSHIP) | CURTIS, MALLET-PREVOST, COLT & MOSLE LLP (ON BEHALF OF SILGAN CONTAINERS) | TRANSITAMERICA SERVICES | CJ LAKE, LLC (ON BEHALF OF VENTURA COUNTY COMMUNITY-NAVY ACTION PARTNERSHIP) | CJ LAKE, LLC (ON BEHALF OF COUNTY OF ALAMEDA, CALIFORNIA) | CJ LAKE, LLC (ON BEHALF OF SAN JOAQUIN VALLEY AIR POLLUTION CONTROL DISTRICT) | CJ LAKE, LLC (ON BEHALF OF CALIFORNIA STATE SENATE) | GREAT LAKES DREDGE & DOCK COMPANY, LLC"
71540,CHRISTOPHER,MINAKOWSKI,"LD, Rep. Dana Rohrabacher",206,12,"METALS AFFORDABILITY INITIATIVE ASSOCIATION | CALIFORNIA FOREVER LP | THE SUMMIT GROUP DBA ALLOCORE | ATLAS ENERGY | GKN AEROSPACE | AMERICAN RHEINMETALL SYSTEMS, LLC | MATERION BRUSH INC. | COMPOTECH, INC. | NOBELCLAD US MANUFACTURING | RS TECHNOLOGIES INC. | AXON ENTERPRISE INC. | BABINGTON TECHNOLOGIES, LLC | GECKO ROBOTICS | NOVEON MAGNETICS, INC | ECO WASTE SOLUTIONS | ELEVANCE HEALTH, INC. | SOLAR STIK DBA SENERGY POWER SOLUTIONS | GLOBAL TUNGSTEN & POWDERS | ADAPTIVE SURFACE TECHNOLOGIES, INC. | BIOLARGO, INC | KODIAK ROBOTICS | NATURES TOOLBOX, INC. | WORLD FUEL (FKA WORLD FUEL SERVICES) | META LOGIC CORPORATION | AMERICAN PACIFIC | MASON HARRIMAN GROUP | GLOBAL ADVANCED METALS | ROBOTIC RESEARCH"
68891,EDUARDO,ZAPIEN,Chief of Staff to US Senator Robert Menendez 2003-2008; National Outreach Director for the House Democratic Caucus (2002-2003),206,3,"NORTH AMERICAN INTERPIPE | ALVOGEN, PHARMA US, INC. | LOUISIANA ENERGY SERVICES | HAWKEYE 360 | GRIFOLS SHARED SERVICES NORTH AMERICA, INC. | MERCEDES-BENZ USA, LLC | CANADIAN SOLAR INC. | POPULUS FINANCIAL GROUP | BOOKING HOLDINGS INC. | THE VINYL INSTITUTE, INC. | UNITED STATES STEEL CORPORATION | ANSCHUTZ ENTERTAINMENT GROUP INC. | GAVILON FERTILIZER LLC | AMERICAS MINING CORPORATION | SILVER POINT CAPITAL | BAM TRADING SERVICES, INC./BINANCE.US | AMERICAN PAKISTANI PUBLIC AFFAIRS COMMITTEE | INHANCE TECHNOLOGIES LLC | LG ENERGY SOLUTION, LTD. | M S INTERNATIONAL | MAIN STREET SPORTS GROUP DBA FANDUEL SPORTS NETWORK | NEXA TECHNOLOGIES | CARDONE INDUSTRIES INC. | BINANCE HOLDINGS LIMITED | TOPS MARKETS LLC | COMPUTER & COMMUNICATIONS INDUSTRY ASSOCIATION | WALMART INC | TPG | SKYWATER TECHNOLOGY FOUNDRY | FC COMPASSUS, LLC | NOZAN JAAFAR MUSTAFA AND SHEIKH JAAFAR MUSTAFA | HELIENE INC. | KAMEHAMEHA SCHOOLS"
143703,CHRISTOPHER,SWEET,"Deputy Chief of Staff, Legislative Director - Congressman Mario Diaz-Balart",205,5,"ENGLAND ECONOMIC AND INDUSTRIAL DEVELOPMENT DISTRICT | RACETRAC, INC. | RADIANT NUCLEAR | SHIPPERS COALITION | BEACON INDUSTRIES LLC | SOUTHERN AIRWAYS EXPRESS | NEW YORK BUILDING CONGRESS (NYBC) | POWEREX CORP. | GRAYSTREET MANAGEMENT SERVICES LLC DBA GRAY STREET PARTNERS | DREAMFACTORY.COM | HILL EAST GROUP LLC ON BEHALF OF IDEMIA IDENTITY & SECURITY USA LLC | CREI HOLDINGS LLC | AMERICAN CHEMISTRY COUNCIL, INC. | PROLEGIS, LLC | HILL EAST GROUP LLC ON BEHALF OF SYRACUSE REGIONAL AIRPORT AUTHORITY | NATIONAL ASSOCIATION OF CONVENIENCE STORES | LIVE EARTH IMAGING, INC. | ADVANCED ENERGY UNITED | GLOBAL DIGITAL ASSET & CRYPTOCURRENCY ASSOCIATION D.B.A GLOBAL DCA | RECURSION | R2P INNOVATIONS | CMG STRATEGY CO., LLC DBA CHIPOTLE MEXICAN GRILL, INC. | ASTRANIS | CRH AMERICAS MATERIALS, INC | DISASTER MANAGEMENT GROUP, LLC | IQVIA | COLOSSAL BIOSCIENCES INC. | HALMAR | EMPIRE AVIATION | RIVET INDUSTRIES, INC. | AMUN-RA VENTURES, INC. DBA GREEN CARBON | NATIONAL ASSOCIATION OF BUSINESS POLITICAL ACTION COMMITTEES (NABPAC) | GAMBIT DEFENSE, INC | US TRAVEL ASSOCIATION | TREEHOUSE ISLAND, INC. DBA TEAM TREEHOUSE | MARKET TRACK, LLC DBA NUMERATOR | THE CIGNA GROUP AND SUBSIDIARIES | AMERICAN HUMANE"
92853,NICOLE,MORTIER,"Policy Analyst House Republican Policy Committee, Intern (Stearns), Leg Assist US House Energy & Commerce Member (Rep Stearns), Leg Director US House Energy & Commerce Member (Rep Olson)",205,7,"DROPBOX | NANTWORKS, LLC | CHARTER BROKERAGE | YAHOO INC, AND VAR. SUBS/AFFILIATES (FKA COLLEGE PARENT, L.P. DBA ""YAHOO"") | ANTI-DEFAMATION LEAGUE (ADL) | NEUROLOGICAL SURGERY, PC | INTEL CORP | BOOKING HOLDINGS | AURORA INNOVATION, INC. | CONSUMER TECHNOLOGY ASSOCIATION | ETSY, INC. | NATIONAL ASSOCIATION OF HOME BUILDERS | AARP | SYNOPSYS | TOYOTA | FAMILIES AGAINST MANDATORY MINIMUMS (FAMM) | SPOTIFY | SANCTUARY SYSTEMS"
144864,SASHA,HERNANDEZ,"Senior Policy Advisor, Rep. Suzan DelBene (D-WA-01) // Legislative Aide, Sen. Maria Cantwell (D-WA)",204,4,"UNITED SERVICES AUTOMOBILE ASSOCIATION | NATIONAL MPS SOCIETY | TESLA, INC. | SHIFT5 | PALANTIR TECHNOLOGIES INC. | SOCIETY FOR HUMAN RESOURCE MANAGEMENT | CAREER EDUCATION COLLEGES AND UNIVERSITIES | LYFT, INC. | HOTWIRE COMMUNICATIONS, LTD. | RISEPOINT- FKA ACADEMIC PARTNERSHIPS | EQUIFAX INC. | LIGADO NETWORKS | MARCH OF DIMES INC. | AIRBNB, INC. | GOOGLE CLIENT SERVICES LLC | QUALTRICS INTERNATIONAL INC. (FORMERLY KNOWN AS QUALTRICS LLC) | T-MOBILE USA, INC. | JPMORGAN CHASE HOLDINGS LLC | ZOOMINFO TECHNOLOGIES, LLC | SOLAR MOSAIC INC. | U.S. CHAMBER OF COMMERCE | FINANCIAL INDUSTRY REGULATORY AUTHORITY (""FINRA"") | DANAHER CORPORATION | REEF GLOBAL INC."
136292,PIERRE,WHATLEY,"Policy Advisor, SEC; Policy Advisor, CFPB; Examiner, Federal Reserve;Staff Director & Sr Policy Advisor, Sen. Warnock(D-GA); Prof. StaffHouse Cmte on Fin. Svcs.",204,4,"BLOCK INC FORMERLY REPORTED AS SQUARE INC | CITIZENS BANK, N.A. | BANK POLICY INSTITUTE | FREE SPEECH COALITION, INC. | CHAMBER OF DIGITAL COMMERCE | TASSATPAY (FKA PERICLES GROUP LLC) | MORNINGSTAR DBRS, INC. | INVESTMENT COMPANY INSTITUTE | DAPPER LABS INC. | POINT DIGITAL FINANCE, INC. | NAVY FEDERAL CREDIT UNION | BAM TRADING SERVICES, INC./BINANCE.US | INTUIT, INC. AND AFFILIATES (FORMERLY INTUIT, INC.) | INTEL CORP | ORCHID LABS, INC. | ALLIANCE FOR INNOVATIVE REGULATION (AIR) | SF OPERATIONS, INC | UNIT FINANCE, INC. | VARO BANK, N.A. | DIGITAL ENERGY COUNCIL | STELLAR DEVELOPMENT FOUNDATION | CHIME FINANCIAL, INC. | ANCHORAGE DIGITAL | DAYFORCE US, INC (FKA CERIDIAN HCM, INC.)"
53035,MELISSA,EDWARDS,"Legislative Assistant, Senator Thad Cochran",203,4,"REAL ESTATE ROUNDTABLE | TRUCKLOAD CARRIERS ASSOCIATION | KNIGHT-SWIFT TRANSPORTATION (FORMERLY SWIFT TRANSPORTATION) | STATE FEDERAL STRATEGIES ON BEHALF OF BROOKFIELD ASSET MANAGEMENT | SOUTHERN COMPANY | THE MACON EDWARDS COMPANY ON BEHALF OF FLORIDA SUGAR CANE LEAGUE | AIR CONDITIONING, HEATING AND REFRIGERATION INSTITUTE (AHRI) | STATE FEDERAL STRATEGIES ON BEHALF OF HFIAW LABOR MANAGEMENT COOPERATIVE TRUST | NCCMP | SHEIN TECHNOLOGY LLC | LENNOX INTERNATIONAL | THE MACON EDWARDS COMPANY ON BEHALF OF THE AMERICAN COTTON SHIPPERS ASSOCIATION | EDISON ELECTRIC INSTITUTE | GENERAL MOTORS COMPANY"
43912,STEVEN,EICHENAUER,"Assistant, Office of Senator Jack Reed",203,6,"PHARMACEUTICAL RESEARCH AND MANUFACTURERS OF AMERICA | VISTRA CORPORATE SERVICES COMPANY F/K/A VISTRA ENERGY | NATIONAL CONFECTIONERS ASSOCIATION | PRUDENTIAL FINANCIAL INC | LIBERTY MUTUAL GROUP | INVESTMENT COMPANY INSTITUTE | NASDAQ OMX GROUP (FORMERLY ""THE NASDAQ STOCK MARKET"") | RWE CLEAN ENERGY (F/K/A RWE RENEWABLES AMERICAS, LLC) | ANHEUSER-BUSCH COMPANIES INC | NATIONAL AUTOMOBILE DEALERS ASSOCIATION | KALIROY FRESH | IRONNET | TD BANK, N.A. | LG ELECTRONICS U.S.A., INC. | HUNT COMPANIES | GRAND TRUNK CORPORATION | LOCKHEED MARTIN | BIOTECHNOLOGY INDUSTRY ORGANIZATION | IQOM STRATEGIC ADVISORS, LLC ON BEHALF OF CONSEJO COORDINADOR EMPRESARIAL | ADELPHI CAPITAL PARTNERS | SOUTHWEST AIRLINES | PRINCIPAL FINANCIAL GROUP"
67072,AMY,JENSEN,Amy: 1999-2001 Assistant to the Speaker for Policy; 2003-2005 Special Assistant to the President for Special Affairs,202,10,"CARIS SCIENCE INC | UNITEDHEALTH GROUP | CHIESI USA, INC. | THE PERMANENTE FEDERATION | BIPARTISAN POLICY CENTER ACTION | AMERICAN ACADEMY OF FAMILY PHYSICIANS | AMERICA'S PHYSICIAN GROUPS | UNITED SEATING AND MOBILITY, LLC DBA NUMOTION | AMRYT PHARMA | BRISTOL-MYERS SQUIBB | NATIONAL ASSOCIATION OF COMMUNITY HEALTH CENTERS | JOHNSON & JOHNSON SERVICES, INC. | ANHEUSER-BUSCH COMPANIES | AMERICAN KIDNEY FUND | ADVANCED CARE AT HOME (ACH) COALITION | ALNYLAM PHARMACEUTICALS, INC. | UNITED STATES OF CARE CAMPAIGN | ACCELERON PHARMA, INC"
64367,WILLIAM,SOUTHERLAND,"William Steve Southerland, II served as the U.S. Representative for Florida's 2nd congressional district from 2011 to 2015.",200,5,"NORTHWEST FLORIDA BEACHES INTERNATIONAL AIRPORT | THE ST. JOE COMPANY | TEVA PHARMACEUTICALS USA | WIND TALKER INNOVATIONS | ACADIANA MANAGEMENT GROUP, LLC | SECURING AMERICA'S FUTURE ENERGY (SAFE) | ASSOCIATION FOR ACCESSIBLE MEDICINES (FORMERLY GENERIC PHARMACEUTICAL ASSOC.) | GRAPHITE ONE | VS DIAGNOSTICS | MIRAKI INNOVATION | HARVEY GULF INTERNATIONAL | BAY COUNTY, FL BOARD OF COUNTY COMMISSION | COMMUNICATIONS EATON CORPORATION | EL PASO MOBILITY COALITION | GULF COUNTY | ISO-PACIFIC REMEDIATION TECHNOLOGIES | RETECH SYSTEMS, LLC | LHC GROUP, INC. | DR. MICHAEL REED | BRE PROGRAM ADMINISTRATIVE SERVICES, LLC | ACADIANA REGIONAL AIRPORT | CITY OF PANAMA CITY BEACH | ARCTIC SLOPE REGIONAL CORPORATION | COMMERCIAL BEVERAGE CONCEPTS, LLC | JOHNSON CONTROLS INTERNATIONAL"
139812,KRISTEN,BAUTZ,Senior Advisor and Special Projects Coordinator Rep. Wasserman Shultz,200,10,"TOYOTA | FAMILIES AGAINST MANDATORY MINIMUMS (FAMM) | SPOTIFY | YAHOO INC, AND VAR. SUBS/AFFILIATES (FKA COLLEGE PARENT, L.P. DBA ""YAHOO"") | ANTI-DEFAMATION LEAGUE (ADL) | SILICON VALLEY TAX DIRECTORS GROUP | BOOKING HOLDINGS | CHARTER BROKERAGE | INTEL CORP | DROPBOX | NATIONAL ASSOCIATION OF HOME BUILDERS | AURORA INNOVATION, INC. | CONSUMER TECHNOLOGY ASSOCIATION | ETSY, INC. | SYNOPSYS"
51440,JAMES,FRENCH,"Counsel, House Judiciary Committee",200,2,"COMCAST CORPORATION | DIRECTORS GUILD OF AMERICA | INTERNATIONAL COUNCIL OF SHOPPING CENTERS | INTERNATIONAL ASSOCIATION OF SCIENTIFIC, TECHNICAL & MEDICAL PUBLISHERS (STM) | AMERICAN SOCIETY OF COMPOSERS, AUTHORS, AND PUBLISHERS | CAPITOL DOME ADVOCACY OBO AMERICAN SOCIETY OF COMPOSERS, AUTHORS, AND PUBLISHERS | COUNCIL FOR INNOVATION PROMOTION (C4IP) | BEER INSTITUTE | INTERNATIONAL ALLIANCE OF THEATRICAL STAGE EMPLOYEES | INTERNATIONAL TRADEMARK ASSOCIATION | HEALTHCARE DISTRIBUTION ALLIANCE | INTERNATIONAL LABOUR ORGANIZATION | CULTURAL CARE AU PAIR | COPYRIGHT CLEARANCE CENTER | BELL LEGAL GROUP | NEW VENTURE FUND | PHARMACEUTICAL RESEARCH AND MANUFACTURERS OF AMERICA | BRIA ARTIFICIAL INTELLIGENCE INC. | NATIONAL FIRE PROTECTION ASSOCIATION | INVENTORS DEFENSE ALLIANCE"
115002,RICHARD,HOAR,"Professional Staff Member, House Committee on Education and the Workforce (2004-2010); Deputy Chief of Staff & Legislative Director, U.S. Rep Gus Bilirakis (2010-2014)",200,5,"NATIONAL ASSOCIATION OF TAX PROFESSIONALS | WEATHERTECH | EMBRACE FAMILIES | NATIONAL HEALTHCAREER ASSOCIATION | CHILD AND PARENT INFORMATION DATABASE SYSTEM (CAPIDS) | NATIONAL CAREER DEVELOPMENT ASSOCIATION | TOAST | ASSOCIATION OF MARINA INDUSTRIES | NATIONAL INDUSTRIAL HEMP COUNCIL | THE NATIONAL COUNCIL OF INVESTIGATION AND SECURITY SERVICES | FOREST STEWARDSHIP COUNCIL UNITED STATES | ASSOCIATION OF WOODWORKING AND FURNISHING SUPPLIERS | SCHOOL SOCIAL WORK ASSOCIATION OF AMERICA | ADVOCATES FOR WILD EQUINES | ASM MATERIALS EDUCATION FOUNDATION | NATIONAL SPORTING GOODS ASSOCIATION | AGRICULTURE FAIRNESS ALLIANCE | NATIONAL COMMISSION ON CORRECTIONAL HEALTH CARE | TO SOIL LESS, LLC | QUANTUM XYZ INC. | ALAN TURING NEUROMORPHIC SEMICONDUCTOR CORPORATION | MINERALS METALS & MATERIALS SOCIETY | YOUNG AUDIENCES ARTS FOR LEARNING | JOHNSON C SMITH UNIVERSITY (FKA JCSU) | TEXAS CHRISTIAN UNIVERSITY (TCU) | ELEVATED TRANSPORTATION SYSTEMS, INC. | AMERICAN JAIL ASSOCIATION | CARFAX | AMERICAN ASSOCIATION OF ORTHOPAEDIC EXECUTIVES"
136087,EDWARD,ROGERS,Exec. Asst. W.H. Ch. of Staff; Dep. Dir. of the Office of Poli. Affairs; Sp. Asst. to the Pres.; Dep. Asst to Pres.; W.H. Advance Rep.,198,5,"CLEARY GOTTLIEB STEEN & HAMILTON LLP ON BEHALF OF VENEZUELA CREDITOR COMMITTEE | CANADIAN NATIONAL RAILROAD | SUR HOLDINGS | FRANKLIN RESOURCES, INC. | MASS GENERAL BRIGHAM (FORMERLY KNOWN AS PARTNERS HEALTHCARE) | ANGEL LUX HOLDCO S.A R.L. | WISON NEW ENERGIES COMPANY | ECLIPSE METALS LTD. | KURDISTAN REGIONAL GOVERNMENT | CENTIVA CAPITAL, LP | WAYLINK ASSETS LIMITED | EMBASSY OF THE KINGDOM OF BAHRAIN TO THE UNITED STATES | BEIJING XIAOMI MOBILE SOFTWARE CO., LTD (FKA EDWARD B. MACMAHON, JR., PLC) | ANALYTICAL AI | REPUBLIC OF INDIA | GLOBE SPECIALTY METALS, INC. | LETTERONE HOLDINGS S.A. | SOUTHERN COMPANY SERVICES INC | SSR MINING | AT CAPITAL PTE. LTD. | EMBASSY OF THE REPUBLIC OF AZERBAIJAN | HYPERION METALS LIMITED"
142083,KARLEE,POPKEN,"Sen. Bill Nelson, Legislative Correspondent Sen. Ed Markey, Legislative Correspondent, Legislative Aide, Legislative Assistant",198,2,"UNITED STATES FOOTWEAR MANUFACTURERS ASSOCIATION (FKA RPFMA) | WOODS HOLE OCEANOGRAPHIC INSTITUTION | DRAPER | HUMAN SYSTEM INTEGRATION, INC. | TRITON SYSTEMS INC | UMASS CHAN MEDICAL SCHOOL (FKA UNIVERSITY OF MASSACHUSETTS MEDICAL SCHOOL) | PHYSICAL SCIENCES INC. | UNIVERSITY OF MASSACHUSETTS LOWELL | NEW BALANCE ATHLETIC SHOE, INC. | AMERESCO | CIVICA RX | NTH CYCLE | METAMAGNETICS, INC. (FKA MEGAMAGNETICS, INC.) | BINERA, INC. | AMPRIUS TECHNOLOGIES INC. | UNIVERSITY OF MASSACHUSETTS DARTMOUTH | GALVION | THE AMERICAN FOUNDRY SOCIETY | SPECIALTY MATERIALS, INC | LOWELL COMMUNITY HEALTH CENTER"
45241,PAUL,DOERRER,See Form LD-1,196,2,"UBER TECHNOLOGIES, INC. | TEXTRON INC | AIREON LLC | THE BOEING COMPANY | TEAM HALLAHAN LLC ON BEHALF OF MOLSON COORS BEVERAGE COMPANY USA LLC | TEAM HALLAHAN LLC ON BEHALF OF AMAZON WEB SERVICES, INC. | AMERICAN ASSOCIATION OF AIRPORT EXECUTIVES | OPTIMAL ELECTRIC VEHICLES, LLC | CAVNUE, LLC | MOLSON COORS BEVERAGE COMPANY | PROTERRA INC. | SPACE COAST INTELLIGENT SOLUTIONS, INC. | TEAM HALLAHAN LLC OBO CITY OF CLEVELAND C/O CLEVELAND HOPKINS & BURKE AIRPORTS | SAAB, INC. | OSHKOSH CORPORATION | AMERICAN AIRLINES, INC. | MIDWEST AIR TRAFFIC CONTROL SERVICE, INC."
139052,JOANNE,SEARS,Department of Homeland Security,196,4,"SPACE KINETIC | ASTRA SPACE OPERATIONS, INC. | GRID.AERO | ATLAS SPACE OPERATIONS | ASTROSCALE U.S. INC. | THE TOMORROW COMPANIES, INC. | RAGNAROK INDUSTRIES | EXPLORATION LABORATORIES LLC, AKA EXLABS | UMBRA LAB, INC. | COGNITIVE SPACE | NORTH VALLEY MILITARY INSTITUTE, NVMI | AD ASTRA ROCKET COMPANY | OCEAN INFINITY-AMERICA | FATHOM TANKS | INNOVEERING, LLC | TRL11 | ENSEMBLE GOVERNMENT SERVICES, LLC | QUESTAR CONCEPTS, LLC | EXQUADRUM | ASSURED SPACE ACCESS, INC. | ASTRANIS SPACE TECHNOLOGIES CORP. | NEXA CAPITAL PARTNERS | L3 HARRIS TECHNOLOGIES, INC. | SAVIT | EARTH OBSERVANT INC. | SCIENCE APPLICATIONS INTERNATIONAL CORPORATION | INNOVATIVE ROCKET TECHNOLOGIES INC. (IROCKET) | NEXTGEN AERONAUTICS, INC. | SPARC RESEARCH"
108298,DONALD,CUTRELL,"Chief of Staff, Legislative Director, Professional Staff on the Senate Appropriations Committee - Senator Richard Shelby, Legislative Director - Rep. Scott Desjarlais",195,11,"OVERSEAS HARDWOOD COMPANY | THE CITY OF DECATUR, AL | MOBILE AIRPORT AUTHORITY | PILOT CATASTROPHE SERVICES, INC. | THE RED MOUNTAIN CUT FOUNDATION | SIO2 MATERIAL SCIENCE (FKA SIO2) | CFI CUSTOM MILITARY SOLUTIONS | NETWORK FOR HOPE | CMH SERVICES | GULF DISTRIBUTING COMPANY | ALABAMA DEPARTMENT OF TRANSPORTATION | ENGINEERING AND COMPUTER SIMULATIONS, INC. | COOPER GROUP OF COMPANIES | THE CITY OF FAIRHOPE | THE UNIVERSITY OF SOUTH ALABAMA | FEEDING ALABAMA | WE ARE SHARING HOPE SC | G2 OPS, INC."
71398,SUSAN,ZOOK,"Legislative Assistant, Senator Mike Crapo",195,5,"MINDSET ON BEHALF OF PIPELINE HEALTH SYSTEM | CAPITAL RX INC. | ALLIANCE OF LICENSED MEDICARE INSURANCE AGENCIES (ALMIA) | DOMPE US INC. | ACCOUNTABLE FOR HEALTH | PHYSICIAN PARTNERS | VIP CARE | CENTENE CORPORATION | DIGITAL THERAPEUTICS ALLIANCE | EMD SERONO, INC. | META PLATFORMS, INC. | MINDSET ON BEHALF OF MUTUAL OF OMAHA | SECOND WAVE DELIVERY SYSTEMS, LLC | VILLAGEMD | INNOVACCER INC. | 98POINT6 INC. | MEADOWS MENTAL HEALTH POLICY INSTITUTE (MMHPI) | HEALTHSHERPA | THE MENTOR NETWORK | AKILI INTERACTIVE | VYTALIZE HEALTH | MIND 24-7 | PERIMETER MEDICAL IMAGING | STONINGTON GLOBAL OBO TL MANAGEMENT | WELLSENSE, INC. | LIMBIX HEALTH, INC. | AMERICA'S HEALTH INSURANCE PLANS, INC. (AHIP) | FITON INC. | GLOBAL MEDICAL RESPONSE | BEHAVR, INC. | COALITION FOR HEALTH AI, INC (CHAI)"
93141,JEFFERIES,MURRAY,"Chief of Staff to Congressman Bud Cramer, Legislative Director to Congressman Bill Brewster",194,2,"MISSOURI ASSOCIATION OF SHELTERED WORKSHOP MANAGERS | UNITED LAUNCH ALLIANCE | MSPS FOR THE PROTECTION OF CRITICAL INFRASTRUCTURE (THE COLLECTIVE) | TECHNOLOGY SERVICE CORPORATION | HUDSONALPHA INSTITUTE OF BIOTECHNOLOGY | NORTHROP GRUMMAN SYSTEMS CORPORATION | CITY OF CARLSBAD, NEW MEXICO | VMWARE, INC. | D-WAVE GOVERNMENT INC. | VISA, INC. | BOY SCOUTS OF AMERICA | ALTRIA CLIENT SERVICES, LLC | COUNTY OF EDDY | PMI GLOBAL SERVICES INC. | WELLS FARGO & COMPANY | RAFFANIELLO & ASSOCIATES, LLC ON BEHALF OF SOUTHWESTERN POWER GROUP | CAPSTONE RESEARCH CORPORATION"
68655,ALLEN,SHOFE,Chief of staff to former Congressman Gil Gutknecht (R-MN),193,19,"NATIONAL PORK PRODUCERS COUNCIL | AMERICAN POSTAL WORKERS UNION, AFL-CIO | INNOVAS INDIANA, LLC | RAFA LABORATORIES, LTD | GEORGIA PUBLIC AFFAIRS ON BEHALF OF FULTON COUNTY, GEORGIA | VALNEVA AUSTRIA GMBH | HURON CONSULTING SERVICES, LLC. | MAHER & ASSOCIATES, LLC, DBA MAHER ADVANCED MANUFACTURING | PHIBRO ANIMAL HEALTH CORPORATION | PRESERVATION TECHNOLOGIES, L.P. | 3D SYSTEMS CORPORATION | HOUGHTON MAIN STREET FOUNDATION | LUPIN, INC. | BIOMEME, INC. | DISRUPTIVE BEVERAGE, INC. (DBA NOWADAYS) | NOOSPHERE VENTURES, LP | POLESTAR PERFORMANCE AB | THE WINE AND SPIRITS WHOLESALERS OF AMERICA | AMERICAN SUNTANNING ASSOCIATION | YSLETA DEL SUR PUEBLO TRIBE | C6 STRATEGIES, LLC ON BEHALF OF REVEAL TECHNOLOGY, INC."
139045,MARIA,BOWIE,"Representative Tom Cole, Deputy Chief of Staff and Appropriations Associate Representative Ken Calvert, Legislative Director and Appropriations Associate",193,1,"DAXOR CORPORATION | NEL HYDROGEN | FORGELINE SOLUTIONS | SUPERTURBO TECHNOLOGIES INC. | SEACORP | RELATIVITY SPACE | VRC METAL SYSTEMS | ONSEMI SWIR VISION SYSTEMS (FKA SWIR VISION SYSTEMS) | NUVERA FUEL CELLS | PSYONIC | POPLICUS INC. D/B/A GOVINI | UNIVERSITY OF FLORIDA, OFFICE OF RESEARCH (FKA UNIVERSITY OF FLORIDA, ENGINGEERI | US VANADIUM | TIBURON SUBSEA, INC. | ULTRA-MET CARBIDE TECHNOLOGIES | NEW BALANCE ATHLETIC SHOE, INC. | STANDARD LITHIUM | UNITED STATES FOOTWEAR MANUFACTURERS ASSOCIATION (FKA RPFMA) | WOODS HOLE OCEANOGRAPHIC INSTITUTION | INTRALOOP, INC. | PARTWORKS, LLC | HUMAN SYSTEM INTEGRATION, INC. | LUBRIZOL CORPORATION"
143844,ROBERT,VAN HEUVELEN,"Former Chief of Staff, Senator Kent Conrad (D-ND)",193,9,"GENWORTH FINANCIAL INC. | IROBOT CORP | HEALTHCARE SUPPLY CHAIN ASSOCIATION | NATIONAL COUNCIL ON SCHOOL FACILITIES | CHART INDUSTRIES, INC. | PACIFY HEALTH | HIGHLY INNOVATIVE FUELS | BGZ BRANDS | PORTLAND GENERAL ELECTRIC | RENEWABLE BIOFUELS | CARBON GEOCAPTURE CORP | HEARING INDUSTRIES ASSOCIATION | NONVIOLENT PEACEFORCE | SVANTE, INC. | FARMTECH SOCIETY | INSTITUTIONAL SHAREHOLDER SERVICES | SCHOOL-BASED HEALTH ALLIANCE | 21ST CENTURY SCHOOL FUND | EMPIRICAL SYSTEMS AEROSPACE, INC. | ARCH RESOURCES (FORMERLY ARCH COAL, INC.) | ARCHITECTURAL SURFACES | CEMVITA FACTORY, INC. | CHAMBER OF PROGRESS | AUTEL AUTOMOTIVE INTELLIGENCE USA"
62322,PAUL,HOOVER,Rep. Adam Smith's office in 2015 intern admin aide and legislative aide,192,10,SNOHOMISH COUNTY COUNCIL | NORTHWEST HARVEST | CITY OF PASCO | CITY OF KELSO | THERMO FISHER SCIENTIFIC INC | CITY OF TACOMA | YAKIMA COUNTY | CITY OF ABERDEEN | CITY OF HOQUIAM | CITY OF SEATAC | CITY OF BOTHELL | INTERCITY TRANSIT | PIERCE COUNTY | BENTON COUNTY | CITY OF GIG HARBOR | COMCAST CORPORATION | TROUVES HEALTH CARE CORPORATION | PORT OF VANCOUVER
142027,LETICIA,MEDEROS,"Leg Dir/Chief of Staff - Cong. Rosa DeLauro; Chief of Staff - Cong. Michelle Lujan Grisham; Dir Labor Policy - Ed and Labor Cmte, Cong. George Miller; Dir of Labor Policy - Sen HELP Cmte, Sen Patty Murray; Senior Leg Asst - Cong. Carrie Meeks",192,6,"NETWORK FOR PUBLIC EDUCATION ACTION | CHILD CARE FOR EVERY FAMILY NETWORK | FIRST 5 CALIFORNIA | CHRYSALIS | EARLY EDGE CALIFORNIA | AMERICAN CANCER SOCIETY CANCER ACTION NETWORK, INC. | YMCA USA | NATIONAL DIAPER BANK NETWORK | BUTTERFLYS HAVEN | THE WOMEN EFFECT FUND | THE FLORIDA INTERNATIONAL UNIVERSITY BOARD OF TRUSTEES | GLOBAL WITNESS INC. | CLOROX SERVICES COMPANY | NATIONAL ASSOCIATION FOR FAMILY CHILD CARE | NATIONAL WOMENS LAW CENTER | ZERO TO THREE | NATIONAL EDUCATION ASSOCIATION | YWCA USA | PARENTS ANONYMOUS | W.K. KELLOGG FOUNDATION | NATIONAL CONSUMER LEAGUE | DOWNTOWN WOMENS CENTER"
148089,MIKE,CLEMENTI,"Professional Staff Member, Committee on Appropriations Subcommittee on Defense (October 2017 to September 2024)",192,3,"FURIENTIS INC. | FALCOMM | POSEIDON TECH CORPORATION | ONSEMI (ON SEMICONDUCTOR CORPORATION) | SKYFI | STAR CATCHER INDUSTRIES, INC. | HYPERION TECHNOLOGY GROUP, INC. | NARCORPS SPECIALTIES, LLC | UNIVERSITY OF IDAHO COLLEGE OF ENGINEERING | BY LIGHT PROFESSIONAL IT SERVICES LLC | C2 STRATEGIES ON BEHALF OF DELTA BLACK | GENERAL DYNAMICS | UNITED LAUNCH ALLIANCE | PLANET LABS PBC | EO SOLUTIONS | HEALTH SUPPLY US | CACI INTERNATIONAL, INC. | ANDURIL INDUSTRIES INC | APPLIED RESEARCH ASSOCIATES, INC. (ARA) | GOVINI | PSIQUANTUM CORP. | SPACE KINETIC CORP. | KELA DEFENSE US, INC. | VALINOR ENTERPRISES | BASTILLE NETWORKS, INC. | XONA SPACE SYSTEMS, INC. | NEROS TECHNOLOGIES | VORBECK MATERIALS CORP. | FLIGHT SAFETY INTERNATIONAL, INC. | ICEYE US, INC. | CAMGIAN CORPORATION | ZENO POWER SYSTEMS, INC. | SIERRA SPACE | AIR SPACE INTELLIGENCE INC. | NORTHROP GRUMMAN SYSTEMS CORPORATION | GENERAL ATOMICS AERONAUTICAL SYSTEMS, INC. | TURBINEONE | INTEGER TECHNOLOGIES | YORK SPACE SYSTEMS | GRVTY - FKA ROYCE GEO | THE JOHNS HOPKINS UNIVERSITY APPLIED PHYSICS LABORATORY | EOPTIC"
288,KEVIN,JOSEPH,House Energy & Commerce Comm. - 1987-1989 Senate Commerce Comm. - 1990-1999,190,4,"ANGELLIST | BEEPER | BITWARDEN | NATIONAL CABLE TELECOMMUNICATIONS ASSOCIATION | WEST TECHNOLOGY GROUP | COMCAST CORPORATION | T-MOBILE USA, INC. | HOLISTIC INDUSTRIES | YELP | X, INC. F/K/A TWITTER, INC. | GRANITE TELECOMMUNICATIONS | RS ACCESS, LLC | DUCKDUCKGO | INMARKET MEDIA, LLC | Y COMBINATOR | SHOPIFY"
58032,MICHAEL,BORDEN,"Senior Counsel, House Financial Services Committee; Counsel, House Financial Services Committee; Legislative Assistant, Office of Rep. Jim Leach",190,5,"DIAGEO NORTH AMERICA | IHEART MEDIA | ENESCO, LLC | OCI HOLDINGS COMPANY LTD. | TESSCO TECHNOLOGIES, INC. | CONTINENTAL CARBON COMPANY | INSPUR GROUP CO. LTD. | DJI TECHNOLOGY, INC. | DIGICERT, INC. | LIFESCIENCE LOGISTICS, LLC | INTERCEPT PHARMACEUTICALS, INC. | ALBERTA INVESTMENT MANAGEMENT CORPORATION | ILLUMINA, INC. | BLOOMBERG LP | INTERNATIONAL COUNCIL OF SHOPPING CENTERS | EQUILIBRIUM CAPITAL | ENCHANT ENERGY CORPORATION | HINDALCO INDUSTRIES LTD. | ESPIRITU SANTO HOLDINGS, LP | PUROLITE CORPORATION | FORIS DAX, INC. D/B/A CRYPTO.COM | APEX FINTECH SOLUTIONS | CULLIGAN INTERNATIONAL COMPANY | COMDATA, INC. | WEB BANK | CPI CARD GROUP | MASTERCARD INTERNATIONAL INCORPORATED | NINESTAR CORPORATION | CRAIGSLIST, INC. | YUM CHINA HOLDINGS, INC. | APTIV PLC | HIKVISION USA, INC. | OWL ROCK CAPITAL PARTNERS"
72029,GREG,LANKLER,"Professional Staff, House Appropriations Committee; Legislative Director, Rep. C.W. Bill Young",190,1,"AURIGA SPACE, INC. | ANDURIL | GEOST, INC. | TRILLIUM ENGINEERING | FORESCOUT TECHNOLOGIES, INC. | FOOD SOLUTIONS ACTION | HTX LABS | SURESCAN CORPORATION | OSHKOSH CORPORATION | ADVANCED TECHNOLOGY INTERNATIONAL ON BEHALF OF NATIONAL ARMAMENTS CONSORTIUM | ASTRANIS SPACE TECHNOLOGIES CORP. | GENERAL ATOMICS, ELECTROMAGNETIC SYSTEMS, INC. | NATIONAL SHOOTING SPORTS FOUNDATION, INC. | GENERAL ATOMICS - AERONAUTICAL SYSTEMS, INC. | OXY LOW CARBON VENTURES LLC | RTX CORPORATION AND AFFILIATES"
55359,CATHERINE,FINLEY,"Staff Director, Senate Special Aging Committee; Senior Health Policy Advisor, Sen. Smith; Legislative Asst, Sen. Snowe",189,2,"AARP | MODERN MEDICAID ALLIANCE | START EARLY | ACADIA HEALTHCARE, INC | HUNTINGTON'S DISEASE SOCIETY OF AMERICA | ASSOCIATION FOR BEHAVIORAL HEALTH AND WELLNESS (ABHW) | EXELIXIS | AMERICAN SPEECH-LANGUAGE-HEARING ASSOCIATION | NATIONAL ASSOCIATION FOR BEHAVIORAL HEALTHCARE | NATIONAL COUNCIL FOR MENTAL WELLBEING | AMERICAN SOCIETY OF CONSULTANT PHARMACISTS (ASCP) | MAXIM HEALTHCARE SERVICES, LLC | CYSTIC FIBROSIS FOUNDATION | DEPRESSION BIPOLAR SUPPORT ALLIANCE (DBSA) | AMERIHEALTH CARITAS"
116668,JULIE,SHROYER,Former House Committee staff,189,14,"FOUNDATION FOR ADVANCING ALCOHOL RESPONSIBILITY (RESPONSIBILITY.ORG) | AMERICAN REGISTRY OF RADIOLOGIC TECHNOLOGISTS | WESTERN MICHIGAN UNIVERSITY | AMERICAN ASSOCIATION OF NURSE PRACTITIONERS | AMERICAN ASSOCIATION OF COLLEGES OF NURSING | AMERICAN NURSES ASSOCIATION | NATIONAL ASSOCIATION OF SOCIAL WORKERS | RDT ASSOCIATES, LLC ON BEHALF OF MIRION TECHNOLOGIES, INC. | AMERICAN SOCIETY FOR HISTOCOMPATIBILITY AND IMMUNOGENETICS | NAADAC, THE ASSOCIATION FOR ADDICTION PROFESSIONALS | THE CONAFAY GROUP ON BEHALF OF ANTIMICROBIALS WORKING GROUP | AMERICAN ASSOCIATION OF NURSE ANESTHETISTS | WALLACE ENVIRONMENTAL CONSULTING, INC. | AMERICAN SOCIETY OF HAND THERAPISTS | MIRION TECHNOLOGIES, INC."
142545,PAUL,MILOTTE,Legislative Director; Representative Don Young (AK-At Large),188,2,"SOUTHWEST AIRLINES PILOT ASSOCIATION | NETJETS ASSOCIATION OF SHARED AIRCRAFT PILOTS | UNITED BROTHERHOOD OF CARPENTERS | VULCAN MATERIALS COMPANY | HITT CONTRACTING, INC. | NATIONAL ELECTRICAL CONTRACTORS ASSOCIATION | NATIONAL ASSOCIATION OF LETTER CARRIERS | INTERNATIONAL BROTHERHOOD OF TEAMSTERS | TRANSPORT WORKERS UNION OF AMERICA AFL-CIO | PBF HOLDING COMPANY LLC | HEALTH ALLIANCE GROUP, INC. | NATURAL PRODUCTS ASSOCIATION | INTERNATIONAL ASSOCIATION OF SHEET METAL, AIR, RAIL & TRANSPORTATION WORKERS | THE UNITED ASSOCIATION OF PLUMBERS, FITTERS, WELDERS AND SERVICE TECHS | SHEET METAL AND AIR CONDITIONING CONTRACTORS ASSOCIATION NATIONAL ASSOCIATION | KREINDLER & KREINDLER (FOR CERTAIN AMERICAN 5342 CLIENTS) | AMERICAN FEDERATION OF GOVERNMENT EMPLOYEES"
147282,JOHN,CULTON,"Outreach Director, Eastern Washington, Sen. Patty Murray; Intern, Sen. Maria Cantwell",188,10,"CITY OF CHELAN | CITY OF SUNNYSIDE | CITY OF QUINCY | CHAS | CITY OF OTHELLO | BUSINESS IMPACT NW | PUBLIC HOSPITAL DISTRICT #4 OF GRANT COUNTY, WA | ADAMS COUNTY | MADDIE'S PLACE | WHITMAN COUNTY | CITY OF MILTON-FREEWATER | CITY OF AIRWAY HEIGHTS | CITY OF YAKIMA | AMERICAN INDIAN COMMUNITY CENTER | THRIVE INTERNATIONAL | CITY OF GRANITE FALLS | APRICUS ENERGY PARTNERS | COLUMBIA BASIN DEVELOPMENT | CITY OF TOPPENISH | WASHINGTON STATE SCHOOL DIRECTORS ASSOCIATION | RITZVILLE SCHOOL DISTRICT | WATERS MEET ACTION FUND FKA EMPIRE HEALTH COMMUNITY ADVOCACY FUND FKA EHF | COMMUNITY MINDED ENTERPRISES | CITY OF COLLEGE PLACE | EAST ADAMS RURAL HEALTHCARE | SODO BUSINESS IMPROVEMENT AREA | SPOKANE COUNTY | MANZANITA HOUSE | YAKIMA VALLEY CONFERENCE OF GOVERNMENTS | THRIVE | PORT OF WALLA WALLA | FIRST FIVE FUNDAMENTALS | TERRAIN | AFRICAN COMMUNITY HOUSING AND DEVELOPMENT"
48786,DAVID,WILKINS,Ambassador to Canada (2005-2009),188,7,"THE INTERNATIONAL TEST PILOTS SCHOOL LTD | SPARTANBURG REGIONAL HEALTHCARE SYSTEM | COASTAL CAROLINA UNIVERSITY | DC BLOX | JOHNSON & JOHNSON SERVICES, INC. | TOTAL WINE & MORE | PROVINCE OF SASKATCHEWAN | PILATUS AIRCRAFT LTD. | ANMED HEALTH SYSTEM | IHEARTMEDIA, INC. | NEXGEN ENERGY LTD | BOVIET SOLAR TECHNOLOGY (NORTH CAROLINA) LLC | CANADIAN NATIONAL RAILWAY | TIDELANDS HEALTH | BUSINESS COUNCIL OF CANADA | FLUOR CORPORATION | BDV SOLUTIONS, LLC"
150717,CONSTANTINE,HINGSON,"Chief of Staff, Senator Dan Coats; Counsel/Legislative Director, Senator Judd Gregg; General Counsel, Senator Elizabeth Dole",188,1,"21ST CENTURY PRIVACY COALITION | GENENTECH | DIGESTIVE HEALTH PHYSICIANS ASSOCIATION | PIERRE FABRE PHARMACEUTICALS, INC. | NATIONAL COURT REPORTERS ASSOCIATION | COMMUNITY ONCOLOGY ALLIANCE | SOUTHERN COMPANY | COMCAST CORPORATION | CHARTER BROKERAGE | PAIR TEAM | PATCHRX | REPLIMUNE | EDWARDS LIFESCIENCES, LLC | SPR THERAPEUTICS | ANIMAL WELLNESS ACTION | TECHNET THE VOICE OF INNOVATION ECONOMY | INTUIT INC. AND AFFILIATES | COX ENTERPRISES, INC | NATIONAL CABLE AND TELECOMMUNICATIONS ASSOCIATION | DAIICHI SANKYO INC | ORGANIZE ACTION NETWORK | CYTOKINETICS INC. | PHARMACOSMOS THERAPEUTICS INC. | T-MOBILE ASSOCIATION | ONEONCOLOGY INC. | LANTHEUS MEDICAL IMAGING, INC. | ILLUMINA | DEXCOM, INC. | DTE ENERGY | ENTERPRISE MOBILITY | LIFE CONNECTION OF OHIO | BRIDGEBIO | HERON THERAPEUTICS, INC. | GILEAD SCIENCES INC. | NEURALACE MEDICAL, INC. | ALLIED OMS | U.S. WOMEN'S HEALTH ALLIANCE | AMERICAN INDEPENDENT MEDICAL PRACTICE ASSOCIATION | NEURAL FEDERAL INC | SANCTUARY SYSTEMS | DIRECTV | BTG INTERNATIONAL INC. | FULLSCRIPT | EVERMORE | ELISABETH POTTER MD PLLC | JOHNSON & JOHNSON SERVICES INC | PATIENTPOINT | SALUDA MEDICAL | ACTIO HEALTH, INC"
10639,MICHAEL,BARBERA,"Chief of Staff, Rep. Curt Weldon",187,2,"PACIFIC GAS AND ELECTRIC COMPANY | ATI, INC. | MATHESON TRI-GAS | UNIVERSITY OF NORTH CAROLINA AT CHARLOTTE | DREXEL UNIVERSITY | GETAROUND INC. | MATCH GROUP HOLDINGS | GLOBE TECH | GENERAL DYNAMICS CORPORATION | MAG DC CORP | VITA INCLINATA TECHNOLOGIES, INC. | FIELD AI INC. | CENTINEL PUBLIC PARTNERSHIPS, LLC | VASSAR COLLEGE | ENVIRONMENTAL WORKING GROUP | TEAM PLACEMENT INCORPORATED | TEXTRON INC. | CENTENNIAL TECHNOLOGIES, INC. | DELAWARE COUNTY COMMUNITY COLLEGE | AVIATION LLC | THE VERTICAL FLIGHT SOCIETY | DARIC TECHNOLOGIES | ENERGYSOLUTIONS | AMBAC ASSURANCE CORPORATION | LEAGUE OF WOMEN VOTERS OF THE UNITED STATES | ORACLE CORPORATION | PHILLY SHIPYARD | CALIFORNIA RURAL INDIAN HEALTH BOARD | LIVE NATION ENTERTAINMENT, INC."
51049,GREG,LAUGHLIN,Former U.S. Congressman (TX),187,2,"AMERICAN COMMITTEE FOR THE WEIZMANN INSTITUTE OF SCIENCE (ACWIS) | ASSOCIATION OF CYPRUS BANKS | EDF RENEWABLE ENERGY | AMERICAN BOARD OF MEDICAL SPECIALTIES | BLACKHAWK NETWORK | GEORGE WASHINGTON UNIVERSITY | SLASHNEXT, INC. | FELLOWES BRANDS | BEDROCK SYSTEMS, INC. | STANISLAUS COUNTY CALIFORNIA | PIXELS ON TARGET | CLEAN CORE THORIUM ENERGY | ACTIVEHOURS INC., D/B/A EARNIN | MONEY SERVICES BUSINESS ASSOCIATION, INC. | RAFAEL USA, INC. | IGLOO PRODUCTS CORP | SPARTAN MEDICAL, INC. | CENSYS, INC. | PSI SERVICES LLC | AMERICAN WATER WORKS ASSOCIATION | ATTIVO NETWORKS | CPS PROFESSIONAL SERVICES, LLC DBA CATHEXIS | GIGAMON | PORT CITY AIR, INC. | IAI NORTH AMERICA | CIVAN LASERS INC. | ABILENE CHRISTIAN UNIVERSITY | CITY OF GREENSBORO, NORTH CAROLINA | EURONET WORLDWIDE, INC. | THESEUS TECHNOLOGY CORPORATION | PROFESSIONAL CERTIFICATION COALITION"
141432,ZACHARY,LAVEN,"Staff Assistant / Legislative Correspondent / Legislative Aide / Legislative Assistant / Senior Legislative Assistant / Legislative Director / Deputy Chief of Staff, Rep. David Schweikert (R-AZ)",185,3,"GOOGLE CLIENT SERVICES LLC | JPMORGAN CHASE HOLDINGS LLC | EQUIFAX INC. | THE BUSINESS ROUNDTABLE | ZOOMINFO TECHNOLOGIES, LLC | WESTERN CONSERVATION ACTION | ALLIANCE OF NONPROFITS FOR INSURANCE, RRG | PALANTIR TECHNOLOGIES INC. | SOCIETY FOR HUMAN RESOURCE MANAGEMENT | BLACK VETERANS EMPOWERMENT COUNCIL AND MISSION UPLIFT | SHIFT5 | U.S. CHAMBER OF COMMERCE | FINANCIAL INDUSTRY REGULATORY AUTHORITY (""FINRA"") | DANAHER CORPORATION | JUUL LABS | UNITED SERVICES AUTOMOBILE ASSOCIATION | FEDERAL HOME LOAN BANK OF SAN FRANCISCO | NATIONAL MPS SOCIETY | EQUITABLE HOUSING ACCESS PARTNERSHIP | RISEPOINT- FKA ACADEMIC PARTNERSHIPS | AUTOFLEX FLEET | AIRBNB, INC. | THE DIGITAL CHAMBER | CAPITOL BRIDGE LLC | CVS HEALTH (AND SUBSIDIARIES) | JOHNSON & JOHNSON SERVICES INC."
139989,KATELYN,BUNNING,"Legislative Correspondent, Legislative Aide, Legislative Assistant, Legislative Director Member Office (McConnell)",185,1,"NORSK HYDRO USA, LLC | INFANT SAFETY COMMITTEE, LLC | TENNESSEE TECHNOLOGICAL UNIVERSITY | COMMUNITY ASSOCIATIONS INSTITUTE | KENTUCKY PRIMARY CARE ASSOCIATION | CURIUM US LLC | ENVISION TECHNOLOGY, LLC | BIG BROTHERS BIG SISTERS OF AMERICA | STRIVETOGETHER, INC. | CITY OF CEDAR RAPIDS, IOWA | THE ALUMINUM ASSOCIATION | INTUIT, INC. AND AFFILIATES | SANDY HOOK PROMISE FOUNDATION | PARTNERS FOR RURAL IMPACT | ZERO - THE END OF PROSTATE CANCER | AMERICAN PRINTING HOUSE FOR THE BLIND | ARCONIC CORPORATION | LUMEN TECHNOLOGIES | NEW YORK UNIVERSITY | SCALE AI, INC. | CALIFORNIA WALNUT COMMISSION | CLIMBING KITES LLC | NATIONAL HEALTHY START ASSOCIATION | AVANGRID MANAGEMENT COMPANY, LLC"
93892,JENNIFER,STORIPAN,"Legislative Director, Office of U.S. Rep. Joyce Beatty",185,11,"AMERICAN CLEAN POWER ASSOCIATION | THE ALUMINUM ASSOCIATION | EXCELSIOR ENERGY CAPITAL LP | MICROSOFT CORPORATION | NATIONAL ASSOCIATION OF WATER COMPANIES | ADVANCED ENERGY UNITED (FKA ADVANCED ENERGY ECONOMY) | BALL CORPORATION | RECURRENT ENERGY, LLC | PRIMERGY SOLAR | ORSTED NORTH AMERICA INC. | GEOTHERMAL RISING ACTION, INC | BROAD REACH POWER | NORTHERN CALIFORNIA POWER AGENCY | CENTER FOR COUNTERING DIGITAL HATE | IP RENEWABLE ENERGY HOLDINGS LLC | FOSTERING AMERICAN BRANDS FOR RESPONSIBLE IMPORTS AND CHOICE (FABRIC) COALITION | ZERO EMISSION TRANSPORTATION ASSOCIATION (ZETA) | AMERICAN PHYSICAL SOCIETY | SCHNEIDER ELECTRIC | ENGIE NORTH AMERICA, INC. | CLEARWAY ENERGY GROUP | PINE GATE RENEWABLES, LLC | NATIONAL WOODEN PALLET AND CONTAINER ASSOCIATION"
9573,JOHN,MCMANUS,"Staff Director W&M Health Subcommittee; LA, Rep. Bill Thomas",185,7,"DENDREON PHARMACEUTICALS LLC | MEDICAL DEVICE MANUFACTURERS ASSOCIATION | PEDIATRIX MEDICAL GROUP (MEDNAX NATIONAL MEDICAL GROUP) | GRAIL, INC. | INVIVYD (FORMERLY KNOWN AS ADAGIO THERAPEUTICS)) | PTC THERAPEUTICS INC. | ARDELYX | AMGEN | AMERICAN OCCUPATIONAL THERAPY ASSOCIATION | AMBULATORY SURGERY CENTER ASSOCIATION | GENENTECH | NATIONAL ASSOCIATION OF FREESTANDING EMERGENCY CENTERS (NAFEC) | ZIMMER BIOMET | INFUSION PROVIDERS ALLIANCE | FULCRUM THERAPEUTICS | HORIZON THERAPEUTICS USA, INC. (FORMERLY KNOWN AS HORIZON PHARMA USA, INC.) | WEX HEALTH | ACESSO BIOLOGICS | ALKERMES, INC. | ALNYLAM PHARMACEUTICALS | EMD SERONO, INC. | SIGHT SCIENCES | GILEAD SCIENCES, INC. | ORCHARD THERAPEUTICS NORTH AMERICA | BRISTOL-MYERS SQUIBB | AVADEL PHARMACEUTICALS | ROCHE DIAGNOSTICS | ROYAL BIOLOGICS | VENTURE MEDICAL | OWLET | MEDICARE ALLIANCE FOR BENEFICIARY ACCESS (MABA) | LARGE UROLOGY GROUP PRACTICE ASSOCIATION | PHARMACEUTICAL RESEARCH AND MANUFACTURERS OF AMERICA | VIVEX BIOLOGICS | BIOWOUND SOLUTIONS | DIGESTIVE HEALTH PHYSICIANS ASSOCIATION, INC. | VIALASE INC."
11986,MARTIN,WHITMER,Deputy CoS - USDOT,184,6,"A1 LITHIUM / ANSON RESOURCES | AMERICAN TRANSACTION PROCESSORS COALITION | COALITION FOR AMERICAN ELECTRONICS RECYCLING | GHOSTWORKS MARINE | NATIONAL ASPHALT PAVEMENT ASSOCIATION | PANASONIC CORPORATION OF NORTH AMERICA | EUROFINS TRANSPLANT GENOMICS INC. | SKYVEN TECHNOLOGIES | DATA MACHINES | AMERICAN CLEANING INSTITUTE | GEOSYNTHETIC MATERIALS ASSOCIATION - ATA (FORMERLY KNOWN AS GMA - IFAI) | PANACEA GLOBAL ENERGY | EVOQUA WATER TECHNOLOGIES | ECOLAB | XYLEM | ROTECH HEALTHCARE INC. | AHIP | HERITAGE CONSTRUCTION AND MATERIALS | IMPROVING MARKET ACCESS COALITION (IMAC) | INDIANA REGIONAL MEDICAL CENTER | MOMENT ENERGY | EXCELITAS TECHNOLOGIES CORP. | PAYSAFE PAYMENT PROCESSING SOLUTIONS, LLC | HELICON CHEMICAL COMPANY | CARELINK HOME HEALTH | COMMUNITY COLLEGE OF ALLEGHENY COUNTY (CCAC) | MAKANA MASK INC. | ORLANDO ECONOMIC PARTNERSHIP | PRIMEAI, INC. | SMR AUTOMOTIVE SYSTEMS USA INC. | UNIVERSITY OF CENTRAL FLORIDA | TRIDENTCARE | X-MAT | BLACKLIDGE ASPHALT SUPPLY | SARNOVA, LLC | UNIVERSITY OF NORTH FLORIDA | CAMPAIGN FOR SUSTAINABLE DRUG PRICING (CSRXP) | WOODINGS INDUSTRIAL CORPORATION | THE FINTECH ACCORD"
142194,PAGE,PHILLIPS STRICKLER,SW Washington Director for Sen. Murray,184,7,"CITY OF RIDGEFIELD | CITY OF CAMAS | PORT OF BELLINGHAM | CITY OF FERNDALE | OREGON CASA NETWORK | CITY OF VANCOUVER WASHINGTON | CITY OF DUVALL | NATIVE AMERICAN YOUTH AND FAMILY CENTER (NAYA) | HOYT ARBORETUM FRIENDS | TUALATIN VALLEY WATER DISTRICT | CITY OF LYNDEN | COWLITZ PUBLIC UTILITY DISTRICT | YWCA CLARK COUNTY | COLLEGE HOUSING NORTHWEST | CITY OF BATTLE GROUND WASHINGTON | CITY OF BEAVERTON | CITY OF LONGVIEW WASHINGTON | OCLD SUMMIT, LLC | SANTA CRUZ METRO | SEH AMERICA | CITY OF WILSONVILLE | MT. HOOD COMMUNITY COLLEGE"
70805,PHIL,HARDY,"Communications Director, Rep. Raul Labrador 2011-2013",184,18,"PERIMETER SOLUTIONS | CAPITOL COUNSEL, LLC ON BEHALF OF RESOURCE PUBLIC AFFAIRS LLC | CAPITOL COUNSEL, LLC ON BEHALF OF THE LUMBER MANUFACTORY, INC. | FIREHAWK HELICOPTERS | CAPITOL COUNSEL, LLC ON BEHALF OF SPATIAL INFORMATICS GROUP, LLC | CAPITOL COUNSEL, LLC ON BEHALF OF ADVANCED SITUATIONAL AWARENESS, LLC | CENTRAL COAST JET CENTER | VIBRANT PLANET PBC | CAPITOL COUNSEL, LLC ON BEHALF OF BRIDGER AEROSPACE GROUP, LLC | CAPITOL COUNSEL, LLC ON BEHALF OF PRIME MINUTE, INC. | OVERWATCH AERO | CAPITOL COUNSEL, LLC ON BEHALF OF TRACPLUS | CAPITOL COUNSEL, LLC ON BEHALF OF ORORATECH GMBH | CAPITOL COUNSEL, LLC ON BEHALF OF PERIMETER SOLUTIONS | CAPITOL COUNSEL, LLC ON BEHALF OF CENTRAL COAST JET CENTER | BRIDGER AEROSPACE GROUP, LLC | BILLINGS FLYING SERVICE | THE LUMBER MANUFACTORY, INC. | ORORATECH GMBH | VOITH HYDRO | CAPITOL COUNSEL, LLC ON BEHALF OF AERO AIR, LLC | FIRE BOSS LLC | AERO AIR, LLC | CAPITOL COUNSEL, LLC ON BEHALF OF EARTH FORCE TECHNOLOGIES, INC. | SANTA MARIA PUBLIC AIRPORT DISTRICT | EARTH FORCE TECHNOLOGIES, INC. | 10 TANKER AIR CARRIER LLC | CAPITOL COUNSEL, LLC ON BEHALF OF VIBRANT PLANET PBC | CAPITOL COUNSEL, LLC ON BEHALF OF FUND FOR A BETTER FUTURE | CAPITOL COUNSEL, LLC ON BEHALF OF 10 TANKER AIR CARRIER, LLC | ADVANCED SITUATIONAL AWARENESS, LLC | LUX AIR JET CENTERS | CAPITOL COUNSEL, LLC ON BEHALF OF ALERTWEST, INC. | H.F. VICKERS LLC | FLASH FOREST INC. | UNITED AERIAL FIREFIGHTERS ASSOCIATION | CAPITOL COUNSEL, LLC ON BEHALF OF BILLINGS FLYING SERVICE | CAPITOL COUNSEL, LLC ON BEHALF OF INTTERRA GROUP | CAPITOL COUNSEL, LLC ON BEHALF OF OVERWATCH AERO"
144828,KYLE,SANDERS,"Special Assistant for Economic Development/Deputy Chief of Staff, Sen. Thom Tillis; Legislative Counsel/Legislative Director & Counsel, Rep. David Rouzer; Legislative Correspondent/Legislative Aide, Rep. Andy Harris",183,2,"INDEPENDENT RESTAURANT COALITION | SERENA POWER, LLC | LEDGER SAS | BIO-LNG MARITIME FUEL COALITION | UNITE US | PUBREC LLC ON BEHALF OF PEOPLECONNECT | CIVITAS RESOURCES INC. | ASSOCIATION OF AIR MEDICAL SERVICES | AVIS BUDGET CAR RENTAL, LLC | AARP | AMERICAN SOCIETY OF COMPOSERS, AUTHORS AND PUBLISHERS (ASCAP) | SM ENERGY FKA CIVITAS RESOURCES INC. | SEEKOUT | UNIVERSITY OF NORTH CAROLINA AT CHARLOTTE | KERBEROS CAPITAL FUND III LP | PROMOTIONAL PRODUCTS ASSOCIATION INTERNATIONAL | FONTANA VENTURES, LLC | JM FAMILY ENTERPRISES, INC | AMERICAN SENIORS HOUSING ASSOCIATION | GOVERNMENT COUNSEL LLC ON BEHALF OF DELTA DENTAL OF CA | CARGO AIRLINE ASSOCIATION | FIRST SOLAR, INC. | UFA, INC. | SCENIC AMERICA | RALEIGH-DURHAM AIRPORT AUTHORITY | BOOM TECHNOLOGY, INC. | BDV SOLUTIONS | MAXIM HEALTHCARE SERVICES, LLC | AMERICAN HISTORICAL ASSOCIATION | MOORE NANOTECHNOLOGY SYSTEMS | AMERICAN POLICY VENTURES ACTION | KIA MOTORS CORPORATION | NORTH TEXAS COMMISSION | EBAY INC | PRECISION ADDITIVE SOLUTIONS | MODERN MEDICAID ALLIANCE"
61655,JAMES,DENNIS,Counsel to Senator Jeff Bingaman,182,4,"ENTERPRISE PRODUCTS OPERATING LLC | COIN CENTER | AMERICAN INSTITUTE OF CPAS | CLEAN AIR TASK FORCE | KELLEY, DRYE & WARREN LLP (OBO NARA ORGANICS) | ORSTED OFFSHORE NORTH AMERICA | STRATEGIC INVESTMENT HOLDINGS GROUP, LLC | HEWLETT PACKARD ENTERPRISE COMPANY | SEIA | CATF ACTION, INC | NATIONAL EDUCATION ASSOCIATION | PUGET SOUND ENERGY | ENERGY INFRASTRUCTURE COUNCIL | POLARIS CONSULTING | NATIONAL VENTURE CAPITAL ASSOCIATION"
145286,JOHN,ASSINI,"Senator Baldwin, Legislative Assistant Congressman Panetta, Sr. Legislative Assistant Energy and Natural Resources Committee, Majority Staff",182,24,"CJ LAKE, LLC (ON BEHALF OF SAN JOAQUIN VALLEY AIR POLLUTION CONTROL DISTRICT) | TOTAL WINE & MORE | EBSCO PUBLISHING INC. | SAN JOAQUIN COUNCIL OF GOVERNMENTS | CJ LAKE, LLC (ON BEHALF OF GREAT LAKES DREDGE & DOCK COMPANY, LLC) | CJ LAKE, LLC (ON BEHALF OF CITY OF THORNTON) | CJ LAKE, LLC (ON BEHALF OF SAN JOAQUIN COUNCIL OF GOVERNMENTS) | ALAMEDA COUNTY TRANSPORTATION COMMISSION | COUNTY OF MERCED | SAN JOAQUIN VALLEY AIR POLLUTION CONTROL DISTRICT | CJ LAKE, LLC (ON BEHALF OF COUNTY OF MERCED) | CJ LAKE, LLC (ON BEHALF OF CALSTART) | MISSOURI BEHAVIORAL HEALTH COALITION | ZURN ELKAY WATER SOLUTIONS | CJ LAKE, LLC (ON BEHALF OF FRESNO COMMUNITY HOSPITAL AND MEDICAL CENTER) | CJ LAKE, LLC (ON BEHALF OF MARCH JOINT POWERS AUTHORITY) | CJ LAKE, LLC (ON BEHALF OF BAY AREA RAPID TRANSIT DISTRICT) | CJ LAKE, LLC (ON BEHALF OF ALAMEDA COUNTY TRANSPORTATION COMMISSION) | SAN DIEGO COMMUNITY POWER | RDP (FORMERLY VENTURA COUNTY COMMUNITY - NAVY ACTION PARTNERSHIP) | CJ LAKE, LLC (ON BEHALF OF CALIFORNIA STATE SENATE) | GREAT LAKES DREDGE & DOCK COMPANY, LLC | CJ LAKE, LLC (ON BEHALF OF VENTURA COUNTY COMMUNITY-NAVY ACTION PARTNERSHIP) | CJ LAKE, LLC (ON BEHALF OF COUNTY OF ALAMEDA, CALIFORNIA) | EXPEDIA GROUP"
143186,NICHOLAS,MANETTO,"Legislative Assistant, Rep. Christopher H. Smith (R-NJ)",180,7,"SSM HEALTH | CROHN'S & COLITIS FOUNDATION | IMMUNE DEFICIENCY FOUNDATION | EVERYLIFE FOUNDATION FOR RARE DISEASES | CUREPSP, INC. | RIETH-RILEY CONSTRUCTION CO., INC. | AMERICAN ASSOCIATION FOR THE ADVANCEMENT OF SCIENCE | SOLIDARITY HEALTHSHARE | CINCINNATI CHILDREN'S HOSPITAL MEDICAL CENTER | STEP ONE FOODS | BOSTON CHILDREN'S HOSPITAL | COALITION FOR PEDIATRIC MEDICAL RESEARCH | NATIONAL PSORIASIS FOUNDATION | NAVITUS | THE KEMPE FOUNDATION | SPECTRUM HEALTH | CHILDREN'S HOSPITAL COLORADO | ALLINA HEALTH SYSTEM"
53513,ROBERT,ELLSWORTH,"Chief of Staff, ID-1; Legislative Director, ID-1; Senior Legislative Assistant, NC-11; Professional Staff, House Admin. Committee; Intern, OH-8",180,2,"CBC NATIONAL BANK MORTGAGE | CROPTRAK (COGENT3D, INC) | HI55 VENTURES | NATIONSTAR MORTGAGE | CONNECTED COMMERCE COUNCIL | SUPERIOR OPTICAL LAB, INC. | HOUSE CANARY, INC. | T-MOBILE USA INC | CLICK N' CLOSE (FORMERLY MID AMERICA MORTGAGE) | AMERICAN PETROLEUM INSTITUTE | DEVELOPERS ALLIANCE | SHORELIGHT EDUCATION | EXPANSION FUNDING PARTNERS, LLC | SOLVAY AMERICA, INC. | INTERNATIONAL FARMING (IFC) | AI SALON | SHARX, LLC | CHELAN FRUIT GROWERS COOPERATIVE"
58110,JESSE,APPLETON,"Legislative Assistant, Sen. James Talent; Senior Advisor, Department of Treasury",180,14,"JUNO | STARMAN HOTEL HOLDINGS LLC | COOLFIRE SOLUTIONS | CLEAR CHOICE THERAPEUTICS | COBALT CREED | ADVANTAGE CAPITAL | BREWER SCIENCE, INC. | THE CIGNA GROUP AND SUBSIDIARIES (FKA CIGNA CORPORATION AND SUBSIDIARIES) | THE P3I GROUP | ST. LOUIS SYMPHONY ORCHESTRA | NERDY INC. (FORMERLY KNOWN AS VARSITY TUTORS LLC) | AMERICAN BATTERY TECHNOLOGY COMPANY (FORMERLY AMERICAN BATTERY METALS CORP) | NIDEC AMERICAS HOLDING CORPORATION | SCHOLARPATH | FIRST BANK OF THE LAKE | CHESS CLUB AND SCHOLASTIC CENTER OF SAINT LOUIS | SWITCH, INC. | PARTNERSHIP FOR JOB CREATION | U.S. MINERALS & METALS CORPORATION (M2I) | STAKEHOLDER LABS | BIZZYCAR"
56282,NICOLE,BIVENS COLLINSON,"Assistant Textile Negotiator, USTR",180,1,"HANESBRANDS INC | SUPERATV, LLC | CAMELBAK PRODUCTS, LLC | RENFRO CORP. | CONFEDERACION LATINOAMERICANA DE AGENTES ADUANALES, SC (CLAA) | AZUCAREROS DEL ISTMO CENTROAMERICANO | AGOA AD-HOC COALITION | SANMAR CORPORATION | PROVEFRUT | EXPOFLORES | TORMACH INC. | MAGELLAN CORPORATION | FAMILY FRIENDLY (BFF) AD HOC COALITION | HAWASSA INDUSTRIAL PARK INVESTORS ASSOCIATION | NIELSEN-KELLERMAN COMPANY | SUCRO SOURCING L.L.C | UNIFORM ADVANTAGE | AD HOC COALITION FOR APPAREL SUPPLY CHAIN RESILIENCY IN CENTRAL AMERICA | RAD POWER BIKE INC | KALORIK | HEALTH INDUSTRY DISTRIBUTORS ASSOCIATION (HIDA) | AD HOC COALITION FOR U.S. NITRILE GLOVE COALITION | KION NORTH AMERICA CORPORATION | L&L CANDLE CO. | ISOLATEK INTERNATIONAL | BON-AIRE INDUSTRIES | US COUNCIL FOR INTERNATIONAL BUSINESS | SYSCEND, INC DBA GUARDIAN BIKES | TRAEGER PELLET GRILLS LLC | DOOSAN BOBCAT NORTH AMERICA | NATIONAL CUSTOMS BROKERS & FORWARDERS ASSOCIATION OF AMERICA, INC., (NCBFAA) | COALITION FOR EFFECTIVE FORCED LABOR ENFORCEMENT | WAYFAIR | FIRST SALE COALITION | CABINETWORKS GROUP | BASE BRANDS, LLC | AURUBIS AG | NORTHWEST PIPE COMPANY | CENTRIC BRANDS | THE LINDY BOWMAN COMPANY"
57524,CHANI,WIGGINS,"DHS Assistant Secretary of Legislative Affairs; Legislative Director for Senators McCaskill, Dayton and Rep. Stupak; Legislative Assistant Senator Harkin; HELP Committee professional staff",180,28,"THE CLIMATE REALITY PROJECT | TWINLOGIC STRATEGIES ON BEHALF OF NOKIA OF AMERICA CORPORATION | TWINLOGIC STRATEGIES ON BEHALF OF TWITTER, INC | TWINLOGIC STRATEGIES ON BEHALF OF T-MOBILE USA, INC | TWIN LOGIC STRATEGIES ON BEHALF OF CAROLINA WEST WIRELESS | TWINLOGIC STRATEGIES LLP ON BEHALF OF CROWN CASTLE | TWINLOGIC STRATEGIES LLP ON BEHALFOF INTERNATIONAL ASSOCIATION OF VENUE MANAGERS | TWINLOGIC STRATEGIES ON BEHALF OF SCIENCE APPLICATIONS INTERNATIONAL CORPORATION | TWIN LOGIC ON BEHALF OF PANDORA MEDIA INC | TWIN LOGIC STRATEGIES ON BEHALF OF THE INTERNET INFRASTRUCTURE COALITION | TWINLOGIC STRATEGIES ON BEHALF OF SIIA | PEW CHARITABLE TRUSTS | TWIN LOGIC STRATEGIES ON BEHALF OF ZEBRA TECHNOLOGIES | TWINLOGIC STRATEGIES ON BEHALF OF LUTRON ELECTRONICS CO., INC. | PARTNERSHIP PROJECT ACTION FUND"
138179,AUGUSTUS,MAPLES,"Professional Staff Member, U.S. Senate Appropriations Subcommittee on Transportation, Housing and Urban Development, and Related Agencies",179,2,"INTERNATIONAL FUND FOR ANIMAL WELFARE | COMMUNITIES FOR RESPONSIBLE AND EFFICIENT WATERWAYS (CREW) | LOS ANGELES STREETCAR, INC. | CITY OF LOCKPORT, IL | WEST CENTRAL MUNICIPAL CONFERENCE | TOWN OF CICERO, IL | HDR, INC. | BORN FREE USA | PELOTON INTERACTIVE, INC | CANADIAN NATIONAL RAILWAY COMPANY | AMERICAN COUNCIL OF ENGINEERING COMPANIES | U.S. RAS ASSOCIATION-MIDWEST | ENVIRONMENTAL INVESTIGATION AGENCY | SAMBANOVA SYSTEMS | CAPE COD COMMERCIAL FISHERMANS ALLIANCE, INC. | AMERICAN CONCRETE PAVEMENT ASSOCIATION | MILHOUSE ENGINEERING AND CONSTRUCTION, INC, ON BEHALF OF COOK COUNTY DOT | VILLAGE OF ELMWOOD PARK, IL | SCALLOPERS CAMPAIGN | NORTHEAST ILLINOIS REGIONAL COMMUTER RAILROAD CORPORATION | CONTRA COSTA TRANSPORTATION AUTHORITY | LUETKEHANS, BRADY, GARNER & ARMSTRONG, LLC ON BEHALF OF DUPAGE WATER COMMISSION | BLANK ROME GOVERNMENT RELATIONS, ON BEHALF OF CANADIAN NATIONAL RAILWAY | VILLAGE OF LEMONT, IL | TESLA, INC. | SAN JOAQUIN REGIONAL RAIL COMMISSION | FISHING COMMUNITIES COALITION | JOLIET REGIONAL PORT DISTRICT/LEWIS UNIVERSITY AIRPORT (KLOT)"
61254,SUZANNE,SULLIVAN,"Deputy Chief of Staff, US Department of Transportation, February 1997 - August 1998, Assistant Administrator for Government and Industry Affairs, Federal Aviation Administration, September 1998 - May 2002",178,2,"TEAM HALLAHAN ON BEHALF OF KONGSBERG DEFENCE AND AEROSPACE, INC. | SKYSAFE, INC | JOBSOHIO | FETCHYFOX INC. | GLASS AVIATION HOLDINGS INC | NORTHERN TECHNOLOGIES INTERNATIONAL CORPORATION | AEYE INC | CINTRA US | NATIONAL AIR TRAFFIC CONTROLLERS ASSOCIATION | CENTER FOR TRANSPORTATION AND THE ENVIRONMENT | OREGON DEPARTMENT OF TRANSPORTATION | MERIDIAM INFRASTRUCTURE NORTH AMERICA CORPORATION (FKA MERIDIAM INFRASTRUCTURE) | VONTIER BUSINESS SERVICES, LLC | US TRAVEL ASSOCIATION"
100741,JOHN,CZERWINSKI,"Appropriations Legislative Assistant, Rep. Frank Wolf, 2013-2014; Legislative Correspondent, Rep. Frank Wolf, 2012-2013.",178,3,"VAST SPACE LLC | VIRGINIA COMMERCIAL SPACE FLIGHT AUTHORITY | 535 GROUP, LLC ON BEHALF OF MSPS FOR THE PROTECTION OF CRITICAL INFRASTRUCTURE | VENTURI ASTROLAB, INC. | 535 GROUP, LLC ON BEHALF OF CAPSTONE RESEARCH CORPORATION | 535 GROUP, LLC ON BEHALF OF TECHNOLOGY SERVICE CORPORATION | 535 GROUP, LLC ON BEHALF OF MAXAR TECHNOLOGIES HOLDINGS, INC. | LEOLABS, INC. | HAWKEYE 360 | MAXAR TECHNOLOGIES HOLDINGS, INC. | POSE TECH CORPORATION | PRASAM LLC (DBA) THE POTOMAC ADVOCATES ON BEHALF OF REDWIRE SPACE | PRASAM LLC (DBA) THE POTOMAC ADVOCATES ON BEHALF OF HAWKEYE 360 | TANAGRA ENTERPRISES, LLC ON BEHALF OF AETHERFLUX, INC. | 535 GROUP, LLC ON BEHALF OF D-WAVE GOVERNMENT INC. | 535 GROUP, LLC ON BEHALF OF NORTHROP GRUMMAN SYSTEMS CORPORATION | ASTROBOTIC TECHNOLOGY, INC. | AMRO FABRICATING CORP. | KARMAN MISSILE AND SPACE SYSTEMS | VIRGIN GALACTIC HOLDINGS, INC."
144814,NEIL,MCKIERNAN,"Chief of Staff to Joe Courtney, Legislative Assistant to John Larson, Staff Assistant to Linda Sanchez",178,6,"CURTISS-WRIGHT CORPORATION | LEIDOS | DREXEL UNIVERSITY | GENERAL ATOMICS | VARDA SPACE INDUSTRIES, INC. | BLUEFORGE ALLIANCE | TEXTRON INC. | STIDD SYSTEMS, INC | ARCO DB COMPANIES, INC. | MARK BARNES ASSOCIATES (DBA DILLON AERO, INC.) | L-3 TECHNOLOGIES INC | MARITIME OPERATIONS GROUP | THE LINCOLN ELECTRIC COMPANY | J.A. GREEN AND COMPANY (FOR SHIELD AI) | HONEYWELL INTERNATIONAL INC. | HUNT COMPANIES, INC. | CONSORTIUM MANAGEMENT GROUP | BLACKSEA TECHNOLOGIES | L3 HARRIS (FORMERLY L-3 TECHNOLOGIES) | SYSTECON NORTH AMERICA | EVERFOX LLC | GENERAL DYNAMICS | FRONTGRADE TECHNOLOGIES INC. | K2 SPACE CORPORATION | AVALANCHE, INC. | SPACEX | RAYTHEON TECHNOLOGIES CORPORATION | SHIELD AI | AMAZON WEB SERVICES | LEONARDO ELECTRONICS US INC."
65031,ELIZABETH,WHITNEY,"Senior Legislative Assistant, Rep. Bart Gordon (TN-6) Oct. 2009-Jan. 2011; Legislative Assistant/Legislative Correspondent, Rep. Zack Space (OH-18) Sept. 2007-Oct. 2009",178,3,"UTAH ASSOCIATED MUNICIPAL POWER SYSTEMS | TENNESSEE VALLEY PUBLIC POWER ASSOCIATION | COUNTIES OF KLAMATH, MODOC, AND SISKIYOU | HOMER ELECTRIC ASSOCIATION | NORTHEAST PUBLIC POWER ASSOCIATION | NORTHWEST PUBLIC POWER ASSOCIATION | IRRIGATION AND ELECTRICAL DISTRICTS ASSOCIATION OF ARIZONA | ENERGY NORTHWEST | LEAN ENERGY US | CORE ELECTRIC COOPERATIVE | COLORADO RIVER ENERGY DISTRIBUTORS ASSOCIATION | DAIRYLAND POWER COOPERATIVE | SACRAMENTO MUNICIPAL UTILITY DISTRICT | COMMUNITY CHOICE ENERGY ALLIANCE FKA LEAN ENERGY US"
145921,CELIA,MORTE,National Security Advisor for Senator John N. Kennedy Military Legislative Assistant for Senator Kevin Cramer,177,1,"PEDMAS TECHNOLOGIES & INNOVATIONS | ELMET TECHNOLOGIES LLC | KYMERA INTERNATIONAL | XERION ADVANCED BATTERY CORP. | ALKEGEN | HAPTECH DEFENSE SYSTEMS | UNIVERSITY OF TEXAS RIO GRANDE VALLEY FOUNDATION | VRC METAL SYSTEMS | ICD ALLOYS AND METALS | AALO ATOMICS | VOYAGER TECHNOLOGIES | SURF AIR INC. | ARCHEM LLC | NOVALITH TECHNOLOGIES | THE BATTERY ADVOCACY FOR TECHNOLOGY TRANSFORMATION (BATT) COALITION | ELECTROFLOW TECHNOLOGIES | LEETA MATERIALS | TCLAD INC. | XENTRIS WIRELESS | NEOGRAF SOLUTIONS, LLC | WATTER | SKYWAYS AIR TRANSPORTATION | NORTH AMERICAN HOGANAS CO. | PARASANTI | ANTHRO ENERGY | NEWMARKET SPECIALTY MATERIALS | TECHNOLOGY APPLICATIONS GROUP, INC. | GENERAL RADAR CORPORATION | SMALLSAT ALLIANCE | SCOUT AI INC. | CALCA SOLUTIONS LLC"
17987,JOEL,WHITE,"Former Staff Director, Ways and Means Health Subcommittee; L.A. for Rep. Jim Greenwood; L.A. for Rep. Chris Shays",176,11,"STCHEALTH LLC | PANORAMIC HEALTH | RXREVU DBA ARRIVE HEALTH | THE UNITED STATES PHARMACOPEIAL CONVENTION | H2O.AI | SCHIZOPHRENIA POLICY ACTION NETWORK, INC. | THE COMMONWEALTH FUND | SOLVENTUM HEALTH INFORMATION SYSTEMS, INC | VELATURA PUBLIC BENEFIT CORPORATION | ATHENAHEALTH, INC. | NATIONAL COUNCIL FOR PRESCRIPTION DRUG PROGRAMS | CENCORA FKA AMERISOURCEBERGEN CORPORATION | MCKESSON CORPORATION | PHRMA | EVERGREEN NEPHROLOGY | INTERWELL HEALTH | STRIVE HEALTH | COVERMYMEDS | HEALTH INNOVATION ALLIANCE | US RENAL CARE | COUNCIL FOR AFFORDABLE HEALTH COVERAGE | DAVITA, INC. | INTEGRITY MARKETING GROUP | FIRST PRINCIPLES STRATEGIES, LLC ON BEHALF OF VALIDAS, LLC"
100994,SARAH,MONTEITH,"Legislative Aide, Sen. Patty Murray (D-WA) // Legislative Assistant, Rep. Josh Harder (D-CA-10) // Legislative Assistant, Rep. Derek Kilmer (D-WA-06)",176,6,"ANIMAL LEGAL DEFENSE FUND | SOLAR MOSAIC INC. | THE LACTATION NETWORK LLC | ANIMAL LEGAL DEFENSE LEGISLATIVE FUND | INTERSECTIONS OF OUR LIVES | SCOTT'S MIRACLE-GRO | SHIFT5 | SOCIETY FOR HUMAN RESOURCE MANAGEMENT | QUALTRICS INTERNATIONAL INC. (FORMERLY KNOWN AS QUALTRICS LLC) | EQUIFAX INC. | THE BUSINESS ROUNDTABLE | MARCH OF DIMES INC. | COLUMBIA CARE | LIGADO NETWORKS | ZOOMINFO TECHNOLOGIES, LLC | TAKE BACK THE COURT ACTION FUND | CAREER EDUCATION COLLEGES AND UNIVERSITIES | CVS HEALTH (AND SUBSIDIARIES) | LYFT, INC. | CAPITOL BRIDGE LLC | RISEPOINT- FKA ACADEMIC PARTNERSHIPS | ASSOCIATION OF YOUNG AMERICANS | SAGA EDUCATION | NATIONAL MPS SOCIETY | REPRODUCTIVE FREEDOM FOR ALL | REEF GLOBAL INC."
27720,JUSTIN,LILLEY,"Republican Telecom Counsel & Staff Member, House Energy & Commerce Committee: 1988-1993; 1997-2001",176,2,"LIGADO NETWORKS, LLC | IOTA COMMUNICATIONS | AVANCI F/K/A MARCONI, LLC | NEXTNAV | NATIONAL CABLE TELECOMMUNICATIONS ASSOCIATION | OPTIMUM COMMUNICATIONS F/K/A ALTICE USA | CHARTER COMMUNICATIONS, INC. | NEWSMAX, INC. F/K/A NEWSMAX MEDIA, INC. | T-MOBILE USA | CTIA - THE WIRELESS ASSOCIATION | PARAMOUNT GLOBAL | RS ACCESS, LLC | FUBO | SES AMERICOM, INC. | META PLATFORMS, INC."
71046,RYAN,SEROTE,"Legislative Assistant & District Director, Rep. J.D. Hayworth (AZ-5) Jan 2001-Jan 2007; Legislative Assistant, Rep. Jay Dickey (AR-4) Mar 2000-Jan 2001; Staff Assistant, Majority Whip Jan 1999-Mar 2000",175,6,"CORE ELECTRIC COOPERATIVE | COLORADO RIVER ENERGY DISTRIBUTORS ASSOCIATION | DAIRYLAND POWER COOPERATIVE | SACRAMENTO MUNICIPAL UTILITY DISTRICT | NORTHWEST PUBLIC POWER ASSOCIATION | IRRIGATION AND ELECTRICAL DISTRICTS ASSOCIATION OF ARIZONA | HOMER ELECTRIC ASSOCIATION | TENNESSEE VALLEY PUBLIC POWER ASSOCIATION | NORTHEAST PUBLIC POWER ASSOCIATION | ENERGY NORTHWEST | UTAH ASSOCIATED MUNICIPAL POWER SYSTEMS | COUNTIES OF KLAMATH, MODOC, AND SISKIYOU"
64545,TYLER,NELSON,"Chief of Staff House Member Office, Deputy Chief of Staff House Member Office, District Director (Olson)",175,4,"GREATER HOUSTON PARTNERSHIP | VALERO SERVICES, INC. | LONE STAR COLLEGE | SWM TECHNOLOGIES, LLC | OSHKOSH CORPORATION | EXXONMOBIL | WICHITA FALLS CHAMBER OF COMMERCE OBO SHEPPARD MILITARY AFFAIRS COMMITTEE | CLINE STRATEGIC CONSULTING, LLC OBO HOUSTON METRO | FRONTERA RESOURCES CORPORATION | KIRBY CORPORATION | CENTERPOINT ENERGY, INC. | DALLAS REGIONAL CHAMBER | EMPOWER CLINIC SERVICES, LLC DBD EMPOWER PHARMACY | UNIVERSITY OF TEXAS HEALTH SCIENCE CENTER | MAMMOTH FREIGHTERS LLC | TEXAS CITY TERMINAL RAILWAY COMPANY | FIRST SERVICE CREDIT UNION | AMERICAN CRITICAL MINERALS ASSOCIATION | UNIVERSITY OF ST. THOMAS | GLOBAL SEA MINERAL RESOURCES NV | MR. TRAVIS HANCOCK | SANDY HOOK PROMISE FOUNDATION | SAN JACINTO COLLEGE COMMUNITY DISTRICT | ENERGY CAPITAL VIETNAM | TRANSOCEAN OFFSHORE DEEPWATER DRILLING INC. | JOHN BEAN TECHNOLOGIES CORPORATION | ZERO - THE END OF PROSTATE CANCER"
139592,CHARLES,GARRISON,"Senior Counsel, Senate Judiciary Committee, Office of Senator Sheldon Whitehouse (2018-2021), Counsel, Senate Judiciary Committee, Office of Senator Sheldon Whitehouse",175,8,"SANMINA CORPORATION | SILVER POINT CAPITAL | ARRENDADORA Y FACTOR BANORTE, S.A. DE C.V., SOFOM, E.R.,GRUPO FINANCIERO BANORTE | BOOKING HOLDINGS INC. | AI HEALTHCARE COALITION | TOPS MARKETS LLC | SPECTRUM BRANDS HOLDINGS INC | SOLEO HEALTH | NATIONAL WOMEN'S SOCCER LEAGUE, LLC | NORTH AMERICAN INTERPIPE | HAWKEYE 360 | GRIFOLS SHARED SERVICES NORTH AMERICA, INC. | MERCEDES-BENZ USA, LLC | PEDIATRIC ASSOCIATES | MARIC HEALTHCARE, LLC | WALMART INC | ANSCHUTZ ENTERTAINMENT GROUP INC. | CORPORATION SERVICES COMPANY | METINVEST INTERNATIONAL S.A. | ARTANIS CAPITAL, LLC | LG ENERGY SOLUTION, LTD. | COMPUTER & COMMUNICATIONS INDUSTRY ASSOCIATION | FEDERAL HEARINGS AND APPEALS SERVICES, INC. | INHANCE TECHNOLOGIES LLC | GALES FERRY INTERMODAL, LLC"
69446,STEPHANIE,WALKER,Former House Staff,175,5,"LONGVIEW RANCH | UNITED CEREBRAL PALSY | NEVADA NORTHERN RAILWAY FOUNDATION | WASHOE COUNTY REGIONAL TRANSPORTATION COMMISSION | CITY OF SPARKS | NEVADA BROADCASTERS ASSOCIATION | VOLUSIA COUNTY, FLORIDA | CLARK COUNTY, NEVADA | WASHOE COUNTY | NORMAN TRI II LLC, A NEVADA LIMITED LIABILITY COMPANY | WS2 RANCH, LLC | ROSEMAN UNIVERSITY | LYON COUNTY, NEVADA | CITY OF NORTH LAS VEGAS | CITY OF HENDERSON, NEVADA | DPIF3 ACQUISITION CO LLC | INSPIRITEC, INC. | MMESA 319 LLC | SOURCEAMERICA | LAS VEGAS GLOBAL ECONOMIC ALLIANCE | CALIFORNIA/NEVADA CREDIT UNION LEAGUE | VEGAS CHAMBER | CITY OF FERNLEY, NEVADA"
69566,JORGE,CASTRO,"Counselor to the IRS Commissioner; Tax & Trade Counsel, Rep. Stephanie Tubbs Jones; Senior Counsel, Sen. John D. Rockefeller IV",175,7,"AMERICAN FIDELITY CORPORATION | NATIONAL PHILANTHROPIC TRUST | THE PHILANTHROPY ROUNDTABLE | MT. VERNON INVESTMENTS LP | THE JEWISH FEDERATIONS OF NORTH AMERICA | MCDONALD'S CORPORATION | JUUL LABS, INC. | HYZON MOTORS, INC. | LYONDELL CHEMICAL CO | STANDARD INDUSTRIES | GUSTO | AMERICAN PROPERTY CASUALTY INSURANCE ASSOCIATION | TRINET GROUP, INC. | ASSURED GUARANTY LTD | EXXON MOBIL CORP | HP, INC. | THE CARLYLE GROUP"
44092,ROGER,SZEMRAJ,House Approps Committee; CoS of Rep. Marcy Kaptur,175,21,"AMERICAN PISTACHIO GROWERS (FORMERLY KNOWN AS WESTERN PISTACHIO ASSOCIATION) | INTERMOUNTAIN FOREST ASSOCIATION | NATIONAL COMMODITY SUPPLEMENTAL FOOD PROGRAM ASSOCIATION | NESTLE PURINA PET CARE | SOUTH DAKOTA STATE UNIVERSITY | DIDION MILLING | INTERNATIONAL FRESH PRODUCE ASSOCIATION | FOOD FLEET, INC. | ALLIANCE FOR A STRONGER FDA | AMERICAN COMMODITY DISTRIBUTION ASSOCIATION | EDESIA | JAZZ PHARMACEUTICALS INC. | GENERAL MILLS, INC. | US APPLE ASSOCIATION | CALIFORNIA CLING PEACH GROWERS | NATIONAL ASSOCIATION OF WHEAT GROWERS"
148281,PATRICK,KILCUR,"Floor Assistant, Senate Republican Secretary (2012-2014); Cloakroom Assistant, Senate Republican Secretary (2008-2012); Floor Monitor, Sen. Arlen Specter (2006-2008)",174,1,"SAP AMERICA, INC. | ALEXANDER VON FURSTENBERG FAMILY | JPMORGAN CHASE HOLDINGS LLC | PUBLIX SUPER MARKETS, INC. | TERRA SOLAR U.S. LLC | VYSTAR CREDIT UNION | KRA MANAGEMENT LLC | VIZ.AI | BB LIVING | CHAPMAN DEVELOPMENT LLC | HYPERICE, INC. | SAFE PRO GROUP, INC. | NYSE GROUP, INC. | ORANO USA LLC | HANWHA Q CELLS AMERICA INC. | PARAMOUNT GLOBAL | FRAGRANCE CREATORS ASSOCIATION | FLUENCE ENERGY, LLC | CAMPAIGN FOR AMERICA FIRST INTERNATIONAL ASSISTANCE | MANTARI INDUSTRIES, INC. | CITIZENS FOR RESPONSIBLE ENERGY SOLUTIONS (CRES) | SEPRO CORPORATION | NATIONAL FOOTBALL LEAGUE | NETFLIX, INC. | PARSONS GOVERNMENT SERVICES INC. | CHEVRON U.S.A. INC. | PUBLIC BROADCASTING SERVICE | REYES HOLDINGS, LLC | MORSELIFE HEALTH SYSTEM | BOOZ ALLEN HAMILTON INC. | DOLE PLC | FIRSTDAY FOUNDATION | TRANSPORTATION MANAGEMENT SERVICES | AXEL SPRINGER USA INC. | COMCAST CORPORATION | BLOOM ENERGY | LENOVO | UNION OF ORTHODOX JEWISH CONGREGATIONS OF AMERICA | THE WALT DISNEY COMPANY | EQUINIX, INC. | EVOLUTION ELECTRIC VEHICLES | CERTREE | MALNUTRITION ADVOCACY FUND | LOS ANGELES ORGANIZING COMMITTEE FOR THE OLYMPIC AND PARALYMPIC GAMES 2028 | ACCENTURE LLP | U.S SUGAR CORPORATION | MAJOR LEAGUE BASEBALL | MOTION PICTURE ASSOCIATION OF AMERICA, INC. | THE LEAGUE OF CREDIT UNIONS & AFFILIATES | UNITED AIRLINES, INC. | SERVICENOW, INC. | TRANSUNION LLC"
78900,KATHERINE,COLLINS,"Deputy Director of Operations, The Executive Residence, Executive Office of the President (2011-2016) and Policy Associate, White House Cancer Moonshot Task Force, Office of the Vice President, Executive Office of the President (2016-2017)",173,2,AMERICAN EPILEPSY SOCIETY | ASPIRA WOMENS HEALTH | FOCUSED ULTRASOUND FOUNDATION | PATCHRX | HEALTHYWOMEN | CELMATIX | WOMENS HEALTH ACCESS MATTERS | BIOSIG TECHNOLOGIES | HEALTH & ENVIRONMENTAL FUNDERS NETWORK LEAD FUNDERS ACTION NETWORK | MAYNE PHARMA | BREAST CANCER EARLY DETECTION COALITION | NOVAGARD | RESOURCEPATH | CDX DIAGNOSTICS | VIGIL NEURO | LEAD SAFE CLEVELAND COALITION | SPRINGBOARD ENTERPRISES | METRODORA INSTITUTE | EPILEPSIES ACTION NETWORK | OLIGO NATION | WOMENS HEALTH ADVOCATES | JOBS FOR OHIOS GRADUATES | MEDICINES360 | PRELUDEDX | CITY OF SHAKER HEIGHTS | SHEPHERD THERAPEUTICS | MAY HEALTH
143833,JONATHAN,YAROWSKY,GCHouseJudCom82-95; SACPres95-98,173,5,"ALIGOS THERAPEUTICS, INC. | WALGREEN CO. | INTUIT, INC. AND AFFILIATES (FORMERLY INTUIT INC.) | AMERICAN ASSOCIATION FOR JUSTICE | BEER INSTITUTE | PAXOS TRUST COMPANY, LLC | ALDEN TORCH FINANCIAL LLC | OMNI BRIDGEWAY (USA) LLC (F.K.A. BENTHAM IMF) | ART DEALERS ASSOCIATION OF AMERICA | BRAMBLES (PREVIOUSLY REPORTED AS BRAMBLES LIMITED) | SABRE CORPORATION | KIA CORPORATION (FORMERLY KNOWN AS KIA MOTORS CORPORATION) | CHARTER COMMUNICATIONS INC | NATIONAL ASSOCIATION OF CONSUMER BANKRUPTCY ATTORNEYS | NATIONAL GROCERS ASSOCIATION | AMERICAN SOCIETY OF MECHANICAL ENGINEERS"
69023,MARK,TAVLARIDES,"Dir., Leg. Affairs, NSC; Sr. Spec. Asst., Intl Sec. Affairs, Sec'y of Defense; Staff Dir., Staff Cons., H. For. Aff. Subcomm on Human Rights and Intl Orgs.; Leg. Asst, Intern, Rep. Yatron; Staff Cons., H. For. Aff. Subcomm on Inter-American Affairs",173,3,DEVOLLI CORPORATION | REPUBLIC OF INDIA | SANDVINE | AMERICAN CHAMBER OF COMMERCE IN AUSTRALIA (FKA AMCHAMS OF ASIA PACIFIC) | KURDISTAN REGIONAL GOVERNMENT | AT CAPITAL PTE. LTD. | NATIONAL HEALTHY START ASSOCIATION | DOOSAN CORPORATION | IRANIAN AMERICAN COMMUNITY OF NORTHERN CALIFORNIA | NUCLEAR ENERGY INSTITUTE | CALIFORNIA WALNUT COMMISSION | TOP ACES CORP. | EMBASSY OF THE REPUBLIC OF AZERBAIJAN | GOLDEN VALLEY ELECTRIC ASSOCIATION | RTX CORPORATION AND AFFILIATES (FKA RAYTHEON TECHNOLOGIES CORP. AND AFFILIATES) | AMERIFREIGHT SYSTEMS LLC | BETTER WORLD FUND | EMBASSY OF BANGLADESH | EMBASSY OF THE KINGDOM OF BAHRAIN TO THE UNITED STATES | WORLD DOG ALLIANCE (HONG KONG) LIMITED | AMERICAN CHAMBER OF COMMERCE IN SOUTH CHINA | ANALYTICAL AI
1526,MARLA,GROSSMAN,"Minority Counsel, Senate Judiciary Committee",173,1,"ACG ADVOCACY ON BEHALF OF COPYRIGHT ALLIANCE | ACG ADVOCACY ON BEHALF OF AXEL SPRINGER | WILMERHALE ON BEHALF OF APPLE INC. | INTELLECTUAL PROPERTY OWNERS ASSOCIATION | ACG ADVOCACY OBO THE AMERICAN SOCIETY FOR COLLECTIVE RIGHTS LICENSING | ACG ADVOCACY ON BEHALF OF NIKE, INC. | ACG ADVOCACY ON BEHALF OF RELX INC. | ACG ADVOCACY ON BEHALF OF THE SOCIETY OF COMPOSERS AND LYRICISTS | ACG ADVOCACY ON BEHALF OF MOTION PICTURE ASSOCIATION OF AMERICA | ACG ADVOCACY OBO MONOTYPE IMAGING INC. | ACG ADVOCACY ON BEHALF OF COALITION FOR PATENT & TRADEMARK INFO. | ACG ADVOCACY ON BEHALF OF CHAMBERLAIN GROUP | ACG ADVOCACY ON BEHALF OF THE AUTHORS GUILD, INC. | ACG ADVOCACY OBO PARTNERSHIP FOR THE U.S. LIFE SCIENCE ECOSYSTEM (PULSE) | ACG ADVOCACY ON BEHALF OF GETAROUND INC. | ACG ADVOCACY ON BEHALF OF NEWS CORPORATION | ACG ADVOCACY ON BEHALF OF THE SONGWRITERS GUILD OF AMERICA | ACG ADVOCACY ON BEHALF OF SOUNDEXCHANGE | COVINGTON & BURLING ON BEHALF OF APPLE INC. | ACG ADVOCACY ON BEHALF OF AMERICAN ASSOCIATION OF PUBLISHERS"
52213,LAVERNE,HUBERT,"Min Chief Counsel, Senate Ag Cmte, Chief Consl, LD & COS House Ag Cmte",172,6,"R4 TECHNOLOGIES, INC. | FLORIDA SUGAR CANE LEAGUE | WINE AND SPIRITS WHOLESALERS OF AMERICA | AMERICAN SHEEP INDUSTRY ASSOCIATION | BEEF ALLIANCE | ELANCO ANIMAL HEALTH | AMERICAN VETERINARY MEDICAL ASSOCIATION | PRODUCE MARKETING ASSOCIATION | CALIFORNIA ASSOCIATION OF WINEGRAPE GROWERS | COBANK | JBS USA FOOD COMPANY | UNITED EGG PRODUCERS | US RICE PRODUCERS ASSOCIATION | AMCOT | NATIONAL WILD TURKEY FEDERATION"
100976,ANDREA,MARES,"Staff Assistant / Legislative Correspondent / Legislative Aide / Legislative Assistant, Sen. Martin Heinrich (D-NM)",172,5,"CAMBRIDGE BOXHILL LANGUAGE ASSESSMENT PTY LTD AS TRUSTEE FOR THE CAMBRIDGE BOXHI | VITAL SALUD | JOHNSON & JOHNSON SERVICES INC. | TAKE BACK THE COURT ACTION FUND | CVS HEALTH (AND SUBSIDIARIES) | QUALTRICS INTERNATIONAL INC. (FORMERLY KNOWN AS QUALTRICS LLC) | JPMORGAN CHASE HOLDINGS LLC | US AGAINST ALZHEIMERS | AMERICA'S HEALTH INSURANCE PLANS (AHIP) | BLACK VETERANS EMPOWERMENT COUNCIL AND MISSION UPLIFT | NATIONAL ASIAN PACIFIC AMERICAN WOMENS FORUM | HOLLY STRATEGIES INCORPORATED (ON BEHALF OF WHOOP, INC.) | UNITED SERVICES AUTOMOBILE ASSOCIATION | SOLAR MOSAIC INC. | THE LACTATION NETWORK LLC | REEF GLOBAL INC. | MARCH OF DIMES INC. | ZOOMINFO TECHNOLOGIES, LLC | FRESENIUS MEDICAL CARE HOLDINGS, INC. | STATE FARM | ASSOCIATION OF YOUNG AMERICANS"
117449,ALAN,WHEAT,Former Member of Congress,171,10,"AMERICAN REGISTRY OF RADIOLOGIC TECHNOLOGISTS | AMERICAN SOCIETY OF HAND THERAPISTS | MIRION TECHNOLOGIES, INC. | FOUNDATION FOR ADVANCING ALCOHOL RESPONSIBILITY (RESPONSIBILITY.ORG) | WALLACE ENVIRONMENTAL CONSULTING, INC. | WESTERN MICHIGAN UNIVERSITY | AMERICAN ASSOCIATION OF NURSE ANESTHETISTS | NAADAC, THE ASSOCIATION FOR ADDICTION PROFESSIONALS | THE CONAFAY GROUP ON BEHALF OF ANTIMICROBIALS WORKING GROUP | AMERICAN SOCIETY FOR HISTOCOMPATIBILITY AND IMMUNOGENETICS | AMERICAN ASSOCIATION OF COLLEGES OF NURSING | AMERICAN NURSES ASSOCIATION | NATIONAL ASSOCIATION OF SOCIAL WORKERS | RDT ASSOCIATES, LLC ON BEHALF OF MIRION TECHNOLOGIES, INC. | AMERICAN ASSOCIATION OF NURSE PRACTITIONERS | ANTIMICROBIALS WORKING GROUP"
48796,DAVID,BEAUDREAU,"Intern, Rep. Sherrod Brown, 2004",171,9,"LINDSAY MANUFACTURING CO | TRI-EST | AGROSPHERES, INC. | KYNETEC | BIOPESTICIDE INDUSTRY ALLIANCE | POOL AND HOT TUB ALLIANCE | FMC CORP | COMPOSITE PANEL ASSOCIATION | FRIENDS OF IR-4 COALITION | UPL NA INC. | SYNGENTA CROP PROTECTION LLC | GAVILON LLC | ILLINOIS CORN GROWERS ASSOCIATION | INTERNATIONAL SANITARY SUPPLY ASSOCIATION | INTUITECH | MULCH AND SOIL COUNCIL"
141894,JOSH,PEASTER,"LA to Senator Cindy Hyde-Smith, Staff of Senate Majority Leader Mitch McConnell, Staff of Senator Thad Cochran",171,7,GREY2K USA WORLDWIDE | BRIDGES FOR THE DEAF AND HARD OF HEARING | CHARTWELL STRATEGY GROUP ON BEHALF OF HYUNDAI MOTOR COMPANY | RAJANT CORPORATION | HEALTH RESOURCES | LITTLE TALLAHATCHIE RIVERWAY CONSERVANCY | MEMPHIS ALLIES BY YOUTH VILLAGES | HINDS COMMUNITY COLLEGE | LOBAKI | UNION COUNTY HERITAGE MUSEUM | BLUEOVAL SK | THE SKILLS FOUNDATION OF MISSISSIPPI | MEMORIAL HOSPITAL AT GULFPORT | SR1 TECHNOLOGIES | SINGING RIVER HOSPITAL | WALKING HORSE TRAINER'S ASSOCIATION | WILLIAM CAREY UNIVERSITY | PEER POWER | PERSPECTIVE STRATEGIES ON BEHALF OF BINANCE | TENNESSEE WALKING HORSE BREEDERS AND EXHIBITORS ASSOCIATION | NATIONAL HARDWOOD LUMBER ASSOCIATION | JACKSON STATE UNIVERSITY | TENNESSEE WALKING HORSE NATIONAL CELEBRATION
142471,AUKE,MAHAR-PIERSMA,"Staff Director of Railroads, Pipelines and Hazardous Materials Subcommittee 2014-2020 and Deputy Staff Director of Highways and Transit Subcommittee 2020-2023",170,8,METROPOLITAN ATLANTA RAPID TRANSIT AUTHORITY | STADLER US INC | NEW FLYER OF AMERICA INC. | DES MOINES AREA REGIONAL TRANSIT AUTHORITY (DART) | WASHOE COUNTY REGIONAL TRANSPORTATION COMMISSION | SACRAMENTO REGIONAL TRANSIT | CHAMPAIGN-URBANA MASS TRANSIT DISTRICT | AUSTIN TRANSIT PARTNERSHIP | HENNEPIN COUNTY REGIONAL RAILROAD AUTHORITY | HYDROGEN FUEL CELL BUS COUNCIL | ANN ARBOR AREA TRANSPORTATION AUTHORITY | UTAH TRANSIT AUTHORITY | INDIANAPOLIS PUBLIC TRANSPORTATION CORPORATION | CONNECT TRANSIT | SANTA CLARA VALLEY TRANSPORTATION AUTHORITY | VIRGINIA RAILWAY EXPRESS | RIVERSIDE TRANSIT AGENCY | REGIONAL TRANSPORTATION AUTHORITY OF CENTRAL OKLAHOMA | UTAH DEPARTMENT OF TRANSPORTATION
145896,CHRISTOPHER,KIM,"Intern, U.S. Rep. Bill Huizenga",170,1,"IQVIA | COLOSSAL BIOSCIENCES INC. | EMORY UNIVERSITY | ALSTOM TRANSPORTATION INC. | DETERRENCE DEFENSE INC. | EMPIRE AVIATION | HALMAR | RIVET INDUSTRIES, INC. | SHIELD AI, INC. | INDOTRONIX INTERNATIONAL CORPORATION | AMERICAN CHEMISTRY COUNCIL, INC. | PROLEGIS, LLC | WILLIAM MARSH RICE UNIVERSITY | CREI HOLDINGS LLC | DREAMFACTORY.COM | HILL EAST GROUP LLC ON BEHALF OF IDEMIA IDENTITY & SECURITY USA LLC | GLOBAL DIGITAL ASSET & CRYPTOCURRENCY ASSOCIATION D.B.A GLOBAL DCA | RECURSION | R2P INNOVATIONS | CMG STRATEGY CO., LLC DBA CHIPOTLE MEXICAN GRILL, INC. | ASTRANIS | WASHINGTON UNIVERSITY IN ST. LOUIS | VANDERBILT UNIVERSITY | AIR SPACE INTELLIGENCE | NATIONAL ASSOCIATION OF CONVENIENCE STORES | HILL EAST GROUP LLC ON BEHALF OF SYRACUSE REGIONAL AIRPORT AUTHORITY | LIVE EARTH IMAGING, INC. | ADVANCED ENERGY UNITED | ENGLAND ECONOMIC AND INDUSTRIAL DEVELOPMENT DISTRICT | RACETRAC, INC. | SHIPPERS COALITION | AMERICAN HUMANE | THE CIGNA GROUP AND SUBSIDIARIES | SOUTHERN AIRWAYS EXPRESS | NEW YORK BUILDING CONGRESS (NYBC) | POWEREX CORP. | GRAYSTREET MANAGEMENT SERVICES LLC DBA GRAY STREET PARTNERS | GAMBIT DEFENSE, INC | TREEHOUSE ISLAND, INC. DBA TEAM TREEHOUSE | US TRAVEL ASSOCIATION | NATIONAL ASSOCIATION OF BUSINESS POLITICAL ACTION COMMITTEES (NABPAC) | CRH AMERICAS MATERIALS, INC | DISASTER MANAGEMENT GROUP, LLC | SHIFT5"
142000,ROBERT,BABCOCK,"Senior Legislative Assistant/Legislative Assistant, Congressman Steve King; Legislative Aide/Legislative Correspondent/Staff Assistant, Senator Kay Bailey Hutchison; Regional Administrator, GSA Greater Southwest Region.",170,6,"DELTA AIRLINES | AMERESCO | BITCOIN DEPOT | STARR CAMARGO BRIDGE COMPANY | CAMERON COUNTY COMMISSION COURT | REPLIMUNE | PROFESSIONAL HOSPITAL GUAYNABO | W.W. GRAINGER, INC. | COMCAST CORPORATION | NET LEASE CAPITAL | XCALIBER INTERNATIONAL | BLUE STREAM COMMUNICATIONS, LLC | GS FOODS GROUP | CHILDREN'S HEALTH DEFENSE | BOYD WATTERSON GSA REIT | HIDALGO COUNTY COMMISSIONERS COURT | SOUTHERN METHODIST UNIVERSITY | CLEARVIEW AI | AUTO CARE ASSOCIATION | DELTA BLACK AEROSPACE | NATURAL STATE RENEWABLES | LEGACY MEDICAL CONSULTANTS | PHANTOM NEURO | NIXON PEABODY LLP (ON BEHALF OF BROWN UNIVERSITY) | PUERTO VERDE HOLDINGS, LLC | STRAIGHTLINE AI | LUX AETERNA SPACE | MUTUALINK, INC. | CHARTER COMMUNICATIONS | KREINDLER & KREINDLER LLP (O/B/O/ CERTAIN 9/11 PLAINTIFFS) | EL PASO CHAMBER OF COMMERCE | UNI AG GROUP | SH130 CONCESSION COMPANY | PUBLIC PROPERTIES LLC | UNITY ALLIANCE FOUNDATION USA | UMBRA SPACE | D&M AUTO LEASING | UNITEDHEALTH GROUP, INC. | RADIAN AEROSPACE | LUCID BOTS | GATX CORPORATION | CLARK HILL PLC ON BEHALF OF CLEAN HARBORS ENVIRONMENTAL SERVICES, INC. | DOUGLAS DEVELOPMENT CORPORATION | D'ALESSIO LAW GROUP (ON BEHALF OF JAMES DONDERO) | FIREHAWK AEROSPACE"
63394,SARAH,HELTON,"Intern, House of Representatives",169,3,"DOBER CHEMICAL CORP. | HARIBO GROUP OF AMERICA | KAHLENBERG INDUSTRIES | RENAISSANCE LEARNING, INC. | WABASH NATIONAL CORPORATION | NUVERA FUEL CELLS | COMMUNITY PARTNERS | GOLDEN WEST FOOD GROUP | TRANSPRO | VORTEX OPTICS | GENER8TOR MANAGEMENT, LLC | THE HILLMAN GROUP | KIKI AIRLIFT | INTELLIGENT MAPPING, LLC | ECM INDUSTRIES LLC | CENTRAL ASSOCIATION FOR THE BLIND AND VISUALLY IMPAIRED (CABVI) | CHANNEL PRODUCTS, INC. | ECHO SCIENTIFIC | ULTRATEC | COMPREHENSIVE HEALTHCARE SYSTEMS, FORMERLY REPORTED AS COMPREHENSIVE HEALTHCARE | CAPTAIN DS, LLC | ASHLEY FURNITURE INDUSTRIES, LLC | HYSTER-YALE MATERIALS HANDLING, INC. | PLAINS ALL AMERICAN PIPELINE, L.P. | NSI INDUSTRIES LLC | DIDION, INC. | BOWLING PROPRIETORS' ASSOCIATION OF AMERICA | DAVID LYNCH FOUNDATION | ONE HOPE UNITED | SCHOTT PHARMA USA, INC. | DAIRYLAND POWER COOPERATIVE | AMNEAL PHARMACEUTICAL | M&C SAATCHI WORLD SERVICES, US INC. | GUARDIAN ACCESS & DOOR HARDWARE | BADGER METER | HAMILTON BEACH BRANDS | PRIMEX FAMILY OF COMPANIES | NIELSEN KELLERMAN | SPRINGS WINDOW FASHIONS | SNP INC. | LIBROS SCHMIBROS | SB TECHNOLOGY, INC. D/B/A SANDBOXAQ | FMC CORPORATION | SCHOTT NORTH AMERICA INC AND AFFILIATE (FORMERLY SCHOTT NORTH AMERICA INC) | AMCOR FLEXIBLES NORTH AMERICA, INC. | GSM-WALKER PRODUCTS | USANA HEALTH SCIENCES INC. | AIR DISTRIBUTION TECHNOLOGIES"
69854,PATRICK,MARTIN,"Legislative Correspondent - Office of Senator Evan Bayh; Special Assistant - Center for Consumer Info and Insurance Oversight, Dept. of HHS",169,5,"VORYS, SATER, SEYMORE AND PEASE LLP ON BEHALF OF AMG VANADIUM LLC | BLUE HAVEN INITIATIVE | FRANCIS ENERGY | FORTUNE BRANDS HOME & SECURITY, INC. | CROP ENHANCEMENT | FILEVINE | GLOBAL MEDICAL RESPONSE | SWISHER INTERNATIONAL, INC. F/K/A SI GROUP CLIENT SERVICES | CANOPY GROWTH CORPORATION | THE EVERGLADES FOUNDATION | CALIFORNIA CHILDREN'S HOSPITAL ASSOCIATION | AMERICAN INSTITUTE OF STEEL CONSTRUCTION | BROWNSTEIN HYATT FARBER SCHRECK, LLP ON BEHALF OF STARBUCKS | VILLAGE OF FRANKLIN PARK | TRENTON THREATENED SKIES | CURALEAF, INC. | HEALTH AND HOSPITAL CORPORATION OF MARION COUNTY INDIANA | AMERICA'S ESSENTIAL HOSPITALS | CATHOLIC CHARITIES OF THE ARCHDIOCESE OF CHICAGO | PEORIA COUNTY | LOCKHEED MARTIN CORPORATION | SAFETY AND ADVOCACY FOR EMPOWERMENT (SAFE) (F/K/A COALITION OF IGNITION INTERLOC | AMERICAN ASSOCIATION OF ORTHODONTISTS | FRESENIUS MEDICAL CARE NORTH AMERICA (FKA FRESENIUS MEDICAL CARE) | THE EVERGLADES TRUST, INC. | UNIVERSITY OF MINNESOTA | US CANNABIS COUNCIL | GLOBALFOUNDRIES U.S. INC."
138281,STEVE,MARCHESE,"Senior Policy Advisory (State); Senior Staff, House Approps Cmte",169,2,"RTX CORPORATION (FKA RAYTHEON TECHNOLOGIES CORPORATION) | MMV MEDICINES FOR MALARIA VENTURE | PALANTIR | CARE IN ACTION | RICE UNIVERSITY | GM DEFENSE, LLC | COMMUNITY ASSOCIATIONS INSTITUTE | INTERNATIONAL ORGANIZATION FOR MIGRATION | KELLOGG BROWN & ROOT LLC | CARE ACTION | AVIATION TRAINING CONSULTING, LLC | BEER INSTITUTE | UNIVERSITY OF NOTRE DAME | GATES POLICY INITIATIVE | ID.ME, LLC | ZEROFOX, INC. | KIDS IN NEED OF DEFENSE | FIRESTORM LABS INC. | REFUGEES INTERNATIONAL | MAINSPRING ENERGY INC | ANDURIL INDUSTRIES, INC. | MICROGEM INTERNATIONAL PLC | YAYASAN BERBAKTI SEMANGAT INDONESIA | WICHITA FALLS CHAMBER OF COMMERCE OBO SHEPPARD MILITARY AFFAIRS COMMITTEE | FHI 360 | INTERNATIONAL COMMITTEE OF THE RED CROSS | SAVE THE CHILDREN FEDERATION INC. | ENERGY CAPITAL VIETNAM | THE BOEING COMPANY | ADVANCED NAVIGATION AND POSITIONING CORPORATION | ZERO - THE END OF PROSTATE CANCER | EPIRUS, INC. | BY LIGHT PROFESSIONAL IT SERVICES LLC | RCF MANAGEMENT L.L.C."
141706,CAREN,STREET,"2007-08: SA, Sen. Johnny Isakson; 2008-17: LC/LA/Policy Adv/Grants Director/Counsel/Sr Policy Adv, Sen. Harry Reid; 2017-18: Policy Dir, CBC (Rep. Cedric Richmond); 2018-19, 2021: COS, Rep. Karen Bass; 2019-21: Exec Dir, CBC (Rep. Bass)",168,1,"HEINEKEN USA | COALITION AGAINST UNJUST SENTENCING | DENVER REGIONAL TRANSPORTATION DISTRICT | AUTOS DRIVE AMERICA | CONTROLLED THERMAL RESOURCES | KALSHI INC. | CITY OF WESTMINSTER, COLORADO | GOVERNMENT OF U.S. VIRGIN ISLANDS | PARADIGM OPERATIONS LP | LEON COUNTY BOARD OF COUNTY COMMISSIONERS | PBI-GORDON COMPANIES | THE KROGER CO. | AIRLINES FOR AMERICA | BUNGE NORTH AMERICA, INC. | VIRGIN ISLANDS PUBLIC FINANCE AUTHORITY (VIPFA) | DIGITAL ANALYTICS FREEDOM ALLIANCE | THE LUBRIZOL CORPORATION | AMERICAN SOLAR RAIL LLC | LASSEN PEAK, INC. | GOVERNMENT OF PUERTO RICO | LIVE NATION ENTERTAINMENT, INC. | THE MODULAR BUILDING INSTITUTE | COX ENTERPRISES, INC. | POLICY AND TAXATION GROUP | HAMPTON ROADS TRANSIT | ASTRAZENECA UK LTD. | URBAN ATLANTIC | MARS INCORPORATED | CENTRAL OHIO TRANSIT AUTHORITY | JBS USA FOOD COMPANY | WASHINGTON COMMANDERS FKA WASHINGTON FOOTBALL TEAM | WEST COAST UNIVERSITY | BRISTOL-MYERS SQUIBB COMPANY"
141674,MICHAEL,HEATON,former Legislative Director for Congressman Mike Turner (R-OH),168,4,"GLOBAL ACCOUNTABILITY CORPORATION | CITY OF MEMPHIS, TN | GOLDEN BEAM METALS, LLC | CITY OF COLUMBUS | RAPIDSOS | PROXIMO SPIRITS | AERO PRECISION | ILAB, LLC | RESMED CORP. | INTERNATIONAL FRANCHISE ASSOCIATION | ELEVATED MODULAR SYSTEMS, LLC | KETTLEBELL ESCAPES LLC | AUTHENTIX, INC. | HILLENBRAND INC. | FINALIS, INC. | MOZARK PTE LTD | LEADERSHIP 18 | DURNELL'S RV SALES, INC. | INTERNATIONAL COUNCIL OF SHOPPING CENTERS, INC. DBA ICSC | SOUTH CAROLINA HOUSE CALLS, INC."
147219,PATRICIA,DELOATCHE,"Health Policy Director, Sen. Orrin Hatch; Chief of Staff, Legislative Director, Legislative Assistant, Rep. Mike Bilirakis",168,9,"KALDEROS, INC. | ENVOY MEDICAL CORPORATION | CORD BLOOD ASSOCIATION | DIGICERT, INC. | SUNRISE MEDICAL (US) LLC | LIFESCIENCE LOGISTICS, LLC | INTERCEPT PHARMACEUTICALS, INC. | IHEART MEDIA | ENESCO, LLC | OCI HOLDINGS COMPANY LTD. | CULLIGAN INTERNATIONAL COMPANY | VIFOR PHARMA LTD | COMDATA, INC. | ENCHANT ENERGY CORPORATION | HINDALCO INDUSTRIES LTD. | PUROLITE CORPORATION | HEMOPHILIA FEDERATION OF AMERICA | ANNEXON BIOSCIENCES | ILLUMINA, INC. | KARYOPHARM THERAPEUTICS | AQUABOUNTY TECHNOLOGIES, INC. | EQUILIBRIUM CAPITAL | MEDELA LLC | YUM CHINA HOLDINGS, INC. | DUKE UNIVERSITY MEDICAL CENTER | CRAIGSLIST, INC. | TAYLOR FRESH FOODS, INC"
106874,JARROD,LOADHOLT,Sr. Counsel to House Committee on Financial Services; Subcommittee on Financial Institution & Consumer Credit; Subcommittee on Oversight & Investigation.,168,6,"UNIBAIL-RODAMCO-WESTFIELD | CITY OF JACKSON, MS | TULSA INNOVATION LABS | NATIONAL ASSOCIATION OF REAL ESTATE BROKERS | CITY OF LITTLE ROCK | BAM TRADING SERVICES, INC./BINANCE.US | TESLA INC. | HOUSE AUTHORITY OF THE BIRMINGHAM DISTRICT | CITY OF BIRMINGHAM, ALABAMA | FIRST AMERICAN FINANCIAL CORPORATION | CITY OF EVANSVILLE, INDIANA | TERADATA GOVERNMENT SYSTEMS LLC | INTUIT, INC. AND AFFILIATES (FORMERLY INTUIT, INC.) | CITY OF BLOOMINGTON, INDIANA | ATHLETES.ORG"
147732,BRIAN,CONLAN,"Legislative Correspondent, Legislative Assistant-Office of Congresswoman Tammy Baldwin; Legislative Aide, Legislative Assistant, Senior Economic Policy Advisor, Deputy Legislative Director-Office of Senator Tammy Baldwin",168,3,"NATIONAL ASSOCIATION OF MUTUAL INSURANCE COMPANIES | EXPERIAN NORTH AMERICA | CLEO | NETFLIX | ECONOMIC SECURITY PROJECT ACTION | NATIXIS INVESTMENT MANAGERS, LLC | FERMAT CAPITAL MANAGEMENT | NATIONAL RENTAL HOME COUNCIL | PENNYMAC FINANCIAL SERVICES | CREDIT UNION NATIONAL ASSOCIATION. INC. DBA AMERICA'S CREDIT UNIONS | CAPITAL ONE FINANCIAL CORPORATION | INVESCO HOLDING COMPANY (US), INC. | ELECTRONX | U.S. MORTGAGE INSURERS | INVESTMENT COMPANY INSTITUTE | MOODY'S CORPORATION | PROTECTIVE LIFE CORPORATION | UNITED STATES CHAMBER OF COMMERCE/CENTER FOR CAPITAL MARKETS COMPETITIVENESS | LOAN SYNDICATIONS AND TRADING ASSOCIATION | BIPARTISAN POLICY CENTER ACTION | INSURANCE SERVICES OFFICE, INC. | DISCOVER FINANCIAL SERVICES, INC. | MANAGED FUNDS ASSOCIATION | ALLSTATE INSURANCE COMPANY | MEMBERS EXCHANGE | PRETIUM | FINANCIAL ACCOUNTING FOUNDATION | AUCTION.COM | DEFI EDUCATION FUND | GLOBAL TRADING SYSTEMS, LLC | SOLANA POLICY INSTITUTE | MONARCH ALTERNATIVE CAPITAL LP"
65028,EMILY,PETERSON,"Legislative Assistant, Sen. Thad Cochran (MS-4) 2007-2013; Professional Staff Member, Energy and Water Appropriations Subcommittee 2004-2007; Legislative Aide, Sen. Thad Cochran (MS-4) 2001-2004",167,2,"IRRIGATION AND ELECTRICAL DISTRICTS ASSOCIATION OF ARIZONA | NORTHWEST PUBLIC POWER ASSOCIATION | ENERGY NORTHWEST | NORTHEAST PUBLIC POWER ASSOCIATION | UTAH ASSOCIATED MUNICIPAL POWER SYSTEMS | CORE ELECTRIC COOPERATIVE | COLORADO RIVER ENERGY DISTRIBUTORS ASSOCIATION | DAIRYLAND POWER COOPERATIVE | SACRAMENTO MUNICIPAL UTILITY DISTRICT | COUNTIES OF KLAMATH, MODOC, AND SISKIYOU | TENNESSEE VALLEY PUBLIC POWER ASSOCIATION | HOMER ELECTRIC ASSOCIATION"
96147,ADAM,BUCKALEW,"Covered Ofﬁcial Positions Continued: Deputy Chief of Staff, U.S. Rep. Markwayne Mullin (R-OK); Communications Director & Legislative Assistant, U.S. Rep. Gregg Harper (R-MS)",167,2,"BLUE CROSS AND BLUE SHIELD ASSOCIATION | CENTENE CORPORATIONS | VERTEX PHARMACEUTICALS | CAREVISO INC. | NOVAVAX, INC. | MARIUS PHARMACEUTICALS LLC | ELEVANCE HEALTH, INC. | BETTER SOLUTIONS FOR HEALTHCARE | AIS HEALTHCARE | AMERICAN HEART ASSOCIATION | BLOOD CANCER UNITED | CIGNA CORPORATE SERVICES, LLC AND ITS AFFILIATES | HUMANA, INC. | BOEHRINGER INGELHEIM PHARMACEUTICALS, INC. | OLIVE AI | CVS HEALTH (AND SUBSIDIARIES) | INDEPENDENCE BLUE CROSS | BLOOD CANCER UNITED FKA THE LEUKEMIA & LYMPHOMA SOCIETY | SALT POINT STRATEGIES ON BEHALF OF THE RITEDOSE CORPORATION"
1266,DUANE,GIBSON,LA Sen. Stevens; Counsel Natural Resources Committee; Staff Director and Counsel Highways and Transit Subcommittee,167,47,"TRIBAL O/COQUILLE TRIBE | HARLEY-DAVIDSON | NATIONAL WHISTLEBLOWER LEGAL DEFENSE & EDUCATION FUND | SAGAMORE DEVELPMENT CORPORATION | BELL AND LINDSAY (FOR HC LOGICS) | COULSON AIRCRANE USA | ZERO MOTORCYCLE INC | LIFE CONNECTION OF OHIO | FORTRESS WILDFIRE INSURANCE GROUP | FORTRESS NORTH AMERICA | BELL & LINDSAY (FOR EVERGLADES UNIVERSITY) | COYNE REAL ESTATE | ARCIMOTO, INC | APTERA MOTORS CORP | RADIA, LLC | BYE AEROSPACE | BELL & LINDSAY (FOR SOUTHEASTERN COLLEGE) | QUANTUM KNIGHT | VOLTA INDUSTRIES, INC."
21911,SCOTT,PARSONS,"Chief of Staff, CFTC; LA, Congressman Pickering",166,4,"FIA / PTG | CITADEL INVESTMENT GROUP | DIGITAL CHAMBER OF COMMERCE | LOUIS DREYFUS COMPANY, LLC | COMMODITY MARKETS COUNCIL | FORIS DAX MARKETS, INC. DBA CRYPTO.COM | EXELON BUSINESS SERVICES LLC (FORMERLY KNOWN AS CONSTELLATION ENERGY GROUP) | DRAFTKINGS INC. | THE SCOULAR COMPANY | UNDERDOG SPORTS HOLDINGS, INC. AND ITS AFFILIATES | TWO SIGMA INVESTMENTS, LP | AMERICAN COTTON SHIPPERS ASSOCIATION | FALCONX BRAVO INC."
148346,CHRISTOPHER,BUKI,"Staff Assistant/Legislative Correspondent, Representative John Culberson; Legislative Assistant/Senior Legislative Assistant, Representative Bill Shuster; Legislative Director/Deputy Chief of Staff, Representative David McKinley",166,1,"WALGREEN COMPANY | VIATRIS (MYLAN, INC) | LKQ CORPORATION | MASSACHUSETTS INSTITUTE OF TECHNOLOGY | DAVITA, INC. | NATIONAL INSURANCE CRIME BUREAU | ABBOTT LABORATORIES | HUMANA, INC. | ORCHARD THERAPEUTICS NORTH AMERICA | HEALTH INDUSTRY DISTRIBUTORS ASSOCIATION | JAPAN TOBACCO INTERNATIONAL USA INC. | CONSUMER TECHNOLOGY ASSOCIATION | BROWN-FORMAN CORPORATION | CONSUMER BRANDS ASSOCIATION | ROCKET LIMITED PARTNERSHIP F/K/A RKT HOLDINGS, LLC | COALITION OF MANUFACTURERS OF SMOKING ALTERNATIVES | WALMART INC. | NOVO NORDISK, INC. | MONDELEZ INTERNATIONAL | CIGAR ASSOCIATION OF AMERICA | META PLATFORMS, INC. (FORMERLY FACEBOOK, INC. AND VARIOUS SUBSIDIARIES) | SHIELD AI | DOORDASH | NATIONAL FOOTBALL LEAGUE | GOODRX | AMERICAN PSYCHOLOGICAL ASSOCIATION SERVICES, INC. | RECYCLING LEADERSHIP COUNCIL | SANDOZ INC. | VAPOR TECHNOLOGY ASSOCIATION | REPUBLIC SERVICES, INC. | NATIONAL ELECTRICAL MANUFACTURERS ASSOCIATION | AMERICAN EXPLORATION & PRODUCTION COUNCIL | EXPEDIA GROUP | BRIGHTHOUSE SERVICES LLC | GLAS INC. | SWISHER INTERNATIONAL INC. | GOOGLE CLIENT SERVICES, LLC | FRESENIUS KABI | PNC FINANCIAL INC. | COHESITY, INC."
150526,KELLY,CHILDRESS LANGE,"Rep. Mike Rogers, LA; Rep. John Shimkus, LA.",166,18,"BAVARIAN NORDIC INC. | SEQIRUS | ILLUMNIA, INC. | INVIVYD, INC. | RIDGEBACK BIOTHERAPEUTICS | FRESENIUS KABI | PHARMACEUTICAL RESEARCH AND MANUFACTURERS OF AMERICA | NOVARTIS | RAI SERVICES COMPANY | PARTNER THERAPUTICS | BAYER CORPORATION | LONGHORN | MESO SCALE DIAGNOSTICS | ALVOGEN | AMAZON | GLAXOSMITHKLINE | FRESENIUS MEDICAL CARE NORTH AMERICA"
147901,MEAGAN,BOLTON SUNN,"Office of U.S. Senator Gary Peters, Legislative Counsel and U.S. House Committee on Small Business, Counsel, and various roles FCC.",166,8,"HOUSE AUTHORITY OF THE BIRMINGHAM DISTRICT | CITY OF BIRMINGHAM, ALABAMA | FIRST AMERICAN FINANCIAL CORPORATION | IXLAYER | IKE SMART CITY, LLC | CITY OF EVANSVILLE, INDIANA | UNIBAIL-RODAMCO-WESTFIELD | CITY OF JACKSON, MS | ATHLETES.ORG | WIRELESS INFRASTRUCTURE ASSOCIATION | NATIONAL ASSOCIATION OF REAL ESTATE BROKERS | CITY OF BLOOMINGTON, INDIANA | CITY OF LITTLE ROCK | BAM TRADING SERVICES, INC./BINANCE.US | TESLA INC."
141085,LISA,GOLDMAN,"Sr Counsel, House Comm on Energy & Commerce; Chief Counsel, Sr Counsel (E&C Subcommittee on Consumer Protection & Commerce); Counsel House Comm on E&C",165,1,"AMERICAN CHEMISTRY COUNCIL | NEMOURS CHILDREN'S HEALTH | TELADOC HEALTH INC | SOO LINE CORPORATION DBA CPKC | AMERICA'S HEALTH INSURANCE PLANS | HUMANA | ZING HEALTH HOLDINGS, INC. | ZOOM VIDEO COMMUNICATION INC. | NATIONAL ELECTRICAL MANUFACTURERS ASSOCIATION | BIZ2CREDIT, INC. | MAYO CLINIC | MEDTRONIC, INC. | NATIONAL ORGANIZATION OF VETERANS' ADVOCATES | NOTARIZE, INC. DBA PROOF.COM | BLUE CROSS BLUE SHIELD MICHIGAN | HAIER US APPLIANCE SOLUTION, INC. DBA GE APPLIANCES | TNC (US) HOLDINGS, INC. (FORMERLY NIELSEN) | RETAIL INDUSTRY LEADERS ASSOCIATION (RILA) | XYLEM, INC. | AEGIS SCIENCES CORPORATION | AMERICAN SOCIETY OF ANESTHESIOLOGISTS | AXON ENTERPRISE, INC. | GENERAL AVIATION MANUFACTURERS ASSOCIATION | INDEED, INC. | SUBSTRATE INC. | INVENERGY, LLC | AMERICAN MEDICAL ASSOCIATION | OPEN RAN COALITION | AARP, INC. | BLUE SHIELD OF CALIFORNIA | PODIMETRICS | RAPID7, INC. | GIVING HOME HEALTH CARE | MERIDIAN GOVERNANCE INC. | MSCI, INC. | THE ERISA INDUSTRY COMMITTEE | KAISER FOUNDATION HEALTH PLAN, INC. | BETTER LIFE HEALTH, INC. | ONFIDO, INC. | AFLAC INC. | BRINC DRONES, INC. | INTERNET CORPORATION FOR ASSIGNED NAMES AND NUMBERS (ICANN) | OPTION CARE ENTERPRISES, INC. | DIAGEO AMERICAS, INC. | NATIONAL ASSOCIATION OF PROFESSIONAL EMPLOYER ORGANIZATIONS | SKYWEST, INC. | CDW CORPORATION | IBM CORPORATION | FANDUEL | SCALE AI, INC. | INFORMATION TECHNOLOGY INDUSTRY COUNCIL (ITI) | SAP AMERICA, INC. | WALMART INC | INTERSTATE NATURAL GAS ASSOCIATION OF AMERICA (INGAA) | PROCTER & GAMBLE | ADVANCED MICRO DEVICES, INC. | THE BUSINESS ROUNDTABLE | NOMI HEALTH, INC. | ELEVENLABS, INC. | CLOUD SOFTWARE GROUP, INC. | MARVELL TECHNOLOGY | THE AUTONOMOUS VEHICLE INDUSTRY ASSOCIATION | ANDURIL INDUSTRIES, INC | NATIONAL RESTAURANT ASSOCIATION | PURFOODS, LLC | TIKTOK INC. | ASCENSION HEALTH ALLIANCE | NETFLIX, INC. | GEN DIGITAL | RED HAT INC | MAXIMUS | APPLIED MATERIALS, INC. | EARTHJUSTICE | CLOUDFLARE | OCHSNER CLINIC FOUNDATION DBA OCHSNER HEALTH | ELEVANCE HEALTH, INC. | OSCAR MANAGEMENT CORPORATION | THE CAMPAIGN FOR SUSTAINABLE RX PRICING | FLUOR CORPORATION | PROVIDENCE ST. JOSEPH HEALTH | CAREFORTH | RISANT HEALTH | HARTING, INC. | BLUE CROSS BLUE SHIELD OF ARIZONA | EVERYTOWN FOR GUN SAFETY ACTION FUND | JUSTICE ACTION NETWORK | UNITE USA INC. (DBA UNITE US) | ASSOCIATION OF ACCESSIBLE MEDICINES | HEALTH CAROUSEL LLC | HOUSTON METHODIST HOSPITAL | MARIPOSA HEALTH, INC. (ON BEHALF OF PLUME) | THE TRUSTEES OF THE UNIVERSITY OF PENNSYLVANIA | NETGEAR, INC. | ONEOK, INC. | VIDOORI | CONSTELLATION ENERGY GENERATION, LLC | NORTHERN TRUST | EPIC SYSTEMS CORPORATION | HENRY SCHEIN | HYLIION | VMWARE LLC (FORMERLY KNOWN AS VMWARE, INC.) | ADDUS HOMECARE | INTUIT, INC. AND AFFILIATES | THE RESEARCH FOUNDATION FOR THE STATE OF NEW YORK | AMERICAN MEDICAL GROUP ASSOC. (AMGA) | HP, INC. | MDVIP | THE BOEING COMPANY | EMPLOYERS COUNCIL ON FLEXIBLE COMPENSATION | MATTEL | META PLATFORMS, INC. | MOLINA HEALTHCARE, INC. | SELLERS, DORSEY & ASSOCIATES, LLC | NATIONAL VENTURE CAPITAL ASSOCIATION | OWENS CORNING | PWC US GROUP LLP | RENAL HEALTHCARE ASSOCIATION | CLOVER HEALTH | EDISON ELECTRIC INSTITUTE | GENESEE & WYOMING, INC. | LIVINGSTON INTERNATIONAL, INC. | ULTRAGENYX PHARMACEUTICAL, INC. | FOUNDATION STACK AI, INC. | NATIONAL PANHELLENIC CONFERENCE | ALARM.COM | AMERICAN SOCIETY OF ECHOCARDIOGRAPHY | REWORLD | STELLANTIS N.V. | ARIEL INVESTMENTS | BRIGGS & STRATTON LLC | CHEVRON U.S.A., INC. | ROCK CENTRAL | TE CONNECTIVITY, INC. | WEDGEWOOD PHARMACY LLC | ARIZONA STATE UNIVERSITY | SYSCO CORPORATION | IHEARTMEDIA INC | THE MENTAL HEALTH ASSOCIATION OF NY CITY, INC., D/B/A VIBRANT EMOTIONAL HEALTH | ADVAMED: ADVANCED MEDICAL TECHNOLOGY ASSOCIATION | GOODRX, INC. | INTERNATIONAL PAPER | PALO ALTO NETWORKS, INC. | ROCKET LP | ARCHER DANIELS MIDLAND COMPANY | DATABRICKS, INC. | CHUBB INA HOLDINGS, INC. | HCA HEALTHCARE | NATIONAL FAIR HOUSING ALLIANCE | NATIONAL PACE ASSOCIATION | MEDICAL PLACE | ADOBE SYSTEMS INC. | AMERICAN TRUCKING ASSOCIATIONS | BRALE INC. | THE NEW YORK AND PRESBYTERIAN HOSPITAL | A16Z CAPITAL MANAGEMENT LLC | SCRIBEAMERICA | SOO LINE CORPORATION DBA CPKC (F/K/A CANADIAN PACIFIC KANSAS CITY) | LAND O'LAKES | MONOGRAM HEALTH"
46927,DAVID,HORNE,"CoS Rick Lazio, HUD;Sr. Counsel FinServ Comm",165,5,"MORTGAGE RESEARCH CENTER LLC AKA VETERANS UNITED (THROUGH ROBERT ZIMMER) | COMMUNITY HOME LENDERS OF AMERICA (FKA COMMUNITY MORTGAGE LENDERS OF AMERICA) | W.V. HYDRO, INC. | AMERICAN OPTOMETRIC ASSOCIATION | RURAL MULTIFAMILY LENDERS COUNCIL, INC. | NATIONAL REVERSE MORTGAGE LENDERS ASSOCIATION (THROUGH FENNEL CONSULTING, LLC) | SORENSON ENGINEERING, INC. | ARNALL GOLDEN GREGORY (FOR CMS) | MULTIFAMILY LENDERS COUNCIL | NATIONAL HOUSING COMPLIANCE, INC. | HBK CAPITAL MANAGEMENT | INTERNATIONAL SWAPS AND DERIVATIVES TRADERS ASSOCIATION | FALL RIVER RURAL ELECTRIC COOPERATIVE, INC | BERGMANN & MOORE | SAN DIEGO HOUSING COMMISSION"
