filing_uuid,filing_year,filing_period,registrant_name,client_name,client_country,client_ppb_country,foreign_entity_name,foreign_entity_country,foreign_entity_ppb,income,url
999a3638-9f38-4a54-8749-16347ee3bd4c,2023,first_quarter,TRIBUTARY LLP,CHRO ASSOCIATION (FKA HR POLICY ASSOCIATION),US,US,MCCAIN FOODS,CA,CA,990000.0,https://lda.senate.gov/api/v1/filings/999a3638-9f38-4a54-8749-16347ee3bd4c/?format=json
f2937ea3-9a1f-4cf4-a598-c53112ba87fc,2023,second_quarter,TRIBUTARY LLP,CHRO ASSOCIATION (FKA HR POLICY ASSOCIATION),US,US,APTIV,US,US,990000.0,https://lda.senate.gov/api/v1/filings/f2937ea3-9a1f-4cf4-a598-c53112ba87fc/?format=json
f2937ea3-9a1f-4cf4-a598-c53112ba87fc,2023,second_quarter,TRIBUTARY LLP,CHRO ASSOCIATION (FKA HR POLICY ASSOCIATION),US,US,BRINK'S CORPORATION,US,US,990000.0,https://lda.senate.gov/api/v1/filings/f2937ea3-9a1f-4cf4-a598-c53112ba87fc/?format=json
bb25f921-60d8-4d65-bfee-13d83d7e6d19,2023,first_quarter,TRIBUTARY LLP,CHRO ASSOCIATION (FKA HR POLICY ASSOCIATION),US,US,GLOBAL FOUNDRIES,US,US,990000.0,https://lda.senate.gov/api/v1/filings/bb25f921-60d8-4d65-bfee-13d83d7e6d19/?format=json
999a3638-9f38-4a54-8749-16347ee3bd4c,2023,first_quarter,TRIBUTARY LLP,CHRO ASSOCIATION (FKA HR POLICY ASSOCIATION),US,US,GLOBAL FOUNDRIES,US,US,990000.0,https://lda.senate.gov/api/v1/filings/999a3638-9f38-4a54-8749-16347ee3bd4c/?format=json
81e55fbc-2e49-4c3a-8b88-bee5fc8769dc,2023,third_quarter,TRIBUTARY LLP,CHRO ASSOCIATION (FKA HR POLICY ASSOCIATION),US,US,WOLTERS KLUWER,US,US,990000.0,https://lda.senate.gov/api/v1/filings/81e55fbc-2e49-4c3a-8b88-bee5fc8769dc/?format=json
f2937ea3-9a1f-4cf4-a598-c53112ba87fc,2023,second_quarter,TRIBUTARY LLP,CHRO ASSOCIATION (FKA HR POLICY ASSOCIATION),US,US,FERGUSON ENTERPRISES LLC,US,US,990000.0,https://lda.senate.gov/api/v1/filings/f2937ea3-9a1f-4cf4-a598-c53112ba87fc/?format=json
f2937ea3-9a1f-4cf4-a598-c53112ba87fc,2023,second_quarter,TRIBUTARY LLP,CHRO ASSOCIATION (FKA HR POLICY ASSOCIATION),US,US,SITECORE,US,US,990000.0,https://lda.senate.gov/api/v1/filings/f2937ea3-9a1f-4cf4-a598-c53112ba87fc/?format=json
f2937ea3-9a1f-4cf4-a598-c53112ba87fc,2023,second_quarter,TRIBUTARY LLP,CHRO ASSOCIATION (FKA HR POLICY ASSOCIATION),US,US,MAGIC LEAP,US,US,990000.0,https://lda.senate.gov/api/v1/filings/f2937ea3-9a1f-4cf4-a598-c53112ba87fc/?format=json
bb25f921-60d8-4d65-bfee-13d83d7e6d19,2023,first_quarter,TRIBUTARY LLP,CHRO ASSOCIATION (FKA HR POLICY ASSOCIATION),US,US,MCCAIN FOODS,CA,CA,990000.0,https://lda.senate.gov/api/v1/filings/bb25f921-60d8-4d65-bfee-13d83d7e6d19/?format=json
54682463-70b2-4893-9a33-cd6423f16429,2022,third_quarter,TRIBUTARY LLP,CHRO ASSOCIATION (FKA HR POLICY ASSOCIATION),US,US,SAMSUNG,KR,KR,820000.0,https://lda.senate.gov/api/v1/filings/54682463-70b2-4893-9a33-cd6423f16429/?format=json
ab507010-439c-41da-8729-c9b9c1562715,2022,first_quarter,TRIBUTARY LLP,CHRO ASSOCIATION (FKA HR POLICY ASSOCIATION),US,US,"JAZZ PHARMACEUTICALS, INC.",IE,IE,820000.0,https://lda.senate.gov/api/v1/filings/ab507010-439c-41da-8729-c9b9c1562715/?format=json
8e035fd0-1181-403e-bdcc-42145196ecfd,2024,third_quarter,"CORNERSTONE GOVERNMENT AFFAIRS, INC.",NEBIUS GROUP N.V. (FKA YANDEX N.V.),NL,NL,LASTAR TRUST,KY,KY,300000.0,https://lda.senate.gov/api/v1/filings/8e035fd0-1181-403e-bdcc-42145196ecfd/?format=json
5cb97ed0-5546-4c43-b3e6-c092b3136435,2024,first_quarter,TRIBUTARY LLP,CHRO ASSOCIATION (FKA HR POLICY ASSOCIATION),US,US,AMS,GB,GB,240000.0,https://lda.senate.gov/api/v1/filings/5cb97ed0-5546-4c43-b3e6-c092b3136435/?format=json
5cb97ed0-5546-4c43-b3e6-c092b3136435,2024,first_quarter,TRIBUTARY LLP,CHRO ASSOCIATION (FKA HR POLICY ASSOCIATION),US,US,ELASTIC,US,US,240000.0,https://lda.senate.gov/api/v1/filings/5cb97ed0-5546-4c43-b3e6-c092b3136435/?format=json
ef7cebea-4958-4f18-b598-dcc553d9c8b0,2025,fourth_quarter,MR. DAVID FRIEDMAN,"TEVA PHARMACEUTICALS USA, INC.",US,US,TEVA PHARMACEUTICAL INDUSTRIES LTD.,IL,IL,200000.0,https://lda.senate.gov/api/v1/filings/ef7cebea-4958-4f18-b598-dcc553d9c8b0/?format=json
9f6a7a46-08c5-4f02-b6bc-ea37e5c4bfa2,2023,second_quarter,"VENTURE GOVERNMENT STRATEGIES, LLC (FKA HOBART HALLAWAY & QUAYLE VENTURES, LLC)",SHEIN TECHNOLOGY LLC,US,US,BEAUTY OF FASHION INVESTMENT CO. LTD.,VG,VG,170000.0,https://lda.senate.gov/api/v1/filings/9f6a7a46-08c5-4f02-b6bc-ea37e5c4bfa2/?format=json
9f6a7a46-08c5-4f02-b6bc-ea37e5c4bfa2,2023,second_quarter,"VENTURE GOVERNMENT STRATEGIES, LLC (FKA HOBART HALLAWAY & QUAYLE VENTURES, LLC)",SHEIN TECHNOLOGY LLC,US,US,"ELITE DEPOT, LTD.",KY,KY,170000.0,https://lda.senate.gov/api/v1/filings/9f6a7a46-08c5-4f02-b6bc-ea37e5c4bfa2/?format=json
9f6a7a46-08c5-4f02-b6bc-ea37e5c4bfa2,2023,second_quarter,"VENTURE GOVERNMENT STRATEGIES, LLC (FKA HOBART HALLAWAY & QUAYLE VENTURES, LLC)",SHEIN TECHNOLOGY LLC,US,US,YANGTIAN XU,SG,SG,170000.0,https://lda.senate.gov/api/v1/filings/9f6a7a46-08c5-4f02-b6bc-ea37e5c4bfa2/?format=json
9e6bb0b7-4f2b-4a36-aabe-f553c389a79f,2024,first_quarter,MILLER & CHEVALIER CHARTERED,"HYZON MOTORS, INC.",US,US,HORIZON FUEL CELL TECHNOLOGIES PTE. LTD.,SG,SG,140000.0,https://lda.senate.gov/api/v1/filings/9e6bb0b7-4f2b-4a36-aabe-f553c389a79f/?format=json
ace449ea-c865-4111-838a-3e4f6c50d0b5,2025,third_quarter,HOGAN LOVELLS US LLP,UNITED STATES STEEL CORPORATION,US,US,NIPPON STEEL CORPORATION,JP,JP,140000.0,https://lda.senate.gov/api/v1/filings/ace449ea-c865-4111-838a-3e4f6c50d0b5/?format=json
c6d7b252-0986-4e0e-bcba-062780917e3a,2022,second_quarter,VENN STRATEGIES,"UCB, INC.",US,US,UCB S.A.,BE,BE,140000.0,https://lda.senate.gov/api/v1/filings/c6d7b252-0986-4e0e-bcba-062780917e3a/?format=json
5320dde8-742b-4ba5-93dc-4c1aebbe54b0,2022,third_quarter,"BROWNSTEIN HYATT FARBER SCHRECK, LLP",DEL MONTE FRESH PRODUCE COMPANY,US,US,DEL MONTE PRODUCE INC.,KY,KY,140000.0,https://lda.senate.gov/api/v1/filings/5320dde8-742b-4ba5-93dc-4c1aebbe54b0/?format=json
8cb80588-aeb5-472f-9d72-f73e33cbea6c,2022,fourth_quarter,AKIN GUMP STRAUSS HAUER & FELD,NORTH AMERICAN PRODUCE COALITION,US,US,"ASOCIACION MEXICANA DE HORTICULTURA PROTEGIDA, A.C.",MX,MX,130000.0,https://lda.senate.gov/api/v1/filings/8cb80588-aeb5-472f-9d72-f73e33cbea6c/?format=json
8cb80588-aeb5-472f-9d72-f73e33cbea6c,2022,fourth_quarter,AKIN GUMP STRAUSS HAUER & FELD,NORTH AMERICAN PRODUCE COALITION,US,US,"ANEBERRIES, A.C.",MX,MX,130000.0,https://lda.senate.gov/api/v1/filings/8cb80588-aeb5-472f-9d72-f73e33cbea6c/?format=json
b82e50a3-d8ad-45da-be77-7d7d4c89ceb9,2025,second_quarter,"CROSSROADS STRATEGIES, LLC",TIKTOK INC.,US,US,BYTEDANCE LTD. (OWNS 100% OF BYTEDANCE INC.; 100% OF TIKTOK LTD.),KY,KY,120000.0,https://lda.senate.gov/api/v1/filings/b82e50a3-d8ad-45da-be77-7d7d4c89ceb9/?format=json
b82e50a3-d8ad-45da-be77-7d7d4c89ceb9,2025,second_quarter,"CROSSROADS STRATEGIES, LLC",TIKTOK INC.,US,US,TIKTOK LTD. (OWNS 100% OF TIKTOK LLC WHICH OWNS 100% OF TIKTOK INC.),KY,KY,120000.0,https://lda.senate.gov/api/v1/filings/b82e50a3-d8ad-45da-be77-7d7d4c89ceb9/?format=json
b82e50a3-d8ad-45da-be77-7d7d4c89ceb9,2025,second_quarter,"CROSSROADS STRATEGIES, LLC",TIKTOK INC.,US,US,GOGOKU LTD. (OWNS APPROXIMATELY 21% OF BYTEDANCE LTD.) (FORMERLY BYTETEAM LTD.),VG,VG,120000.0,https://lda.senate.gov/api/v1/filings/b82e50a3-d8ad-45da-be77-7d7d4c89ceb9/?format=json
b82e50a3-d8ad-45da-be77-7d7d4c89ceb9,2025,second_quarter,"CROSSROADS STRATEGIES, LLC",TIKTOK INC.,US,US,ZHANG YIMING (OWNS 100% OF GOGOKU LTD.),SG,SG,120000.0,https://lda.senate.gov/api/v1/filings/b82e50a3-d8ad-45da-be77-7d7d4c89ceb9/?format=json
9933e4c1-6361-4eb3-85ed-7f8fb79cdde6,2022,third_quarter,"BROWNSTEIN HYATT FARBER SCHRECK, LLP",DTEK INTERNATIONAL LIMITED,GB,UA,RINAT AKHMETOV,VI,VI,120000.0,https://lda.senate.gov/api/v1/filings/9933e4c1-6361-4eb3-85ed-7f8fb79cdde6/?format=json
61c42481-1b26-4801-928a-de193b42ad01,2025,second_quarter,ONMESSAGE PUBLIC STRATEGIES,MERIT SPREAD FOUNDATION INC.,US,US,HOSTAGES AND MISSING FAMILIES FORUM,IL,IL,110000.0,https://lda.senate.gov/api/v1/filings/61c42481-1b26-4801-928a-de193b42ad01/?format=json
9958a1d3-9117-4cdf-ad28-3ab60fbec898,2023,fourth_quarter,"CROSSROADS STRATEGIES, LLC",TIKTOK INC.,US,US,ZHANG YIMING (OWNS 100% OF BYTETEAM LTD.),SG,SG,110000.0,https://lda.senate.gov/api/v1/filings/9958a1d3-9117-4cdf-ad28-3ab60fbec898/?format=json
9958a1d3-9117-4cdf-ad28-3ab60fbec898,2023,fourth_quarter,"CROSSROADS STRATEGIES, LLC",TIKTOK INC.,US,US,BYTEDANCE LTD. (OWNS 100% OF BYTEDANCE INC.; 100% OF TIKTOK LTD.),KY,KY,110000.0,https://lda.senate.gov/api/v1/filings/9958a1d3-9117-4cdf-ad28-3ab60fbec898/?format=json
9958a1d3-9117-4cdf-ad28-3ab60fbec898,2023,fourth_quarter,"CROSSROADS STRATEGIES, LLC",TIKTOK INC.,US,US,BYTETEAM LTD. (OWNS APPROXIMATELY 21% OF BYTEDANCE LTD.),VG,VG,110000.0,https://lda.senate.gov/api/v1/filings/9958a1d3-9117-4cdf-ad28-3ab60fbec898/?format=json
9958a1d3-9117-4cdf-ad28-3ab60fbec898,2023,fourth_quarter,"CROSSROADS STRATEGIES, LLC",TIKTOK INC.,US,US,TIKTOK LTD. (OWNS 100% OF TIKTOK LLC WHICH OWNS 100% OF TIKTOK INC.),KY,KY,110000.0,https://lda.senate.gov/api/v1/filings/9958a1d3-9117-4cdf-ad28-3ab60fbec898/?format=json
b012ce84-4d3c-4447-a814-5cfc31d07da3,2024,second_quarter,VENN STRATEGIES,U.S. BATTERY MACHINE BUILDERS,US,US,DURR SYSTEMS,DE,DE,100000.0,https://lda.senate.gov/api/v1/filings/b012ce84-4d3c-4447-a814-5cfc31d07da3/?format=json
b012ce84-4d3c-4447-a814-5cfc31d07da3,2024,second_quarter,VENN STRATEGIES,U.S. BATTERY MACHINE BUILDERS,US,US,SIEMENS AG,DE,DE,100000.0,https://lda.senate.gov/api/v1/filings/b012ce84-4d3c-4447-a814-5cfc31d07da3/?format=json
4e56f063-9d60-4383-a3d2-14f8d737cece,2024,second_quarter,"BROWNSTEIN HYATT FARBER SCHRECK, LLP","ZHEJIANG GEELY HOLDING GROUP CO., LTD.",CN,US,YE WEILIE,CN,CN,90000.0,https://lda.senate.gov/api/v1/filings/4e56f063-9d60-4383-a3d2-14f8d737cece/?format=json
4e56f063-9d60-4383-a3d2-14f8d737cece,2024,second_quarter,"BROWNSTEIN HYATT FARBER SCHRECK, LLP","ZHEJIANG GEELY HOLDING GROUP CO., LTD.",CN,US,PAN LEIFANG,CN,CN,90000.0,https://lda.senate.gov/api/v1/filings/4e56f063-9d60-4383-a3d2-14f8d737cece/?format=json
bdb0314c-473b-41b1-b442-e0f20a312819,2023,second_quarter,AKIN GUMP STRAUSS HAUER & FELD,SHEIN TECHNOLOGY LLC,US,US,YANGTIAN XU,SG,SG,90000.0,https://lda.senate.gov/api/v1/filings/bdb0314c-473b-41b1-b442-e0f20a312819/?format=json
bdb0314c-473b-41b1-b442-e0f20a312819,2023,second_quarter,AKIN GUMP STRAUSS HAUER & FELD,SHEIN TECHNOLOGY LLC,US,US,BEAUTY OF FASHION INVESTMENT CO. LTD.,VG,VG,90000.0,https://lda.senate.gov/api/v1/filings/bdb0314c-473b-41b1-b442-e0f20a312819/?format=json
99d71e65-18ed-4583-85a4-e976a07f7589,2023,second_quarter,AKIN GUMP STRAUSS HAUER & FELD,SHEIN TECHNOLOGY LLC,US,US,BEAUTY OF FASHION INVESTMENT CO. LTD.,VG,VG,90000.0,https://lda.senate.gov/api/v1/filings/99d71e65-18ed-4583-85a4-e976a07f7589/?format=json
a4411100-2eef-4903-9950-850271612499,2025,first_quarter,AKIN GUMP STRAUSS HAUER & FELD,"ANT GROUP CO., LTD.",CN,CN,HANGZHOU JUNHAN EQUITY INVESTMENT PARTNERSHIP,CN,CN,90000.0,https://lda.senate.gov/api/v1/filings/a4411100-2eef-4903-9950-850271612499/?format=json
5a0707f3-7dc0-482d-8247-88b1bed0c092,2025,third_quarter,BRACEWELL LLP,TELE-FONIKA CABLE AMERICAS CORPORATION,PL,PL,TELE-FONIKA CABLE AMERICAS CORPORATION,PL,PL,90000.0,https://lda.senate.gov/api/v1/filings/5a0707f3-7dc0-482d-8247-88b1bed0c092/?format=json
a4411100-2eef-4903-9950-850271612499,2025,first_quarter,AKIN GUMP STRAUSS HAUER & FELD,"ANT GROUP CO., LTD.",CN,CN,"TAOBAO (CHINA) SOFTWARE CO., LTD.",CN,CN,90000.0,https://lda.senate.gov/api/v1/filings/a4411100-2eef-4903-9950-850271612499/?format=json
4e56f063-9d60-4383-a3d2-14f8d737cece,2024,second_quarter,"BROWNSTEIN HYATT FARBER SCHRECK, LLP","ZHEJIANG GEELY HOLDING GROUP CO., LTD.",CN,US,YANG JIAN,CN,CN,90000.0,https://lda.senate.gov/api/v1/filings/4e56f063-9d60-4383-a3d2-14f8d737cece/?format=json
f0e97ab8-0f79-43c0-a74e-4c520c7b285b,2022,second_quarter,"WILLIAMS AND JENSEN, PLLC",BUHLER QUALITY YARNS CORPORATION,US,US,"SAMIL SPINNING CO.,LTD",KR,KR,90000.0,https://lda.senate.gov/api/v1/filings/f0e97ab8-0f79-43c0-a74e-4c520c7b285b/?format=json
4e56f063-9d60-4383-a3d2-14f8d737cece,2024,second_quarter,"BROWNSTEIN HYATT FARBER SCHRECK, LLP","ZHEJIANG GEELY HOLDING GROUP CO., LTD.",CN,US,LI DONGHUI,CN,CN,90000.0,https://lda.senate.gov/api/v1/filings/4e56f063-9d60-4383-a3d2-14f8d737cece/?format=json
4e56f063-9d60-4383-a3d2-14f8d737cece,2024,second_quarter,"BROWNSTEIN HYATT FARBER SCHRECK, LLP","ZHEJIANG GEELY HOLDING GROUP CO., LTD.",CN,US,WANG XINGUI,CN,CN,90000.0,https://lda.senate.gov/api/v1/filings/4e56f063-9d60-4383-a3d2-14f8d737cece/?format=json
99d71e65-18ed-4583-85a4-e976a07f7589,2023,second_quarter,AKIN GUMP STRAUSS HAUER & FELD,SHEIN TECHNOLOGY LLC,US,US,YANGTIAN XU,SG,SG,90000.0,https://lda.senate.gov/api/v1/filings/99d71e65-18ed-4583-85a4-e976a07f7589/?format=json
bdb0314c-473b-41b1-b442-e0f20a312819,2023,second_quarter,AKIN GUMP STRAUSS HAUER & FELD,SHEIN TECHNOLOGY LLC,US,US,"ELITE DEPOT, LTD.",KY,KY,90000.0,https://lda.senate.gov/api/v1/filings/bdb0314c-473b-41b1-b442-e0f20a312819/?format=json
4e56f063-9d60-4383-a3d2-14f8d737cece,2024,second_quarter,"BROWNSTEIN HYATT FARBER SCHRECK, LLP","ZHEJIANG GEELY HOLDING GROUP CO., LTD.",CN,US,WINNIE FOK,CN,CN,90000.0,https://lda.senate.gov/api/v1/filings/4e56f063-9d60-4383-a3d2-14f8d737cece/?format=json
a4411100-2eef-4903-9950-850271612499,2025,first_quarter,AKIN GUMP STRAUSS HAUER & FELD,"ANT GROUP CO., LTD.",CN,CN,HANGZHOU JUNAO EQUITY INVESTMENT PARTNERSHIP,CN,CN,90000.0,https://lda.senate.gov/api/v1/filings/a4411100-2eef-4903-9950-850271612499/?format=json
1298eda0-4222-4a30-a618-2cb23ca07728,2026,first_quarter,HOLLAND & KNIGHT LLP,"CONVATEC, INC. F/K/A TRIAD LIFE SCIENCES, INC.",US,US,CONVATEC GROUP PLC.,GB,GB,90000.0,https://lda.senate.gov/api/v1/filings/1298eda0-4222-4a30-a618-2cb23ca07728/?format=json
99d71e65-18ed-4583-85a4-e976a07f7589,2023,second_quarter,AKIN GUMP STRAUSS HAUER & FELD,SHEIN TECHNOLOGY LLC,US,US,"ELITE DEPOT, LTD.",KY,KY,90000.0,https://lda.senate.gov/api/v1/filings/99d71e65-18ed-4583-85a4-e976a07f7589/?format=json
adda018e-d976-4ba3-aed1-a327e85197ea,2025,fourth_quarter,"GUIDEPOSTSTRATEGIES, LLC",CATURUS,US,US,MUBADALA INVESTMENT COMPANY,AE,AE,80000.0,https://lda.senate.gov/api/v1/filings/adda018e-d976-4ba3-aed1-a327e85197ea/?format=json
e1501b7e-fa48-4000-a024-23383867ac4b,2023,fourth_quarter,"WILLIAMS AND JENSEN, PLLC",US GUATEMALA BUSINESS COUNCIL,US,US,CACIF,GT,GT,80000.0,https://lda.senate.gov/api/v1/filings/e1501b7e-fa48-4000-a024-23383867ac4b/?format=json
4bcb5ca5-0171-4c2e-8d07-b50d51dcacbd,2023,fourth_quarter,"MEHLMAN CONSULTING, INC.",TIKTOK INC.,US,US,TIKTOK LTD.,KY,KY,80000.0,https://lda.senate.gov/api/v1/filings/4bcb5ca5-0171-4c2e-8d07-b50d51dcacbd/?format=json
66297832-0a49-4414-9972-b2311894f07a,2023,second_quarter,INVARIANT LLC,TRAVELCENTERS OF AMERICA INC.,US,US,BP P.L.C.,GB,GB,80000.0,https://lda.senate.gov/api/v1/filings/66297832-0a49-4414-9972-b2311894f07a/?format=json
89406c56-912c-495e-9fac-aebda27347a8,2022,third_quarter,"WILLIAMS AND JENSEN, PLLC",US GUATEMALA BUSINESS COUNCIL,US,US,CACIF,GT,GT,80000.0,https://lda.senate.gov/api/v1/filings/89406c56-912c-495e-9fac-aebda27347a8/?format=json
4bcb5ca5-0171-4c2e-8d07-b50d51dcacbd,2023,fourth_quarter,"MEHLMAN CONSULTING, INC.",TIKTOK INC.,US,US,ZHANG YIMING,SG,SG,80000.0,https://lda.senate.gov/api/v1/filings/4bcb5ca5-0171-4c2e-8d07-b50d51dcacbd/?format=json
07263781-6490-46db-ba17-c0fe79d9d0b0,2023,third_quarter,"BROWNSTEIN HYATT FARBER SCHRECK, LLP",MODERNA US INC.,US,US,MODERNA (CHINA) BIOTECH LTD,CN,CN,80000.0,https://lda.senate.gov/api/v1/filings/07263781-6490-46db-ba17-c0fe79d9d0b0/?format=json
1e715e4f-5662-45c7-a4a1-44079b06f70e,2023,second_quarter,"WILLIAMS AND JENSEN, PLLC",US GUATEMALA BUSINESS COUNCIL,US,US,CACIF,GT,GT,80000.0,https://lda.senate.gov/api/v1/filings/1e715e4f-5662-45c7-a4a1-44079b06f70e/?format=json
0321b049-c866-4da3-ab96-a6de0ae1652e,2023,third_quarter,BOUNDARY STONE PARTNERS,"REC AMERICAS, LLC",US,US,RELIANCE NEW ENERGY LIMITED,IN,IN,80000.0,https://lda.senate.gov/api/v1/filings/0321b049-c866-4da3-ab96-a6de0ae1652e/?format=json
0321b049-c866-4da3-ab96-a6de0ae1652e,2023,third_quarter,BOUNDARY STONE PARTNERS,"REC AMERICAS, LLC",US,US,REC SOLAR HOLDINGS AS,NO,NO,80000.0,https://lda.senate.gov/api/v1/filings/0321b049-c866-4da3-ab96-a6de0ae1652e/?format=json
e70abcb1-f4c9-4f8d-af9b-994261b6336d,2023,fourth_quarter,TIBER CREEK GROUP,"HOPPER (USA), INC.",US,US,HOPPER INC.,CA,CA,80000.0,https://lda.senate.gov/api/v1/filings/e70abcb1-f4c9-4f8d-af9b-994261b6336d/?format=json
70709d11-7937-4e35-9b5e-f34f4244a5b5,2023,third_quarter,"WILLIAMS AND JENSEN, PLLC",US GUATEMALA BUSINESS COUNCIL,US,US,CACIF,GT,GT,80000.0,https://lda.senate.gov/api/v1/filings/70709d11-7937-4e35-9b5e-f34f4244a5b5/?format=json
f46aa528-d081-4fca-9a37-edb2a20cf5b1,2023,fourth_quarter,VENN STRATEGIES,"UCB, INC.",US,US,UCB S.A.,BE,BE,80000.0,https://lda.senate.gov/api/v1/filings/f46aa528-d081-4fca-9a37-edb2a20cf5b1/?format=json
9af996b2-2bd2-4a5a-86eb-6b6f5494652e,2025,third_quarter,"BROWNSTEIN HYATT FARBER SCHRECK, LLP","ANT GROUP CO., LTD.",CN,US,ADVANCED NEW TECHNOLOGIES (SINGAPORE) HOLDING PTE. LTD.,SG,SG,80000.0,https://lda.senate.gov/api/v1/filings/9af996b2-2bd2-4a5a-86eb-6b6f5494652e/?format=json
9af996b2-2bd2-4a5a-86eb-6b6f5494652e,2025,third_quarter,"BROWNSTEIN HYATT FARBER SCHRECK, LLP","ANT GROUP CO., LTD.",CN,US,ANT INTERNATIONAL (CAYMAN) HOLDING LIMITED,KY,KY,80000.0,https://lda.senate.gov/api/v1/filings/9af996b2-2bd2-4a5a-86eb-6b6f5494652e/?format=json
2e0b0e00-f12e-4ca6-9899-222dc3f5ac4a,2025,second_quarter,HOLLAND & KNIGHT LLP,"AVA LABS, INC.",US,US,"AVALANCHE (BVI), INC.",VG,VG,80000.0,https://lda.senate.gov/api/v1/filings/2e0b0e00-f12e-4ca6-9899-222dc3f5ac4a/?format=json
9af996b2-2bd2-4a5a-86eb-6b6f5494652e,2025,third_quarter,"BROWNSTEIN HYATT FARBER SCHRECK, LLP","ANT GROUP CO., LTD.",CN,US,TARGET INTERNATIONAL INVESTMENTS SARL,LU,LU,80000.0,https://lda.senate.gov/api/v1/filings/9af996b2-2bd2-4a5a-86eb-6b6f5494652e/?format=json
50eb6b0d-a8f9-4c2c-9dee-3341d1d1ce9e,2025,first_quarter,WILMER CUTLER PICKERING HALE AND DORR LLP,BRAMBLES (PREVIOUSLY REPORTED AS BRAMBLES LIMITED),US,US,BRAMBLES LIMITED,AU,AU,80000.0,https://lda.senate.gov/api/v1/filings/50eb6b0d-a8f9-4c2c-9dee-3341d1d1ce9e/?format=json
257bec73-9928-4cf3-b511-ee7acb22b983,2022,fourth_quarter,"WILLIAMS AND JENSEN, PLLC",US GUATEMALA BUSINESS COUNCIL,US,US,CACIF,GT,GT,80000.0,https://lda.senate.gov/api/v1/filings/257bec73-9928-4cf3-b511-ee7acb22b983/?format=json
8f2a6df3-2c9f-4259-baf6-658b6c128d74,2023,first_quarter,"WILLIAMS AND JENSEN, PLLC",US GUATEMALA BUSINESS COUNCIL,US,US,CACIF,GT,GT,80000.0,https://lda.senate.gov/api/v1/filings/8f2a6df3-2c9f-4259-baf6-658b6c128d74/?format=json
92d3dfc6-769d-47f9-868c-f343ddd2b714,2022,first_quarter,"WILLIAMS AND JENSEN, PLLC",US GUATEMALA BUSINESS COUNCIL,US,US,CACIF,GT,GT,80000.0,https://lda.senate.gov/api/v1/filings/92d3dfc6-769d-47f9-868c-f343ddd2b714/?format=json
439c87cf-b028-4531-9b7f-a1a0dc7c8cec,2022,second_quarter,"WILLIAMS AND JENSEN, PLLC",US GUATEMALA BUSINESS COUNCIL,US,US,CACIF,GT,GT,80000.0,https://lda.senate.gov/api/v1/filings/439c87cf-b028-4531-9b7f-a1a0dc7c8cec/?format=json
e15c665e-e02d-43a1-807d-bf2866ee1439,2022,third_quarter,"BROWNSTEIN HYATT FARBER SCHRECK, LLP",T-MOBILE,US,US,DEUTSCHE TELEKOM AG,DE,DE,80000.0,https://lda.senate.gov/api/v1/filings/e15c665e-e02d-43a1-807d-bf2866ee1439/?format=json
d0ab7fd7-f214-4dca-adc8-1a62c7812b8b,2025,second_quarter,"CAPITOL TAX PARTNERS, LLP","AVIS BUDGET GROUP, INC.",US,US,KARTHIK SARMA,US,US,70000.0,https://lda.senate.gov/api/v1/filings/d0ab7fd7-f214-4dca-adc8-1a62c7812b8b/?format=json
8b4123d8-51a0-47d8-8c10-dc70d6bec118,2025,first_quarter,HOLLAND & KNIGHT LLP,"AVA LABS, INC.",US,US,"AVALANCHE (BVI), INC.",VG,VG,70000.0,https://lda.senate.gov/api/v1/filings/8b4123d8-51a0-47d8-8c10-dc70d6bec118/?format=json
7640cbef-e4d3-4327-a4ee-935c7d106fbb,2024,first_quarter,"FRANKLIN SQUARE GROUP, LLC",HIGH TECH INVENTORS ALLIANCE,US,US,"SAMSUNG ELECTRONICS CO., LTD.",KR,KR,70000.0,https://lda.senate.gov/api/v1/filings/7640cbef-e4d3-4327-a4ee-935c7d106fbb/?format=json
9c0a660f-e06c-4551-86a5-5d620d4e5e9e,2023,third_quarter,"WILLIAMS AND JENSEN, PLLC",BUHLER QUALITY YARNS CORPORATION,US,US,"SAMIL SPINNING CO., LTD.",KR,KR,70000.0,https://lda.senate.gov/api/v1/filings/9c0a660f-e06c-4551-86a5-5d620d4e5e9e/?format=json
e7a6eb4e-8455-4dc5-86a8-b3d93159039c,2025,first_quarter,"FRANKLIN SQUARE GROUP, LLC",ITC MODERNIZATION ALLIANCE,US,US,"GARMIN, LTD.",CH,CH,70000.0,https://lda.senate.gov/api/v1/filings/e7a6eb4e-8455-4dc5-86a8-b3d93159039c/?format=json
14792950-7846-4e12-858c-33b0a3c0640f,2025,third_quarter,"CROSSROADS STRATEGIES, LLC",UNITED STATES STEEL CORPORATION,US,US,NIPPON STEEL CORPORATION,JP,JP,70000.0,https://lda.senate.gov/api/v1/filings/14792950-7846-4e12-858c-33b0a3c0640f/?format=json
e7a6eb4e-8455-4dc5-86a8-b3d93159039c,2025,first_quarter,"FRANKLIN SQUARE GROUP, LLC",ITC MODERNIZATION ALLIANCE,US,US,SAMSUNG ELECTRONICS CO. LTD,KR,KR,70000.0,https://lda.senate.gov/api/v1/filings/e7a6eb4e-8455-4dc5-86a8-b3d93159039c/?format=json
d997d557-31e4-4e09-9a46-1e735b04b7ec,2024,fourth_quarter,"CAPITOL TAX PARTNERS, LLP","AVIS BUDGET GROUP, INC.",US,US,KARTHIK SARMA,US,US,70000.0,https://lda.senate.gov/api/v1/filings/d997d557-31e4-4e09-9a46-1e735b04b7ec/?format=json
788860b0-4cae-49b8-acdb-50d4ec64e96d,2025,fourth_quarter,LOT SIXTEEN LLC,ORSTED NORTH AMERICA INC.,US,US,ORSTED WIND POWER HOLDING A/S,DK,DK,70000.0,https://lda.senate.gov/api/v1/filings/788860b0-4cae-49b8-acdb-50d4ec64e96d/?format=json
e7a6eb4e-8455-4dc5-86a8-b3d93159039c,2025,first_quarter,"FRANKLIN SQUARE GROUP, LLC",ITC MODERNIZATION ALLIANCE,US,US,TAIWAN SEMICONDUCTOR MANUFACTURING COMPANY,TW,TW,70000.0,https://lda.senate.gov/api/v1/filings/e7a6eb4e-8455-4dc5-86a8-b3d93159039c/?format=json
3f9c2a92-b6ea-4ae8-9f84-080958f6d199,2023,first_quarter,KING & SPALDING LLP,TAURX PHARMACEUTICALS LTD,GB,GB,TAURX PHARMACEUTICALS LTD,SG,SG,70000.0,https://lda.senate.gov/api/v1/filings/3f9c2a92-b6ea-4ae8-9f84-080958f6d199/?format=json
07eb9f44-2d5c-40c7-8123-23451aca380c,2023,first_quarter,"AVOQ, LLC","SAMSUNG ELECTRONICS AMERICA, INC.",US,US,SAMSUNG ELECTRONICS CO. LTD.,KR,KR,70000.0,https://lda.senate.gov/api/v1/filings/07eb9f44-2d5c-40c7-8123-23451aca380c/?format=json
e41f7016-5b6b-4b70-aac6-f0475d23c9e4,2023,second_quarter,"WILLIAMS AND JENSEN, PLLC",BUHLER QUALITY YARNS CORPORATION,US,US,"SAMIL SPINNING CO., LTD.",KR,KR,70000.0,https://lda.senate.gov/api/v1/filings/e41f7016-5b6b-4b70-aac6-f0475d23c9e4/?format=json
788860b0-4cae-49b8-acdb-50d4ec64e96d,2025,fourth_quarter,LOT SIXTEEN LLC,ORSTED NORTH AMERICA INC.,US,US,ORSTED NORTH AMERICA HOLDING A/S,DK,DK,70000.0,https://lda.senate.gov/api/v1/filings/788860b0-4cae-49b8-acdb-50d4ec64e96d/?format=json
398170a1-0b3a-44e9-844c-57339646b624,2023,fourth_quarter,"AVOQ, LLC","RIOT GAMES, INC.",US,US,OPEN WEALTH INVESTMENTS LIMITED (THROUGH INTEREST IN TCH SCARLET LIMITED),HK,HK,60000.0,https://lda.senate.gov/api/v1/filings/398170a1-0b3a-44e9-844c-57339646b624/?format=json
66b5ba91-b698-4e69-ad9f-6bc19cddeb18,2023,fourth_quarter,"FRANKLIN SQUARE GROUP, LLC",ITC MODERNIZATION ALLIANCE,US,US,"GARMIN, LTD.",CH,CH,60000.0,https://lda.senate.gov/api/v1/filings/66b5ba91-b698-4e69-ad9f-6bc19cddeb18/?format=json
78dd5542-7332-46a6-a77c-d266b3774927,2025,first_quarter,"AVOQ, LLC","BP AMERICA, INC.",US,US,BP AMERICA LIMITED (100% OWNED BY BP HOLDINGS NORTH AMERICA),GB,GB,60000.0,https://lda.senate.gov/api/v1/filings/78dd5542-7332-46a6-a77c-d266b3774927/?format=json
78dd5542-7332-46a6-a77c-d266b3774927,2025,first_quarter,"AVOQ, LLC","BP AMERICA, INC.",US,US,BP HOLDINGS NORTH AMERICA LIMITED (100% OWNED BY BP PLC),GB,GB,60000.0,https://lda.senate.gov/api/v1/filings/78dd5542-7332-46a6-a77c-d266b3774927/?format=json
8fffae8e-80c5-49dd-9fde-a285a40290d5,2022,first_quarter,"THE SMITH-FREE GROUP, LLC",RAI SERVICES COMPANY,US,US,BRITISH AMERICAN TOBACCO P.L.C.,GB,GB,60000.0,https://lda.senate.gov/api/v1/filings/8fffae8e-80c5-49dd-9fde-a285a40290d5/?format=json
87824e46-d132-457b-9fbb-758a34fa7175,2024,second_quarter,PETER DAMON GROUP LLC,RAI SERVICES COMPANY,US,US,BRITISH AMERICAN TOBACCO P.L.C.,GB,GB,60000.0,https://lda.senate.gov/api/v1/filings/87824e46-d132-457b-9fbb-758a34fa7175/?format=json
d3b4d255-ec4f-4ee9-8d4b-80abf0875a6f,2023,third_quarter,"K&L GATES, LLP","AVIS-BUDGET GROUP, INC.",US,US,KARTHIK SARMA,US,US,60000.0,https://lda.senate.gov/api/v1/filings/d3b4d255-ec4f-4ee9-8d4b-80abf0875a6f/?format=json
398170a1-0b3a-44e9-844c-57339646b624,2023,fourth_quarter,"AVOQ, LLC","RIOT GAMES, INC.",US,US,TCH GOLD LIMITED (THROUGH INTEREST IN OPEN WEALTH INVESTMENTS LIMITED),VG,VG,60000.0,https://lda.senate.gov/api/v1/filings/398170a1-0b3a-44e9-844c-57339646b624/?format=json
cc30d755-1ebc-4407-a785-fd33ae54eb40,2023,third_quarter,PETER DAMON GROUP LLC,RAI SERVICES COMPANY,US,US,BRITISH AMERICAN TOBACCO P.L.C.,GB,GB,60000.0,https://lda.senate.gov/api/v1/filings/cc30d755-1ebc-4407-a785-fd33ae54eb40/?format=json
398170a1-0b3a-44e9-844c-57339646b624,2023,fourth_quarter,"AVOQ, LLC","RIOT GAMES, INC.",US,US,TCH SCARLET LIMITED,IE,IE,60000.0,https://lda.senate.gov/api/v1/filings/398170a1-0b3a-44e9-844c-57339646b624/?format=json
a8c7ccb2-df14-4826-9726-181590465064,2022,fourth_quarter,PETER DAMON GROUP LLC,RAI SERVICES COMPANY,US,US,BRITISH AMERICAN TOBACCO P.L.C.,GB,GB,60000.0,https://lda.senate.gov/api/v1/filings/a8c7ccb2-df14-4826-9726-181590465064/?format=json
9912ea5a-2325-45d8-94ea-5d271e6407c8,2023,first_quarter,"AVOQ, LLC",RELX INC.,US,US,RELX GROUP PLC,GB,GB,60000.0,https://lda.senate.gov/api/v1/filings/9912ea5a-2325-45d8-94ea-5d271e6407c8/?format=json
e4467834-d322-4bb0-b147-84375fa4694a,2022,third_quarter,PETER DAMON GROUP LLC,RAI SERVICES COMPANY,US,US,BRITISH AMERICAN TOBACCO P.L.C.,GB,GB,60000.0,https://lda.senate.gov/api/v1/filings/e4467834-d322-4bb0-b147-84375fa4694a/?format=json
e076a90f-8949-4757-ae83-694c1a43481f,2022,first_quarter,PETER DAMON GROUP LLC,RAI SERVICES COMPANY,US,US,BRITISH AMERICAN TOBACCO P.L.C.,GB,GB,60000.0,https://lda.senate.gov/api/v1/filings/e076a90f-8949-4757-ae83-694c1a43481f/?format=json
f904a56b-1625-4fb9-bf25-6b6aa98e52dc,2022,fourth_quarter,"BROWNSTEIN HYATT FARBER SCHRECK, LLP","DIRECT CHASSISLINK, INC.",US,US,KUWAIT INVESTMENT AUTHORITY (VIA U.S. AFFILIATE OF WREN HOUSE INFRASTRUCTURE),KW,KW,60000.0,https://lda.senate.gov/api/v1/filings/f904a56b-1625-4fb9-bf25-6b6aa98e52dc/?format=json
b87ea222-2ef1-447c-9cf4-663f6d762168,2025,first_quarter,RICH FEUER ANDERSON,"ANT GROUP CO., LTD.",CN,CN,HANGZHOU JUNHAN EQUITY INVESTMENTPARTNERSHIP,CN,CN,60000.0,https://lda.senate.gov/api/v1/filings/b87ea222-2ef1-447c-9cf4-663f6d762168/?format=json
f904a56b-1625-4fb9-bf25-6b6aa98e52dc,2022,fourth_quarter,"BROWNSTEIN HYATT FARBER SCHRECK, LLP","DIRECT CHASSISLINK, INC.",US,US,BPC PENCO XXVII CORPORATION (VIA DEXTER TOP LP),CA,CA,60000.0,https://lda.senate.gov/api/v1/filings/f904a56b-1625-4fb9-bf25-6b6aa98e52dc/?format=json
ce6cc880-c309-49c8-af9f-e2e70d56eec1,2022,second_quarter,PETER DAMON GROUP LLC,RAI SERVICES COMPANY,US,US,BRITISH AMERICAN TOBACCO P.L.C.,GB,GB,60000.0,https://lda.senate.gov/api/v1/filings/ce6cc880-c309-49c8-af9f-e2e70d56eec1/?format=json
f904a56b-1625-4fb9-bf25-6b6aa98e52dc,2022,fourth_quarter,"BROWNSTEIN HYATT FARBER SCHRECK, LLP","DIRECT CHASSISLINK, INC.",US,US,GIC (VENTURES) PTE. LTD. (VIA GIC INFRA HOLDINGS PTE. LTD.),SG,SG,60000.0,https://lda.senate.gov/api/v1/filings/f904a56b-1625-4fb9-bf25-6b6aa98e52dc/?format=json
f904a56b-1625-4fb9-bf25-6b6aa98e52dc,2022,fourth_quarter,"BROWNSTEIN HYATT FARBER SCHRECK, LLP","DIRECT CHASSISLINK, INC.",US,US,EPSOM INVESTMENT PTE. LTD.,US,SG,60000.0,https://lda.senate.gov/api/v1/filings/f904a56b-1625-4fb9-bf25-6b6aa98e52dc/?format=json
02b3fe62-c022-4b4d-960e-45e1b78885a5,2023,fourth_quarter,PETER DAMON GROUP LLC,RAI SERVICES COMPANY,US,US,BRITISH AMERICAN TOBACCO P.L.C.,GB,GB,60000.0,https://lda.senate.gov/api/v1/filings/02b3fe62-c022-4b4d-960e-45e1b78885a5/?format=json
b87ea222-2ef1-447c-9cf4-663f6d762168,2025,first_quarter,RICH FEUER ANDERSON,"ANT GROUP CO., LTD.",CN,CN,HANGZHOU JUNAO EQUITY INVESTMENTPARTNERSHIP,CN,CN,60000.0,https://lda.senate.gov/api/v1/filings/b87ea222-2ef1-447c-9cf4-663f6d762168/?format=json
f904a56b-1625-4fb9-bf25-6b6aa98e52dc,2022,fourth_quarter,"BROWNSTEIN HYATT FARBER SCHRECK, LLP","DIRECT CHASSISLINK, INC.",US,US,SINGAPORE MINISTER FOR FINANCE (VIA GC (VENTURES PTE. LTD.),SG,SG,60000.0,https://lda.senate.gov/api/v1/filings/f904a56b-1625-4fb9-bf25-6b6aa98e52dc/?format=json
78dd5542-7332-46a6-a77c-d266b3774927,2025,first_quarter,"AVOQ, LLC","BP AMERICA, INC.",US,US,BP PLC (ULTIMATE PARENT),GB,GB,60000.0,https://lda.senate.gov/api/v1/filings/78dd5542-7332-46a6-a77c-d266b3774927/?format=json
b87ea222-2ef1-447c-9cf4-663f6d762168,2025,first_quarter,RICH FEUER ANDERSON,"ANT GROUP CO., LTD.",CN,CN,"TAOBAO (CHINA) SOFTWARE CO., LTD.",CN,CN,60000.0,https://lda.senate.gov/api/v1/filings/b87ea222-2ef1-447c-9cf4-663f6d762168/?format=json
dc8f6a3c-b40b-47b9-b12b-a6f65a3d35b4,2025,second_quarter,SQUIRE PATTON BOGGS,AMERICAN ROADS,US,US,DIF INFRASTRUCTURE V COOPERATIEF U.A,NL,NL,60000.0,https://lda.senate.gov/api/v1/filings/dc8f6a3c-b40b-47b9-b12b-a6f65a3d35b4/?format=json
3decf4ed-ab08-448c-8355-6a3955e92b65,2024,third_quarter,VENN STRATEGIES,U.S. BATTERY MACHINE BUILDERS,US,US,DURR SYSTEMS,DE,DE,60000.0,https://lda.senate.gov/api/v1/filings/3decf4ed-ab08-448c-8355-6a3955e92b65/?format=json
469a4dbd-82fa-4846-b62e-11a94a7e93a0,2025,third_quarter,"CASSIDY & ASSOCIATES, INC.","NYRSTAR CLARKSVILLE, INC",US,US,NYRSTAR AUSTRALIA PTY LTD,AU,AU,60000.0,https://lda.senate.gov/api/v1/filings/469a4dbd-82fa-4846-b62e-11a94a7e93a0/?format=json
57510a24-9e9c-4210-bdc6-f1f99415f4cd,2024,first_quarter,"WILLIAMS AND JENSEN, PLLC",US GUATEMALA BUSINESS COUNCIL,US,US,CACIF,GT,GT,60000.0,https://lda.senate.gov/api/v1/filings/57510a24-9e9c-4210-bdc6-f1f99415f4cd/?format=json
b5db282f-c2da-4316-8025-04d4c1e69e42,2026,first_quarter,"WILLIAMS AND JENSEN, PLLC",NOVOCURE INC.,US,US,NOVOCURE LUXEMBOURG S.A.R.L. (OWNS 100% OF NOVOCURE GMBH),LU,LU,60000.0,https://lda.senate.gov/api/v1/filings/b5db282f-c2da-4316-8025-04d4c1e69e42/?format=json
ade07e52-1216-4a83-ae5e-f66336675c56,2024,fourth_quarter,PETER DAMON GROUP LLC,RAI SERVICES COMPANY,US,US,BRITISH AMERICAN TOBACCO P.L.C.,GB,GB,60000.0,https://lda.senate.gov/api/v1/filings/ade07e52-1216-4a83-ae5e-f66336675c56/?format=json
21d7434f-b6c1-4675-92b8-9aa7f05f95a1,2025,first_quarter,VAN SCOYOC ASSOCIATES,AVA LABS INC.,US,US,"AVALANCHE (BVI), INC.",VG,VG,60000.0,https://lda.senate.gov/api/v1/filings/21d7434f-b6c1-4675-92b8-9aa7f05f95a1/?format=json
362a5c06-ac5e-4e9b-b28d-05614d56eb83,2023,second_quarter,VENN STRATEGIES,"UCB, INC.",US,US,UCB S.A.,BE,BE,60000.0,https://lda.senate.gov/api/v1/filings/362a5c06-ac5e-4e9b-b28d-05614d56eb83/?format=json
df3b9de2-cd7b-47d0-943b-06d9ca0c6a04,2024,third_quarter,PETER DAMON GROUP LLC,RAI SERVICES COMPANY,US,US,BRITISH AMERICAN TOBACCO P.L.C.,GB,GB,60000.0,https://lda.senate.gov/api/v1/filings/df3b9de2-cd7b-47d0-943b-06d9ca0c6a04/?format=json
74bde39b-a4f5-4ac2-8eb6-c2f2ecd67f53,2025,first_quarter,"CONVERGENCE STRATEGIES, LLC","T-MOBILE USA, INC.",US,US,DEUTSCHE TELEKOM AG,DE,DE,60000.0,https://lda.senate.gov/api/v1/filings/74bde39b-a4f5-4ac2-8eb6-c2f2ecd67f53/?format=json
f904a56b-1625-4fb9-bf25-6b6aa98e52dc,2022,fourth_quarter,"BROWNSTEIN HYATT FARBER SCHRECK, LLP","DIRECT CHASSISLINK, INC.",US,US,GIC INFRA HOLDINGS PTE. LTD. (VIA EPSOM INVESTMENT PTE. LTD.),SG,SG,60000.0,https://lda.senate.gov/api/v1/filings/f904a56b-1625-4fb9-bf25-6b6aa98e52dc/?format=json
44882e63-ef2f-41d4-beba-ecbe641fa8d7,2024,first_quarter,PETER DAMON GROUP LLC,RAI SERVICES COMPANY,US,US,BRITISH AMERICAN TOBACCO P.L.C.,GB,GB,60000.0,https://lda.senate.gov/api/v1/filings/44882e63-ef2f-41d4-beba-ecbe641fa8d7/?format=json
b5db282f-c2da-4316-8025-04d4c1e69e42,2026,first_quarter,"WILLIAMS AND JENSEN, PLLC",NOVOCURE INC.,US,US,NOVOCURE GMBH,CH,CH,60000.0,https://lda.senate.gov/api/v1/filings/b5db282f-c2da-4316-8025-04d4c1e69e42/?format=json
d075eeac-8f1c-440f-9147-6d7d3d2b9991,2022,second_quarter,SALT POINT STRATEGIES,"RAKUTEN USA, INC.",US,US,RAKUTEN SYMPHONY INC. (OWNS 100% OF RAKUTEN MOBILE USA LLC),JP,JP,60000.0,https://lda.senate.gov/api/v1/filings/d075eeac-8f1c-440f-9147-6d7d3d2b9991/?format=json
c48b2c3b-973f-408b-9df1-204f71baed50,2025,second_quarter,ATLAS CROSSING LLC,ALSTOM TRANSPORTATION INC.,US,US,ALSTOM S.A.,FR,FR,60000.0,https://lda.senate.gov/api/v1/filings/c48b2c3b-973f-408b-9df1-204f71baed50/?format=json
f904a56b-1625-4fb9-bf25-6b6aa98e52dc,2022,fourth_quarter,"BROWNSTEIN HYATT FARBER SCHRECK, LLP","DIRECT CHASSISLINK, INC.",US,US,DEXTER TOP LP (VIA DEXTER HOLDINGS LP),CA,CA,60000.0,https://lda.senate.gov/api/v1/filings/f904a56b-1625-4fb9-bf25-6b6aa98e52dc/?format=json
f904a56b-1625-4fb9-bf25-6b6aa98e52dc,2022,fourth_quarter,"BROWNSTEIN HYATT FARBER SCHRECK, LLP","DIRECT CHASSISLINK, INC.",US,US,OMERS ADMINISTRATION CORPORATION (VIA BPC PENCO XXVII CORPORATION),CA,CA,60000.0,https://lda.senate.gov/api/v1/filings/f904a56b-1625-4fb9-bf25-6b6aa98e52dc/?format=json
697060c0-2659-49e6-b51c-e97d01f66180,2022,fourth_quarter,VENN STRATEGIES,TALON NICKEL (USA) LLC,US,US,TALON METALS CORPORATION,VG,VG,60000.0,https://lda.senate.gov/api/v1/filings/697060c0-2659-49e6-b51c-e97d01f66180/?format=json
d94413d5-2f80-45b1-bf5a-d3a16d831c08,2025,fourth_quarter,"WILLIAMS AND JENSEN, PLLC",NOVOCURE INC.,US,US,NOVOCURE LUXEMBOURG S.A.R.L. (OWNS 100% OF NOVOCURE GMBH),LU,LU,60000.0,https://lda.senate.gov/api/v1/filings/d94413d5-2f80-45b1-bf5a-d3a16d831c08/?format=json
d94413d5-2f80-45b1-bf5a-d3a16d831c08,2025,fourth_quarter,"WILLIAMS AND JENSEN, PLLC",NOVOCURE INC.,US,US,NOVOCURE GMBH,CH,CH,60000.0,https://lda.senate.gov/api/v1/filings/d94413d5-2f80-45b1-bf5a-d3a16d831c08/?format=json
ed5c3501-fe62-468e-90d0-f4428d4254d3,2024,second_quarter,MICHAEL BEST STRATEGIES LLC,T-MOBILE US INC.,US,US,SOFTBANK CORP.,JP,JP,60000.0,https://lda.senate.gov/api/v1/filings/ed5c3501-fe62-468e-90d0-f4428d4254d3/?format=json
5fdbc9be-ab7d-4150-98c2-4e015a2cbe62,2023,first_quarter,VENN STRATEGIES,TALON NICKEL (USA) LLC,US,US,TALON METALS CORPORATION,VG,VG,60000.0,https://lda.senate.gov/api/v1/filings/5fdbc9be-ab7d-4150-98c2-4e015a2cbe62/?format=json
398170a1-0b3a-44e9-844c-57339646b624,2023,fourth_quarter,"AVOQ, LLC","RIOT GAMES, INC.",US,US,TENCENT HOLDINGS LIMITED (THROUGH INTEREST IN OPEN WEALTH INVESTMENTS LIMITED),HK,HK,60000.0,https://lda.senate.gov/api/v1/filings/398170a1-0b3a-44e9-844c-57339646b624/?format=json
784a0995-ee50-4ed8-b8c5-32a421e569bd,2023,third_quarter,VENN STRATEGIES,TALON NICKEL (USA) LLC,US,US,TALON METALS CORPORATION,VG,VG,60000.0,https://lda.senate.gov/api/v1/filings/784a0995-ee50-4ed8-b8c5-32a421e569bd/?format=json
49239b2b-180e-4741-a6c1-8111ca9b414e,2023,second_quarter,VENN STRATEGIES,TALON NICKEL (USA) LLC,US,US,TALON METALS CORPORATION,VG,VG,60000.0,https://lda.senate.gov/api/v1/filings/49239b2b-180e-4741-a6c1-8111ca9b414e/?format=json
3b032c33-19e4-4fa9-a0dd-2e5bf08dbdfc,2023,second_quarter,"BROWNSTEIN HYATT FARBER SCHRECK, LLP","BARRICK GOLD OF NORTH AMERICA, FKA BARRICK GOLD AND NEVADA GOLD MINES",US,US,BARRICK GOLD CORPORATION,CA,CA,60000.0,https://lda.senate.gov/api/v1/filings/3b032c33-19e4-4fa9-a0dd-2e5bf08dbdfc/?format=json
ed5c3501-fe62-468e-90d0-f4428d4254d3,2024,second_quarter,MICHAEL BEST STRATEGIES LLC,T-MOBILE US INC.,US,US,DETUSCHE TELEKOM AG,DE,DE,60000.0,https://lda.senate.gov/api/v1/filings/ed5c3501-fe62-468e-90d0-f4428d4254d3/?format=json
1cb94b2d-6ad0-48f1-8529-cbc6ced268e0,2023,first_quarter,PETER DAMON GROUP LLC,RAI SERVICES COMPANY,US,US,BRITISH AMERICAN TOBACCO P.L.C.,GB,GB,60000.0,https://lda.senate.gov/api/v1/filings/1cb94b2d-6ad0-48f1-8529-cbc6ced268e0/?format=json
f904a56b-1625-4fb9-bf25-6b6aa98e52dc,2022,fourth_quarter,"BROWNSTEIN HYATT FARBER SCHRECK, LLP","DIRECT CHASSISLINK, INC.",US,US,DEXTER HOLDINGS LP,CA,CA,60000.0,https://lda.senate.gov/api/v1/filings/f904a56b-1625-4fb9-bf25-6b6aa98e52dc/?format=json
bed4bc9e-5283-4453-a4b0-e97b1923778d,2023,second_quarter,PETER DAMON GROUP LLC,RAI SERVICES COMPANY,US,US,BRITISH AMERICAN TOBACCO P.L.C.,GB,GB,60000.0,https://lda.senate.gov/api/v1/filings/bed4bc9e-5283-4453-a4b0-e97b1923778d/?format=json
fb6c2ce1-d7f2-4265-a7ee-621146be3dd4,2023,first_quarter,VENN STRATEGIES,"UCB, INC.",US,US,UCB S.A.,BE,BE,60000.0,https://lda.senate.gov/api/v1/filings/fb6c2ce1-d7f2-4265-a7ee-621146be3dd4/?format=json
79b57989-6aa8-409d-81fc-51fa684ae65a,2022,second_quarter,FTI GOVERNMENT AFFAIRS,"CEMEX, INC.",US,US,"CEMEX, S.A.B. DE C.V.",MX,MX,60000.0,https://lda.senate.gov/api/v1/filings/79b57989-6aa8-409d-81fc-51fa684ae65a/?format=json
3decf4ed-ab08-448c-8355-6a3955e92b65,2024,third_quarter,VENN STRATEGIES,U.S. BATTERY MACHINE BUILDERS,US,US,SIEMENS AG,DE,DE,60000.0,https://lda.senate.gov/api/v1/filings/3decf4ed-ab08-448c-8355-6a3955e92b65/?format=json
1fe07dd4-f3e5-4c9d-b60f-7814da96b9b0,2023,third_quarter,VENN STRATEGIES,"UCB, INC.",US,US,UCB S.A.,BE,BE,60000.0,https://lda.senate.gov/api/v1/filings/1fe07dd4-f3e5-4c9d-b60f-7814da96b9b0/?format=json
66b5ba91-b698-4e69-ad9f-6bc19cddeb18,2023,fourth_quarter,"FRANKLIN SQUARE GROUP, LLC",ITC MODERNIZATION ALLIANCE,US,US,SAMSUNG ELECTRONICS CO. LTD,KR,KR,60000.0,https://lda.senate.gov/api/v1/filings/66b5ba91-b698-4e69-ad9f-6bc19cddeb18/?format=json
d075eeac-8f1c-440f-9147-6d7d3d2b9991,2022,second_quarter,SALT POINT STRATEGIES,"RAKUTEN USA, INC.",US,US,"RAKUTEN MOBILE, INC. (OWNS 100% OF RAKUTEN SYMPHONY, INC.)",JP,JP,60000.0,https://lda.senate.gov/api/v1/filings/d075eeac-8f1c-440f-9147-6d7d3d2b9991/?format=json
cd8fccf0-6671-4466-8240-0263585c139a,2023,fourth_quarter,"GOVERNMENT COUNSEL, LLC",APOTEX CORPORATION,US,US,ARTEMIS INTERMEDIATE HOLDINGS INC.,CA,CA,50000.0,https://lda.senate.gov/api/v1/filings/cd8fccf0-6671-4466-8240-0263585c139a/?format=json
fe8eceed-7c0b-49f8-88c5-1d155661f896,2025,second_quarter,"BROWNSTEIN HYATT FARBER SCHRECK, LLP",VECTOR GROUP LTD,US,US,JT INTERNATIONAL GROUP HOLDING B.V.,NL,NL,50000.0,https://lda.senate.gov/api/v1/filings/fe8eceed-7c0b-49f8-88c5-1d155661f896/?format=json
7a6b550f-9229-4b5a-85b0-2fbad0028cba,2022,second_quarter,HOLLAND & KNIGHT LLP,FCA US LLC,US,US,SFS UK 1 LIMITED,GB,GB,50000.0,https://lda.senate.gov/api/v1/filings/7a6b550f-9229-4b5a-85b0-2fbad0028cba/?format=json
b8ac3011-0f17-48a4-a729-d52a6bec144a,2024,first_quarter,"GOVERNMENT COUNSEL, LLC",APOTEX CORPORATION,US,US,APOTEX HOLDCO INC. (ONTARIO REGISTERED)(HOLDCO),CA,CA,50000.0,https://lda.senate.gov/api/v1/filings/b8ac3011-0f17-48a4-a729-d52a6bec144a/?format=json
8520a8a2-5af5-4d39-b408-d4deebf4cb86,2023,fourth_quarter,"MEHLMAN CONSULTING, INC.",SOO LINE CORPORATION DBA CPKC,CA,CA,CANADIAN PACIFIC RAILWAY KANSAS CITY LIMITED,CA,CA,50000.0,https://lda.senate.gov/api/v1/filings/8520a8a2-5af5-4d39-b408-d4deebf4cb86/?format=json
b8ac3011-0f17-48a4-a729-d52a6bec144a,2024,first_quarter,"GOVERNMENT COUNSEL, LLC",APOTEX CORPORATION,US,US,"ARTEMIS PARENT, INC.",CA,CA,50000.0,https://lda.senate.gov/api/v1/filings/b8ac3011-0f17-48a4-a729-d52a6bec144a/?format=json
1e7e8aeb-d205-439d-b833-74a0a3bc4312,2024,second_quarter,"WILLIAMS AND JENSEN, PLLC",BUHLER QUALITY YARNS CORPORATION,US,US,"SAMIL SPINNING CO., LTD.",KR,KR,50000.0,https://lda.senate.gov/api/v1/filings/1e7e8aeb-d205-439d-b833-74a0a3bc4312/?format=json
c3cd155c-0108-437e-9506-169ff764a46d,2022,third_quarter,"BROWNSTEIN HYATT FARBER SCHRECK, LLP",RELX INC,US,US,RELX PLC,GB,GB,50000.0,https://lda.senate.gov/api/v1/filings/c3cd155c-0108-437e-9506-169ff764a46d/?format=json
6c77d764-e3b4-48e3-9a97-e24ad0c4f0a4,2022,second_quarter,"CORNERSTONE GOVERNMENT AFFAIRS, INC.",GHGSAT INC.,CA,CA,INVESTISSEMENT-QUEBEC,CA,CA,50000.0,https://lda.senate.gov/api/v1/filings/6c77d764-e3b4-48e3-9a97-e24ad0c4f0a4/?format=json
577bce66-d4cd-4e5f-99d8-f8f1a6aee8c7,2022,third_quarter,"BROWNSTEIN HYATT FARBER SCHRECK, LLP",INTRALOT USA,US,US,INTRALOT,GR,GR,50000.0,https://lda.senate.gov/api/v1/filings/577bce66-d4cd-4e5f-99d8-f8f1a6aee8c7/?format=json
50e4994d-cbaf-4cad-9894-919ba77c144b,2022,third_quarter,"MEHLMAN CONSULTING, INC.",STELLANTIS N.V.,US,US,FCA FOREIGN SALES HOLDCO LTD.,GB,GB,50000.0,https://lda.senate.gov/api/v1/filings/50e4994d-cbaf-4cad-9894-919ba77c144b/?format=json
50e4994d-cbaf-4cad-9894-919ba77c144b,2022,third_quarter,"MEHLMAN CONSULTING, INC.",STELLANTIS N.V.,US,US,SFS UK 1 LIMITED,GB,GB,50000.0,https://lda.senate.gov/api/v1/filings/50e4994d-cbaf-4cad-9894-919ba77c144b/?format=json
7a6b550f-9229-4b5a-85b0-2fbad0028cba,2022,second_quarter,HOLLAND & KNIGHT LLP,FCA US LLC,US,US,FCA FOREIGN SALES HOLDCO LTD,GB,GB,50000.0,https://lda.senate.gov/api/v1/filings/7a6b550f-9229-4b5a-85b0-2fbad0028cba/?format=json
b8ac3011-0f17-48a4-a729-d52a6bec144a,2024,first_quarter,"GOVERNMENT COUNSEL, LLC",APOTEX CORPORATION,US,US,"ARTEMIS INTERMEDIATE HOLDINGS, INC. (ONTARIO REGISTERED)(AIHI)",CA,CA,50000.0,https://lda.senate.gov/api/v1/filings/b8ac3011-0f17-48a4-a729-d52a6bec144a/?format=json
82e223cd-d8e3-4404-b472-779af0c317ff,2022,third_quarter,AKIN GUMP STRAUSS HAUER & FELD,BELL-CARTER FOODS,US,US,"GRUPO ACEITUNAS GUADALQUIVIR, S.L.",ES,ES,50000.0,https://lda.senate.gov/api/v1/filings/82e223cd-d8e3-4404-b472-779af0c317ff/?format=json
9c3c5666-6dea-402e-a497-2624619c3cc8,2023,fourth_quarter,"BROWNSTEIN HYATT FARBER SCHRECK, LLP","OUTOKUMPU STAINLESS USA, LLC",US,US,OUTOKUMPU OYJ,FI,FI,50000.0,https://lda.senate.gov/api/v1/filings/9c3c5666-6dea-402e-a497-2624619c3cc8/?format=json
cd8fccf0-6671-4466-8240-0263585c139a,2023,fourth_quarter,"GOVERNMENT COUNSEL, LLC",APOTEX CORPORATION,US,US,APOTEX PHARMACEUTICAL HOLDINGS INC. (APSHI),CA,CA,50000.0,https://lda.senate.gov/api/v1/filings/cd8fccf0-6671-4466-8240-0263585c139a/?format=json
cd8fccf0-6671-4466-8240-0263585c139a,2023,fourth_quarter,"GOVERNMENT COUNSEL, LLC",APOTEX CORPORATION,US,US,ARTEMIS PARENT INC.,CA,CA,50000.0,https://lda.senate.gov/api/v1/filings/cd8fccf0-6671-4466-8240-0263585c139a/?format=json
f2f25322-d103-4cc9-8dcb-8108139b0826,2022,fourth_quarter,VENABLE LLP,GLAXOSMITHKLINE CONSUMER HEALTHCARE HOLDINGS (US) LLC DBA HALEON,US,US,HALEON,GB,GB,50000.0,https://lda.senate.gov/api/v1/filings/f2f25322-d103-4cc9-8dcb-8108139b0826/?format=json
70f3c893-27e1-4118-b1c0-7ff9073390f9,2022,fourth_quarter,"MEHLMAN CONSULTING, INC.",STELLANTIS N.V.,US,US,SFS UK 1 LIMITED,GB,GB,50000.0,https://lda.senate.gov/api/v1/filings/70f3c893-27e1-4118-b1c0-7ff9073390f9/?format=json
6c2d5ac3-eaf7-4355-a861-0e3345ee2e25,2022,second_quarter,"BROWNSTEIN HYATT FARBER SCHRECK, LLP",SCM CONSULTING LIMITED,VI,US,RINAT AKHMETOV,VI,VI,50000.0,https://lda.senate.gov/api/v1/filings/6c2d5ac3-eaf7-4355-a861-0e3345ee2e25/?format=json
6402fc3a-082d-434f-be86-20f8fd078a8e,2022,second_quarter,"CORNERSTONE GOVERNMENT AFFAIRS, INC.","GENENTECH, INC.",US,US,"ROCHE HOLDINGS, LTD.",CH,CH,50000.0,https://lda.senate.gov/api/v1/filings/6402fc3a-082d-434f-be86-20f8fd078a8e/?format=json
2b2c4ebe-fe73-462d-91c9-ce2b4fbef7b9,2022,third_quarter,"BROWNSTEIN HYATT FARBER SCHRECK, LLP","AMBLER METALS, LLC",US,US,SOUTH32,AU,AU,50000.0,https://lda.senate.gov/api/v1/filings/2b2c4ebe-fe73-462d-91c9-ce2b4fbef7b9/?format=json
212a0f62-8f7f-43b4-9c69-50ceedeb1a61,2022,second_quarter,"WILLIAMS AND JENSEN, PLLC",HUVEPHARMA,US,US,HUVEPHARMA,BG,BG,50000.0,https://lda.senate.gov/api/v1/filings/212a0f62-8f7f-43b4-9c69-50ceedeb1a61/?format=json
7a6b550f-9229-4b5a-85b0-2fbad0028cba,2022,second_quarter,HOLLAND & KNIGHT LLP,FCA US LLC,US,US,STELLANTIS N.V.,NL,NL,50000.0,https://lda.senate.gov/api/v1/filings/7a6b550f-9229-4b5a-85b0-2fbad0028cba/?format=json
6c77d764-e3b4-48e3-9a97-e24ad0c4f0a4,2022,second_quarter,"CORNERSTONE GOVERNMENT AFFAIRS, INC.",GHGSAT INC.,CA,CA,10543985 CANADA INC.,CA,CA,50000.0,https://lda.senate.gov/api/v1/filings/6c77d764-e3b4-48e3-9a97-e24ad0c4f0a4/?format=json
6c77d764-e3b4-48e3-9a97-e24ad0c4f0a4,2022,second_quarter,"CORNERSTONE GOVERNMENT AFFAIRS, INC.",GHGSAT INC.,CA,CA,OGCI CLIMATE INVESTMENT LLP,GB,GB,50000.0,https://lda.senate.gov/api/v1/filings/6c77d764-e3b4-48e3-9a97-e24ad0c4f0a4/?format=json
20fa1ba4-0462-4495-83fd-a4d77eb89c19,2024,third_quarter,"WILLIAMS AND JENSEN, PLLC",US GUATEMALA BUSINESS COUNCIL,US,US,CACIF,GT,GT,50000.0,https://lda.senate.gov/api/v1/filings/20fa1ba4-0462-4495-83fd-a4d77eb89c19/?format=json
2b2c4ebe-fe73-462d-91c9-ce2b4fbef7b9,2022,third_quarter,"BROWNSTEIN HYATT FARBER SCHRECK, LLP","AMBLER METALS, LLC",US,US,TRILOGY METALS INC.,CA,CA,50000.0,https://lda.senate.gov/api/v1/filings/2b2c4ebe-fe73-462d-91c9-ce2b4fbef7b9/?format=json
aa936e19-8e35-4b13-94df-809a618e8632,2025,fourth_quarter,KING & SPALDING LLP,MAGNESITA REFRACTORIES COMPANY,US,US,RHI MAGNESITA N.V.,AT,AT,50000.0,https://lda.senate.gov/api/v1/filings/aa936e19-8e35-4b13-94df-809a618e8632/?format=json
82e223cd-d8e3-4404-b472-779af0c317ff,2022,third_quarter,AKIN GUMP STRAUSS HAUER & FELD,BELL-CARTER FOODS,US,US,"TABLE OLIVE PARTNERS, S.L.",ES,ES,50000.0,https://lda.senate.gov/api/v1/filings/82e223cd-d8e3-4404-b472-779af0c317ff/?format=json
70f3c893-27e1-4118-b1c0-7ff9073390f9,2022,fourth_quarter,"MEHLMAN CONSULTING, INC.",STELLANTIS N.V.,US,US,STELLANTIS N.V.,NL,NL,50000.0,https://lda.senate.gov/api/v1/filings/70f3c893-27e1-4118-b1c0-7ff9073390f9/?format=json
82e223cd-d8e3-4404-b472-779af0c317ff,2022,third_quarter,AKIN GUMP STRAUSS HAUER & FELD,BELL-CARTER FOODS,US,US,ESCALANTRA S.L.,ES,ES,50000.0,https://lda.senate.gov/api/v1/filings/82e223cd-d8e3-4404-b472-779af0c317ff/?format=json
70f3c893-27e1-4118-b1c0-7ff9073390f9,2022,fourth_quarter,"MEHLMAN CONSULTING, INC.",STELLANTIS N.V.,US,US,FCA FOREIGN SALES HOLDCO LTD.,GB,GB,50000.0,https://lda.senate.gov/api/v1/filings/70f3c893-27e1-4118-b1c0-7ff9073390f9/?format=json
7a0d3895-5a88-4222-90cd-131d3c4e7b55,2022,third_quarter,FROST BROWN TODD LLC,PRYSMIAN GROUP,US,US,PRYSMIAN SPA.,IT,IT,50000.0,https://lda.senate.gov/api/v1/filings/7a0d3895-5a88-4222-90cd-131d3c4e7b55/?format=json
50e4994d-cbaf-4cad-9894-919ba77c144b,2022,third_quarter,"MEHLMAN CONSULTING, INC.",STELLANTIS N.V.,US,US,STELLANTIS N.V.,NL,NL,50000.0,https://lda.senate.gov/api/v1/filings/50e4994d-cbaf-4cad-9894-919ba77c144b/?format=json
7303a676-660b-490b-b50b-cd72068e21f7,2024,third_quarter,"BROWNSTEIN HYATT FARBER SCHRECK, LLP",KUWAIT & GULF LINK HOLDING,KW,KW,MR. SAM KHATIB,KW,KW,50000.0,https://lda.senate.gov/api/v1/filings/7303a676-660b-490b-b50b-cd72068e21f7/?format=json
7303a676-660b-490b-b50b-cd72068e21f7,2024,third_quarter,"BROWNSTEIN HYATT FARBER SCHRECK, LLP",KUWAIT & GULF LINK HOLDING,KW,KW,MR. BALASUBRAMANIAN SRIDHARAN,KW,KW,50000.0,https://lda.senate.gov/api/v1/filings/7303a676-660b-490b-b50b-cd72068e21f7/?format=json
7303a676-660b-490b-b50b-cd72068e21f7,2024,third_quarter,"BROWNSTEIN HYATT FARBER SCHRECK, LLP",KUWAIT & GULF LINK HOLDING,KW,KW,MR. MOHAMMAD MIRZA,KW,KW,50000.0,https://lda.senate.gov/api/v1/filings/7303a676-660b-490b-b50b-cd72068e21f7/?format=json
7303a676-660b-490b-b50b-cd72068e21f7,2024,third_quarter,"BROWNSTEIN HYATT FARBER SCHRECK, LLP",KUWAIT & GULF LINK HOLDING,KW,KW,MRS. IMAN DASHTI,KW,KW,50000.0,https://lda.senate.gov/api/v1/filings/7303a676-660b-490b-b50b-cd72068e21f7/?format=json
637fdfb5-d0a5-460d-8502-dd2d2f1625d4,2024,fourth_quarter,"KOUNTOUPES DENHAM CARR & REID, LLC","APOTEX, CORP.",US,US,APOTEX INC.,CA,CA,50000.0,https://lda.senate.gov/api/v1/filings/637fdfb5-d0a5-460d-8502-dd2d2f1625d4/?format=json
fe8eceed-7c0b-49f8-88c5-1d155661f896,2025,second_quarter,"BROWNSTEIN HYATT FARBER SCHRECK, LLP",VECTOR GROUP LTD,US,US,JTI (UK) MANAGEMENT LTD.,GB,GB,50000.0,https://lda.senate.gov/api/v1/filings/fe8eceed-7c0b-49f8-88c5-1d155661f896/?format=json
7303a676-660b-490b-b50b-cd72068e21f7,2024,third_quarter,"BROWNSTEIN HYATT FARBER SCHRECK, LLP",KUWAIT & GULF LINK HOLDING,KW,KW,MR. FADHEL AL-BAGHLI,KW,KW,50000.0,https://lda.senate.gov/api/v1/filings/7303a676-660b-490b-b50b-cd72068e21f7/?format=json
d725a925-0e7b-49ec-a43c-2a97ed064435,2024,fourth_quarter,"AVOQ, LLC","EPIC GAMES, INC.",US,US,OPEN WEALTH INVESTMENTS LIMITED (THROUGH INTEREST IN TCH SCARLET LIMITED),HK,HK,50000.0,https://lda.senate.gov/api/v1/filings/d725a925-0e7b-49ec-a43c-2a97ed064435/?format=json
d725a925-0e7b-49ec-a43c-2a97ed064435,2024,fourth_quarter,"AVOQ, LLC","EPIC GAMES, INC.",US,US,TCH SCARLET LIMITED,IE,IE,50000.0,https://lda.senate.gov/api/v1/filings/d725a925-0e7b-49ec-a43c-2a97ed064435/?format=json
d725a925-0e7b-49ec-a43c-2a97ed064435,2024,fourth_quarter,"AVOQ, LLC","EPIC GAMES, INC.",US,US,TCH GOLD LIMITED (THROUGH INTEREST IN OPEN WEALTH INVESTMENTS LIMITED),VG,VG,50000.0,https://lda.senate.gov/api/v1/filings/d725a925-0e7b-49ec-a43c-2a97ed064435/?format=json
00d1b25b-2745-4381-9a70-f4a82382e697,2024,fourth_quarter,"SANDLER, TRAVIS & ROSENBERG, P.A.",AD HOC COALITION FOR U.S. NITRILE GLOVE COALITION,US,US,INTCO MEDICAL,CN,CN,50000.0,https://lda.senate.gov/api/v1/filings/00d1b25b-2745-4381-9a70-f4a82382e697/?format=json
fe8eceed-7c0b-49f8-88c5-1d155661f896,2025,second_quarter,"BROWNSTEIN HYATT FARBER SCHRECK, LLP",VECTOR GROUP LTD,US,US,JAPAN TOBACCO INC.,JP,JP,50000.0,https://lda.senate.gov/api/v1/filings/fe8eceed-7c0b-49f8-88c5-1d155661f896/?format=json
1b3d75a7-3f97-462d-bdd4-4973113ad4ff,2025,first_quarter,STRATEGIC MARKETING INNOVATIONS,MICHIGAN WHEEL,US,US,"NAKASHIMA PROPELLER CO, LTD",JP,JP,50000.0,https://lda.senate.gov/api/v1/filings/1b3d75a7-3f97-462d-bdd4-4973113ad4ff/?format=json
39c718ab-67c0-4bba-aa66-c373b2b29a78,2024,third_quarter,"BROWNSTEIN HYATT FARBER SCHRECK, LLP",INTRALOT USA,US,US,INTRALOT S.A.,GR,GR,50000.0,https://lda.senate.gov/api/v1/filings/39c718ab-67c0-4bba-aa66-c373b2b29a78/?format=json
c841a331-35e4-4743-912b-dda5e157eeb6,2023,fourth_quarter,ARNOLD & PORTER KAYE SCHOLER LLP,"MCLARTY INBOUND LLC ON BEHALF OF LG CHEM, LTD.",US,US,"LG CORP. (OWNER OF LG CHEM, LTD.)",KR,KR,50000.0,https://lda.senate.gov/api/v1/filings/c841a331-35e4-4743-912b-dda5e157eeb6/?format=json
4b0b013a-62ae-4f5c-81d4-ec5002d193a0,2024,first_quarter,VENN STRATEGIES,U.S. BATTERY MACHINE BUILDERS,US,US,DURR SYSTEMS INC,DE,DE,50000.0,https://lda.senate.gov/api/v1/filings/4b0b013a-62ae-4f5c-81d4-ec5002d193a0/?format=json
fe8eceed-7c0b-49f8-88c5-1d155661f896,2025,second_quarter,"BROWNSTEIN HYATT FARBER SCHRECK, LLP",VECTOR GROUP LTD,US,US,JT INTERNATIONAL HOLDING B.V.,NL,NL,50000.0,https://lda.senate.gov/api/v1/filings/fe8eceed-7c0b-49f8-88c5-1d155661f896/?format=json
4b0b013a-62ae-4f5c-81d4-ec5002d193a0,2024,first_quarter,VENN STRATEGIES,U.S. BATTERY MACHINE BUILDERS,US,US,SIEMENS AG,DE,DE,50000.0,https://lda.senate.gov/api/v1/filings/4b0b013a-62ae-4f5c-81d4-ec5002d193a0/?format=json
d725a925-0e7b-49ec-a43c-2a97ed064435,2024,fourth_quarter,"AVOQ, LLC","EPIC GAMES, INC.",US,US,TENCENT HOLDINGS LIMITED (THROUGH INTEREST IN TCH GOLD LIMITED),HK,HK,50000.0,https://lda.senate.gov/api/v1/filings/d725a925-0e7b-49ec-a43c-2a97ed064435/?format=json
b8ac3011-0f17-48a4-a729-d52a6bec144a,2024,first_quarter,"GOVERNMENT COUNSEL, LLC",APOTEX CORPORATION,US,US,APOTEX INC.,CA,CA,50000.0,https://lda.senate.gov/api/v1/filings/b8ac3011-0f17-48a4-a729-d52a6bec144a/?format=json
f4c00407-a158-4723-8a0c-249541fbf030,2025,third_quarter,STANTON PARK GROUP,KYOWA KIRIN,US,US,"KYOWA KIRIN CO., LTD",JP,JP,45000.0,https://lda.senate.gov/api/v1/filings/f4c00407-a158-4723-8a0c-249541fbf030/?format=json
8a5ea206-ae7d-446f-b2e3-a62a63dedc43,2025,fourth_quarter,KING & SPALDING LLP,CGI FEDERAL,US,US,"CGI, INC.",CA,CA,45000.0,https://lda.senate.gov/api/v1/filings/8a5ea206-ae7d-446f-b2e3-a62a63dedc43/?format=json
cbb8e8fb-51f6-4a11-829c-c7dd1211595f,2022,first_quarter,GRASSROOTS POLITICAL CONSULTING LLC,AVICENA SYSTEMS LTD.,AU,AU,AVICENA SYSTEMS LTD,AU,AU,45000.0,https://lda.senate.gov/api/v1/filings/cbb8e8fb-51f6-4a11-829c-c7dd1211595f/?format=json
bf821516-2ba8-4072-bf6e-ddf5a3e79518,2025,fourth_quarter,BRACEWELL LLP,"METHANEX (DBA METHANEX USA LLC, METHANEX LOUISIANA LLC, METHANEX GEISMAR III LLC",US,US,METHANEX CORPORATION,CA,CA,40000.0,https://lda.senate.gov/api/v1/filings/bf821516-2ba8-4072-bf6e-ddf5a3e79518/?format=json
5af4b4b9-3288-4035-962f-0dd654b73ab6,2022,first_quarter,"CROSSROADS STRATEGIES, LLC",OXE MARINE INC.,US,US,OXE MARINE AB,SE,SE,40000.0,https://lda.senate.gov/api/v1/filings/5af4b4b9-3288-4035-962f-0dd654b73ab6/?format=json
43769f6b-0a0a-4b24-b4c8-5d5475e6682c,2026,first_quarter,VENABLE LLP,"HELENA AGRI-ENTERPRISES, LLC",US,US,MARUBENI CORPORATION,JP,JP,40000.0,https://lda.senate.gov/api/v1/filings/43769f6b-0a0a-4b24-b4c8-5d5475e6682c/?format=json
681d88e3-02a8-4e14-b11d-fc1f5cca7062,2024,second_quarter,FGS GLOBAL (US) LLC (FKA FGH HOLDINGS LLC),WUXI BIOLOGICS USA LLC,CN,CN,"WUXI BIOLOGICS CO., LTD.",CN,CN,40000.0,https://lda.senate.gov/api/v1/filings/681d88e3-02a8-4e14-b11d-fc1f5cca7062/?format=json
48967e39-32b0-4d45-9641-79432becc724,2023,fourth_quarter,AND PARTNERS LLC,TIKTOK INC.,US,US,BYTETEAM LTD. (OWNS APPROXIMATELY 21% OF BYTEDANCE LTD.),VG,VG,40000.0,https://lda.senate.gov/api/v1/filings/48967e39-32b0-4d45-9641-79432becc724/?format=json
33ece616-4c01-4ca7-bb0a-65ac72166006,2024,second_quarter,"GALILEO CONSULTING GROUP, INC.","SONOSITE, A SUBSIDIARY OF FUJIFILM (FORMERLY SONOSITE, INC.)",,,FUJIFILM HOLDING CORPORATION,JP,JP,40000.0,https://lda.senate.gov/api/v1/filings/33ece616-4c01-4ca7-bb0a-65ac72166006/?format=json
681d88e3-02a8-4e14-b11d-fc1f5cca7062,2024,second_quarter,FGS GLOBAL (US) LLC (FKA FGH HOLDINGS LLC),WUXI BIOLOGICS USA LLC,CN,CN,WUXI BIOLOGICS INVESTMENTS LIMITED,HK,CN,40000.0,https://lda.senate.gov/api/v1/filings/681d88e3-02a8-4e14-b11d-fc1f5cca7062/?format=json
5d52c06b-1708-4ce3-8957-519e8cf02d11,2023,third_quarter,COVINGTON & BURLING LLP,SK HYNIX AMERICA INC.,US,US,SK HYNIX INC.,KR,KR,40000.0,https://lda.senate.gov/api/v1/filings/5d52c06b-1708-4ce3-8957-519e8cf02d11/?format=json
5eb6a56d-f3c5-4662-a529-05095bae1fd4,2023,fourth_quarter,"K&L GATES, LLP",BYTEDANCE INC.,US,US,BYTEDANCE LTD. (OWNS 100% OF BYTEDANCE INC.; 100% OF TIKTOK LTD.),KY,KY,40000.0,https://lda.senate.gov/api/v1/filings/5eb6a56d-f3c5-4662-a529-05095bae1fd4/?format=json
34a8a7e3-545e-487c-bb24-1246712eff3d,2025,second_quarter,LOT SIXTEEN LLC,"SMART GREEN AVIATION GROUP, INC (DBA CONNECT AIRLINES)",US,US,ARGO LP,US,US,40000.0,https://lda.senate.gov/api/v1/filings/34a8a7e3-545e-487c-bb24-1246712eff3d/?format=json
1643f9db-ee6a-4fa9-bd67-a37616eb1046,2025,second_quarter,"AVOQ, LLC",RIO TINTO SERVICES INC.,US,US,RIO TINTO PLC,GB,GB,40000.0,https://lda.senate.gov/api/v1/filings/1643f9db-ee6a-4fa9-bd67-a37616eb1046/?format=json
d4748686-731b-4c65-9d93-71d512546692,2024,first_quarter,"GALILEO CONSULTING GROUP, INC.","SONOSITE, A SUBSIDIARY OF FUJIFILM (FORMERLY SONOSITE, INC.)",,,FUJIFILM HOLDING CORPORATION,JP,JP,40000.0,https://lda.senate.gov/api/v1/filings/d4748686-731b-4c65-9d93-71d512546692/?format=json
681d88e3-02a8-4e14-b11d-fc1f5cca7062,2024,second_quarter,FGS GLOBAL (US) LLC (FKA FGH HOLDINGS LLC),WUXI BIOLOGICS USA LLC,CN,CN,"WUXI BIOLOGICS (SHANGHAI) CO., LTD",CN,CN,40000.0,https://lda.senate.gov/api/v1/filings/681d88e3-02a8-4e14-b11d-fc1f5cca7062/?format=json
5eb6a56d-f3c5-4662-a529-05095bae1fd4,2023,fourth_quarter,"K&L GATES, LLP",BYTEDANCE INC.,US,US,ZHANG YIMING (OWNS 100% OF BYTETEAM LTD.),SG,SG,40000.0,https://lda.senate.gov/api/v1/filings/5eb6a56d-f3c5-4662-a529-05095bae1fd4/?format=json
9f517b52-78df-41b2-85ca-3127487b7ea3,2023,first_quarter,"AVOQ, LLC","RIOT GAMES, INC.",US,US,TCH SCARLET LIMITED,IE,IE,40000.0,https://lda.senate.gov/api/v1/filings/9f517b52-78df-41b2-85ca-3127487b7ea3/?format=json
fd01820f-d9cc-4219-914e-80775629282a,2022,second_quarter,ARENTFOX SCHIFF LLP,"RAKUTEN SYMPHONY, INC.",US,US,"RAKUTEN GROUP, INC.",JP,JP,40000.0,https://lda.senate.gov/api/v1/filings/fd01820f-d9cc-4219-914e-80775629282a/?format=json
ce90c806-aa00-47a2-a210-d98fa0b26811,2022,first_quarter,"NEW LANTERN, LLC","MAGIC LEAP, INC.",US,US,PUBLIC INVESTMENT FUND OF THE KINGDOM OF SAUDI ARABIA,SA,SA,40000.0,https://lda.senate.gov/api/v1/filings/ce90c806-aa00-47a2-a210-d98fa0b26811/?format=json
5fc976b3-ed70-43e6-aded-47f473bce32a,2025,second_quarter,LOT SIXTEEN LLC,"SMART GREEN AVIATION GROUP, INC (DBA CONNECT AIRLINES)",US,US,ARGO LP,US,US,40000.0,https://lda.senate.gov/api/v1/filings/5fc976b3-ed70-43e6-aded-47f473bce32a/?format=json
bc10c58c-3d0b-40e2-862f-df02158d7273,2022,second_quarter,LUNGREN LOPINA LLC,AMPAC FINE CHEMICALS,US,US,SK HOLDINGS,KR,KR,40000.0,https://lda.senate.gov/api/v1/filings/bc10c58c-3d0b-40e2-862f-df02158d7273/?format=json
a9286f42-920e-45c0-bd06-737f3edb7685,2024,third_quarter,"NAVIGATORS GLOBAL LLC (FORMERLY DC NAVIGATORS, LLC)",JFD NORTH AMERICA LIMITED,US,US,JAMES FISHER AND SONS PLC,GB,GB,40000.0,https://lda.senate.gov/api/v1/filings/a9286f42-920e-45c0-bd06-737f3edb7685/?format=json
7eae05c1-b2c5-4836-86d5-43f9c6b16150,2022,second_quarter,ARENTFOX SCHIFF LLP,"RAKUTEN SYMPHONY, INC.",US,US,"RAKUTEN GROUP, INC.",JP,JP,40000.0,https://lda.senate.gov/api/v1/filings/7eae05c1-b2c5-4836-86d5-43f9c6b16150/?format=json
7eae05c1-b2c5-4836-86d5-43f9c6b16150,2022,second_quarter,ARENTFOX SCHIFF LLP,"RAKUTEN SYMPHONY, INC.",US,US,"RAKUTEN MOBILE, INC.",JP,JP,40000.0,https://lda.senate.gov/api/v1/filings/7eae05c1-b2c5-4836-86d5-43f9c6b16150/?format=json
5eb6a56d-f3c5-4662-a529-05095bae1fd4,2023,fourth_quarter,"K&L GATES, LLP",BYTEDANCE INC.,US,US,BYTETEAM LTD. (OWNS APPROXIMATELY 21% OF BYTEDANCE LTD.),VG,VG,40000.0,https://lda.senate.gov/api/v1/filings/5eb6a56d-f3c5-4662-a529-05095bae1fd4/?format=json
5eb6a56d-f3c5-4662-a529-05095bae1fd4,2023,fourth_quarter,"K&L GATES, LLP",BYTEDANCE INC.,US,US,TIKTOK LTD. (OWNS 100% OF TIKTOK LLC WHICH OWNS 100% OR TIKTOK INC.),KY,KY,40000.0,https://lda.senate.gov/api/v1/filings/5eb6a56d-f3c5-4662-a529-05095bae1fd4/?format=json
48967e39-32b0-4d45-9641-79432becc724,2023,fourth_quarter,AND PARTNERS LLC,TIKTOK INC.,US,US,ZHANG YIMING (OWNS 100% OF BYTETEAM LTD.),SG,SG,40000.0,https://lda.senate.gov/api/v1/filings/48967e39-32b0-4d45-9641-79432becc724/?format=json
48967e39-32b0-4d45-9641-79432becc724,2023,fourth_quarter,AND PARTNERS LLC,TIKTOK INC.,US,US,BYTEDANCE LTD. (OWNS 100% OF BYTEDANCE INC.; 100% OF TIKTOK LTD.),KY,KY,40000.0,https://lda.senate.gov/api/v1/filings/48967e39-32b0-4d45-9641-79432becc724/?format=json
6f3f9cdf-a53e-4312-b43e-8e5039cbd01e,2023,fourth_quarter,MILLER & CHEVALIER CHARTERED,"HYZON MOTORS, INC.",US,US,HORIZON FUEL CELL TECHNOLOGIES PTE. LTD.,SG,SG,40000.0,https://lda.senate.gov/api/v1/filings/6f3f9cdf-a53e-4312-b43e-8e5039cbd01e/?format=json
48967e39-32b0-4d45-9641-79432becc724,2023,fourth_quarter,AND PARTNERS LLC,TIKTOK INC.,US,US,TIKTOK LTD. (OWNS 100% OF TIKTOK LLC WHICH OWNS 100% OF TIKTOK INC.),KY,KY,40000.0,https://lda.senate.gov/api/v1/filings/48967e39-32b0-4d45-9641-79432becc724/?format=json
5d52c06b-1708-4ce3-8957-519e8cf02d11,2023,third_quarter,COVINGTON & BURLING LLP,SK HYNIX AMERICA INC.,US,US,"SK SQUARE CO., LTD. (PARTIAL OWNER OF SK HYNIX INC.)",KR,KR,40000.0,https://lda.senate.gov/api/v1/filings/5d52c06b-1708-4ce3-8957-519e8cf02d11/?format=json
61762f00-0803-4a73-9961-e65ffbddeb49,2023,fourth_quarter,LUNGREN LOPINA LLC,AMPAC FINE CHEMICALS,US,US,SK HOLDINGS,KR,KR,40000.0,https://lda.senate.gov/api/v1/filings/61762f00-0803-4a73-9961-e65ffbddeb49/?format=json
7f274caf-280b-460f-bf2c-2ef54fe80eae,2024,first_quarter,VENN STRATEGIES,"UCB, INC.",US,US,UCB S.A.,BE,BE,40000.0,https://lda.senate.gov/api/v1/filings/7f274caf-280b-460f-bf2c-2ef54fe80eae/?format=json
9ef63c45-aa98-400a-a491-d4dbc8d9a25f,2026,first_quarter,AXADVOCACY GOVERNMENT RELATIONS,MERCEDES-BENZ GROUP,US,US,MERCEDES-BENZ GROUP AG,DE,DE,40000.0,https://lda.senate.gov/api/v1/filings/9ef63c45-aa98-400a-a491-d4dbc8d9a25f/?format=json
681d88e3-02a8-4e14-b11d-fc1f5cca7062,2024,second_quarter,FGS GLOBAL (US) LLC (FKA FGH HOLDINGS LLC),WUXI BIOLOGICS USA LLC,CN,CN,WUXI BIOLOGICS (HONG KONG) LIMITED,HK,CN,40000.0,https://lda.senate.gov/api/v1/filings/681d88e3-02a8-4e14-b11d-fc1f5cca7062/?format=json
ce8d4a13-8084-4954-8520-542e4e2cf800,2023,third_quarter,LUNGREN LOPINA LLC,AMPAC FINE CHEMICALS,US,US,SK HOLDINGS,KR,KR,40000.0,https://lda.senate.gov/api/v1/filings/ce8d4a13-8084-4954-8520-542e4e2cf800/?format=json
67c15875-e6b9-4818-92be-4de13ea8e51c,2024,second_quarter,"THE LIVINGSTON GROUP, LLC",FAIRWINDS TECHNOLOGIES,US,US,INTELLIAN TECHNOLOGIES,KR,KR,40000.0,https://lda.senate.gov/api/v1/filings/67c15875-e6b9-4818-92be-4de13ea8e51c/?format=json
681d88e3-02a8-4e14-b11d-fc1f5cca7062,2024,second_quarter,FGS GLOBAL (US) LLC (FKA FGH HOLDINGS LLC),WUXI BIOLOGICS USA LLC,CN,CN,WUXI BIOLOGICS IRELAND LIMITED,IE,IE,40000.0,https://lda.senate.gov/api/v1/filings/681d88e3-02a8-4e14-b11d-fc1f5cca7062/?format=json
72eb39e4-dea4-4ca1-8831-67c080707027,2022,first_quarter,VENN STRATEGIES,"UCB, INC.",US,US,UCB S.A,BE,BE,40000.0,https://lda.senate.gov/api/v1/filings/72eb39e4-dea4-4ca1-8831-67c080707027/?format=json
7cba4ccc-1b9c-4c89-99c7-2c6e1152a936,2023,second_quarter,LUNGREN LOPINA LLC,AMPAC FINE CHEMICALS,US,US,SK HOLDINGS,KR,KR,40000.0,https://lda.senate.gov/api/v1/filings/7cba4ccc-1b9c-4c89-99c7-2c6e1152a936/?format=json
f69f5935-5f04-4d76-9479-ac68f02e4584,2023,first_quarter,LUNGREN LOPINA LLC,AMPAC FINE CHEMICALS,US,US,SK HOLDINGS,KR,KR,40000.0,https://lda.senate.gov/api/v1/filings/f69f5935-5f04-4d76-9479-ac68f02e4584/?format=json
dd283871-cdba-46dd-b5cb-233a77b0ca9b,2022,second_quarter,"NEW LANTERN, LLC","MAGIC LEAP, INC.",US,US,PUBLIC INVESTMENT FUND OF THE KINGDOM OF SAUDI ARABIA,SA,SA,40000.0,https://lda.senate.gov/api/v1/filings/dd283871-cdba-46dd-b5cb-233a77b0ca9b/?format=json
f458006b-0317-4cbf-bb02-2361dedbfcd8,2022,first_quarter,LUNGREN LOPINA LLC,AMPAC FINE CHEMICALS,US,US,SK HOLDINGS,KR,KR,40000.0,https://lda.senate.gov/api/v1/filings/f458006b-0317-4cbf-bb02-2361dedbfcd8/?format=json
fd01820f-d9cc-4219-914e-80775629282a,2022,second_quarter,ARENTFOX SCHIFF LLP,"RAKUTEN SYMPHONY, INC.",US,US,"RAKUTEN MOBILE, INC.",JP,JP,40000.0,https://lda.senate.gov/api/v1/filings/fd01820f-d9cc-4219-914e-80775629282a/?format=json
c81e9514-863a-4f4f-ab52-ee96701d1882,2022,third_quarter,VENN STRATEGIES,"UCB, INC.",US,US,UCB S.A.,BE,BE,40000.0,https://lda.senate.gov/api/v1/filings/c81e9514-863a-4f4f-ab52-ee96701d1882/?format=json
ea189c1d-4911-4e4a-8d1a-626c7ba61dec,2022,fourth_quarter,"MEHLMAN CONSULTING, INC.","TNC (US) HOLDINGS, INC. (FORMERLY NIELSEN)",US,US,NIELSEN HOLDINGS PLC,GB,GB,40000.0,https://lda.senate.gov/api/v1/filings/ea189c1d-4911-4e4a-8d1a-626c7ba61dec/?format=json
19c5bb7b-b56f-4126-9e11-0f2d14444cf5,2022,first_quarter,C2 STRATEGIES,AXNES AVIATION,NO,NO,AXNES AVIATION,NO,NO,40000.0,https://lda.senate.gov/api/v1/filings/19c5bb7b-b56f-4126-9e11-0f2d14444cf5/?format=json
8bc651ea-f9d1-4970-a294-43faea88ee3b,2022,first_quarter,"WILLIAMS AND JENSEN, PLLC",CARBON MANAGEMENT ALLIANCE (FORMERLY CALLED ENERGY ADVANCE CENTER),US,US,"MITSUBISHI HEAVY INDUSTRIES, LTD.",JP,JP,40000.0,https://lda.senate.gov/api/v1/filings/8bc651ea-f9d1-4970-a294-43faea88ee3b/?format=json
9f517b52-78df-41b2-85ca-3127487b7ea3,2023,first_quarter,"AVOQ, LLC","RIOT GAMES, INC.",US,US,OPEN WEALTH INVESTMENTS LIMITED (THROUGH INTEREST IN TCH SCARLET LIMITED),HK,HK,40000.0,https://lda.senate.gov/api/v1/filings/9f517b52-78df-41b2-85ca-3127487b7ea3/?format=json
96db87e4-6bca-47ca-a57e-21f2625747a4,2022,third_quarter,LUNGREN LOPINA LLC,AMPAC FINE CHEMICALS,US,US,SK HOLDINGS,KR,KR,40000.0,https://lda.senate.gov/api/v1/filings/96db87e4-6bca-47ca-a57e-21f2625747a4/?format=json
681d88e3-02a8-4e14-b11d-fc1f5cca7062,2024,second_quarter,FGS GLOBAL (US) LLC (FKA FGH HOLDINGS LLC),WUXI BIOLOGICS USA LLC,CN,CN,WUXI BIOLOGICS (CAYMAN) INC.,KY,CN,40000.0,https://lda.senate.gov/api/v1/filings/681d88e3-02a8-4e14-b11d-fc1f5cca7062/?format=json
4c6fdf1d-d38b-42d2-8cf0-7d66889c595b,2022,third_quarter,VENN STRATEGIES,LEXMARK INTERNATIONAL INC.,US,US,PAG ASIA CAPITAL LEXMARK HOLDING LIMITED,VG,VG,30000.0,https://lda.senate.gov/api/v1/filings/4c6fdf1d-d38b-42d2-8cf0-7d66889c595b/?format=json
103286d7-80a3-478e-bf01-090cf15e46ae,2022,second_quarter,"THEGROUP DC, LLC",FCA US LLC,US,US,FCA FOREIGN SALES HOLDCO LTD.,GB,GB,30000.0,https://lda.senate.gov/api/v1/filings/103286d7-80a3-478e-bf01-090cf15e46ae/?format=json
b3496066-2b76-47d9-afca-92be9ddb6187,2022,fourth_quarter,"THEGROUP DC, LLC",FCA US LLC,US,US,SFS UK 1 LIMITED,GB,GB,30000.0,https://lda.senate.gov/api/v1/filings/b3496066-2b76-47d9-afca-92be9ddb6187/?format=json
ed7244b6-1685-43c8-9f8d-0040c936f3a8,2023,fourth_quarter,VENN STRATEGIES,U.S. BATTERY MACHINE BUILDERS,US,US,DURR SYSTEMS INC,DE,DE,30000.0,https://lda.senate.gov/api/v1/filings/ed7244b6-1685-43c8-9f8d-0040c936f3a8/?format=json
2ef08fb8-3998-4816-8458-be9e4f759856,2023,second_quarter,"WILLIAMS AND JENSEN, PLLC",RAI SERVICES COMPANY,US,US,BRITISH AMERICAN TOBACCO P.L.C.,GB,GB,30000.0,https://lda.senate.gov/api/v1/filings/2ef08fb8-3998-4816-8458-be9e4f759856/?format=json
8e39c309-cee3-4a55-aba0-7200a42519da,2023,third_quarter,"THEGROUP DC, LLC",FCA US LLC,US,US,FCA FOREIGN SALES HOLDCO LTD.,GB,GB,30000.0,https://lda.senate.gov/api/v1/filings/8e39c309-cee3-4a55-aba0-7200a42519da/?format=json
c6f3a5c8-6887-4fae-bc28-fd4e49261cfa,2023,second_quarter,PASSAGE CONSULTING GROUP LLC,MBDA INCORPORATED,US,US,BAE SYSTEMS PLC,GB,GB,30000.0,https://lda.senate.gov/api/v1/filings/c6f3a5c8-6887-4fae-bc28-fd4e49261cfa/?format=json
8e39c309-cee3-4a55-aba0-7200a42519da,2023,third_quarter,"THEGROUP DC, LLC",FCA US LLC,US,US,SFS UK 1 LIMITED,GB,GB,30000.0,https://lda.senate.gov/api/v1/filings/8e39c309-cee3-4a55-aba0-7200a42519da/?format=json
69ade008-574b-476f-8395-4637f73065cb,2023,second_quarter,"THEGROUP DC, LLC",FCA US LLC,US,US,FCA FOREIGN SALES HOLDCO LTD.,GB,GB,30000.0,https://lda.senate.gov/api/v1/filings/69ade008-574b-476f-8395-4637f73065cb/?format=json
96cf58c5-dd4d-4a9b-856f-f3dcf1ef3469,2024,second_quarter,BRACEWELL LLP,GLOBAL LASER ENRICHMENT LLC,US,US,CAMECO CORPORATION,CA,CA,30000.0,https://lda.senate.gov/api/v1/filings/96cf58c5-dd4d-4a9b-856f-f3dcf1ef3469/?format=json
16618357-20f6-4259-b150-91acaf80e7e2,2023,fourth_quarter,AKIN GUMP STRAUSS HAUER & FELD,"COUPANG, INC.",US,US,SVF INVESTMENTS (UK) LTD.,GB,GB,30000.0,https://lda.senate.gov/api/v1/filings/16618357-20f6-4259-b150-91acaf80e7e2/?format=json
fe9591ec-7b26-44f8-adda-49cb5f45ea2c,2024,first_quarter,VENN STRATEGIES,NORTH AMERICAN GRAPHITE ALLIANCE (NAGA),US,US,NOUVEAU MONDE GRAPHITE,CA,CA,30000.0,https://lda.senate.gov/api/v1/filings/fe9591ec-7b26-44f8-adda-49cb5f45ea2c/?format=json
327d19f0-697b-488c-b354-6c9bf3d16d46,2022,second_quarter,VENN STRATEGIES,LEXMARK INTERNATIONAL INC.,US,US,PAG ASIA CAPITAL LEXMARK HOLDING LIMITED,VG,VG,30000.0,https://lda.senate.gov/api/v1/filings/327d19f0-697b-488c-b354-6c9bf3d16d46/?format=json
33c902bc-83da-4024-a702-bd19111027fc,2022,first_quarter,ATLAS CROSSING LLC,HALMAR,US,US,ASTM GROUP,IT,IT,30000.0,https://lda.senate.gov/api/v1/filings/33c902bc-83da-4024-a702-bd19111027fc/?format=json
b3496066-2b76-47d9-afca-92be9ddb6187,2022,fourth_quarter,"THEGROUP DC, LLC",FCA US LLC,US,US,FCA FOREIGN SALES HOLDCO LTD.,GB,GB,30000.0,https://lda.senate.gov/api/v1/filings/b3496066-2b76-47d9-afca-92be9ddb6187/?format=json
e81d8fa3-45b9-4c2d-9926-6294f30b323d,2023,first_quarter,VENN STRATEGIES,LEXMARK INTERNATIONAL INC.,US,US,NINESTAR CORPORATION,CN,CN,30000.0,https://lda.senate.gov/api/v1/filings/e81d8fa3-45b9-4c2d-9926-6294f30b323d/?format=json
1b93075f-b97c-42bf-8756-e1f699fee3e4,2022,third_quarter,"WILLIAMS AND JENSEN, PLLC",BUHLER QUALITY YARNS CORPORATION,US,US,"SAMIL SPINNING CO., LTS",KR,KR,30000.0,https://lda.senate.gov/api/v1/filings/1b93075f-b97c-42bf-8756-e1f699fee3e4/?format=json
327d19f0-697b-488c-b354-6c9bf3d16d46,2022,second_quarter,VENN STRATEGIES,LEXMARK INTERNATIONAL INC.,US,US,SHANGHAI SHUODA INVESTMENT CENTRE,CN,CN,30000.0,https://lda.senate.gov/api/v1/filings/327d19f0-697b-488c-b354-6c9bf3d16d46/?format=json
05d59154-4dcf-48ac-98d8-a23dbd38297a,2022,first_quarter,"THEGROUP DC, LLC",FCA US LLC,US,US,STELLANTIS N.V.,NL,NL,30000.0,https://lda.senate.gov/api/v1/filings/05d59154-4dcf-48ac-98d8-a23dbd38297a/?format=json
4c6fdf1d-d38b-42d2-8cf0-7d66889c595b,2022,third_quarter,VENN STRATEGIES,LEXMARK INTERNATIONAL INC.,US,US,SHANGHAI SHUODA INVESTMENT CENTRE,CN,CN,30000.0,https://lda.senate.gov/api/v1/filings/4c6fdf1d-d38b-42d2-8cf0-7d66889c595b/?format=json
33c902bc-83da-4024-a702-bd19111027fc,2022,first_quarter,ATLAS CROSSING LLC,HALMAR,US,US,ARDIAN,FR,FR,30000.0,https://lda.senate.gov/api/v1/filings/33c902bc-83da-4024-a702-bd19111027fc/?format=json
c6f3a5c8-6887-4fae-bc28-fd4e49261cfa,2023,second_quarter,PASSAGE CONSULTING GROUP LLC,MBDA INCORPORATED,US,US,AIRBUS SE,NL,NL,30000.0,https://lda.senate.gov/api/v1/filings/c6f3a5c8-6887-4fae-bc28-fd4e49261cfa/?format=json
0780d9c8-2d4f-4ff0-8b30-39b3cb87f2f5,2023,second_quarter,STRATEGIC MARKETING INNOVATIONS,"SYENSQO FINANCE (AMERICA), LLC (FKA SYENSQO)",US,US,SOLVAY S.A.,BE,BE,30000.0,https://lda.senate.gov/api/v1/filings/0780d9c8-2d4f-4ff0-8b30-39b3cb87f2f5/?format=json
7c8bea3f-515a-44ea-8ce0-726c6ac140ea,2022,second_quarter,STRATEGIC MARKETING INNOVATIONS,MEXICHEM FLUOR,US,US,"MEXICHEM FLUOR, S.A. DE C.V.",MX,MX,30000.0,https://lda.senate.gov/api/v1/filings/7c8bea3f-515a-44ea-8ce0-726c6ac140ea/?format=json
e81d8fa3-45b9-4c2d-9926-6294f30b323d,2023,first_quarter,VENN STRATEGIES,LEXMARK INTERNATIONAL INC.,US,US,SHANGHAI SHUODA INVESTMENT CENTRE,CN,CN,30000.0,https://lda.senate.gov/api/v1/filings/e81d8fa3-45b9-4c2d-9926-6294f30b323d/?format=json
7c8bea3f-515a-44ea-8ce0-726c6ac140ea,2022,second_quarter,STRATEGIC MARKETING INNOVATIONS,MEXICHEM FLUOR,US,US,"MEXICHEM DERIVADOS, S.A. DE C.V.",MX,MX,30000.0,https://lda.senate.gov/api/v1/filings/7c8bea3f-515a-44ea-8ce0-726c6ac140ea/?format=json
e7147af7-7b9d-425e-afdb-2cdfe4c2c3a9,2025,second_quarter,"AVOQ, LLC","CHRISTIE'S, INC.",US,US,CHRISTIES INTERNATIONAL PLC,GB,GB,30000.0,https://lda.senate.gov/api/v1/filings/e7147af7-7b9d-425e-afdb-2cdfe4c2c3a9/?format=json
c6f3a5c8-6887-4fae-bc28-fd4e49261cfa,2023,second_quarter,PASSAGE CONSULTING GROUP LLC,MBDA INCORPORATED,US,US,LEONARDO SPA,IT,IT,30000.0,https://lda.senate.gov/api/v1/filings/c6f3a5c8-6887-4fae-bc28-fd4e49261cfa/?format=json
e7147af7-7b9d-425e-afdb-2cdfe4c2c3a9,2025,second_quarter,"AVOQ, LLC","CHRISTIE'S, INC.",US,US,CHRISTIES OVERSEAS HOLDING LTD,GB,GB,30000.0,https://lda.senate.gov/api/v1/filings/e7147af7-7b9d-425e-afdb-2cdfe4c2c3a9/?format=json
dd9d13b0-f8c2-4fef-a410-fe593deca516,2024,fourth_quarter,"GALILEO CONSULTING GROUP, INC.","SONOSITE, A SUBSIDIARY OF FUJIFILM (FORMERLY SONOSITE, INC.)",,,FUJIFILM HOLDINGS CORPORATION,JP,JP,30000.0,https://lda.senate.gov/api/v1/filings/dd9d13b0-f8c2-4fef-a410-fe593deca516/?format=json
5bfd504b-4d7d-4b4c-8311-c934c6174a53,2024,first_quarter,CHARTWELL STRATEGY GROUP LLC,EMPOWER RETIREMENT LLC (FKA GREAT-WEST LIFE & ANNUITY INSURANCE COMPANY),US,US,POWER CORPORATION OF CANADA,CA,CA,30000.0,https://lda.senate.gov/api/v1/filings/5bfd504b-4d7d-4b4c-8311-c934c6174a53/?format=json
0cf679f8-164b-49ed-93ac-f401a29b57f4,2022,third_quarter,"THEGROUP DC, LLC",FCA US LLC,US,US,SFS UK 1 LIMITED,GB,GB,30000.0,https://lda.senate.gov/api/v1/filings/0cf679f8-164b-49ed-93ac-f401a29b57f4/?format=json
4f340d5e-1ae1-4c77-a281-1534209903e7,2023,first_quarter,"THEGROUP DC, LLC",FCA US LLC,US,US,FCA FOREIGN SALES HOLDCO LTD.,GB,GB,30000.0,https://lda.senate.gov/api/v1/filings/4f340d5e-1ae1-4c77-a281-1534209903e7/?format=json
103286d7-80a3-478e-bf01-090cf15e46ae,2022,second_quarter,"THEGROUP DC, LLC",FCA US LLC,US,US,SFS UK 1 LIMITED,GB,GB,30000.0,https://lda.senate.gov/api/v1/filings/103286d7-80a3-478e-bf01-090cf15e46ae/?format=json
0cf679f8-164b-49ed-93ac-f401a29b57f4,2022,third_quarter,"THEGROUP DC, LLC",FCA US LLC,US,US,FCA FOREIGN SALES HOLDCO LTD.,GB,GB,30000.0,https://lda.senate.gov/api/v1/filings/0cf679f8-164b-49ed-93ac-f401a29b57f4/?format=json
327d19f0-697b-488c-b354-6c9bf3d16d46,2022,second_quarter,VENN STRATEGIES,LEXMARK INTERNATIONAL INC.,US,US,NINESTAR CORPORATION,CN,CN,30000.0,https://lda.senate.gov/api/v1/filings/327d19f0-697b-488c-b354-6c9bf3d16d46/?format=json
103286d7-80a3-478e-bf01-090cf15e46ae,2022,second_quarter,"THEGROUP DC, LLC",FCA US LLC,US,US,STELLANTIS N.V.,NL,NL,30000.0,https://lda.senate.gov/api/v1/filings/103286d7-80a3-478e-bf01-090cf15e46ae/?format=json
4c6fdf1d-d38b-42d2-8cf0-7d66889c595b,2022,third_quarter,VENN STRATEGIES,LEXMARK INTERNATIONAL INC.,US,US,NINESTAR CORPORATION,CN,CN,30000.0,https://lda.senate.gov/api/v1/filings/4c6fdf1d-d38b-42d2-8cf0-7d66889c595b/?format=json
e81d8fa3-45b9-4c2d-9926-6294f30b323d,2023,first_quarter,VENN STRATEGIES,LEXMARK INTERNATIONAL INC.,US,US,PAG ASIA CAPITAL LEXMARK HOLDING LIMITED,VG,VG,30000.0,https://lda.senate.gov/api/v1/filings/e81d8fa3-45b9-4c2d-9926-6294f30b323d/?format=json
05d59154-4dcf-48ac-98d8-a23dbd38297a,2022,first_quarter,"THEGROUP DC, LLC",FCA US LLC,US,US,SFS UK 1 LIMITED,GB,GB,30000.0,https://lda.senate.gov/api/v1/filings/05d59154-4dcf-48ac-98d8-a23dbd38297a/?format=json
05d59154-4dcf-48ac-98d8-a23dbd38297a,2022,first_quarter,"THEGROUP DC, LLC",FCA US LLC,US,US,FCA FOREIGN SALES HOLDCO LTD.,GB,GB,30000.0,https://lda.senate.gov/api/v1/filings/05d59154-4dcf-48ac-98d8-a23dbd38297a/?format=json
7c8bea3f-515a-44ea-8ce0-726c6ac140ea,2022,second_quarter,STRATEGIC MARKETING INNOVATIONS,MEXICHEM FLUOR,US,US,"MEXICHEM RESINAS VINILICAS, S.A. DE C.V.",MX,MX,30000.0,https://lda.senate.gov/api/v1/filings/7c8bea3f-515a-44ea-8ce0-726c6ac140ea/?format=json
b3496066-2b76-47d9-afca-92be9ddb6187,2022,fourth_quarter,"THEGROUP DC, LLC",FCA US LLC,US,US,STELLANTIS N.V.,NL,NL,30000.0,https://lda.senate.gov/api/v1/filings/b3496066-2b76-47d9-afca-92be9ddb6187/?format=json
8b9b6b58-0ed3-402b-9034-5194c27e4079,2023,first_quarter,ETKA CONSULTING,"NATIONAL ORGANIC COALITION, INC FKA ""RURAL ADVANCEMENT FOUNDATION INTERN...""",US,US,"NATURE'S PATH FOODS, INC",CA,CA,30000.0,https://lda.senate.gov/api/v1/filings/8b9b6b58-0ed3-402b-9034-5194c27e4079/?format=json
f1900287-4bf9-4e76-a9cc-767ea00e7bb8,2022,first_quarter,MCLARTY INBOUND LLC,IMPRESA PIZZAROTTI & C.S.P.A.,IT,IT,MIPIEN S.P.A,IT,IT,30000.0,https://lda.senate.gov/api/v1/filings/f1900287-4bf9-4e76-a9cc-767ea00e7bb8/?format=json
aad23a83-0174-4510-8221-3b2e940c2804,2022,first_quarter,STRATEGIC MARKETING INNOVATIONS,"LITHION BATTERY, INC.",US,US,LITHION BATTERY HOLDINGS LIMITED PARTNERSHIP,CA,CA,30000.0,https://lda.senate.gov/api/v1/filings/aad23a83-0174-4510-8221-3b2e940c2804/?format=json
ed7244b6-1685-43c8-9f8d-0040c936f3a8,2023,fourth_quarter,VENN STRATEGIES,U.S. BATTERY MACHINE BUILDERS,US,US,SIEMENS AG,DE,DE,30000.0,https://lda.senate.gov/api/v1/filings/ed7244b6-1685-43c8-9f8d-0040c936f3a8/?format=json
fe9591ec-7b26-44f8-adda-49cb5f45ea2c,2024,first_quarter,VENN STRATEGIES,NORTH AMERICAN GRAPHITE ALLIANCE (NAGA),US,US,NORTHERN GRAPHITE,CA,CA,30000.0,https://lda.senate.gov/api/v1/filings/fe9591ec-7b26-44f8-adda-49cb5f45ea2c/?format=json
4f340d5e-1ae1-4c77-a281-1534209903e7,2023,first_quarter,"THEGROUP DC, LLC",FCA US LLC,US,US,STELLANTIS N.V.,NL,NL,30000.0,https://lda.senate.gov/api/v1/filings/4f340d5e-1ae1-4c77-a281-1534209903e7/?format=json
4f340d5e-1ae1-4c77-a281-1534209903e7,2023,first_quarter,"THEGROUP DC, LLC",FCA US LLC,US,US,SFS UK 1 LIMITED,GB,GB,30000.0,https://lda.senate.gov/api/v1/filings/4f340d5e-1ae1-4c77-a281-1534209903e7/?format=json
f7260807-eb6c-44b6-a857-d1160b2dcaae,2022,first_quarter,C2 STRATEGIES,EUTELSAT S.A.,US,US,EUTELSAT SA,FR,FR,30000.0,https://lda.senate.gov/api/v1/filings/f7260807-eb6c-44b6-a857-d1160b2dcaae/?format=json
33c902bc-83da-4024-a702-bd19111027fc,2022,first_quarter,ATLAS CROSSING LLC,HALMAR,US,US,GAVIO,IT,IT,30000.0,https://lda.senate.gov/api/v1/filings/33c902bc-83da-4024-a702-bd19111027fc/?format=json
98bd03b2-48e0-48ad-9595-a36143a9a63b,2022,third_quarter,"CORNERSTONE GOVERNMENT AFFAIRS, INC.","AVANGRID MANAGEMENT COMPANY, LLC",US,US,"IBERDROLA, SA",ES,ES,30000.0,https://lda.senate.gov/api/v1/filings/98bd03b2-48e0-48ad-9595-a36143a9a63b/?format=json
69ade008-574b-476f-8395-4637f73065cb,2023,second_quarter,"THEGROUP DC, LLC",FCA US LLC,US,US,STELLANTIS N.V.,NL,NL,30000.0,https://lda.senate.gov/api/v1/filings/69ade008-574b-476f-8395-4637f73065cb/?format=json
69ade008-574b-476f-8395-4637f73065cb,2023,second_quarter,"THEGROUP DC, LLC",FCA US LLC,US,US,SFS UK 1 LIMITED,GB,GB,30000.0,https://lda.senate.gov/api/v1/filings/69ade008-574b-476f-8395-4637f73065cb/?format=json
fdf73d64-dee3-49b8-b837-236f84cb454e,2024,third_quarter,BRACEWELL LLP,REPSOL SERVICES COMPANY,US,US,REPSOL S.A.,ES,ES,30000.0,https://lda.senate.gov/api/v1/filings/fdf73d64-dee3-49b8-b837-236f84cb454e/?format=json
8e39c309-cee3-4a55-aba0-7200a42519da,2023,third_quarter,"THEGROUP DC, LLC",FCA US LLC,US,US,STELLANTIS N. V.,NL,NL,30000.0,https://lda.senate.gov/api/v1/filings/8e39c309-cee3-4a55-aba0-7200a42519da/?format=json
96cf58c5-dd4d-4a9b-856f-f3dcf1ef3469,2024,second_quarter,BRACEWELL LLP,GLOBAL LASER ENRICHMENT LLC,US,US,SILEX,AU,AU,30000.0,https://lda.senate.gov/api/v1/filings/96cf58c5-dd4d-4a9b-856f-f3dcf1ef3469/?format=json
d149785f-7bd4-4dc2-85d5-ca664e25baad,2024,first_quarter,LAW OFFICES OF KEVIN G. CURTIN,"LG ELECTRONICS USA, INC.",US,US,LG ELECTRONICS,KR,KR,30000.0,https://lda.senate.gov/api/v1/filings/d149785f-7bd4-4dc2-85d5-ca664e25baad/?format=json
0cf679f8-164b-49ed-93ac-f401a29b57f4,2022,third_quarter,"THEGROUP DC, LLC",FCA US LLC,US,US,STELLANTIS N.V.,NL,NL,30000.0,https://lda.senate.gov/api/v1/filings/0cf679f8-164b-49ed-93ac-f401a29b57f4/?format=json
fdf73d64-dee3-49b8-b837-236f84cb454e,2024,third_quarter,BRACEWELL LLP,REPSOL SERVICES COMPANY,US,US,EIG,US,US,30000.0,https://lda.senate.gov/api/v1/filings/fdf73d64-dee3-49b8-b837-236f84cb454e/?format=json
85c58173-0058-44be-861d-fa7c814563d6,2022,fourth_quarter,SULLIVAN STRATEGIES LLC (FKA SB CAPITOL SOLUTIONS),CINTRA US,US,US,CINTRA INFRASTRUCTURE SE,NL,NL,21000.0,https://lda.senate.gov/api/v1/filings/85c58173-0058-44be-861d-fa7c814563d6/?format=json
193e78eb-222c-45f7-848a-150013949ed5,2024,first_quarter,SULLIVAN STRATEGIES LLC (FKA SB CAPITOL SOLUTIONS),CINTRA US,US,US,CINTRA INFRASTRUCTURES SE,NL,NL,21000.0,https://lda.senate.gov/api/v1/filings/193e78eb-222c-45f7-848a-150013949ed5/?format=json
34cfd577-f71c-4a23-a40c-0989f28c5deb,2022,second_quarter,SULLIVAN STRATEGIES LLC (FKA SB CAPITOL SOLUTIONS),CINTRA US,US,US,FERROVIAL HOLDING US CORP,US,US,21000.0,https://lda.senate.gov/api/v1/filings/34cfd577-f71c-4a23-a40c-0989f28c5deb/?format=json
eba81398-c664-461b-a464-2b8f03239c05,2024,second_quarter,SULLIVAN STRATEGIES LLC (FKA SB CAPITOL SOLUTIONS),CINTRA US,US,US,FERROVIAL HOLDLING CORP,US,US,21000.0,https://lda.senate.gov/api/v1/filings/eba81398-c664-461b-a464-2b8f03239c05/?format=json
34cfd577-f71c-4a23-a40c-0989f28c5deb,2022,second_quarter,SULLIVAN STRATEGIES LLC (FKA SB CAPITOL SOLUTIONS),CINTRA US,US,US,CINTRA INFRASTRUCTURES SE,NL,NL,21000.0,https://lda.senate.gov/api/v1/filings/34cfd577-f71c-4a23-a40c-0989f28c5deb/?format=json
85c58173-0058-44be-861d-fa7c814563d6,2022,fourth_quarter,SULLIVAN STRATEGIES LLC (FKA SB CAPITOL SOLUTIONS),CINTRA US,US,US,FERROVIAL HOLDING US CORP,US,US,21000.0,https://lda.senate.gov/api/v1/filings/85c58173-0058-44be-861d-fa7c814563d6/?format=json
193e78eb-222c-45f7-848a-150013949ed5,2024,first_quarter,SULLIVAN STRATEGIES LLC (FKA SB CAPITOL SOLUTIONS),CINTRA US,US,US,FERROVIAL HOLDING US CORP,US,US,21000.0,https://lda.senate.gov/api/v1/filings/193e78eb-222c-45f7-848a-150013949ed5/?format=json
eba81398-c664-461b-a464-2b8f03239c05,2024,second_quarter,SULLIVAN STRATEGIES LLC (FKA SB CAPITOL SOLUTIONS),CINTRA US,US,US,CINTRA INFRASTRUCTURE,NL,NL,21000.0,https://lda.senate.gov/api/v1/filings/eba81398-c664-461b-a464-2b8f03239c05/?format=json
858c9829-fbab-4ddc-a1b8-4eda613e0ee2,2024,fourth_quarter,SULLIVAN STRATEGIES LLC (FKA SB CAPITOL SOLUTIONS),CINTRA US,US,US,CINTRA INFRASTRUCTURE,NL,NL,21000.0,https://lda.senate.gov/api/v1/filings/858c9829-fbab-4ddc-a1b8-4eda613e0ee2/?format=json
858c9829-fbab-4ddc-a1b8-4eda613e0ee2,2024,fourth_quarter,SULLIVAN STRATEGIES LLC (FKA SB CAPITOL SOLUTIONS),CINTRA US,US,US,FERROVIAL HOLDING CORP,US,US,21000.0,https://lda.senate.gov/api/v1/filings/858c9829-fbab-4ddc-a1b8-4eda613e0ee2/?format=json
33ca8fd6-c8ff-4cdd-8dd1-f63574e5140e,2022,second_quarter,"WILLIAMS AND JENSEN, PLLC",CARBON MANAGEMENT ALLIANCE (FORMERLY CALLED ENERGY ADVANCE CENTER),US,US,"MITSUBISHI HEAVY INDUSTRIES, LTD.",JP,JP,20000.0,https://lda.senate.gov/api/v1/filings/33ca8fd6-c8ff-4cdd-8dd1-f63574e5140e/?format=json
9d6e8f5f-fd4a-4d3f-a417-065b83fc8bd4,2023,second_quarter,"WILLIAMS AND JENSEN, PLLC",TRANE TECHNOLOGIES COMPANY LLC,US,US,TRANE TECHNOLOGIES PLC,IE,IE,20000.0,https://lda.senate.gov/api/v1/filings/9d6e8f5f-fd4a-4d3f-a417-065b83fc8bd4/?format=json
2092475f-85fa-4622-b412-a72771ba8b92,2022,first_quarter,"WILLIAMS AND JENSEN, PLLC",RAI SERVICES COMPANY,US,US,BRITISH AMERICAN TOBACCO P.L.C.,GB,GB,20000.0,https://lda.senate.gov/api/v1/filings/2092475f-85fa-4622-b412-a72771ba8b92/?format=json
b16884f2-77fe-4ed5-b142-aafe337abcb0,2022,third_quarter,"WILLIAMS AND JENSEN, PLLC",CARBON MANAGEMENT ALLIANCE (FORMERLY CALLED ENERGY ADVANCE CENTER),US,US,"MITSUBISHI HEAVY INDUSTRIES, LTD.",JP,JP,20000.0,https://lda.senate.gov/api/v1/filings/b16884f2-77fe-4ed5-b142-aafe337abcb0/?format=json
26f24e2d-b179-4d25-9a5f-08706146b39a,2024,first_quarter,"CLINE STRATEGIC CONSULTING, LLC",RIDE GROUP LLC,US,US,BYD COMPANY LTD.,CN,CN,20000.0,https://lda.senate.gov/api/v1/filings/26f24e2d-b179-4d25-9a5f-08706146b39a/?format=json
b4984e7a-5b7b-4b70-b28c-e5646fbeb72f,2022,fourth_quarter,"WILLIAMS AND JENSEN, PLLC",RAI SERVICES COMPANY,US,US,BRITISH AMERICAN TOBACCO P.L.C.,GB,GB,20000.0,https://lda.senate.gov/api/v1/filings/b4984e7a-5b7b-4b70-b28c-e5646fbeb72f/?format=json
cf414721-39cc-499a-9ce1-5b716fcb5b9f,2024,second_quarter,S-3 GROUP,SNCF AMERICA INC,US,US,SOCIETE NATIONALE SNCF SA,FR,FR,20000.0,https://lda.senate.gov/api/v1/filings/cf414721-39cc-499a-9ce1-5b716fcb5b9f/?format=json
4de92f2d-eb4d-4c9f-b887-a1ab32eb0666,2023,third_quarter,"WILLIAMS AND JENSEN, PLLC",RAI SERVICES COMPANY,US,US,BRITISH AMERICAN TOBACCO P.L.C.,GB,GB,20000.0,https://lda.senate.gov/api/v1/filings/4de92f2d-eb4d-4c9f-b887-a1ab32eb0666/?format=json
26f24e2d-b179-4d25-9a5f-08706146b39a,2024,first_quarter,"CLINE STRATEGIC CONSULTING, LLC",RIDE GROUP LLC,US,US,BYD AUTO INDUSTRY CO. LTD.,CN,CN,20000.0,https://lda.senate.gov/api/v1/filings/26f24e2d-b179-4d25-9a5f-08706146b39a/?format=json
aec3ecf5-6861-451f-8e3a-2390e0ded603,2023,second_quarter,PASSAGE CONSULTING GROUP LLC,ABET USA INC - FIBERESIN INDUSTRIES,US,US,ABET S.P.A.,IT,IT,20000.0,https://lda.senate.gov/api/v1/filings/aec3ecf5-6861-451f-8e3a-2390e0ded603/?format=json
2e6165f7-eca3-40c5-8eb2-875c514e7f4d,2022,first_quarter,VENN STRATEGIES,LEXMARK INTERNATIONAL INC.,US,US,NINESTAR CORPORTATION,CN,CN,20000.0,https://lda.senate.gov/api/v1/filings/2e6165f7-eca3-40c5-8eb2-875c514e7f4d/?format=json
6bc328aa-adfa-41ea-9144-90794696bd3f,2024,first_quarter,DAVIS & HARMAN LLP,EMPOWER RETIREMENT LLC,US,US,POWER CORPORATION OF CANADA,CA,CA,20000.0,https://lda.senate.gov/api/v1/filings/6bc328aa-adfa-41ea-9144-90794696bd3f/?format=json
d9817e61-c8b2-4f1e-a36b-142ef6f54371,2024,second_quarter,GROUNDSWELL STRATEGY LLC,"NS BRANDS, LTD.",US,US,PUBLIC SECTOR PENSION INVESTMENT BOARD,CA,CA,20000.0,https://lda.senate.gov/api/v1/filings/d9817e61-c8b2-4f1e-a36b-142ef6f54371/?format=json
c2184778-ca73-4d16-b3f3-02cf5037d093,2025,fourth_quarter,"WILLIAMS AND JENSEN, PLLC",BUHLER QUALITY YARNS CORPORATION,US,US,"SAMIL SPINNING CO., LTD.",KR,KR,20000.0,https://lda.senate.gov/api/v1/filings/c2184778-ca73-4d16-b3f3-02cf5037d093/?format=json
29fa9a43-4070-4b86-8413-1544732aff74,2022,third_quarter,"BROWNSTEIN HYATT FARBER SCHRECK, LLP",N-DRIP INC.,US,US,NDRIP LTD,IL,IL,20000.0,https://lda.senate.gov/api/v1/filings/29fa9a43-4070-4b86-8413-1544732aff74/?format=json
a693243c-f7e8-4a7f-944f-667be70a66c3,2022,fourth_quarter,VENN STRATEGIES,LEXMARK INTERNATIONAL INC.,US,US,PAG ASIA CAPITAL LEXMARK HOLDING LIMITED,VG,VG,20000.0,https://lda.senate.gov/api/v1/filings/a693243c-f7e8-4a7f-944f-667be70a66c3/?format=json
a693243c-f7e8-4a7f-944f-667be70a66c3,2022,fourth_quarter,VENN STRATEGIES,LEXMARK INTERNATIONAL INC.,US,US,SHANGHAI SHUODA INVESTMENT CENTRE,CN,CN,20000.0,https://lda.senate.gov/api/v1/filings/a693243c-f7e8-4a7f-944f-667be70a66c3/?format=json
2e6165f7-eca3-40c5-8eb2-875c514e7f4d,2022,first_quarter,VENN STRATEGIES,LEXMARK INTERNATIONAL INC.,US,US,PAG ASIA CAPITAL LEXMARK HOLDING LIMITED,VG,VG,20000.0,https://lda.senate.gov/api/v1/filings/2e6165f7-eca3-40c5-8eb2-875c514e7f4d/?format=json
0d57b12b-5463-49d3-8dfc-1f0aa5795bb3,2022,fourth_quarter,VENN STRATEGIES,"UCB, INC.",US,US,UCB S.A.,BE,BE,20000.0,https://lda.senate.gov/api/v1/filings/0d57b12b-5463-49d3-8dfc-1f0aa5795bb3/?format=json
022305c5-256a-41b3-8aa8-c10d909a2e61,2025,second_quarter,KING & SPALDING LLP,"PRYSMIAN CABLES AND SYSTEMS USA, LLC",US,US,PRYSMIAN SPA,IT,IT,20000.0,https://lda.senate.gov/api/v1/filings/022305c5-256a-41b3-8aa8-c10d909a2e61/?format=json
b0d4ccf2-bd86-42eb-90c5-bafdbee70ec9,2024,fourth_quarter,"GOVERNMENT COUNSEL, LLC",APOTEX CORPORATION,US,US,APOTEX INC.,CA,CA,20000.0,https://lda.senate.gov/api/v1/filings/b0d4ccf2-bd86-42eb-90c5-bafdbee70ec9/?format=json
7ea4e4f3-acdd-4a2c-8a93-2e47022bf99b,2024,third_quarter,"WILLIAMS AND JENSEN, PLLC",RAI SERVICES COMPANY,US,US,BRITISH AMERICAN TOBACCO P.L.C.,GB,GB,20000.0,https://lda.senate.gov/api/v1/filings/7ea4e4f3-acdd-4a2c-8a93-2e47022bf99b/?format=json
b02aa981-2e26-44fe-99d4-02714cd09669,2022,third_quarter,"WILLIAMS AND JENSEN, PLLC",RAI SERVICES COMPANY,US,US,BRITISH AMERICAN TOBACCO P.L.C.,GB,GB,20000.0,https://lda.senate.gov/api/v1/filings/b02aa981-2e26-44fe-99d4-02714cd09669/?format=json
55953296-3618-405b-8109-402143df53af,2025,third_quarter,MAYER BROWN LLP,UNITED STATES STEEL CORPORATION,US,US,NIPPON STEEL CORPORATION,JP,JP,20000.0,https://lda.senate.gov/api/v1/filings/55953296-3618-405b-8109-402143df53af/?format=json
2e6165f7-eca3-40c5-8eb2-875c514e7f4d,2022,first_quarter,VENN STRATEGIES,LEXMARK INTERNATIONAL INC.,US,US,SHANGHAI SHUODA INVESTMENT CENTRE,CN,CN,20000.0,https://lda.senate.gov/api/v1/filings/2e6165f7-eca3-40c5-8eb2-875c514e7f4d/?format=json
952f8f0f-2e20-4749-85c2-21ba1be8d1d3,2022,first_quarter,A1.9 STRATEGIES LLC,"C2 STRATEGIES (FORMERLY O'BRIEN, GENTRY, & SCOTT) OBO AXNES A/S",US,US,AXNES AVIATION,NO,NO,20000.0,https://lda.senate.gov/api/v1/filings/952f8f0f-2e20-4749-85c2-21ba1be8d1d3/?format=json
9aeae962-0b9a-4848-af5a-4ad77c7e3445,2022,third_quarter,"BROWNSTEIN HYATT FARBER SCHRECK, LLP","AUTERION GOVERNMENT SOLUTIONS, INC.",US,US,AUTERION AG,CH,CH,20000.0,https://lda.senate.gov/api/v1/filings/9aeae962-0b9a-4848-af5a-4ad77c7e3445/?format=json
4c4d234e-1778-42fe-8b80-986fc0404ac0,2025,second_quarter,KING & SPALDING LLP,"PRYSMIAN CABLES AND SYSTEMS USA, LLC",US,US,PRYSMIAN SPA,IT,IT,20000.0,https://lda.senate.gov/api/v1/filings/4c4d234e-1778-42fe-8b80-986fc0404ac0/?format=json
df5ea4bc-a9a4-4b9a-b53f-ef35495d74ca,2024,second_quarter,BLANK ROME GOVERNMENT RELATIONS,BLANK ROME LLP (ON BEHALF OF GRACE OCEAN PRIVATE LIMITED),US,US,GRACE OCEAN INVESTMENT,SG,SG,20000.0,https://lda.senate.gov/api/v1/filings/df5ea4bc-a9a4-4b9a-b53f-ef35495d74ca/?format=json
a0d87146-33cd-41af-a538-5dfca5aa5b0d,2025,first_quarter,"GOVERNMENT COUNSEL, LLC",APOTEX CORPORATION,US,US,APOTEX INC.,CA,CA,20000.0,https://lda.senate.gov/api/v1/filings/a0d87146-33cd-41af-a538-5dfca5aa5b0d/?format=json
d78b04aa-501e-4950-99f5-04c70039586b,2023,first_quarter,"WILLIAMS AND JENSEN, PLLC",RAI SERVICES COMPANY,US,US,BRITISH AMERICAN TOBACCO P.L.C.,GB,GB,20000.0,https://lda.senate.gov/api/v1/filings/d78b04aa-501e-4950-99f5-04c70039586b/?format=json
a693243c-f7e8-4a7f-944f-667be70a66c3,2022,fourth_quarter,VENN STRATEGIES,LEXMARK INTERNATIONAL INC.,US,US,NINESTAR CORPORATION,CN,CN,20000.0,https://lda.senate.gov/api/v1/filings/a693243c-f7e8-4a7f-944f-667be70a66c3/?format=json
d30aa281-3f6d-4d0d-82da-08c63fda672c,2022,second_quarter,"WILLIAMS AND JENSEN, PLLC",RAI SERVICES COMPANY,US,US,BRITISH AMERICAN TOBACCO P.L.C.,GB,GB,20000.0,https://lda.senate.gov/api/v1/filings/d30aa281-3f6d-4d0d-82da-08c63fda672c/?format=json
bdb4f848-dafc-481b-99ae-13e72e82e725,2023,fourth_quarter,"RK STRATEGIES, INC.",RECCE PHARMACEUTICALS LTD,US,US,RECCE PHARMACEUTICALS INC,AU,US,20000.0,https://lda.senate.gov/api/v1/filings/bdb4f848-dafc-481b-99ae-13e72e82e725/?format=json
bed7897f-fc35-4ada-afb9-f848b777ecfe,2024,second_quarter,MILLER & CHEVALIER CHARTERED,"HYZON MOTORS, INC.",US,US,HORIZON FUEL CELL TECHNOLOGIES PTE. LTD.,SG,SG,20000.0,https://lda.senate.gov/api/v1/filings/bed7897f-fc35-4ada-afb9-f848b777ecfe/?format=json
131eca18-0d51-4b0b-aa73-0e481d175b94,2023,fourth_quarter,"LEAVITT PARTNERS, LLC",340B WORKING TABLE,US,US,NOVO NORDISK INC.,DK,DK,20000.0,https://lda.senate.gov/api/v1/filings/131eca18-0d51-4b0b-aa73-0e481d175b94/?format=json
26f24e2d-b179-4d25-9a5f-08706146b39a,2024,first_quarter,"CLINE STRATEGIC CONSULTING, LLC",RIDE GROUP LLC,US,US,"BYD (H.K.) CO., LIMITED",HK,HK,20000.0,https://lda.senate.gov/api/v1/filings/26f24e2d-b179-4d25-9a5f-08706146b39a/?format=json
430c0897-9a41-4882-a1ce-cca69af5be3c,2023,fourth_quarter,"WILLIAMS AND JENSEN, PLLC",RAI SERVICES COMPANY,US,US,BRITISH AMERICAN TOBACCO P.L.C.,GB,GB,20000.0,https://lda.senate.gov/api/v1/filings/430c0897-9a41-4882-a1ce-cca69af5be3c/?format=json
90413782-1761-4ee3-a47a-032f3bccc32e,2024,second_quarter,"WILLIAMS AND JENSEN, PLLC",RAI SERVICES COMPANY,US,US,BRITISH AMERICAN TOBACCO P.L.C.,GB,GB,20000.0,https://lda.senate.gov/api/v1/filings/90413782-1761-4ee3-a47a-032f3bccc32e/?format=json
40b0cf03-8abf-4483-8b92-3f2358612117,2024,first_quarter,"WILLIAMS AND JENSEN, PLLC",RAI SERVICES COMPANY,US,US,BRITISH AMERICAN TOBACCO P.L.C.,GB,GB,20000.0,https://lda.senate.gov/api/v1/filings/40b0cf03-8abf-4483-8b92-3f2358612117/?format=json
a89a9da6-9818-4e35-9697-da617289b899,2022,third_quarter,"BROWNSTEIN HYATT FARBER SCHRECK, LLP",N-DRIP INC.,US,US,NDRIP LTD,IL,IL,20000.0,https://lda.senate.gov/api/v1/filings/a89a9da6-9818-4e35-9697-da617289b899/?format=json
30c9a93a-2a0e-4187-9e09-cf1e7cafcb53,2023,third_quarter,MARK REY,"SOUTH 32 HERMOSA, INC",US,US,"SOUTH 32, LLC",AU,AU,18000.0,https://lda.senate.gov/api/v1/filings/30c9a93a-2a0e-4187-9e09-cf1e7cafcb53/?format=json
c0d8f26b-d3dd-45a6-8aff-8286e78f3cb3,2024,third_quarter,OXFORD STRATEGIES LLC-MD,"BL PARTNERS GROUP, LLC ON BEHALF OF HANWHA QCELLS AMERICA INC (FKA HANAWA)",US,US,HANWHA SOLUTIONS,KR,KR,15000.0,https://lda.senate.gov/api/v1/filings/c0d8f26b-d3dd-45a6-8aff-8286e78f3cb3/?format=json
77ff84af-2808-4774-8938-78d784eb956c,2024,first_quarter,"EMANUEL & ASSOCIATES, INC. (FKA ADAM EMANUEL)",ISRAEL AEROSPACE INDUSTRIES N.A.,US,US,ISRAEL AIRCRAFT INDUSTRIES,IL,IL,15000.0,https://lda.senate.gov/api/v1/filings/77ff84af-2808-4774-8938-78d784eb956c/?format=json
90b03ad6-11d9-4fc1-8078-4ff7f5de7acc,2025,first_quarter,OXFORD STRATEGIES LLC-MD,"BL PARTNERS GROUP, LLC ON BEHALF OF HANWHA QCELLS AMERICA INC (FKA HANAWA)",US,US,HANWHA SOLUTIONS,KR,KR,15000.0,https://lda.senate.gov/api/v1/filings/90b03ad6-11d9-4fc1-8078-4ff7f5de7acc/?format=json
eab5aa37-c74a-49bb-9e9b-f20c289ebcaf,2022,first_quarter,GRASSROOTS POLITICAL CONSULTING LLC,REVIVE THERAPEUTICS INC.,CA,CA,REVIVE THERAPEUTICS,CA,CA,15000.0,https://lda.senate.gov/api/v1/filings/eab5aa37-c74a-49bb-9e9b-f20c289ebcaf/?format=json
f563e07e-95e1-4a82-9e8c-0d047ef4bb6c,2024,fourth_quarter,OXFORD STRATEGIES LLC-MD,"BL PARTNERS GROUP, LLC ON BEHALF OF HANWHA QCELLS AMERICA INC (FKA HANAWA)",US,US,HANWHA SOLUTIONS,KR,KR,15000.0,https://lda.senate.gov/api/v1/filings/f563e07e-95e1-4a82-9e8c-0d047ef4bb6c/?format=json
4cd1d088-6cff-460d-a874-9fd58edef606,2025,fourth_quarter,THROUGHLINE GLOBAL ADVISORS,VEON,AE,AE,VEON,AE,AE,10800.0,https://lda.senate.gov/api/v1/filings/4cd1d088-6cff-460d-a874-9fd58edef606/?format=json
73e0914e-da42-44bf-8b33-e8e5de3dc56f,2024,first_quarter,"GREENBERG TRAURIG, LLP",DEACERO S.A.P.I. DE C.V.,MX,MX,GRUPO DEACERO S.A.P.I. DE C.V.,MX,MX,10000.0,https://lda.senate.gov/api/v1/filings/73e0914e-da42-44bf-8b33-e8e5de3dc56f/?format=json
031c48c8-39bd-4a3b-a686-1ae2e732d96d,2025,fourth_quarter,GROISMAN LLC,"M PET GROUP, CORP",US,US,"VITAPET COMERCIAL, INDUSTRIAL E EXPORTADORA LTDA",BR,BR,10000.0,https://lda.senate.gov/api/v1/filings/031c48c8-39bd-4a3b-a686-1ae2e732d96d/?format=json
a23d1a3c-41a0-4cbb-b031-34f57e1ad1ec,2024,second_quarter,"NAVIGATORS GLOBAL LLC (FORMERLY DC NAVIGATORS, LLC)",JFD NORTH AMERICA LIMITED,US,US,JAMES FISHER AND SONS PLC,GB,GB,10000.0,https://lda.senate.gov/api/v1/filings/a23d1a3c-41a0-4cbb-b031-34f57e1ad1ec/?format=json
57d871db-8005-4251-baf0-d56646a4a37c,2023,first_quarter,"CAPITOL TAX PARTNERS, LLP",COPENHAGEN INFRASTRUCTURE PARTNERS INC.,US,US,COPENHAGEN INFRASTRUCTURE PARTNERS P/S,DK,DK,10000.0,https://lda.senate.gov/api/v1/filings/57d871db-8005-4251-baf0-d56646a4a37c/?format=json
5adfcd3a-f3dc-448c-aa81-cb723c44758c,2024,third_quarter,APCO WORLDWIDE LLC,"DP WORLD AMERICAS RO, INC.",AE,AE,PORT & FREE ZONE WORLD FZE,AE,AE,10000.0,https://lda.senate.gov/api/v1/filings/5adfcd3a-f3dc-448c-aa81-cb723c44758c/?format=json
aebd917c-e173-4477-b858-223e4500e8ec,2023,third_quarter,"CORNERSTONE GOVERNMENT AFFAIRS, INC.","HOTTINGER BRUEL & KJAER SOLUTIONS, LLC",US,US,SPECTRIS US HOLDINGS LIMITED,GB,GB,10000.0,https://lda.senate.gov/api/v1/filings/aebd917c-e173-4477-b858-223e4500e8ec/?format=json
007168ac-01a5-4098-a209-f1c1f63221d5,2023,first_quarter,PASSAGE CONSULTING GROUP LLC,ABET USA INC - FIBERESIN INDUSTRIES,US,US,ABET S.P.A.,IT,IT,10000.0,https://lda.senate.gov/api/v1/filings/007168ac-01a5-4098-a209-f1c1f63221d5/?format=json
a4ae3c54-d4b5-4421-9668-cd9d431fda95,2022,fourth_quarter,"WILLIAMS AND JENSEN, PLLC",CARBON MANAGEMENT ALLIANCE (FORMERLY CALLED ENERGY ADVANCE CENTER),US,US,"MITSUBISHI HEAVY INDUSTRIES, LTD.",JP,JP,10000.0,https://lda.senate.gov/api/v1/filings/a4ae3c54-d4b5-4421-9668-cd9d431fda95/?format=json
283c5ca6-7d1d-412e-b57c-363690981a91,2025,second_quarter,MONUMENT ADVOCACY,ATLASSIAN,US,US,SCOTT FARQUHAR,AU,AU,10000.0,https://lda.senate.gov/api/v1/filings/283c5ca6-7d1d-412e-b57c-363690981a91/?format=json
283c5ca6-7d1d-412e-b57c-363690981a91,2025,second_quarter,MONUMENT ADVOCACY,ATLASSIAN,US,US,MIKE CANNON-BROOKES,AU,AU,10000.0,https://lda.senate.gov/api/v1/filings/283c5ca6-7d1d-412e-b57c-363690981a91/?format=json
f0a8ec65-a58a-4dd1-8a52-5f7128683846,2022,second_quarter,"PORTERFIELD, FETTIG & SEARS, LLC",WISE US INC.,US,US,WISE,GB,GB,10000.0,https://lda.senate.gov/api/v1/filings/f0a8ec65-a58a-4dd1-8a52-5f7128683846/?format=json
57d871db-8005-4251-baf0-d56646a4a37c,2023,first_quarter,"CAPITOL TAX PARTNERS, LLP",COPENHAGEN INFRASTRUCTURE PARTNERS INC.,US,US,COPENHAGEN INFRASTRUCTURE SERVICE COMPANY APS,DK,DK,10000.0,https://lda.senate.gov/api/v1/filings/57d871db-8005-4251-baf0-d56646a4a37c/?format=json
99c06ac5-5dc2-46ff-a3cb-336a1b4dd211,2023,third_quarter,VENN STRATEGIES,7-ELEVEN,US,US,"SEVEN & I HOLDINGS CO., LTD. (THROUGH OWNERSHIP OF SEVEN-ELEVEN JAPAN CO. LTD.)",JP,JP,10000.0,https://lda.senate.gov/api/v1/filings/99c06ac5-5dc2-46ff-a3cb-336a1b4dd211/?format=json
e49d6c82-c336-4a1b-8096-100c858d9829,2023,second_quarter,"TRADEWINS, LLC",MAXEON SOLAR TECHNOLOGIES LTD.,SG,SG,TZE ZHONGHUAN SINGAPORE INVESTMENT AND DEVELOPMENT PTE. LTD.,CN,CN,10000.0,https://lda.senate.gov/api/v1/filings/e49d6c82-c336-4a1b-8096-100c858d9829/?format=json
99c06ac5-5dc2-46ff-a3cb-336a1b4dd211,2023,third_quarter,VENN STRATEGIES,7-ELEVEN,US,US,SEVEN-ELEVEN JAPAN CO. LTD.,JP,JP,10000.0,https://lda.senate.gov/api/v1/filings/99c06ac5-5dc2-46ff-a3cb-336a1b4dd211/?format=json
aebd917c-e173-4477-b858-223e4500e8ec,2023,third_quarter,"CORNERSTONE GOVERNMENT AFFAIRS, INC.","HOTTINGER BRUEL & KJAER SOLUTIONS, LLC",US,US,SPECTRIS GROUP HOLDINGS LIMITED,GB,GB,10000.0,https://lda.senate.gov/api/v1/filings/aebd917c-e173-4477-b858-223e4500e8ec/?format=json
5adfcd3a-f3dc-448c-aa81-cb723c44758c,2024,third_quarter,APCO WORLDWIDE LLC,"DP WORLD AMERICAS RO, INC.",AE,AE,DPI TERMINALS (BVI) LIMITED,VG,AE,10000.0,https://lda.senate.gov/api/v1/filings/5adfcd3a-f3dc-448c-aa81-cb723c44758c/?format=json
5adfcd3a-f3dc-448c-aa81-cb723c44758c,2024,third_quarter,APCO WORLDWIDE LLC,"DP WORLD AMERICAS RO, INC.",AE,AE,DP WORLD FZE,AE,AE,10000.0,https://lda.senate.gov/api/v1/filings/5adfcd3a-f3dc-448c-aa81-cb723c44758c/?format=json
aebd917c-e173-4477-b858-223e4500e8ec,2023,third_quarter,"CORNERSTONE GOVERNMENT AFFAIRS, INC.","HOTTINGER BRUEL & KJAER SOLUTIONS, LLC",US,US,SPECTRIS PLC,GB,GB,10000.0,https://lda.senate.gov/api/v1/filings/aebd917c-e173-4477-b858-223e4500e8ec/?format=json
eff1a80d-ca4d-4841-b1a3-a7c2b9eada4a,2022,third_quarter,"BROWNSTEIN HYATT FARBER SCHRECK, LLP",PFH S.P.A.,IT,IT,PALLADIO HOLDING,IT,IT,10000.0,https://lda.senate.gov/api/v1/filings/eff1a80d-ca4d-4841-b1a3-a7c2b9eada4a/?format=json
b00b395b-2a1f-4ca3-9750-ea0251c4ac0b,2022,third_quarter,BRACEWELL LLP,"THE BOPPY COMPANY, LLC",US,US,ARTSANA GROUP,IT,IT,10000.0,https://lda.senate.gov/api/v1/filings/b00b395b-2a1f-4ca3-9750-ea0251c4ac0b/?format=json
5adfcd3a-f3dc-448c-aa81-cb723c44758c,2024,third_quarter,APCO WORLDWIDE LLC,"DP WORLD AMERICAS RO, INC.",AE,AE,DUBAI WORLD CORPORATION,AE,AE,10000.0,https://lda.senate.gov/api/v1/filings/5adfcd3a-f3dc-448c-aa81-cb723c44758c/?format=json
1a18ee48-69ee-4783-ae91-06df628da02e,2025,first_quarter,"WHITMER & WORRALL, LLC",MOMENT ENERGY,CA,CA,MOMENT ENERGY,CA,CA,10000.0,https://lda.senate.gov/api/v1/filings/1a18ee48-69ee-4783-ae91-06df628da02e/?format=json
2404144a-0d30-4f94-9743-bd2e46671b7c,2023,first_quarter,STRATEGIC MARKETING INNOVATIONS,PLASTIC OMNIUM,US,US,PLASTIC OMNIUM NEW ENERGIES FRANCE,FR,FR,10000.0,https://lda.senate.gov/api/v1/filings/2404144a-0d30-4f94-9743-bd2e46671b7c/?format=json
5adfcd3a-f3dc-448c-aa81-cb723c44758c,2024,third_quarter,APCO WORLDWIDE LLC,"DP WORLD AMERICAS RO, INC.",AE,AE,DP WORLD LTD,AE,AE,10000.0,https://lda.senate.gov/api/v1/filings/5adfcd3a-f3dc-448c-aa81-cb723c44758c/?format=json
bc6d4edc-bfeb-4df0-82f0-cdf41d63a596,2022,third_quarter,FAEGRE DRINKER BIDDLE & REATH LLP,DMG MORI FEDERAL SERVICES,US,US,"DMG MORI CO., LTD.",JP,JP,5000.0,https://lda.senate.gov/api/v1/filings/bc6d4edc-bfeb-4df0-82f0-cdf41d63a596/?format=json
5b324631-b9e7-4b4e-bebe-cc2e66d649fb,2026,first_quarter,"BALLARD PARTNERS, LLC",JUBILANT PHARMA HOLDINGS INC.,US,US,JUBILANT BHARTIA GROUP (INDIRECT),IN,IN,,https://lda.senate.gov/api/v1/filings/5b324631-b9e7-4b4e-bebe-cc2e66d649fb/?format=json
2ba675dd-ec0f-4a50-93db-fc79c589e147,2026,first_quarter,KING SWEENEY STRATEGIES LLC,"JFK INTERNATIONAL AIR TERMINAL, LLC",US,US,ROYAL SCHIPHOL GROUP,NL,NL,,https://lda.senate.gov/api/v1/filings/2ba675dd-ec0f-4a50-93db-fc79c589e147/?format=json
f195f784-71cd-4027-8107-77183fb807d0,2026,first_quarter,"ABB, INC.","ABB, INC.",US,US,"ABB, LTD",CH,CH,,https://lda.senate.gov/api/v1/filings/f195f784-71cd-4027-8107-77183fb807d0/?format=json
9cdef634-bd8c-443f-a578-280d382a02a6,2026,first_quarter,MR. DAVID FRIEDMAN,"OSY TECHNOLOGIES S.A.R.L. AND ITS SUBSIDIARY WESTBRIDGE TECHNOLOGY, INC.",LU,LU,Q CYBER TECHNOLOGIES LTD.,IL,IL,,https://lda.senate.gov/api/v1/filings/9cdef634-bd8c-443f-a578-280d382a02a6/?format=json
f195f784-71cd-4027-8107-77183fb807d0,2026,first_quarter,"ABB, INC.","ABB, INC.",US,US,"ABB ASEA BROWN BOVERI, LTD.",CH,CH,,https://lda.senate.gov/api/v1/filings/f195f784-71cd-4027-8107-77183fb807d0/?format=json
def31e65-2113-4fc7-8985-795e3113971f,2026,first_quarter,HANWHA Q CELLS AMERICA INC.,HANWHA Q CELLS AMERICA INC.,US,US,HANWHA SOLUTIONS CORPORATION,KR,KR,,https://lda.senate.gov/api/v1/filings/def31e65-2113-4fc7-8985-795e3113971f/?format=json
def31e65-2113-4fc7-8985-795e3113971f,2026,first_quarter,HANWHA Q CELLS AMERICA INC.,HANWHA Q CELLS AMERICA INC.,US,US,HANWHA CORPORATION,KR,KR,,https://lda.senate.gov/api/v1/filings/def31e65-2113-4fc7-8985-795e3113971f/?format=json
def31e65-2113-4fc7-8985-795e3113971f,2026,first_quarter,HANWHA Q CELLS AMERICA INC.,HANWHA Q CELLS AMERICA INC.,US,US,HANWHA AEROSPACE,KR,KR,,https://lda.senate.gov/api/v1/filings/def31e65-2113-4fc7-8985-795e3113971f/?format=json
6202c9bd-4502-42c9-95ee-45d6ff9ac898,2026,first_quarter,BURRELL INTERNATIONAL GROUP LLC,APCO WORLDWIDE LLC (ON BEHALF OF HIKMA PHARMACEUTICALS USA INC.),US,US,HIKMA PHARMACEUTICALS PLC,GB,GB,,https://lda.senate.gov/api/v1/filings/6202c9bd-4502-42c9-95ee-45d6ff9ac898/?format=json
15763f1a-d7ce-43a8-bdeb-c0d9bb588fb1,2026,first_quarter,LOT SIXTEEN LLC,"CANDELA RENEWABLES, LLC",US,US,COPENHAGEN INFRASTRUCTURE PARTNERS P/S,DK,DK,,https://lda.senate.gov/api/v1/filings/15763f1a-d7ce-43a8-bdeb-c0d9bb588fb1/?format=json
def31e65-2113-4fc7-8985-795e3113971f,2026,first_quarter,HANWHA Q CELLS AMERICA INC.,HANWHA Q CELLS AMERICA INC.,US,US,HANWHA OCEAN,KR,KR,,https://lda.senate.gov/api/v1/filings/def31e65-2113-4fc7-8985-795e3113971f/?format=json
a7085c4e-e9f5-4dd0-9924-d2bef9bbe842,2026,first_quarter,"CROSSROADS STRATEGIES, LLC",KB SIGNALING INC.,US,US,KNORR-BREMSE AG,DE,DE,,https://lda.senate.gov/api/v1/filings/a7085c4e-e9f5-4dd0-9924-d2bef9bbe842/?format=json
b4bc5156-6d4c-4309-ad3f-c660781c0730,2026,first_quarter,"WILLIAMS AND JENSEN, PLLC",BUHLER QUALITY YARNS CORPORATION,US,US,"SAMIL SPINNING CO., LTD.",KR,KR,,https://lda.senate.gov/api/v1/filings/b4bc5156-6d4c-4309-ad3f-c660781c0730/?format=json
a8c9c89a-0ac6-4e5c-92c7-3e4f0524b202,2026,first_quarter,BARRICK GOLD OF NORTH AMERICA,BARRICK GOLD OF NORTH AMERICA,US,US,BARRICK MINING CORPORATION,CA,CA,,https://lda.senate.gov/api/v1/filings/a8c9c89a-0ac6-4e5c-92c7-3e4f0524b202/?format=json
3af6959d-4104-4f00-b887-047cb4178728,2026,first_quarter,"MINIMED GROUP, INC.","MINIMED GROUP, INC.",US,US,MEDTRONIC PLC,IE,IE,,https://lda.senate.gov/api/v1/filings/3af6959d-4104-4f00-b887-047cb4178728/?format=json
9c29d578-a273-4a3f-ba79-51935e81f856,2023,first_quarter,THE SPECTRUM GROUP,"WEIDENHAMMER NEW PACKAGING, LLC",US,US,FREGALLA WEIDENHAMMER GMBH & CO KG,DE,DE,,https://lda.senate.gov/api/v1/filings/9c29d578-a273-4a3f-ba79-51935e81f856/?format=json
1b71b0e1-ea6b-4637-aea6-98f81d351d82,2026,first_quarter,"BALLARD PARTNERS, LLC",EVOLUTION ELECTRIC VEHICLES,US,US,"XIAMEN DALLE NEW ENERGY AUTOMOBILE CO., LTD. (PARENT COMPANY OF DALLE (SINGAPORE) INVESTMENT CO., LTD.)",SG,SG,,https://lda.senate.gov/api/v1/filings/1b71b0e1-ea6b-4637-aea6-98f81d351d82/?format=json
7c182547-8da2-48f5-ab17-e623d5a692a5,2026,first_quarter,MONUMENT ADVOCACY,NEEDLESMART,US,US,NEEDLESMART,GB,GB,,https://lda.senate.gov/api/v1/filings/7c182547-8da2-48f5-ab17-e623d5a692a5/?format=json
dcac5c1c-c647-4baf-ae01-7782fa0579d1,2026,first_quarter,RECKITT BENCKISER LLC,RECKITT BENCKISER LLC,US,US,RECKITT PLC,GB,GB,,https://lda.senate.gov/api/v1/filings/dcac5c1c-c647-4baf-ae01-7782fa0579d1/?format=json
59d21fa4-60eb-4991-8961-2ef533eb7395,2026,first_quarter,WILMER CUTLER PICKERING HALE AND DORR LLP,BIOLAB,US,US,KIK CONSUMER PRODUCTS,CA,CA,,https://lda.senate.gov/api/v1/filings/59d21fa4-60eb-4991-8961-2ef533eb7395/?format=json
da788d23-5d0f-4328-b344-c0fc6b086e5c,2026,first_quarter,"AIR DISTRIBUTION USA, INC. (FORMERLY AIR HOLDINGS USA)","AIR DISTRIBUTION USA, INC. (FORMERLY AIR HOLDINGS USA)",US,US,AIR GLOBAL BRANDS LIMITED,GB,GB,,https://lda.senate.gov/api/v1/filings/da788d23-5d0f-4328-b344-c0fc6b086e5c/?format=json
f9ae75b1-bba9-40f1-ba89-ce8eebb79ef5,2026,first_quarter,"KONGSBERG DISCOVERY U.S,","KONGSBERG DISCOVERY U.S,",US,US,KONGSBERG GRUPPEN ASA,NO,NO,,https://lda.senate.gov/api/v1/filings/f9ae75b1-bba9-40f1-ba89-ce8eebb79ef5/?format=json
f9ae75b1-bba9-40f1-ba89-ce8eebb79ef5,2026,first_quarter,"KONGSBERG DISCOVERY U.S,","KONGSBERG DISCOVERY U.S,",US,US,KONGSBERG DEFENCE & AEROSPACE AS,NO,NO,,https://lda.senate.gov/api/v1/filings/f9ae75b1-bba9-40f1-ba89-ce8eebb79ef5/?format=json
b512739b-9e7b-4834-a9d1-7703c1cdbc36,2023,first_quarter,"THE RUSSELL GROUP, INC.","UPL NA, INC.",US,US,UPL LTD.,IN,IN,,https://lda.senate.gov/api/v1/filings/b512739b-9e7b-4834-a9d1-7703c1cdbc36/?format=json
1d63e37e-1b07-49ec-978e-20ff5e61eb53,2026,first_quarter,"LEE, HONG, DEGERMAN, KANG & WAIMEY, A PROFESSIONAL CORPORATION","LX PANTOS AMERICA, INC.",US,US,LX PANTOS,KR,KR,,https://lda.senate.gov/api/v1/filings/1d63e37e-1b07-49ec-978e-20ff5e61eb53/?format=json
747701d7-2687-4534-bb64-71760ed70093,2026,first_quarter,"ERVIN GRAVES STRATEGY GROUP, LLC","RIGAKU ANALYTICAL DEVICES, INC.",US,US,RIGAKU HOLDINGS CORPORATION,JP,JP,,https://lda.senate.gov/api/v1/filings/747701d7-2687-4534-bb64-71760ed70093/?format=json
d727fd7c-b877-46bf-8e2c-eddcf9f479a0,2025,fourth_quarter,"BROWNSTEIN HYATT FARBER SCHRECK, LLP",ST SHARED SERVICES LLC DBA KEENOVA THERAPEUTICS,US,US,KEENOVA THERAPEUTICS PLC,IE,IE,,https://lda.senate.gov/api/v1/filings/d727fd7c-b877-46bf-8e2c-eddcf9f479a0/?format=json
6be53513-3314-469a-9f3b-92d1f3b8b955,2025,fourth_quarter,"SANDLER, TRAVIS & ROSENBERG, P.A.",LT FOODS,IN,IN,LT FOODS LIMITED,IN,IN,,https://lda.senate.gov/api/v1/filings/6be53513-3314-469a-9f3b-92d1f3b8b955/?format=json
959f0e20-37b7-4d79-ad82-1692959f4243,2025,fourth_quarter,INVARIANT LLC,KARPOWERSHIP UK LIMITED FKA KARPOWERSHIP,TR,TR,KINETICS TECHNOLOGIES HOLDINGS LIMITED,GB,GB,,https://lda.senate.gov/api/v1/filings/959f0e20-37b7-4d79-ad82-1692959f4243/?format=json
021a92da-78d6-46a9-a20f-00949ae15c03,2025,fourth_quarter,INVARIANT LLC,KARPOWERSHIP UK LIMITED FKA KARPOWERSHIP,TR,TR,KINETICS TECHNOLOGIES HOLDINGS LIMITED,GB,GB,,https://lda.senate.gov/api/v1/filings/021a92da-78d6-46a9-a20f-00949ae15c03/?format=json
3c915f2f-f59d-455d-8b4e-8e9bc43975f5,2025,fourth_quarter,"KEYS GROUP, LLC",SANTA CRUZ METAL TECH,US,US,SANTA CRUZ METAL TECH,PT,PT,,https://lda.senate.gov/api/v1/filings/3c915f2f-f59d-455d-8b4e-8e9bc43975f5/?format=json
abf34cfb-7324-4eef-aec8-52fc121978d5,2025,fourth_quarter,MICHAEL BEST STRATEGIES LLC,THEON SENSORS USA INC. / T INDUSTRIES INC.,US,US,THEON INTERNATIONAL,CY,CY,,https://lda.senate.gov/api/v1/filings/abf34cfb-7324-4eef-aec8-52fc121978d5/?format=json
428e716c-39ca-4e7f-95d9-a47daa954c14,2025,fourth_quarter,MONUMENT ADVOCACY,NESTLE USA,US,US,NESTLE S.A.,CH,CH,,https://lda.senate.gov/api/v1/filings/428e716c-39ca-4e7f-95d9-a47daa954c14/?format=json
1b71b0e1-ea6b-4637-aea6-98f81d351d82,2026,first_quarter,"BALLARD PARTNERS, LLC",EVOLUTION ELECTRIC VEHICLES,US,US,"DALLE (SINGAPORE) INVESTMENT CO., LTD.(THROUGH U.S. PARENT COMPANY INNOVATE PINNACLE HOLDINGS INC.)",SG,SG,,https://lda.senate.gov/api/v1/filings/1b71b0e1-ea6b-4637-aea6-98f81d351d82/?format=json
959f0e20-37b7-4d79-ad82-1692959f4243,2025,fourth_quarter,INVARIANT LLC,KARPOWERSHIP UK LIMITED FKA KARPOWERSHIP,TR,TR,KINETICS ENERGY HOLDINGS LIMITED,GB,GB,,https://lda.senate.gov/api/v1/filings/959f0e20-37b7-4d79-ad82-1692959f4243/?format=json
021a92da-78d6-46a9-a20f-00949ae15c03,2025,fourth_quarter,INVARIANT LLC,KARPOWERSHIP UK LIMITED FKA KARPOWERSHIP,TR,TR,KINETICS ENERGY HOLDINGS LIMITED,GB,GB,,https://lda.senate.gov/api/v1/filings/021a92da-78d6-46a9-a20f-00949ae15c03/?format=json
b41b4a1b-872a-4551-8146-f2d8184fbb00,2025,fourth_quarter,"OCULUS STRATEGIES, LLC","THE LIVINGSTON GROUP, LLC ON BEHALF OF ALEX KWON",US,US,"KWON HO SUNG, JUNG HOO INDUSTRY",KR,KR,,https://lda.senate.gov/api/v1/filings/b41b4a1b-872a-4551-8146-f2d8184fbb00/?format=json
45521319-c4ae-4118-960a-a354c7a00afe,2025,third_quarter,"K&L GATES, LLP",COMMONWEALTH LNG LLC,US,US,MUBADALA INVESTMENT COMPANY (OWNS 24% OF CATURUS WHICH OWNS 100% OF COMMONWEALTH LNG),AE,AE,,https://lda.senate.gov/api/v1/filings/45521319-c4ae-4118-960a-a354c7a00afe/?format=json
7b017b92-fc36-4419-bf27-4153bd025b1b,2026,first_quarter,RIDGE PATH STRATEGIES,GLOBALFOUNDRIES U.S. INC,US,US,GLOBAL FOUNDRIES NETHERLANDS COORPERATIEF U.A. (OWNS 100% OF GLOBAL FOUNDRIES U.S. INC.,NL,NL,,https://lda.senate.gov/api/v1/filings/7b017b92-fc36-4419-bf27-4153bd025b1b/?format=json
9ab25d9b-4e78-435c-a282-b84ac0c0368a,2023,first_quarter,"DAIKIN AMERICA, INC.","DAIKIN AMERICA, INC.",US,US,"DAIKIN INDUSTRIES, LTD.",JP,JP,,https://lda.senate.gov/api/v1/filings/9ab25d9b-4e78-435c-a282-b84ac0c0368a/?format=json
c9cb5ae1-5448-40b7-8cc2-00927a5b951a,2026,first_quarter,"CORCORAN & ASSOCIATES, INC. DBA CORCORAN PARTNERS","KYOWA KIRIN, INC.",US,US,"KYOWA KIRIN CO., LTD",JP,JP,,https://lda.senate.gov/api/v1/filings/c9cb5ae1-5448-40b7-8cc2-00927a5b951a/?format=json
a2abd27e-05e4-4a61-87a6-e9ce0ba2de11,2026,first_quarter,"SKADDEN, ARPS, SLATE, MEAGHER & FLOM LLP","CANPACK GROUP, INC.",US,US,TAPON FRANCE S.A.S.,FR,FR,,https://lda.senate.gov/api/v1/filings/a2abd27e-05e4-4a61-87a6-e9ce0ba2de11/?format=json
245696b3-b026-417d-ba12-dcac980b9ee1,2026,first_quarter,STEPTOE LLP,"OREXO US, INC.",US,US,OREXO AB,CH,CH,,https://lda.senate.gov/api/v1/filings/245696b3-b026-417d-ba12-dcac980b9ee1/?format=json
237ea340-1bd6-4202-92ad-e3cc95c61b63,2025,fourth_quarter,BRACEWELL LLP,"METHANEX (DBA METHANEX USA LLC, METHANEX LOUISIANA LLC, METHANEX GEISMAR III LLC",US,US,METHANEX CORPORATION,CA,CA,,https://lda.senate.gov/api/v1/filings/237ea340-1bd6-4202-92ad-e3cc95c61b63/?format=json
79d69700-2086-4094-ac54-a3cd5fb41ed9,2026,first_quarter,MR. DAVID FRIEDMAN,"OSY TECHNOLOGIES S.A.R.L. AND ITS SUBSIDIARY WESTBRIDGE TECHNOLOGY, INC.",LU,LU,Q CYBER TECHNOLOGIES LTD.,IL,IL,,https://lda.senate.gov/api/v1/filings/79d69700-2086-4094-ac54-a3cd5fb41ed9/?format=json
194a8119-7d2d-4974-b84a-6aa3039f1eea,2026,first_quarter,"AVOQ, LLC",COALITION FOR RESPONSIBLE INTERNATIONAL TAX POLICY (INFORMAL COALITION),US,US,CHUBB LIMITED,CH,CH,,https://lda.senate.gov/api/v1/filings/194a8119-7d2d-4974-b84a-6aa3039f1eea/?format=json
94c50936-34e6-4f6f-b4fd-61fe518d8d08,2023,first_quarter,"SCARINCI & HOLLENBECK, LLC",LIMITED LIABILITY COMPANY ARCTIC LNG 2,RU,RU,CEPR LIMITED,CN,CN,,https://lda.senate.gov/api/v1/filings/94c50936-34e6-4f6f-b4fd-61fe518d8d08/?format=json
ebaafdc1-22c3-42de-ab5c-841d5984c131,2026,first_quarter,"COVENANT GOVERNMENT AFFAIRS, LLC","STELLA JONES CORPORATION ( FORMELY KNOWN AS MCFARLAND CASCADE HOLDINGS, INC.)",US,US,STELLA JONES INC.,CA,CA,,https://lda.senate.gov/api/v1/filings/ebaafdc1-22c3-42de-ab5c-841d5984c131/?format=json
f644d85c-f8c0-4f13-878c-2fbf756e33db,2026,first_quarter,ARNOLD & PORTER KAYE SCHOLER LLP,"ESTEVE PHARMACEUTICALS, S.A.",ES,ES,"LUBEA CATAMAN GMBH & CO.KG (MINORITY OWNER OF ESTEVE HEALTHCARE, S.L.)",DE,DE,,https://lda.senate.gov/api/v1/filings/f644d85c-f8c0-4f13-878c-2fbf756e33db/?format=json
5822c8aa-0ec7-4fcb-8649-dab9d8f07406,2026,first_quarter,NATHAN MORRISON,"CONTROL AI US, INC.",US,US,SECURE FUTURE RESEARCH LTD,GB,GB,,https://lda.senate.gov/api/v1/filings/5822c8aa-0ec7-4fcb-8649-dab9d8f07406/?format=json
f9ae75b1-bba9-40f1-ba89-ce8eebb79ef5,2026,first_quarter,"KONGSBERG DISCOVERY U.S,","KONGSBERG DISCOVERY U.S,",US,US,KONGSBERG DISCOVERY AS,NO,NO,,https://lda.senate.gov/api/v1/filings/f9ae75b1-bba9-40f1-ba89-ce8eebb79ef5/?format=json
b607d4b4-b2a3-471c-8470-71fb5718c3a8,2026,first_quarter,"MEHLMAN CONSULTING, INC.","HAIER US APPLIANCE SOLUTION, INC. DBA GE APPLIANCES",US,US,QINDAO HAIER,CN,CN,,https://lda.senate.gov/api/v1/filings/b607d4b4-b2a3-471c-8470-71fb5718c3a8/?format=json
f3bfcbc2-b012-4419-aa17-5e332c95fe59,2023,first_quarter,THE VOGEL GROUP,ALLERGY STANDARDS LIMITED,IE,IE,ALLERGY STANDARDS LIMITED,IE,IE,,https://lda.senate.gov/api/v1/filings/f3bfcbc2-b012-4419-aa17-5e332c95fe59/?format=json
14d4b253-ce80-4592-97b5-0d8761082577,2023,first_quarter,"THE LIVINGSTON GROUP, LLC",CODAN LIMITED,AU,AU,CODAN LIMITED,AU,AU,,https://lda.senate.gov/api/v1/filings/14d4b253-ce80-4592-97b5-0d8761082577/?format=json
b961dc60-7cf1-4aba-ab70-985eff44134f,2023,first_quarter,"AEROSPACE INTELLIGENCE, LLC",NOVO DR INC,US,US,NOVO DR LTD,IL,US,,https://lda.senate.gov/api/v1/filings/b961dc60-7cf1-4aba-ab70-985eff44134f/?format=json
df19fb7f-d5be-422b-a3cb-c39c0ee369c1,2023,first_quarter,"BROWNSTEIN HYATT FARBER SCHRECK, LLP",PERNOD RICARD USA,US,US,PERNOD RICARD,FR,FR,,https://lda.senate.gov/api/v1/filings/df19fb7f-d5be-422b-a3cb-c39c0ee369c1/?format=json
3544820d-f880-4b96-a798-f122f0e2426d,2023,first_quarter,GKN AEROSPACE,GKN AEROSPACE,US,US,MELROSE INDUSTRIES PLC,GB,GB,,https://lda.senate.gov/api/v1/filings/3544820d-f880-4b96-a798-f122f0e2426d/?format=json
61c36a7d-8a11-4c2e-94c9-c86ea325e4fe,2023,first_quarter,"CROSSROADS STRATEGIES, LLC","EDF POWER SOLUTIONS DEVELOPMENT, INC.",US,US,ELECTRICITE DE FRANCE S.A.,FR,FR,,https://lda.senate.gov/api/v1/filings/61c36a7d-8a11-4c2e-94c9-c86ea325e4fe/?format=json
ad941593-1ea8-4d0c-b773-db48433832b6,2023,first_quarter,"TARPLIN, DOWNS & YOUNG, LLC","VALNEVA USA, INC",US,US,VALNEVA AUSTRIA GMBH,AT,AT,,https://lda.senate.gov/api/v1/filings/ad941593-1ea8-4d0c-b773-db48433832b6/?format=json
5288ac03-319f-4161-bf92-a2f6c5c3e3b2,2023,first_quarter,ELK CREEK RESOURCES CORP.,ELK CREEK RESOURCES CORP.,US,US,NIOCORP DEVELOPMENTS LTD.,CA,US,,https://lda.senate.gov/api/v1/filings/5288ac03-319f-4161-bf92-a2f6c5c3e3b2/?format=json
9b06f956-92db-4484-9a17-b25608240085,2023,first_quarter,JENNER & BLOCK LLP,CASTLE MOUNTAIN VENTURE,US,US,EQUINOX GOLD,CA,CA,,https://lda.senate.gov/api/v1/filings/9b06f956-92db-4484-9a17-b25608240085/?format=json
c9b704b2-b445-4758-ad21-6e791b478950,2023,first_quarter,"BROWNSTEIN HYATT FARBER SCHRECK, LLP",AFRICELL UK LIMITED,US,US,AFRICELL UK LIMITED,GB,GB,,https://lda.senate.gov/api/v1/filings/c9b704b2-b445-4758-ad21-6e791b478950/?format=json
a1da9443-c3f5-4463-9358-0b3f8bbb1152,2023,first_quarter,"AGORA CONSULTING, LLC",SOMFY NORTH AMERICA,US,US,SOMFY,FR,FR,,https://lda.senate.gov/api/v1/filings/a1da9443-c3f5-4463-9358-0b3f8bbb1152/?format=json
6a9acaae-bf98-43e0-af3f-fe6e013dcc46,2023,first_quarter,KING & SPALDING LLP,TAURX PHARMACEUTICALS LTD,GB,GB,TAURX PHARMACEUTICALS LTD,SG,SG,,https://lda.senate.gov/api/v1/filings/6a9acaae-bf98-43e0-af3f-fe6e013dcc46/?format=json
ef73ed9e-a248-43ab-90c2-395979eda001,2023,first_quarter,"CAPITOL STRATEGIES US, LLC","CROSSROADS STRATEGIES, LLC ON BEHALF OF EDF RENEWABLES DEVELOPMENT, INC.",US,US,ELECTRICITE DE FRANCE S.A.,FR,FR,,https://lda.senate.gov/api/v1/filings/ef73ed9e-a248-43ab-90c2-395979eda001/?format=json
cf1133a2-f5e8-48b5-9abe-1dd74d98a21a,2023,first_quarter,"THE RUSSELL GROUP, INC.","CGB ENTERPRISES, INC.",US,US,ZEN-NOH (NATIONAL FEDERATION OF AGRICULTURAL COOPERATIVE ASSOCIATIONS),JP,JP,,https://lda.senate.gov/api/v1/filings/cf1133a2-f5e8-48b5-9abe-1dd74d98a21a/?format=json
8bb6ea1c-1154-4834-9209-f58174c9ff6e,2023,first_quarter,"THE RUSSELL GROUP, INC.","DIAGEO NORTH AMERICA, INC.",US,US,DIAGEO PLC,GB,GB,,https://lda.senate.gov/api/v1/filings/8bb6ea1c-1154-4834-9209-f58174c9ff6e/?format=json
8be92783-705e-4dbb-b427-38808d25183b,2023,first_quarter,"LEEWARD RENEWABLE ENERGY, LLC","LEEWARD RENEWABLE ENERGY, LLC",US,US,OMERS ADMINISTRATION CORPORATION,CA,CA,,https://lda.senate.gov/api/v1/filings/8be92783-705e-4dbb-b427-38808d25183b/?format=json
41359e87-d260-4ced-9146-a15d7a689d84,2023,first_quarter,PIKE ASSOCIATES LLC,"BUMBLE BEE SEAFOODS, LLC",US,US,FCF CO. LTD.,TW,TW,,https://lda.senate.gov/api/v1/filings/41359e87-d260-4ced-9146-a15d7a689d84/?format=json
4489b635-6cd3-4fa7-acc1-9c5a3570798a,2023,first_quarter,"OLSSON, FRANK, WEEDA, TERMAN & MATZ, PC",JAZZ PHARMACEUTICALS INC.,US,US,JAZZ PHARMACEUTICALS PLC,IE,IE,,https://lda.senate.gov/api/v1/filings/4489b635-6cd3-4fa7-acc1-9c5a3570798a/?format=json
d31aae58-c919-494d-86c2-389a6dc3943a,2023,first_quarter,BLANK ROME GOVERNMENT RELATIONS,BLANK ROME LLP (ON BEHALF OF SUBSEA 7 US LLC),US,US,SUBSEA 7 SA,GB,GB,,https://lda.senate.gov/api/v1/filings/d31aae58-c919-494d-86c2-389a6dc3943a/?format=json
1e5a0cda-aec9-43aa-a564-c5fa6f04ac4c,2023,first_quarter,COVINGTON & BURLING LLP,INTELLECTUAL KEYSTONE TECHNOLOGY LLC,US,US,SAMSUNG SDI,KR,KR,,https://lda.senate.gov/api/v1/filings/1e5a0cda-aec9-43aa-a564-c5fa6f04ac4c/?format=json
64072228-eee1-4570-9a54-111093bed141,2023,first_quarter,MR. REX SHERRY,CLARK STREET ASSOCIATES ON BEHALF OF HID GLOBAL,US,US,ASSA ABLOY AB,SE,SE,,https://lda.senate.gov/api/v1/filings/64072228-eee1-4570-9a54-111093bed141/?format=json
f15cd14c-c585-45c4-b5c2-6dec70947535,2026,first_quarter,HOLLAND & KNIGHT LLP,GLENCORE LTD.,US,US,GLENCORE INTERNATIONAL AG,CH,CH,,https://lda.senate.gov/api/v1/filings/f15cd14c-c585-45c4-b5c2-6dec70947535/?format=json
0ba0723f-ba03-4ab5-8dfd-5769d2456c81,2023,first_quarter,FGS GLOBAL (US) LLC (FKA FGH HOLDINGS LLC),"HORIZON THERAPEUTICS USA, INC.( PREVIOUSLY KNOWN AS HORIZON PHARMA USA, INC.)",US,US,HORIZON PHARMA PLC,IE,IE,,https://lda.senate.gov/api/v1/filings/0ba0723f-ba03-4ab5-8dfd-5769d2456c81/?format=json
e1c7cc37-6f77-45f6-814f-b3ccf542f0ec,2023,first_quarter,"CROSSROADS STRATEGIES, LLC","KNORR BRAKE COMPANY, LLC",US,US,KNORR-BREMSE AG,DE,DE,,https://lda.senate.gov/api/v1/filings/e1c7cc37-6f77-45f6-814f-b3ccf542f0ec/?format=json
eb67a7ba-9ec4-4ce3-8e6e-3eb0ad3110e7,2023,first_quarter,FORBES-TATE,"VERSUM MATERIALS US, LLC",US,US,MERCK KGAA,DE,DE,,https://lda.senate.gov/api/v1/filings/eb67a7ba-9ec4-4ce3-8e6e-3eb0ad3110e7/?format=json
891f73d2-6b0c-4740-a562-12ac539d5db2,2023,first_quarter,"CAPITOL TAX PARTNERS, LLP",COPENHAGEN INFRASTRUCTURE PARTNERS INC.,US,US,COPENHAGEN INFRASTRUCTURE SERVICE COMPANY APS,DK,DK,,https://lda.senate.gov/api/v1/filings/891f73d2-6b0c-4740-a562-12ac539d5db2/?format=json
d17b3d5e-2fb8-474a-9878-ef7446d8b51d,2023,first_quarter,IKON PUBLIC AFFAIRS,MAGNUM GREEN STEEL USA,US,US,MAGNUM MINING AND EXPLORATION,AU,AU,,https://lda.senate.gov/api/v1/filings/d17b3d5e-2fb8-474a-9878-ef7446d8b51d/?format=json
2caa7f70-754a-4cad-a8c5-19a9b00a12c7,2023,first_quarter,SOMFY,SOMFY,US,US,SOMFY,FR,FR,,https://lda.senate.gov/api/v1/filings/2caa7f70-754a-4cad-a8c5-19a9b00a12c7/?format=json
8714b2a3-19e1-4615-bac5-d82548265340,2023,first_quarter,"MILLER STRATEGIES, LLC",J&F INVESTIMENTOS,BR,BR,J&F INVESTIMENTOS,BR,BR,,https://lda.senate.gov/api/v1/filings/8714b2a3-19e1-4615-bac5-d82548265340/?format=json
9b730a85-9aab-4114-9fd8-27c49f5198b5,2023,first_quarter,DMM CONSULTING LLC,TETHER OPERATIONS LIMITED/ C/O SHRM TRUSTEE (BVI) LTD TRINITY CHAMBERS,VG,VG,TETHER INTERNATIONAL LIMITED (BVI),VG,VG,,https://lda.senate.gov/api/v1/filings/9b730a85-9aab-4114-9fd8-27c49f5198b5/?format=json
2bfe40ba-d100-45c3-9c5c-d1370aed719c,2023,first_quarter,BRIDGEWAY ADVOCACY,KOBRE & KIM LLP (FOR PREBLE RISH HAITI S.A.),US,US,PREBLE RISH HAITI S.A.,HT,HT,,https://lda.senate.gov/api/v1/filings/2bfe40ba-d100-45c3-9c5c-d1370aed719c/?format=json
54bcfdab-3793-46b0-88a0-3259d41264e4,2023,first_quarter,"CROSSROADS STRATEGIES, LLC",TES US DEVELOPMENT LLC,US,US,TREE ENERGY SOLUTIONS BELGIUM B.V.,BE,BE,,https://lda.senate.gov/api/v1/filings/54bcfdab-3793-46b0-88a0-3259d41264e4/?format=json
0a90d026-2a37-4136-8f16-42fd298b50ef,2023,first_quarter,CARMEN GROUP INCORPORATED,ARM LIMITED,GB,GB,SOFTBANK VISION FUND I,GB,GB,,https://lda.senate.gov/api/v1/filings/0a90d026-2a37-4136-8f16-42fd298b50ef/?format=json
889c115a-2dcc-4b34-a2b1-7a70a8e531f8,2023,first_quarter,"CAPITOL CITY GROUP, LTD.",ESQUEL ENTERPRISES LIMITED,HK,HK,TERESA YANG,VG,VG,,https://lda.senate.gov/api/v1/filings/889c115a-2dcc-4b34-a2b1-7a70a8e531f8/?format=json
29f7c5bb-41ea-4c05-bbfc-bf8aa7a7b907,2023,first_quarter,MONUMENT ADVOCACY,VESTERGAARD FRANDSEN INC. DOING BUSINESS AS LIFESTRAW,US,US,LIFESTRAW SARL,CH,CH,,https://lda.senate.gov/api/v1/filings/29f7c5bb-41ea-4c05-bbfc-bf8aa7a7b907/?format=json
a2c363d7-0289-420e-8156-d1c5b28cc53c,2023,first_quarter,"WHITMER & WORRALL, LLC",A1 LITHIUM / ANSON RESOURCES,US,US,ANSON RESOURCES,AU,AU,,https://lda.senate.gov/api/v1/filings/a2c363d7-0289-420e-8156-d1c5b28cc53c/?format=json
8a593fbc-ec38-44ca-9d5f-836581c5a7ad,2023,first_quarter,INVARIANT LLC,KLARNA INC,US,US,KLARNA BANK AB,SE,SE,,https://lda.senate.gov/api/v1/filings/8a593fbc-ec38-44ca-9d5f-836581c5a7ad/?format=json
b10644f8-2720-4e77-9803-a3bc90bb3bdd,2023,first_quarter,"CAPITOL STRATEGIES US, LLC",OXE MARINE INC,US,US,OXE MARINE AB,SE,SE,,https://lda.senate.gov/api/v1/filings/b10644f8-2720-4e77-9803-a3bc90bb3bdd/?format=json
7620fb32-8105-4add-b132-0ecfb51c80e8,2023,first_quarter,FORBES-TATE,"DS ADMIRAL BIDCO, LLC",US,US,CINVEN LIMITED,GB,GB,,https://lda.senate.gov/api/v1/filings/7620fb32-8105-4add-b132-0ecfb51c80e8/?format=json
56844f4c-4f83-45dd-a04b-032061522958,2023,first_quarter,GRIFFIN GLOBAL OUTREACH LLC,LUMIBIRD PHOTONICS USA (FORMERLY QUANTEL USA),US,US,LUMIBIRD SA,FR,FR,,https://lda.senate.gov/api/v1/filings/56844f4c-4f83-45dd-a04b-032061522958/?format=json
e33b8309-3a21-4703-a3e3-ee97535a7c48,2023,first_quarter,"PLATINUM ADVISORS DC, LLC",SONY INTERACTIVE ENTERTAINMENT,US,US,SONY GROUP,JP,JP,,https://lda.senate.gov/api/v1/filings/e33b8309-3a21-4703-a3e3-ee97535a7c48/?format=json
9cdef634-bd8c-443f-a578-280d382a02a6,2026,first_quarter,MR. DAVID FRIEDMAN,"OSY TECHNOLOGIES S.A.R.L. AND ITS SUBSIDIARY WESTBRIDGE TECHNOLOGY, INC.",LU,LU,N.S.O. GROUP TECHNOLOGIES LTD.,IL,IL,,https://lda.senate.gov/api/v1/filings/9cdef634-bd8c-443f-a578-280d382a02a6/?format=json
